{
"type": "FeatureCollection",
"name": "MDG-555697898-NODATE-secondary_zoning-001",
"crs": { "type": "name", "properties": { "name": "urn:ogc:def:crs:OGC:1.3:CRS84" } },
"features": [
{ "type": "Feature", "properties": { }, "geometry": { "type": "MultiPolygon", "coordinates": [ [ [ [ 49.7564611, -16.8085231 ], [ 49.7564079, -16.8084625 ], [ 49.755239, -16.8070043 ], [ 49.7552332, -16.8070083 ], [ 49.7552197, -16.8070172 ], [ 49.7552061, -16.8070259 ], [ 49.7551923, -16.8070343 ], [ 49.7551783, -16.8070426 ], [ 49.7551642, -16.8070505 ], [ 49.75515, -16.8070583 ], [ 49.755135599999988, -16.8070658 ], [ 49.755121, -16.8070731 ], [ 49.7551064, -16.8070801 ], [ 49.7550916, -16.8070869 ], [ 49.7550767, -16.8070934 ], [ 49.7550617, -16.8070997 ], [ 49.7550466, -16.8071057 ], [ 49.7550313, -16.8071115 ], [ 49.755016, -16.807117 ], [ 49.7550006, -16.8071222 ], [ 49.754985, -16.8071272 ], [ 49.7549694, -16.8071319 ], [ 49.7549537, -16.8071364 ], [ 49.754938, -16.8071406 ], [ 49.7549221, -16.8071446 ], [ 49.7549062, -16.8071482 ], [ 49.7548902, -16.8071516 ], [ 49.7548742, -16.8071548 ], [ 49.7548581, -16.8071576 ], [ 49.7548419, -16.8071602 ], [ 49.7548257, -16.8071625 ], [ 49.7548095, -16.8071646 ], [ 49.7547932, -16.8071663 ], [ 49.7547769, -16.8071678 ], [ 49.7547606, -16.8071691 ], [ 49.7547443, -16.80717 ], [ 49.7547279, -16.8071707 ], [ 49.7547116, -16.8071711 ], [ 49.7546952, -16.8071712 ], [ 49.7546788, -16.8071711 ], [ 49.7546625, -16.8071706 ], [ 49.7546461, -16.8071699 ], [ 49.754629799999989, -16.807169 ], [ 49.754613500000012, -16.8071677 ], [ 49.7545972, -16.8071662 ], [ 49.7545809, -16.8071644 ], [ 49.7545647, -16.8071623 ], [ 49.7545485, -16.80716 ], [ 49.7545324, -16.8071574 ], [ 49.7545163, -16.8071545 ], [ 49.7545002, -16.8071513 ], [ 49.7544843, -16.8071479 ], [ 49.7544702, -16.8071447 ], [ 49.7544631, -16.807143 ], [ 49.754411, -16.8071604 ], [ 49.7543579, -16.8071749 ], [ 49.7542356, -16.8072046 ], [ 49.7542263, -16.807209 ], [ 49.7539729, -16.807334 ], [ 49.7538211, -16.8074305 ], [ 49.7537632, -16.8074645 ], [ 49.7537028, -16.8074943 ], [ 49.7536404, -16.8075199 ], [ 49.7536336, -16.8075224 ], [ 49.7536194, -16.8075306 ], [ 49.7535457, -16.8075687 ], [ 49.7534689, -16.8076003 ], [ 49.7533894, -16.8076252 ], [ 49.7533079, -16.8076432 ], [ 49.7532251, -16.8076542 ], [ 49.7532038, -16.8076561 ], [ 49.7531289, -16.8076661 ], [ 49.7530829, -16.8076907 ], [ 49.7530293, -16.8077309 ], [ 49.7529728, -16.8077674 ], [ 49.7529138, -16.8077998 ], [ 49.7527851, -16.8078645 ], [ 49.752721, -16.8078938 ], [ 49.7526548, -16.8079184 ], [ 49.7525868, -16.807938 ], [ 49.7525175, -16.8079527 ], [ 49.7524472, -16.8079623 ], [ 49.7523914, -16.8079816 ], [ 49.7523487, -16.8080228 ], [ 49.7523033, -16.8080613 ], [ 49.7522555, -16.808097 ], [ 49.7520482, -16.8082413 ], [ 49.7518392, -16.808391 ], [ 49.7516444, -16.8085981 ], [ 49.751588, -16.8086532 ], [ 49.7515269, -16.8087033 ], [ 49.7514615, -16.8087483 ], [ 49.751392499999987, -16.8087877 ], [ 49.7513836, -16.8087923 ], [ 49.7513485, -16.8088194 ], [ 49.7511875, -16.8089774 ], [ 49.751140100000015, -16.8090208 ], [ 49.7510896, -16.8090609 ], [ 49.7510364, -16.8090975 ], [ 49.7509806, -16.8091305 ], [ 49.7508152, -16.8092208 ], [ 49.7507884, -16.8092386 ], [ 49.7507839, -16.8092457 ], [ 49.7507792, -16.8092529 ], [ 49.7507704, -16.8092662 ], [ 49.7507614, -16.8092794 ], [ 49.7507521, -16.8092924 ], [ 49.7507426, -16.8093052 ], [ 49.7507328, -16.8093178 ], [ 49.7507228, -16.8093303 ], [ 49.750712600000014, -16.8093427 ], [ 49.7507022, -16.8093548 ], [ 49.7506916, -16.8093668 ], [ 49.7506807, -16.8093786 ], [ 49.7506697, -16.8093902 ], [ 49.7506584, -16.8094017 ], [ 49.7506469, -16.8094129 ], [ 49.7506352, -16.8094239 ], [ 49.7506233, -16.8094348 ], [ 49.750611299999989, -16.8094454 ], [ 49.750599, -16.8094559 ], [ 49.7505865, -16.8094661 ], [ 49.7505739, -16.8094761 ], [ 49.7505611, -16.8094859 ], [ 49.7505481, -16.8094955 ], [ 49.7505349, -16.8095049 ], [ 49.7505216, -16.809514 ], [ 49.7505081, -16.8095229 ], [ 49.7504944, -16.8095316 ], [ 49.7504806, -16.8095401 ], [ 49.7504726, -16.8095448 ], [ 49.7504343, -16.8096151 ], [ 49.7503897, -16.8096819 ], [ 49.7503393, -16.8097446 ], [ 49.7502833, -16.8098029 ], [ 49.7502222, -16.8098561 ], [ 49.7501565, -16.809904 ], [ 49.7500867, -16.8099462 ], [ 49.7500133, -16.8099823 ], [ 49.7499369, -16.8100121 ], [ 49.7498692, -16.8100351 ], [ 49.7497983, -16.8100563 ], [ 49.7497259, -16.810072 ], [ 49.7496524, -16.8100822 ], [ 49.7493764, -16.8101096 ], [ 49.7493743, -16.8101143 ], [ 49.7493678, -16.8101288 ], [ 49.749361, -16.8101431 ], [ 49.7493539, -16.8101574 ], [ 49.7493466, -16.8101715 ], [ 49.7493391, -16.8101854 ], [ 49.749331200000015, -16.8101993 ], [ 49.7493232, -16.810213 ], [ 49.7493148, -16.8102266 ], [ 49.7493063, -16.81024 ], [ 49.7492975, -16.8102533 ], [ 49.7492884, -16.8102664 ], [ 49.7492791, -16.8102794 ], [ 49.7492696, -16.8102923 ], [ 49.7492599, -16.8103049 ], [ 49.7492499, -16.8103174 ], [ 49.7492397, -16.8103298 ], [ 49.7492293, -16.8103419 ], [ 49.7492186, -16.8103539 ], [ 49.7492078, -16.8103657 ], [ 49.7491967, -16.8103773 ], [ 49.7491854, -16.8103887 ], [ 49.749174, -16.8104 ], [ 49.7491623, -16.810411 ], [ 49.7491504, -16.8104219 ], [ 49.7491383, -16.8104325 ], [ 49.7491261, -16.8104429 ], [ 49.7491136, -16.8104532 ], [ 49.749101, -16.8104632 ], [ 49.7490881, -16.810473 ], [ 49.7490752, -16.8104826 ], [ 49.749062, -16.8104919 ], [ 49.7490487, -16.8105011 ], [ 49.7490352, -16.81051 ], [ 49.7490215, -16.8105187 ], [ 49.7490077, -16.8105272 ], [ 49.7490011, -16.8105311 ], [ 49.7483228, -16.8109311 ], [ 49.7483154, -16.8109354 ], [ 49.7483127, -16.810937 ], [ 49.7478113, -16.8112244 ], [ 49.7473459, -16.8115656 ], [ 49.7470971, -16.8118646 ], [ 49.7470476, -16.8119194 ], [ 49.7469937, -16.8119702 ], [ 49.746935699999987, -16.8120167 ], [ 49.746874, -16.8120586 ], [ 49.746809, -16.8120955 ], [ 49.7467412, -16.8121273 ], [ 49.7466709, -16.8121537 ], [ 49.7465769, -16.8122145 ], [ 49.7461069, -16.8126636 ], [ 49.7460636, -16.8127024 ], [ 49.7459614, -16.8127884 ], [ 49.745912, -16.812853 ], [ 49.7458626, -16.8129123 ], [ 49.7458081, -16.8129674 ], [ 49.7457491, -16.8130179 ], [ 49.7453652, -16.8133192 ], [ 49.7453568, -16.8133296 ], [ 49.7453466, -16.813342 ], [ 49.7453362, -16.8133541 ], [ 49.7453255, -16.8133661 ], [ 49.7453147, -16.8133779 ], [ 49.7453036, -16.8133895 ], [ 49.7452923, -16.813401 ], [ 49.7452809, -16.8134122 ], [ 49.7452692, -16.8134232 ], [ 49.7452573, -16.8134341 ], [ 49.7452452, -16.8134447 ], [ 49.7452424, -16.8134471 ], [ 49.7451755, -16.8135046 ], [ 49.7448696, -16.8138431 ], [ 49.7446608, -16.8140889 ], [ 49.7446324, -16.8141359 ], [ 49.7446253, -16.8141474 ], [ 49.7446188, -16.8141576 ], [ 49.744632, -16.8141735 ], [ 49.7446609, -16.8142103 ], [ 49.7446878, -16.8142485 ], [ 49.7448637, -16.8145126 ], [ 49.7449371, -16.814594 ], [ 49.745101200000015, -16.8147163 ], [ 49.745161, -16.8147649 ], [ 49.7452164, -16.814818 ], [ 49.745489500000012, -16.815103 ], [ 49.74596, -16.8155574 ], [ 49.7461619, -16.815746 ], [ 49.7464607, -16.8159904 ], [ 49.7465172, -16.8160405 ], [ 49.74656920000001, -16.816095 ], [ 49.747006, -16.8165914 ], [ 49.747517, -16.8169527 ], [ 49.7475698, -16.8169929 ], [ 49.7476194, -16.8170366 ], [ 49.7476656, -16.8170836 ], [ 49.7477083, -16.8171337 ], [ 49.7478543, -16.8173185 ], [ 49.7480586, -16.8175191 ], [ 49.7483029, -16.8177527 ], [ 49.7484901, -16.8179257 ], [ 49.7490816, -16.8184312 ], [ 49.7491402, -16.8184858 ], [ 49.7491936, -16.8185451 ], [ 49.7493319, -16.8187127 ], [ 49.7493531, -16.8187394 ], [ 49.7494841, -16.818911 ], [ 49.7497304, -16.8191418 ], [ 49.7497872, -16.8191999 ], [ 49.7499955, -16.8194331 ], [ 49.7504006, -16.8198288 ], [ 49.7504444, -16.8198747 ], [ 49.750616, -16.8200672 ], [ 49.750860599999989, -16.8202478 ], [ 49.7509055, -16.8202832 ], [ 49.7509481, -16.8203211 ], [ 49.7509881, -16.8203616 ], [ 49.7514769, -16.8208866 ], [ 49.7518719, -16.8212387 ], [ 49.7523173, -16.8216168 ], [ 49.7523743, -16.8216694 ], [ 49.7524264, -16.8217264 ], [ 49.7527733, -16.8221396 ], [ 49.7538541, -16.8231274 ], [ 49.753911699999989, -16.823185 ], [ 49.7539638, -16.8232472 ], [ 49.7543194, -16.8237127 ], [ 49.7547149, -16.8241573 ], [ 49.7554723, -16.8247982 ], [ 49.7557233, -16.8249912 ], [ 49.7557762, -16.8250351 ], [ 49.7558256, -16.8250827 ], [ 49.7564005, -16.8256793 ], [ 49.7569042, -16.8260801 ], [ 49.7569462, -16.8261156 ], [ 49.7572778, -16.8264132 ], [ 49.7576134, -16.8267099 ], [ 49.7576508, -16.8267449 ], [ 49.7576862, -16.8267819 ], [ 49.7578564, -16.82697 ], [ 49.7581596, -16.8273034 ], [ 49.7585382, -16.8275634 ], [ 49.7585973, -16.8276075 ], [ 49.7586525, -16.827656 ], [ 49.7587035, -16.8277086 ], [ 49.7587501, -16.8277649 ], [ 49.7587918, -16.8278246 ], [ 49.758927299999989, -16.8280361 ], [ 49.759621, -16.8286058 ], [ 49.7596588, -16.8286386 ], [ 49.7596948, -16.8286734 ], [ 49.7601066, -16.8290939 ], [ 49.7601069, -16.8290942 ], [ 49.7604948, -16.8294907 ], [ 49.7606302, -16.8296241 ], [ 49.7611494, -16.8300082 ], [ 49.7612029, -16.8300508 ], [ 49.761253, -16.8300972 ], [ 49.7614445, -16.8302882 ], [ 49.7622031, -16.8309974 ], [ 49.7622384, -16.8310322 ], [ 49.7625376, -16.8313437 ], [ 49.7627166, -16.8314371 ], [ 49.7627738, -16.8314695 ], [ 49.762828400000011, -16.8315057 ], [ 49.7628802, -16.8315455 ], [ 49.7631219, -16.831745 ], [ 49.7638286, -16.8322218 ], [ 49.7638908, -16.8322676 ], [ 49.7639488, -16.8323182 ], [ 49.7640022, -16.8323733 ], [ 49.7640506, -16.8324324 ], [ 49.7643241, -16.8327967 ], [ 49.7647037, -16.8331219 ], [ 49.7650081, -16.8333461 ], [ 49.765089, -16.8333961 ], [ 49.7651442, -16.8334329 ], [ 49.7651964, -16.8334735 ], [ 49.765481599999987, -16.8337112 ], [ 49.7668599, -16.8351031 ], [ 49.7668697, -16.8351106 ], [ 49.7668823, -16.8351206 ], [ 49.7668947, -16.8351309 ], [ 49.766907, -16.8351413 ], [ 49.7669191, -16.835152 ], [ 49.7669309, -16.8351629 ], [ 49.7669426, -16.8351739 ], [ 49.7669541, -16.8351852 ], [ 49.7669653, -16.8351966 ], [ 49.7669764, -16.8352082 ], [ 49.7669792, -16.8352112 ], [ 49.7670269, -16.8352628 ], [ 49.7670497, -16.8352754 ], [ 49.7670543, -16.8352779 ], [ 49.7670684, -16.8352859 ], [ 49.7670823, -16.8352942 ], [ 49.7670961, -16.8353026 ], [ 49.7671098, -16.8353113 ], [ 49.7671233, -16.8353203 ], [ 49.7671366, -16.8353294 ], [ 49.7671497, -16.8353388 ], [ 49.7671627, -16.8353484 ], [ 49.7671755, -16.8353583 ], [ 49.7671881, -16.8353683 ], [ 49.7672006, -16.8353785 ], [ 49.7672128, -16.835389 ], [ 49.7672249, -16.8353997 ], [ 49.7672368, -16.8354105 ], [ 49.7672484, -16.8354216 ], [ 49.7672599, -16.8354328 ], [ 49.7672712, -16.8354443 ], [ 49.7672822, -16.8354559 ], [ 49.767293, -16.8354677 ], [ 49.7673037, -16.8354797 ], [ 49.7673141, -16.8354919 ], [ 49.7673243, -16.8355042 ], [ 49.7673342, -16.8355167 ], [ 49.767343900000014, -16.8355294 ], [ 49.7673514, -16.8355396 ], [ 49.767382, -16.8355578 ], [ 49.7674043, -16.8355717 ], [ 49.7674113, -16.8355669 ], [ 49.7674438, -16.8355291 ], [ 49.7674784, -16.8354931 ], [ 49.7675178, -16.8354544 ], [ 49.767544, -16.8354285 ], [ 49.7675819, -16.8353931 ], [ 49.7676218, -16.8353599 ], [ 49.7676645, -16.8353264 ], [ 49.7676678, -16.8353238 ], [ 49.7676803, -16.8353143 ], [ 49.7676961, -16.8352941 ], [ 49.7677484, -16.8352331 ], [ 49.7678061, -16.8351767 ], [ 49.767868799999988, -16.8351253 ], [ 49.7679358, -16.8350795 ], [ 49.7679972, -16.8350413 ], [ 49.7680096, -16.8350337 ], [ 49.7680158, -16.8350301 ], [ 49.7680268, -16.8350213 ], [ 49.7680376, -16.835013 ], [ 49.7680646, -16.8349926 ], [ 49.7680736, -16.8349846 ], [ 49.7680997, -16.8349596 ], [ 49.7681523, -16.834913 ], [ 49.7682085, -16.8348703 ], [ 49.7682679, -16.8348318 ], [ 49.7683141, -16.8348043 ], [ 49.768316, -16.8348025 ], [ 49.7683276, -16.8347915 ], [ 49.7683395, -16.8347807 ], [ 49.7683516, -16.83477 ], [ 49.7683639, -16.8347596 ], [ 49.7683763, -16.8347493 ], [ 49.768389, -16.8347393 ], [ 49.7684018, -16.8347295 ], [ 49.7684148, -16.8347199 ], [ 49.768427900000013, -16.8347106 ], [ 49.7684413, -16.8347014 ], [ 49.7684433, -16.8347001 ], [ 49.768483, -16.8346611 ], [ 49.768489699999989, -16.8346546 ], [ 49.7685014, -16.8346435 ], [ 49.7685133, -16.8346327 ], [ 49.7685254, -16.834622 ], [ 49.7685377, -16.8346116 ], [ 49.7685501, -16.8346014 ], [ 49.7685627, -16.8345913 ], [ 49.7685756, -16.8345815 ], [ 49.7685886, -16.8345719 ], [ 49.7686017, -16.8345626 ], [ 49.7686151, -16.8345534 ], [ 49.7686286, -16.8345445 ], [ 49.7686377, -16.8345387 ], [ 49.7686409, -16.8345337 ], [ 49.7686497, -16.8345204 ], [ 49.7686587, -16.8345072 ], [ 49.768668, -16.8344942 ], [ 49.7686713, -16.8344898 ], [ 49.7686804, -16.8344775 ], [ 49.768684500000013, -16.8344707 ], [ 49.7686931, -16.8344573 ], [ 49.7687019, -16.834444 ], [ 49.7687109, -16.8344309 ], [ 49.7687202, -16.8344179 ], [ 49.7687297, -16.8344051 ], [ 49.7687395, -16.8343924 ], [ 49.7687494, -16.8343799 ], [ 49.76875960000001, -16.8343676 ], [ 49.7687701, -16.8343554 ], [ 49.7687807, -16.8343434 ], [ 49.7687915, -16.8343316 ], [ 49.7688026, -16.83432 ], [ 49.7688139, -16.8343086 ], [ 49.7688254, -16.8342973 ], [ 49.7688371, -16.8342863 ], [ 49.7688489, -16.8342754 ], [ 49.768861, -16.8342648 ], [ 49.7688733, -16.8342544 ], [ 49.7688857, -16.8342441 ], [ 49.7688984, -16.8342341 ], [ 49.7689112, -16.8342243 ], [ 49.7689242, -16.8342147 ], [ 49.768937400000013, -16.8342053 ], [ 49.7689507, -16.8341962 ], [ 49.7689516, -16.8341956 ], [ 49.768953100000012, -16.8341943 ], [ 49.7689569, -16.834191 ], [ 49.7690153, -16.834141 ], [ 49.7690734, -16.8340952 ], [ 49.7691351, -16.8340539 ], [ 49.7691372, -16.8340526 ], [ 49.7691464, -16.8340445 ], [ 49.7691587, -16.8340341 ], [ 49.7691711, -16.8340238 ], [ 49.7691838, -16.8340138 ], [ 49.7691966, -16.834004 ], [ 49.7692096, -16.8339944 ], [ 49.7692228, -16.8339851 ], [ 49.7692361, -16.8339759 ], [ 49.7692461, -16.8339692 ], [ 49.7693044, -16.8339311 ], [ 49.7693364, -16.833911 ], [ 49.7693536, -16.8338963 ], [ 49.7694165, -16.8338418 ], [ 49.7694287, -16.8338314 ], [ 49.7694412, -16.8338212 ], [ 49.7694538, -16.8338111 ], [ 49.769466699999988, -16.8338013 ], [ 49.7694796, -16.8337917 ], [ 49.7694909, -16.8337837 ], [ 49.769493299999986, -16.8337787 ], [ 49.7695004, -16.8337645 ], [ 49.7695077, -16.8337504 ], [ 49.7695153, -16.8337364 ], [ 49.7695231, -16.8337225 ], [ 49.7695311, -16.8337088 ], [ 49.7695395, -16.8336952 ], [ 49.769548, -16.8336818 ], [ 49.7695568, -16.8336685 ], [ 49.7695659, -16.8336554 ], [ 49.7695735, -16.8336447 ], [ 49.7696287, -16.8335683 ], [ 49.7696734, -16.8335115 ], [ 49.7697225, -16.8334583 ], [ 49.7697758, -16.833409 ], [ 49.7698331, -16.8333638 ], [ 49.7698938, -16.8333232 ], [ 49.7699577, -16.8332872 ], [ 49.7700243, -16.8332563 ], [ 49.7700932, -16.8332305 ], [ 49.770173, -16.833204 ], [ 49.770205300000015, -16.833194 ], [ 49.7702493, -16.8331493 ], [ 49.770346, -16.8330373 ], [ 49.7703492, -16.8330336 ], [ 49.7703599, -16.8330216 ], [ 49.7703707, -16.8330098 ], [ 49.7703818, -16.8329982 ], [ 49.7703931, -16.8329867 ], [ 49.7704046, -16.8329755 ], [ 49.7704162, -16.8329645 ], [ 49.770428100000011, -16.8329536 ], [ 49.7704402, -16.832943 ], [ 49.7704525, -16.8329325 ], [ 49.7704649, -16.8329223 ], [ 49.7704776, -16.8329123 ], [ 49.770490400000014, -16.8329025 ], [ 49.7705034, -16.8328929 ], [ 49.7705165, -16.8328835 ], [ 49.7705299, -16.8328744 ], [ 49.7705434, -16.8328654 ], [ 49.770557, -16.8328568 ], [ 49.7705708, -16.8328483 ], [ 49.7705848, -16.8328401 ], [ 49.7705989, -16.8328321 ], [ 49.7706132, -16.8328243 ], [ 49.7706276, -16.8328168 ], [ 49.7706421, -16.8328095 ], [ 49.7706567, -16.8328025 ], [ 49.7706715, -16.8327957 ], [ 49.7706864, -16.8327892 ], [ 49.7707014, -16.8327829 ], [ 49.7707166, -16.8327769 ], [ 49.7707318, -16.8327711 ], [ 49.7707471, -16.8327656 ], [ 49.7707556, -16.8327628 ], [ 49.7708016, -16.8327369 ], [ 49.7708313, -16.8327212 ], [ 49.77089, -16.8326844 ], [ 49.7708915, -16.8326835 ], [ 49.7709053, -16.832675 ], [ 49.7709193, -16.8326668 ], [ 49.7709334, -16.8326588 ], [ 49.7709477, -16.832651 ], [ 49.7709621, -16.8326435 ], [ 49.7709766, -16.8326362 ], [ 49.7709912, -16.8326292 ], [ 49.7710002, -16.8326251 ], [ 49.7710085, -16.8326185 ], [ 49.7710145, -16.8326139 ], [ 49.7710608, -16.8325784 ], [ 49.771146, -16.8325012 ], [ 49.7711493, -16.8324983 ], [ 49.7711614, -16.8324877 ], [ 49.7711736, -16.8324772 ], [ 49.7711861, -16.832467 ], [ 49.7711987, -16.832457 ], [ 49.7712033, -16.8324535 ], [ 49.7712505, -16.8324014 ], [ 49.7713018, -16.8323529 ], [ 49.7713568, -16.8323084 ], [ 49.7714151, -16.832268 ], [ 49.7714765, -16.8322321 ], [ 49.7714801, -16.832228 ], [ 49.7714854, -16.8322221 ], [ 49.7714857, -16.8322215 ], [ 49.7714943, -16.8322081 ], [ 49.771503099999983, -16.8321948 ], [ 49.7715122, -16.8321817 ], [ 49.7715214, -16.8321687 ], [ 49.771531, -16.8321559 ], [ 49.7715407, -16.8321432 ], [ 49.7715507, -16.8321307 ], [ 49.7715609, -16.8321184 ], [ 49.7715713, -16.8321062 ], [ 49.7715819, -16.8320942 ], [ 49.7715928, -16.8320824 ], [ 49.7716039, -16.8320708 ], [ 49.7716151, -16.8320594 ], [ 49.7716266, -16.8320481 ], [ 49.7716383, -16.8320371 ], [ 49.771650199999989, -16.8320263 ], [ 49.7716623, -16.8320156 ], [ 49.7716745, -16.8320052 ], [ 49.7716835, -16.8319978 ], [ 49.7717333, -16.8319177 ], [ 49.7717648, -16.8318705 ], [ 49.7717992, -16.8318252 ], [ 49.7718366, -16.8317821 ], [ 49.7718616, -16.8317549 ], [ 49.7718729, -16.8317408 ], [ 49.771876, -16.8317371 ], [ 49.7718862, -16.8317248 ], [ 49.7718966, -16.8317126 ], [ 49.7719072, -16.8317006 ], [ 49.7719181, -16.8316888 ], [ 49.7719291, -16.8316772 ], [ 49.7719404, -16.8316658 ], [ 49.7719456, -16.8316607 ], [ 49.771978700000012, -16.8315963 ], [ 49.772037, -16.8314935 ], [ 49.7720676, -16.8314435 ], [ 49.7721014, -16.8313955 ], [ 49.7721413, -16.8313427 ], [ 49.7721416, -16.8313422 ], [ 49.7721514, -16.8313296 ], [ 49.7721613, -16.8313171 ], [ 49.7721715, -16.8313047 ], [ 49.7721742, -16.8313016 ], [ 49.7721793, -16.8312934 ], [ 49.7721878, -16.8312799 ], [ 49.7721966, -16.8312666 ], [ 49.7722057, -16.8312535 ], [ 49.772215, -16.8312405 ], [ 49.7722245, -16.8312277 ], [ 49.7722342, -16.831215 ], [ 49.7722442, -16.8312025 ], [ 49.7722544, -16.8311902 ], [ 49.772264799999988, -16.831178 ], [ 49.7722755, -16.831166 ], [ 49.7722863, -16.8311542 ], [ 49.7722898, -16.8311505 ], [ 49.772338600000012, -16.8310989 ], [ 49.7723419, -16.8310936 ], [ 49.7723505, -16.8310802 ], [ 49.7723593, -16.8310669 ], [ 49.7723683, -16.8310537 ], [ 49.7723776, -16.8310408 ], [ 49.7723871, -16.8310279 ], [ 49.7723969, -16.8310153 ], [ 49.7724521, -16.8309448 ], [ 49.7725073, -16.8308743 ], [ 49.7725173, -16.8308618 ], [ 49.7725242, -16.8308534 ], [ 49.7725436, -16.8308164 ], [ 49.7725594, -16.8307823 ], [ 49.7725658, -16.8307688 ], [ 49.7725729, -16.8307546 ], [ 49.7725802, -16.8307405 ], [ 49.7725877, -16.8307265 ], [ 49.772595599999988, -16.8307126 ], [ 49.772603599999982, -16.8306989 ], [ 49.772612, -16.8306853 ], [ 49.7726205, -16.8306719 ], [ 49.7726293, -16.8306586 ], [ 49.7726384, -16.8306455 ], [ 49.7726476, -16.8306325 ], [ 49.7726572, -16.8306196 ], [ 49.7726669, -16.830607 ], [ 49.7726769, -16.8305945 ], [ 49.7726871, -16.8305821 ], [ 49.7726975, -16.83057 ], [ 49.7727047, -16.8305619 ], [ 49.7727072, -16.8305578 ], [ 49.7727157, -16.8305444 ], [ 49.7727245, -16.8305311 ], [ 49.7727336, -16.830518 ], [ 49.7727428, -16.830505 ], [ 49.7727524, -16.8304922 ], [ 49.7727621, -16.8304795 ], [ 49.7727721, -16.830467 ], [ 49.7727823, -16.8304547 ], [ 49.7727927, -16.8304425 ], [ 49.7728033, -16.8304305 ], [ 49.7728142, -16.8304187 ], [ 49.7728253, -16.8304071 ], [ 49.772836499999983, -16.8303957 ], [ 49.772848, -16.8303844 ], [ 49.7728597, -16.8303734 ], [ 49.7728716, -16.8303626 ], [ 49.7728837, -16.8303519 ], [ 49.7728959, -16.8303415 ], [ 49.7729084, -16.8303312 ], [ 49.772921, -16.8303212 ], [ 49.772933800000011, -16.8303114 ], [ 49.7729468, -16.8303018 ], [ 49.77296, -16.8302925 ], [ 49.7729708, -16.8302851 ], [ 49.7729765, -16.8302782 ], [ 49.7729825, -16.8302711 ], [ 49.7730508, -16.8301917 ], [ 49.7731059, -16.8301252 ], [ 49.77311, -16.8301203 ], [ 49.7731204, -16.8301082 ], [ 49.7731311, -16.8300962 ], [ 49.7731419, -16.8300844 ], [ 49.773153, -16.8300728 ], [ 49.7731643, -16.8300614 ], [ 49.7731679, -16.8300578 ], [ 49.7731727, -16.830048 ], [ 49.773209, -16.829982 ], [ 49.7732509, -16.8299191 ], [ 49.773298, -16.8298598 ], [ 49.77335, -16.8298044 ], [ 49.7733874, -16.8297677 ], [ 49.7734088, -16.8297413 ], [ 49.7734574, -16.829686 ], [ 49.7735105, -16.8296347 ], [ 49.7735133, -16.82963 ], [ 49.7735216, -16.8296165 ], [ 49.7735301, -16.829603 ], [ 49.7735389, -16.8295897 ], [ 49.773548, -16.8295766 ], [ 49.7735573, -16.8295636 ], [ 49.773566800000012, -16.8295508 ], [ 49.7735765, -16.8295381 ], [ 49.7735865, -16.8295256 ], [ 49.7735967, -16.8295133 ], [ 49.7736071, -16.8295011 ], [ 49.7736099, -16.8294979 ], [ 49.7736727, -16.8294266 ], [ 49.7736806, -16.8294178 ], [ 49.7736914, -16.829406 ], [ 49.7737025, -16.8293944 ], [ 49.773713799999982, -16.829383 ], [ 49.773716, -16.8293808 ], [ 49.773717300000015, -16.8293775 ], [ 49.7737233, -16.8293628 ], [ 49.7737296, -16.8293483 ], [ 49.7737361, -16.8293338 ], [ 49.773742899999988, -16.8293195 ], [ 49.773749899999984, -16.8293052 ], [ 49.7737573, -16.8292911 ], [ 49.7737648, -16.8292771 ], [ 49.7737701, -16.8292679 ], [ 49.7737713, -16.8292628 ], [ 49.7737754, -16.8292476 ], [ 49.7737798, -16.8292324 ], [ 49.7737845, -16.8292173 ], [ 49.7737894, -16.8292022 ], [ 49.773794599999988, -16.8291873 ], [ 49.7738001, -16.8291724 ], [ 49.7738058, -16.8291577 ], [ 49.7738118, -16.829143 ], [ 49.7738181, -16.8291285 ], [ 49.7738246, -16.829114 ], [ 49.7738314, -16.8290997 ], [ 49.7738385, -16.8290854 ], [ 49.773845799999989, -16.8290713 ], [ 49.7738534, -16.8290573 ], [ 49.7738612, -16.8290435 ], [ 49.7738693, -16.8290298 ], [ 49.7738776, -16.8290162 ], [ 49.7738862, -16.8290028 ], [ 49.773895, -16.8289895 ], [ 49.773904, -16.8289763 ], [ 49.7739133, -16.8289633 ], [ 49.7739228, -16.8289505 ], [ 49.7739325, -16.8289379 ], [ 49.7739425, -16.8289254 ], [ 49.7739527, -16.828913 ], [ 49.7739631, -16.8289009 ], [ 49.7739725, -16.8288903 ], [ 49.7739761, -16.8288863 ], [ 49.7740044, -16.8288412 ], [ 49.774049, -16.8287767 ], [ 49.7740992, -16.8287161 ], [ 49.7741546, -16.8286598 ], [ 49.7742148, -16.8286084 ], [ 49.7742794, -16.828562 ], [ 49.7742997, -16.8285487 ], [ 49.7743491, -16.8285123 ], [ 49.7743558, -16.8285073 ], [ 49.7743657, -16.8285003 ], [ 49.7744141, -16.8284519 ], [ 49.7744662, -16.8284072 ], [ 49.7745215, -16.8283663 ], [ 49.7745811, -16.8283256 ], [ 49.7746351, -16.8282913 ], [ 49.7746915, -16.8282606 ], [ 49.77475, -16.8282338 ], [ 49.7748103, -16.8282109 ], [ 49.7748673, -16.8281914 ], [ 49.7749583, -16.8281597 ], [ 49.7749723, -16.828155 ], [ 49.7749879, -16.82815 ], [ 49.7750035, -16.8281452 ], [ 49.7750192, -16.8281408 ], [ 49.775035, -16.8281366 ], [ 49.7750508, -16.8281326 ], [ 49.7750667, -16.8281289 ], [ 49.7750827, -16.8281255 ], [ 49.7750988, -16.8281224 ], [ 49.7751149, -16.8281196 ], [ 49.775131, -16.828117 ], [ 49.775147200000013, -16.8281146 ], [ 49.7751634, -16.8281126 ], [ 49.7751797, -16.8281108 ], [ 49.775196, -16.8281093 ], [ 49.7752046, -16.8281087 ], [ 49.7752344, -16.8280843 ], [ 49.7752541, -16.8280625 ], [ 49.7752911, -16.8280238 ], [ 49.7753304, -16.8279872 ], [ 49.7753416, -16.8279774 ], [ 49.7753615, -16.8279554 ], [ 49.7754148, -16.8279012 ], [ 49.775472699999987, -16.8278514 ], [ 49.7755346, -16.8278064 ], [ 49.7756001, -16.8277664 ], [ 49.7756689, -16.8277319 ], [ 49.7757497, -16.8276952 ], [ 49.7757534, -16.8276936 ], [ 49.775760399999989, -16.8276904 ], [ 49.7757911, -16.827677 ], [ 49.775826, -16.8276543 ], [ 49.7758299, -16.8276505 ], [ 49.7758418, -16.8276397 ], [ 49.7758539, -16.8276291 ], [ 49.7758661, -16.8276186 ], [ 49.7758786, -16.8276084 ], [ 49.775891200000011, -16.8275984 ], [ 49.7759041, -16.8275886 ], [ 49.7759171, -16.827579 ], [ 49.775930199999983, -16.8275696 ], [ 49.7759435, -16.8275605 ], [ 49.775957, -16.8275515 ], [ 49.7759707, -16.8275428 ], [ 49.7759845, -16.8275344 ], [ 49.7759985, -16.8275262 ], [ 49.7760126, -16.8275182 ], [ 49.7760268, -16.8275104 ], [ 49.7760412, -16.8275029 ], [ 49.7760558, -16.8274956 ], [ 49.7760704, -16.8274886 ], [ 49.7760852, -16.8274818 ], [ 49.7760884, -16.8274804 ], [ 49.7761418, -16.8274445 ], [ 49.7761977, -16.8274123 ], [ 49.7762558, -16.8273839 ], [ 49.7763159, -16.8273594 ], [ 49.7763585, -16.8273366 ], [ 49.7764002, -16.8273157 ], [ 49.7764045, -16.8273129 ], [ 49.7764085, -16.8273094 ], [ 49.776447, -16.8272771 ], [ 49.7764873, -16.827247 ], [ 49.7765771, -16.8271835 ], [ 49.7765859, -16.827177 ], [ 49.7765952, -16.8271671 ], [ 49.7766065, -16.8271557 ], [ 49.776618, -16.8271445 ], [ 49.7766297, -16.8271334 ], [ 49.7766416, -16.8271226 ], [ 49.77665360000001, -16.8271119 ], [ 49.7766659, -16.8271015 ], [ 49.7766784, -16.8270913 ], [ 49.776691, -16.8270813 ], [ 49.7767038, -16.8270715 ], [ 49.77671680000001, -16.8270619 ], [ 49.77673, -16.8270525 ], [ 49.776743300000014, -16.8270433 ], [ 49.7767568, -16.8270344 ], [ 49.7767705, -16.8270257 ], [ 49.7767843, -16.8270173 ], [ 49.7767982, -16.827009 ], [ 49.7768123, -16.827001 ], [ 49.7768266, -16.8269933 ], [ 49.776841, -16.8269858 ], [ 49.7768555, -16.8269785 ], [ 49.7768702, -16.8269715 ], [ 49.7768849, -16.8269647 ], [ 49.7768998, -16.8269582 ], [ 49.7769149, -16.8269519 ], [ 49.77693, -16.8269459 ], [ 49.7769452, -16.8269401 ], [ 49.776960599999981, -16.8269346 ], [ 49.776962, -16.8269341 ], [ 49.7769893, -16.8269246 ], [ 49.777021, -16.8269081 ], [ 49.7770282, -16.8269043 ], [ 49.777042699999988, -16.8268971 ], [ 49.7770573, -16.82689 ], [ 49.7770721, -16.8268833 ], [ 49.777087, -16.8268767 ], [ 49.777102, -16.8268705 ], [ 49.7771172, -16.8268644 ], [ 49.7771324, -16.8268587 ], [ 49.7771427, -16.826855 ], [ 49.7771473, -16.8268492 ], [ 49.7771838, -16.8268068 ], [ 49.7772229, -16.8267665 ], [ 49.777282899999989, -16.8267085 ], [ 49.7773239, -16.8266688 ], [ 49.7773271, -16.8266623 ], [ 49.7773344, -16.8266482 ], [ 49.777342, -16.8266343 ], [ 49.7773498, -16.8266204 ], [ 49.7773536, -16.8266139 ], [ 49.7773919, -16.8265488 ], [ 49.7774304, -16.8264888 ], [ 49.7774737, -16.8264318 ], [ 49.7775215, -16.8263784 ], [ 49.7769102, -16.8258939 ], [ 49.7769075, -16.8258973 ], [ 49.7768971, -16.8259094 ], [ 49.7768864, -16.8259214 ], [ 49.7768756, -16.8259332 ], [ 49.7768645, -16.8259448 ], [ 49.776853200000012, -16.8259562 ], [ 49.7768417, -16.8259675 ], [ 49.7768301, -16.8259785 ], [ 49.7768182, -16.8259894 ], [ 49.7768061, -16.826 ], [ 49.7767938, -16.8260104 ], [ 49.7767814, -16.8260207 ], [ 49.7767687, -16.8260307 ], [ 49.776755900000012, -16.8260405 ], [ 49.7767429, -16.8260501 ], [ 49.7767298, -16.8260595 ], [ 49.7767164, -16.8260686 ], [ 49.7767029, -16.8260775 ], [ 49.7766893, -16.8260862 ], [ 49.776675499999989, -16.8260947 ], [ 49.776661499999989, -16.8261029 ], [ 49.7766474, -16.8261109 ], [ 49.7766455, -16.826112 ], [ 49.7765349, -16.826173 ], [ 49.7765225, -16.8261797 ], [ 49.7765217, -16.8261802 ], [ 49.7764069, -16.8262413 ], [ 49.776336, -16.8262753 ], [ 49.7762623, -16.8263034 ], [ 49.7761865, -16.8263255 ], [ 49.7760927, -16.8263486 ], [ 49.7760545, -16.8263615 ], [ 49.7759759, -16.8263896 ], [ 49.7759305, -16.8264076 ], [ 49.77589, -16.8264304 ], [ 49.775832, -16.82648 ], [ 49.77577, -16.8265248 ], [ 49.775704399999988, -16.8265645 ], [ 49.7756356, -16.8265988 ], [ 49.7755641, -16.8266275 ], [ 49.7754904, -16.8266505 ], [ 49.7754149, -16.8266675 ], [ 49.7753043, -16.8266879 ], [ 49.7752338, -16.8266982 ], [ 49.7751627, -16.8267033 ], [ 49.7750479, -16.8267074 ], [ 49.7750455, -16.8267075 ], [ 49.7750291, -16.8267079 ], [ 49.7750128, -16.826708 ], [ 49.7749964, -16.8267079 ], [ 49.77498, -16.8267075 ], [ 49.7749637, -16.8267068 ], [ 49.7749474, -16.8267058 ], [ 49.774931, -16.8267045 ], [ 49.7749147, -16.826703 ], [ 49.7749036, -16.8267018 ], [ 49.7748955, -16.8267339 ], [ 49.7748777, -16.8267951 ], [ 49.7748555, -16.8268549 ], [ 49.7748291, -16.8269131 ], [ 49.7747823, -16.8270067 ], [ 49.7747456, -16.8270729 ], [ 49.7747033, -16.8271359 ], [ 49.7746558, -16.8271954 ], [ 49.774592, -16.8272687 ], [ 49.7745362, -16.8273273 ], [ 49.7744753, -16.827381 ], [ 49.7743944, -16.8274462 ], [ 49.7743326, -16.8274919 ], [ 49.7742671, -16.8275326 ], [ 49.7741982, -16.8275678 ], [ 49.7741266, -16.8275975 ], [ 49.7740526, -16.8276213 ], [ 49.7739769, -16.8276391 ], [ 49.7738999, -16.8276508 ], [ 49.7738221, -16.8276563 ], [ 49.7737442, -16.8276555 ], [ 49.7736665, -16.8276486 ], [ 49.7735987, -16.8276397 ], [ 49.7735182, -16.8276335 ], [ 49.7734436, -16.8276249 ], [ 49.7733699, -16.8276105 ], [ 49.7732976, -16.8275906 ], [ 49.773221, -16.8275661 ], [ 49.77321, -16.8275625 ], [ 49.7731946, -16.8275573 ], [ 49.7731793, -16.8275517 ], [ 49.7731641, -16.827546 ], [ 49.7731489, -16.8275399 ], [ 49.7731339, -16.8275336 ], [ 49.773119, -16.8275271 ], [ 49.7731174, -16.8275263 ], [ 49.7731023, -16.8276198 ], [ 49.7730943, -16.8276631 ], [ 49.7730916, -16.8276756 ], [ 49.7730879, -16.8277112 ], [ 49.7730831, -16.8277489 ], [ 49.7730667, -16.8278589 ], [ 49.7730528, -16.8279315 ], [ 49.7730347, -16.8280076 ], [ 49.7730126, -16.8280852 ], [ 49.7729833, -16.8281605 ], [ 49.7729472, -16.828233 ], [ 49.7728945, -16.8283279 ], [ 49.7728727, -16.8283651 ], [ 49.772849, -16.8284013 ], [ 49.7727957, -16.8284786 ], [ 49.7727514, -16.8285376 ], [ 49.7727023, -16.8285929 ], [ 49.7726488, -16.8286443 ], [ 49.7725911, -16.8286913 ], [ 49.7725297, -16.8287337 ], [ 49.77246490000001, -16.8287712 ], [ 49.7723972, -16.8288036 ], [ 49.7723121, -16.8288403 ], [ 49.7723101, -16.8288411 ], [ 49.7722951, -16.8288474 ], [ 49.77228, -16.8288534 ], [ 49.7722647, -16.8288592 ], [ 49.772249400000014, -16.8288647 ], [ 49.772234, -16.8288699 ], [ 49.7722185, -16.8288749 ], [ 49.7722073, -16.8288783 ], [ 49.7721688, -16.8289439 ], [ 49.7721248, -16.8290063 ], [ 49.7720756, -16.8290648 ], [ 49.7720214, -16.8291193 ], [ 49.7719628, -16.8291691 ], [ 49.7719418, -16.8292309 ], [ 49.7719163, -16.829291 ], [ 49.7718864, -16.8293492 ], [ 49.7718522, -16.8294052 ], [ 49.771814, -16.8294587 ], [ 49.7717416, -16.8295523 ], [ 49.7717277, -16.8295698 ], [ 49.7717176, -16.8295822 ], [ 49.7717071, -16.8295943 ], [ 49.7716965, -16.8296063 ], [ 49.7716856, -16.8296181 ], [ 49.7716746, -16.8296297 ], [ 49.7700888, -16.8285431 ], [ 49.7700901, -16.8285416 ], [ 49.7700822, -16.8285369 ], [ 49.7700684, -16.8285284 ], [ 49.7700548, -16.8285197 ], [ 49.7700187, -16.828495 ], [ 49.7700148, -16.8284922 ], [ 49.77000180000001, -16.8284826 ], [ 49.769989, -16.8284728 ], [ 49.7699764, -16.8284628 ], [ 49.7699639, -16.8284525 ], [ 49.7699517, -16.8284421 ], [ 49.769941, -16.8284327 ], [ 49.7698339, -16.8283367 ], [ 49.7697325, -16.8282604 ], [ 49.7695856, -16.828166 ], [ 49.7695809, -16.828163 ], [ 49.7695804, -16.8281627 ], [ 49.7694243, -16.828061 ], [ 49.7693799, -16.8280302 ], [ 49.7692731, -16.8279515 ], [ 49.7691351, -16.8278522 ], [ 49.7690909, -16.8278184 ], [ 49.7690337, -16.8277719 ], [ 49.7688561, -16.8277147 ], [ 49.768788, -16.8276899 ], [ 49.7687222, -16.8276602 ], [ 49.768659, -16.8276256 ], [ 49.7685987, -16.8275864 ], [ 49.7685418, -16.8275428 ], [ 49.7684886, -16.8274951 ], [ 49.7683918, -16.8274015 ], [ 49.7683815, -16.8273914 ], [ 49.7683809, -16.8273907 ], [ 49.7683106, -16.8273204 ], [ 49.7679748, -16.826998 ], [ 49.7677174, -16.8268109 ], [ 49.7676795, -16.8267818 ], [ 49.7674381, -16.8265866 ], [ 49.7673799, -16.8265355 ], [ 49.7673682, -16.8265243 ], [ 49.7672553, -16.8264724 ], [ 49.7671974, -16.8264434 ], [ 49.7670292, -16.8263517 ], [ 49.7669794, -16.8263226 ], [ 49.7669316, -16.8262906 ], [ 49.7661676, -16.825744 ], [ 49.766161899999986, -16.8257399 ], [ 49.7661497, -16.8257309 ], [ 49.7658643, -16.8255163 ], [ 49.7658184, -16.8254795 ], [ 49.765775, -16.8254399 ], [ 49.7653743, -16.8250501 ], [ 49.7653185, -16.8249908 ], [ 49.7652684, -16.824927 ], [ 49.7651987, -16.8248297 ], [ 49.764857, -16.8246046 ], [ 49.7648137, -16.8245743 ], [ 49.7647722, -16.8245416 ], [ 49.763698, -16.823645 ], [ 49.7633305, -16.8233668 ], [ 49.7633178, -16.8233615 ], [ 49.7633029, -16.8233549 ], [ 49.7632882, -16.8233481 ], [ 49.7632735, -16.8233411 ], [ 49.763259, -16.8233338 ], [ 49.7632446, -16.8233263 ], [ 49.7632304, -16.8233185 ], [ 49.7632163, -16.8233105 ], [ 49.7632023, -16.8233022 ], [ 49.7631885, -16.8232937 ], [ 49.7631749, -16.823285 ], [ 49.7631614, -16.8232761 ], [ 49.7631481, -16.8232669 ], [ 49.7631349, -16.8232575 ], [ 49.763122, -16.8232479 ], [ 49.7631092, -16.8232381 ], [ 49.7630965, -16.8232281 ], [ 49.7630841, -16.8232178 ], [ 49.7630718, -16.8232074 ], [ 49.763059799999986, -16.8231967 ], [ 49.7630479, -16.8231859 ], [ 49.7630429, -16.8231812 ], [ 49.7624049, -16.822578 ], [ 49.7619025, -16.8222031 ], [ 49.7616916, -16.8220548 ], [ 49.7616519, -16.8220253 ], [ 49.7616138, -16.8219937 ], [ 49.7613326, -16.8217475 ], [ 49.7612873, -16.8217051 ], [ 49.7609855, -16.8214028 ], [ 49.7609145, -16.8213655 ], [ 49.7608471, -16.8213224 ], [ 49.7607837, -16.8212738 ], [ 49.760725, -16.8212202 ], [ 49.760458599999986, -16.8209551 ], [ 49.7599492, -16.8205753 ], [ 49.7599161, -16.8205494 ], [ 49.7598842, -16.8205221 ], [ 49.7593948, -16.8200833 ], [ 49.7585575, -16.819411 ], [ 49.7581471, -16.8191203 ], [ 49.7580997, -16.8190844 ], [ 49.7578132, -16.8188526 ], [ 49.7577529, -16.8187994 ], [ 49.7576976, -16.8187413 ], [ 49.7576478, -16.8186788 ], [ 49.7576039, -16.8186123 ], [ 49.7575662, -16.8185425 ], [ 49.7575349, -16.8184697 ], [ 49.7575103, -16.8183945 ], [ 49.7574926, -16.8183176 ], [ 49.7574819, -16.8182395 ], [ 49.7574784, -16.8181608 ], [ 49.7574819, -16.8180821 ], [ 49.7574926, -16.818004 ], [ 49.7575103, -16.8179271 ], [ 49.7575349, -16.817852 ], [ 49.7575662, -16.8177792 ], [ 49.757604, -16.8177093 ], [ 49.7576479, -16.8176429 ], [ 49.7576977, -16.8175803 ], [ 49.7577529, -16.8175223 ], [ 49.7578132, -16.817469 ], [ 49.7578781, -16.817421 ], [ 49.7579471, -16.8173787 ], [ 49.7580196, -16.8173423 ], [ 49.7581205, -16.8172541 ], [ 49.7581565, -16.8172242 ], [ 49.7582303, -16.817166 ], [ 49.7582447, -16.8171517 ], [ 49.7583137, -16.8170438 ], [ 49.7583597, -16.8169785 ], [ 49.7584115, -16.8169172 ], [ 49.7585004, -16.816821 ], [ 49.7585612, -16.8167071 ], [ 49.7586016, -16.8166388 ], [ 49.758648, -16.8165742 ], [ 49.7587023, -16.8165052 ], [ 49.758791099999989, -16.8163721 ], [ 49.7587938, -16.8163681 ], [ 49.7587955, -16.8163657 ], [ 49.758890699999988, -16.8162257 ], [ 49.7589233, -16.8161807 ], [ 49.7589588, -16.8161377 ], [ 49.7590028, -16.8160875 ], [ 49.7590312, -16.8160566 ], [ 49.7590611, -16.8160269 ], [ 49.759064, -16.8160241 ], [ 49.7590707, -16.8160151 ], [ 49.7590804, -16.8160024 ], [ 49.7590904, -16.8159899 ], [ 49.7591006, -16.8159776 ], [ 49.759111, -16.8159654 ], [ 49.7591209, -16.8159543 ], [ 49.7591887, -16.8158791 ], [ 49.759235, -16.8158314 ], [ 49.7592847, -16.815787 ], [ 49.7593376, -16.8157462 ], [ 49.7594277, -16.8156818 ], [ 49.7594508, -16.8156464 ], [ 49.7594588, -16.8156343 ], [ 49.7594654, -16.8156247 ], [ 49.7595562, -16.815494 ], [ 49.7595893, -16.8154493 ], [ 49.7596251, -16.8154067 ], [ 49.7597215, -16.8152989 ], [ 49.7597766, -16.8152424 ], [ 49.7598365, -16.8151906 ], [ 49.7599321, -16.8151149 ], [ 49.7599446, -16.8151025 ], [ 49.759961200000014, -16.8150766 ], [ 49.760004, -16.8150156 ], [ 49.760051800000014, -16.8149582 ], [ 49.760057, -16.8149525 ], [ 49.7600576, -16.814951 ], [ 49.7600638, -16.8149364 ], [ 49.7600704, -16.814922 ], [ 49.760077199999984, -16.8149076 ], [ 49.7600842, -16.8148934 ], [ 49.7600916, -16.8148793 ], [ 49.7600991, -16.8148653 ], [ 49.7601069, -16.8148515 ], [ 49.760115, -16.8148378 ], [ 49.7601233, -16.8148242 ], [ 49.7601319, -16.8148108 ], [ 49.7601407, -16.8147975 ], [ 49.7601497, -16.8147843 ], [ 49.760159, -16.8147713 ], [ 49.7601657, -16.8147624 ], [ 49.7601708, -16.8147537 ], [ 49.7601751, -16.8147465 ], [ 49.7602008, -16.8147047 ], [ 49.760215, -16.8146822 ], [ 49.7603445, -16.8144845 ], [ 49.7603836, -16.8144294 ], [ 49.7604268, -16.8143772 ], [ 49.7604438, -16.8143583 ], [ 49.7605719, -16.8142009 ], [ 49.760597, -16.8141714 ], [ 49.7606478, -16.8140985 ], [ 49.7606882, -16.814045 ], [ 49.7607325, -16.8139944 ], [ 49.7607805, -16.8139471 ], [ 49.760832, -16.8139034 ], [ 49.7608369, -16.8138995 ], [ 49.7608404, -16.8138954 ], [ 49.760851, -16.8138834 ], [ 49.7609443, -16.8137802 ], [ 49.7612409, -16.8133625 ], [ 49.7612895, -16.8133 ], [ 49.7613436, -16.8132417 ], [ 49.7614027, -16.8131882 ], [ 49.7616002, -16.8130242 ], [ 49.7565196, -16.808579 ], [ 49.7564611, -16.8085231 ] ] ], [ [ [ 49.6974554, -16.8142368 ], [ 49.6976494, -16.8141008 ], [ 49.6977734, -16.8139453 ], [ 49.6977315, -16.813773 ], [ 49.6975248, -16.8136098 ], [ 49.6974928, -16.8135415 ], [ 49.6973972, -16.8134441 ], [ 49.6971887, -16.8132288 ], [ 49.6971415, -16.8131573 ], [ 49.6970796, -16.8131349 ], [ 49.6968278, -16.8130502 ], [ 49.6966794, -16.8130836 ], [ 49.696587799999989, -16.8131953 ], [ 49.696566, -16.8133299 ], [ 49.696563200000014, -16.8133688 ], [ 49.6965203, -16.8134487 ], [ 49.696504, -16.8134645 ], [ 49.696349799999986, -16.8135394 ], [ 49.6961161, -16.8136319 ], [ 49.6959768, -16.8137764 ], [ 49.69590560000001, -16.8138111 ], [ 49.6958385, -16.8138455 ], [ 49.6956638, -16.8139926 ], [ 49.695493, -16.8141328 ], [ 49.6953921, -16.8142667 ], [ 49.6948143, -16.8141064 ], [ 49.6946991, -16.8140114 ], [ 49.6946089, -16.8139787 ], [ 49.6945515, -16.8139628 ], [ 49.6944079, -16.8139212 ], [ 49.694225, -16.8138675 ], [ 49.6941732, -16.8138064 ], [ 49.6940424, -16.8138285 ], [ 49.6939652, -16.8140681 ], [ 49.6938333, -16.81425 ], [ 49.6937573, -16.8143593 ], [ 49.693753900000011, -16.8145244 ], [ 49.6939723, -16.8145254 ], [ 49.6937034, -16.8147031 ], [ 49.6935136, -16.8149259 ], [ 49.6934692, -16.8149382 ], [ 49.6933377, -16.8151164 ], [ 49.6933453, -16.8151256 ], [ 49.6933636, -16.8151604 ], [ 49.6934495, -16.8154337 ], [ 49.6934845, -16.8155186 ], [ 49.6935553, -16.8156265 ], [ 49.693598800000011, -16.815703 ], [ 49.693719, -16.8158686 ], [ 49.6937196, -16.8159843 ], [ 49.6936929, -16.8161582 ], [ 49.6935906, -16.816356 ], [ 49.6935521, -16.8164254 ], [ 49.693451, -16.8165014 ], [ 49.693368400000011, -16.8165277 ], [ 49.6932106, -16.8166857 ], [ 49.6932437, -16.8168892 ], [ 49.6932724, -16.816943 ], [ 49.6934445, -16.8168843 ], [ 49.6935962, -16.8169059 ], [ 49.6937377, -16.8168588 ], [ 49.6939008, -16.8168476 ], [ 49.694063, -16.8167854 ], [ 49.6942723, -16.8166979 ], [ 49.6943693, -16.816519 ], [ 49.69456670000001, -16.8163635 ], [ 49.6947713, -16.8162025 ], [ 49.6948589, -16.8161965 ], [ 49.6951226, -16.816233 ], [ 49.695197, -16.8162511 ], [ 49.6953614, -16.816349 ], [ 49.6954554, -16.8164461 ], [ 49.6955787, -16.8166157 ], [ 49.6957735, -16.8166765 ], [ 49.6959133, -16.8167487 ], [ 49.6960296, -16.8167635 ], [ 49.6961804, -16.8168044 ], [ 49.6963076, -16.8167862 ], [ 49.6964036, -16.8167035 ], [ 49.6964264, -16.8164527 ], [ 49.696407699999988, -16.8163555 ], [ 49.6964365, -16.8162293 ], [ 49.6963847, -16.8160975 ], [ 49.6965891, -16.8154318 ], [ 49.6969368, -16.8153616 ], [ 49.696996, -16.8153779 ], [ 49.697051200000011, -16.8153971 ], [ 49.6971504, -16.8154886 ], [ 49.69726, -16.815521 ], [ 49.6973977, -16.815328 ], [ 49.6974402, -16.8151416 ], [ 49.6975117, -16.8150019 ], [ 49.6975167, -16.81496 ], [ 49.697440499999985, -16.8147101 ], [ 49.6974009, -16.8146101 ], [ 49.6973273, -16.8144219 ], [ 49.6974554, -16.8142368 ] ] ], [ [ [ 49.683528, -16.7889929 ], [ 49.6834162, -16.788938 ], [ 49.6833241, -16.7888977 ], [ 49.6832915, -16.7888827 ], [ 49.6832246, -16.7888553 ], [ 49.6831701, -16.788831 ], [ 49.6831173, -16.7888034 ], [ 49.6830665, -16.7887725 ], [ 49.6829952, -16.7887262 ], [ 49.682925200000014, -16.7886897 ], [ 49.6828586, -16.7886477 ], [ 49.682795899999988, -16.7886003 ], [ 49.6827377, -16.788548 ], [ 49.6826842, -16.7884911 ], [ 49.682636, -16.7884301 ], [ 49.6825933, -16.7883654 ], [ 49.6825565, -16.7882973 ], [ 49.682508, -16.7881976 ], [ 49.6824839, -16.7881435 ], [ 49.6824635, -16.7880881 ], [ 49.6824468, -16.7880314 ], [ 49.6824371, -16.7879934 ], [ 49.6824359, -16.7879896 ], [ 49.682434, -16.7879867 ], [ 49.6824257, -16.7879731 ], [ 49.6824177, -16.7879593 ], [ 49.6824099, -16.7879455 ], [ 49.6824024, -16.7879315 ], [ 49.6823951, -16.7879174 ], [ 49.6823889, -16.7879049 ], [ 49.6823754, -16.7878844 ], [ 49.682375099999987, -16.7878954 ], [ 49.6823744, -16.7879111 ], [ 49.6823734, -16.7879269 ], [ 49.6823721, -16.7879426 ], [ 49.6823705, -16.7879583 ], [ 49.6823686, -16.7879739 ], [ 49.6823665, -16.7879896 ], [ 49.682364, -16.7880052 ], [ 49.6823613, -16.7880207 ], [ 49.6823583, -16.7880362 ], [ 49.682355, -16.7880517 ], [ 49.6823515, -16.788067 ], [ 49.6823476, -16.7880824 ], [ 49.6823435, -16.7880976 ], [ 49.6823391, -16.7881128 ], [ 49.6823344, -16.7881279 ], [ 49.6823295, -16.788143 ], [ 49.6823243, -16.7881579 ], [ 49.6823188, -16.7881728 ], [ 49.6823131, -16.7881875 ], [ 49.6823071, -16.7882022 ], [ 49.6823008, -16.7882167 ], [ 49.6822966, -16.7882261 ], [ 49.6822557, -16.7883158 ], [ 49.6822212, -16.7883835 ], [ 49.682181, -16.7884482 ], [ 49.6821354, -16.7885095 ], [ 49.6820845, -16.7885669 ], [ 49.6820289, -16.7886201 ], [ 49.6819689, -16.7886685 ], [ 49.6819049, -16.788712 ], [ 49.6818373, -16.7887501 ], [ 49.6817667, -16.7887828 ], [ 49.6815377, -16.7888773 ], [ 49.6815336, -16.7888791 ], [ 49.6815184, -16.7888851 ], [ 49.6815032, -16.7888908 ], [ 49.6814879, -16.7888963 ], [ 49.6814724, -16.7889016 ], [ 49.6814569, -16.7889066 ], [ 49.6814413, -16.7889113 ], [ 49.681425600000011, -16.7889158 ], [ 49.6814098, -16.78892 ], [ 49.681394, -16.7889239 ], [ 49.681378, -16.7889275 ], [ 49.6813621, -16.7889309 ], [ 49.681346, -16.7889341 ], [ 49.6813299, -16.7889369 ], [ 49.6813138, -16.7889395 ], [ 49.6812976, -16.7889418 ], [ 49.6812813, -16.7889439 ], [ 49.6812651, -16.7889456 ], [ 49.6812488, -16.7889471 ], [ 49.6812325, -16.7889483 ], [ 49.6812161, -16.7889493 ], [ 49.6811998, -16.78895 ], [ 49.6811834, -16.7889504 ], [ 49.6811671, -16.7889505 ], [ 49.681150699999989, -16.7889503 ], [ 49.6811343, -16.7889499 ], [ 49.681118, -16.7889492 ], [ 49.6811016, -16.7889482 ], [ 49.6810853, -16.7889469 ], [ 49.681069, -16.7889454 ], [ 49.6810558, -16.7889439 ], [ 49.6809917, -16.7889792 ], [ 49.6809249, -16.7890095 ], [ 49.6808559, -16.7890346 ], [ 49.680785, -16.7890544 ], [ 49.6806119, -16.7890957 ], [ 49.6805537, -16.7891078 ], [ 49.680546, -16.789113 ], [ 49.6805403, -16.7891168 ], [ 49.6804557, -16.7891729 ], [ 49.6803956, -16.7892255 ], [ 49.6803912, -16.7892294 ], [ 49.6803789, -16.7892398 ], [ 49.6803665, -16.78925 ], [ 49.6803538, -16.78926 ], [ 49.680341, -16.7892698 ], [ 49.6803357, -16.7892737 ], [ 49.6802906, -16.7893515 ], [ 49.6802692, -16.7893864 ], [ 49.6802463, -16.7894204 ], [ 49.6801556, -16.7895483 ], [ 49.6801102, -16.7896069 ], [ 49.6800601, -16.7896618 ], [ 49.6800056, -16.7897127 ], [ 49.6799469, -16.7897591 ], [ 49.6798846, -16.7898008 ], [ 49.6798189, -16.7898375 ], [ 49.6797504, -16.789869 ], [ 49.6796795, -16.789895 ], [ 49.6796066, -16.7899155 ], [ 49.6795322, -16.7899301 ], [ 49.6792857, -16.7899688 ], [ 49.6792159, -16.7899772 ], [ 49.6791456, -16.7899805 ], [ 49.6790753, -16.7899788 ], [ 49.6790596, -16.7899835 ], [ 49.6790439, -16.789988 ], [ 49.679028099999989, -16.7899922 ], [ 49.6790123, -16.7899961 ], [ 49.6790026, -16.7899983 ], [ 49.6789753, -16.7900596 ], [ 49.6789434, -16.7901189 ], [ 49.678907, -16.7901757 ], [ 49.678798, -16.7903325 ], [ 49.6787718, -16.7903683 ], [ 49.6786744, -16.7904946 ], [ 49.6786497, -16.7905253 ], [ 49.6785751, -16.790614 ], [ 49.6785749, -16.7906142 ], [ 49.6785731, -16.7906163 ], [ 49.6784532, -16.7907577 ], [ 49.6784011, -16.7908141 ], [ 49.6783444, -16.7908662 ], [ 49.6782833, -16.7909135 ], [ 49.678218299999983, -16.7909557 ], [ 49.6781499, -16.7909925 ], [ 49.6780785, -16.7910237 ], [ 49.6780047, -16.7910491 ], [ 49.6779289, -16.7910684 ], [ 49.6778517, -16.7910816 ], [ 49.6777737, -16.7910885 ], [ 49.6776953, -16.7910891 ], [ 49.6776172, -16.7910835 ], [ 49.6775733, -16.7910785 ], [ 49.6775676, -16.7910778 ], [ 49.6775514, -16.7910757 ], [ 49.6775352, -16.7910734 ], [ 49.6775191, -16.7910708 ], [ 49.677503, -16.7910679 ], [ 49.6774869, -16.7910647 ], [ 49.677471, -16.7910613 ], [ 49.677455, -16.7910576 ], [ 49.6774392, -16.7910536 ], [ 49.6774234, -16.7910494 ], [ 49.6774216, -16.7910489 ], [ 49.6774148, -16.7910552 ], [ 49.6774029, -16.7910661 ], [ 49.6773909, -16.7910767 ], [ 49.6773786, -16.7910871 ], [ 49.6773661, -16.7910974 ], [ 49.6773535, -16.7911074 ], [ 49.6773407, -16.7911172 ], [ 49.6773277, -16.7911268 ], [ 49.6773145, -16.7911361 ], [ 49.6773012, -16.7911453 ], [ 49.6772953, -16.7911492 ], [ 49.677244699999989, -16.7911827 ], [ 49.6772413, -16.7911863 ], [ 49.67723, -16.7911977 ], [ 49.6772185, -16.7912089 ], [ 49.6772069, -16.79122 ], [ 49.677195, -16.7912308 ], [ 49.6771829, -16.7912414 ], [ 49.6771706, -16.7912519 ], [ 49.6771582, -16.7912621 ], [ 49.6771455, -16.7912721 ], [ 49.67713269999998, -16.7912819 ], [ 49.677119699999984, -16.7912915 ], [ 49.6771065, -16.7913009 ], [ 49.677093199999987, -16.79131 ], [ 49.6770797, -16.7913189 ], [ 49.677066, -16.7913276 ], [ 49.6770522, -16.7913361 ], [ 49.6770383, -16.7913443 ], [ 49.6770241, -16.7913523 ], [ 49.6770099, -16.79136 ], [ 49.6770052, -16.7913625 ], [ 49.6770018, -16.7913652 ], [ 49.6769615, -16.7913973 ], [ 49.6768826, -16.7914734 ], [ 49.67683, -16.791531 ], [ 49.6768221, -16.7915395 ], [ 49.676811, -16.7915511 ], [ 49.6767998, -16.7915626 ], [ 49.6767883, -16.7915738 ], [ 49.6767766, -16.7915848 ], [ 49.6767647, -16.7915957 ], [ 49.6767526, -16.7916063 ], [ 49.6767403, -16.7916167 ], [ 49.676727899999989, -16.791627 ], [ 49.6767152, -16.791637 ], [ 49.6767024, -16.7916468 ], [ 49.6766894, -16.7916564 ], [ 49.6766763, -16.7916657 ], [ 49.6766629, -16.7916749 ], [ 49.6766494, -16.7916838 ], [ 49.6766358, -16.7916925 ], [ 49.676622, -16.7917009 ], [ 49.676608, -16.7917092 ], [ 49.6765939, -16.7917171 ], [ 49.6765796, -16.7917249 ], [ 49.6765652, -16.7917324 ], [ 49.676562399999987, -16.7917338 ], [ 49.676527, -16.7917703 ], [ 49.6764765, -16.7918185 ], [ 49.676422500000015, -16.7918629 ], [ 49.6763651, -16.7919032 ], [ 49.6763608, -16.7919103 ], [ 49.6763525, -16.7919239 ], [ 49.6763439, -16.7919373 ], [ 49.6763351, -16.7919506 ], [ 49.6763261, -16.7919638 ], [ 49.6763168, -16.7919768 ], [ 49.6763073, -16.7919896 ], [ 49.6762975, -16.7920022 ], [ 49.6762875, -16.7920147 ], [ 49.6762773, -16.7920271 ], [ 49.6762669, -16.7920392 ], [ 49.6762563, -16.7920512 ], [ 49.6762454, -16.792063 ], [ 49.6762343, -16.7920746 ], [ 49.67622309999998, -16.792086 ], [ 49.6762116, -16.7920973 ], [ 49.6761999, -16.7921083 ], [ 49.676188, -16.7921191 ], [ 49.6761759, -16.7921298 ], [ 49.6761636, -16.7921402 ], [ 49.6761512, -16.7921504 ], [ 49.676138500000015, -16.7921605 ], [ 49.6761257, -16.7921703 ], [ 49.6761127, -16.7921798 ], [ 49.6760996, -16.7921892 ], [ 49.6760862, -16.7921983 ], [ 49.6760727, -16.7922073 ], [ 49.6760591, -16.7922159 ], [ 49.676045299999984, -16.7922244 ], [ 49.676031300000012, -16.7922326 ], [ 49.6760172, -16.7922406 ], [ 49.6760029, -16.7922484 ], [ 49.6759885, -16.7922559 ], [ 49.675974, -16.7922631 ], [ 49.6759593, -16.7922701 ], [ 49.6759446, -16.7922769 ], [ 49.6759297, -16.7922834 ], [ 49.6759146, -16.7922897 ], [ 49.6758995, -16.7922957 ], [ 49.6758843, -16.7923015 ], [ 49.6758689, -16.792307 ], [ 49.6758535, -16.7923122 ], [ 49.675838, -16.7923172 ], [ 49.6758224, -16.7923219 ], [ 49.6758067, -16.7923264 ], [ 49.6757909, -16.7923306 ], [ 49.675775, -16.7923345 ], [ 49.6757678, -16.7923362 ], [ 49.6745769, -16.7929134 ], [ 49.6745714, -16.7929206 ], [ 49.6745614, -16.7929331 ], [ 49.6745512, -16.7929454 ], [ 49.6745408, -16.7929575 ], [ 49.6745301, -16.7929695 ], [ 49.6745193, -16.7929813 ], [ 49.6745082, -16.7929929 ], [ 49.6744969, -16.7930044 ], [ 49.6744854, -16.7930156 ], [ 49.6744737, -16.7930266 ], [ 49.6744619, -16.7930375 ], [ 49.6744498, -16.7930481 ], [ 49.674437499999989, -16.7930585 ], [ 49.674425, -16.7930688 ], [ 49.67441239999998, -16.7930788 ], [ 49.6743996, -16.7930886 ], [ 49.6743866, -16.7930982 ], [ 49.6743734, -16.7931075 ], [ 49.6743601, -16.7931167 ], [ 49.6743466, -16.7931256 ], [ 49.6743329, -16.7931343 ], [ 49.674319099999984, -16.7931427 ], [ 49.6743051, -16.7931509 ], [ 49.674291, -16.7931589 ], [ 49.6742768, -16.7931667 ], [ 49.6742624, -16.7931742 ], [ 49.6742479, -16.7931814 ], [ 49.6742332, -16.7931885 ], [ 49.6742184, -16.7931952 ], [ 49.6742035, -16.7932018 ], [ 49.6741885, -16.793208 ], [ 49.6741734, -16.793214 ], [ 49.6741581, -16.7932198 ], [ 49.6741428, -16.7932253 ], [ 49.6741274, -16.7932306 ], [ 49.6741118, -16.7932355 ], [ 49.6740962, -16.7932403 ], [ 49.6740805, -16.7932447 ], [ 49.6740763, -16.7932459 ], [ 49.6740563, -16.7932589 ], [ 49.67405, -16.7933394 ], [ 49.6740425, -16.7934039 ], [ 49.6740302, -16.7934678 ], [ 49.6740132, -16.7935306 ], [ 49.6739918, -16.7935993 ], [ 49.67399, -16.793605 ], [ 49.673985, -16.79362 ], [ 49.6739798, -16.793635 ], [ 49.6739744, -16.7936498 ], [ 49.6739686, -16.7936646 ], [ 49.6739626, -16.7936792 ], [ 49.6739563, -16.7936938 ], [ 49.6739498, -16.7937083 ], [ 49.673943, -16.7937226 ], [ 49.6739359, -16.7937368 ], [ 49.6739286, -16.7937509 ], [ 49.673921, -16.7937649 ], [ 49.673913200000015, -16.7937787 ], [ 49.6739051, -16.7937925 ], [ 49.673896799999987, -16.793806 ], [ 49.6738882, -16.7938195 ], [ 49.673879400000011, -16.7938328 ], [ 49.6738703, -16.7938459 ], [ 49.6738611, -16.7938589 ], [ 49.6738515, -16.7938717 ], [ 49.6738418, -16.7938844 ], [ 49.6738318, -16.7938969 ], [ 49.6738216, -16.7939092 ], [ 49.6738112, -16.7939213 ], [ 49.6738005, -16.7939333 ], [ 49.6737897, -16.7939451 ], [ 49.6737786, -16.7939567 ], [ 49.673767299999987, -16.7939681 ], [ 49.6737558, -16.7939794 ], [ 49.6737441, -16.7939904 ], [ 49.6737323, -16.7940013 ], [ 49.6737202, -16.7940119 ], [ 49.6737079, -16.7940223 ], [ 49.6736955, -16.7940326 ], [ 49.6736828, -16.7940426 ], [ 49.67367, -16.7940524 ], [ 49.673657, -16.794062 ], [ 49.6736438, -16.7940713 ], [ 49.6736305, -16.7940805 ], [ 49.673617, -16.7940894 ], [ 49.6736033, -16.7940981 ], [ 49.6735895, -16.7941065 ], [ 49.6735755, -16.7941147 ], [ 49.6735614, -16.7941227 ], [ 49.6735472, -16.7941305 ], [ 49.6735328, -16.794138 ], [ 49.6735183, -16.7941452 ], [ 49.6735036, -16.7941523 ], [ 49.6734888, -16.794159 ], [ 49.6734739, -16.7941656 ], [ 49.6734589, -16.7941718 ], [ 49.6734438, -16.7941778 ], [ 49.6734285, -16.7941836 ], [ 49.6734132, -16.7941891 ], [ 49.673397800000011, -16.7941944 ], [ 49.6733822, -16.7941993 ], [ 49.6733666, -16.7942041 ], [ 49.6733509, -16.7942085 ], [ 49.6733351, -16.7942127 ], [ 49.6733193, -16.7942166 ], [ 49.6733034, -16.7942203 ], [ 49.6732874, -16.7942237 ], [ 49.6732713, -16.7942268 ], [ 49.6732552, -16.7942297 ], [ 49.6732391, -16.7942323 ], [ 49.6732229, -16.7942346 ], [ 49.6732067, -16.7942366 ], [ 49.6731904, -16.7942384 ], [ 49.6731741, -16.7942399 ], [ 49.6731578, -16.7942411 ], [ 49.6731415, -16.794242 ], [ 49.6731251, -16.7942427 ], [ 49.6731088, -16.7942431 ], [ 49.673092399999987, -16.7942432 ], [ 49.673076, -16.7942431 ], [ 49.6730597, -16.7942426 ], [ 49.6730433, -16.7942419 ], [ 49.673027, -16.794241 ], [ 49.6730107, -16.7942397 ], [ 49.6730002, -16.7942387 ], [ 49.6728433, -16.7943339 ], [ 49.6728394, -16.7943363 ], [ 49.6728291, -16.7943424 ], [ 49.6728287, -16.794345 ], [ 49.6728259, -16.7943605 ], [ 49.6728229, -16.794376 ], [ 49.6728197, -16.7943914 ], [ 49.6728161, -16.7944068 ], [ 49.6728123, -16.7944222 ], [ 49.6728081, -16.7944374 ], [ 49.6728037, -16.7944526 ], [ 49.6727999, -16.7944649 ], [ 49.6728317, -16.7945396 ], [ 49.6728564, -16.7946166 ], [ 49.6728739, -16.7946955 ], [ 49.672884, -16.7947756 ], [ 49.672886700000014, -16.7948562 ], [ 49.6728819, -16.7949368 ], [ 49.6728696, -16.7950166 ], [ 49.67285, -16.795095 ], [ 49.6728232, -16.7951714 ], [ 49.6727895, -16.7952452 ], [ 49.672749, -16.7953159 ], [ 49.6726815, -16.7954223 ], [ 49.6727088, -16.7954967 ], [ 49.6727293, -16.7955732 ], [ 49.6727429, -16.795651 ], [ 49.6727493, -16.7957298 ], [ 49.6727485, -16.7958087 ], [ 49.6727406, -16.7958873 ], [ 49.6727256, -16.7959649 ], [ 49.6727036, -16.796041 ], [ 49.6726748, -16.7961149 ], [ 49.6726394, -16.7961862 ], [ 49.6725976, -16.7962541 ], [ 49.6725499, -16.7963183 ], [ 49.6724966, -16.7963783 ], [ 49.672438, -16.7964335 ], [ 49.6723746, -16.7964836 ], [ 49.6723069, -16.7965281 ], [ 49.6722355, -16.7965668 ], [ 49.6721608, -16.7965994 ], [ 49.6720834, -16.7966255 ], [ 49.672004, -16.796645 ], [ 49.6719985, -16.7966495 ], [ 49.6719859, -16.7966595 ], [ 49.6719731, -16.7966693 ], [ 49.6719601, -16.7966789 ], [ 49.6719469, -16.7966883 ], [ 49.6719336, -16.7966974 ], [ 49.6719201, -16.7967063 ], [ 49.6719064, -16.796715 ], [ 49.6718926, -16.7967235 ], [ 49.6718852, -16.7967278 ], [ 49.6718776, -16.7967335 ], [ 49.6718644, -16.7967428 ], [ 49.6718511, -16.796752 ], [ 49.6718376, -16.7967609 ], [ 49.6718239, -16.7967696 ], [ 49.6718101, -16.796778 ], [ 49.6717961, -16.7967863 ], [ 49.671782, -16.7967942 ], [ 49.6717678, -16.796802 ], [ 49.6717534, -16.7968095 ], [ 49.6717388, -16.7968168 ], [ 49.6717242, -16.7968238 ], [ 49.6717094, -16.7968305 ], [ 49.6716945, -16.7968371 ], [ 49.6716795, -16.7968433 ], [ 49.6716644, -16.7968494 ], [ 49.6716491, -16.7968551 ], [ 49.671633799999988, -16.7968606 ], [ 49.6716183, -16.7968659 ], [ 49.6716028, -16.7968708 ], [ 49.6715872, -16.7968756 ], [ 49.6715715, -16.79688 ], [ 49.6715557, -16.7968842 ], [ 49.6715399, -16.7968882 ], [ 49.671524, -16.7968918 ], [ 49.671508, -16.7968952 ], [ 49.6714919, -16.7968983 ], [ 49.6714758, -16.7969012 ], [ 49.6714597, -16.7969038 ], [ 49.6714435, -16.7969061 ], [ 49.6714273, -16.7969081 ], [ 49.671411, -16.7969099 ], [ 49.6713947, -16.7969114 ], [ 49.6713784, -16.7969126 ], [ 49.671362, -16.7969136 ], [ 49.67134570000001, -16.7969142 ], [ 49.671329299999989, -16.7969146 ], [ 49.671313, -16.7969147 ], [ 49.6712966, -16.7969146 ], [ 49.671280200000012, -16.7969141 ], [ 49.6712777, -16.796914 ], [ 49.6712448, -16.7969779 ], [ 49.6712068, -16.797039 ], [ 49.6711639, -16.7970971 ], [ 49.6711164, -16.7971517 ], [ 49.6711109, -16.7971618 ], [ 49.671103099999989, -16.7971756 ], [ 49.671095, -16.7971894 ], [ 49.6710867, -16.7972029 ], [ 49.6710781, -16.7972164 ], [ 49.6710693, -16.7972297 ], [ 49.6710603, -16.7972428 ], [ 49.671051, -16.7972558 ], [ 49.6710415, -16.7972686 ], [ 49.6710317, -16.7972813 ], [ 49.6710217, -16.7972938 ], [ 49.6710115, -16.7973061 ], [ 49.6710011, -16.7973182 ], [ 49.6709905, -16.7973302 ], [ 49.6709796, -16.797342 ], [ 49.6709685, -16.7973536 ], [ 49.6709572, -16.797365 ], [ 49.6709458, -16.7973763 ], [ 49.6709431, -16.7973788 ], [ 49.6708598, -16.7974583 ], [ 49.670855, -16.7974706 ], [ 49.6708489, -16.7974853 ], [ 49.6708427, -16.7974999 ], [ 49.6708361, -16.7975143 ], [ 49.6708293, -16.7975287 ], [ 49.6708223, -16.7975429 ], [ 49.670814899999989, -16.797557 ], [ 49.6708074, -16.797571 ], [ 49.6707995, -16.7975848 ], [ 49.6707915, -16.7975985 ], [ 49.6707831, -16.7976121 ], [ 49.6707746, -16.7976255 ], [ 49.6707658, -16.7976388 ], [ 49.670756699999984, -16.7976519 ], [ 49.6707474, -16.7976649 ], [ 49.6707379, -16.7976778 ], [ 49.6707281, -16.7976904 ], [ 49.6707182, -16.7977029 ], [ 49.670708, -16.7977152 ], [ 49.6706975, -16.7977274 ], [ 49.6706869, -16.7977394 ], [ 49.670676, -16.7977512 ], [ 49.670665, -16.7977628 ], [ 49.6706537, -16.7977742 ], [ 49.6706422, -16.7977854 ], [ 49.6706376, -16.7977898 ], [ 49.67063180000001, -16.7978031 ], [ 49.6706253, -16.7978175 ], [ 49.6706185, -16.7978319 ], [ 49.6706114, -16.7978461 ], [ 49.6706041, -16.7978602 ], [ 49.6705965, -16.7978742 ], [ 49.6705887, -16.797888 ], [ 49.6705806, -16.7979017 ], [ 49.670572299999989, -16.7979153 ], [ 49.6705637, -16.7979287 ], [ 49.6705549, -16.797942 ], [ 49.6705459, -16.7979552 ], [ 49.6705366, -16.7979681 ], [ 49.6705271, -16.797981 ], [ 49.6705173, -16.7979936 ], [ 49.6705073, -16.7980061 ], [ 49.6704971, -16.7980185 ], [ 49.6704867, -16.7980306 ], [ 49.6704761, -16.7980426 ], [ 49.6704652, -16.7980544 ], [ 49.6704541, -16.798066 ], [ 49.6704428, -16.7980774 ], [ 49.6704314, -16.7980886 ], [ 49.6704197, -16.7980997 ], [ 49.6704078, -16.7981105 ], [ 49.670395700000014, -16.7981212 ], [ 49.6703834, -16.7981316 ], [ 49.670371, -16.7981418 ], [ 49.6703583, -16.7981518 ], [ 49.6703455, -16.7981616 ], [ 49.6703325, -16.7981712 ], [ 49.6703193, -16.7981806 ], [ 49.670306, -16.7981897 ], [ 49.6702925, -16.7981986 ], [ 49.67028950000001, -16.7982005 ], [ 49.6702876, -16.7982053 ], [ 49.6702813, -16.7982199 ], [ 49.6702747, -16.7982343 ], [ 49.6702679, -16.7982487 ], [ 49.6702609, -16.7982629 ], [ 49.6702535, -16.798277 ], [ 49.670246, -16.798291 ], [ 49.6702381, -16.7983048 ], [ 49.6702301, -16.7983185 ], [ 49.6702217, -16.7983321 ], [ 49.6702132, -16.7983455 ], [ 49.6702044, -16.7983588 ], [ 49.6701953, -16.798372 ], [ 49.670186, -16.7983849 ], [ 49.6701765, -16.7983978 ], [ 49.6701667, -16.7984104 ], [ 49.670156800000015, -16.7984229 ], [ 49.6701466, -16.7984353 ], [ 49.6701361, -16.7984474 ], [ 49.6701255, -16.7984594 ], [ 49.6701146, -16.7984712 ], [ 49.6701036, -16.7984828 ], [ 49.6700923, -16.7984942 ], [ 49.670080800000015, -16.7985055 ], [ 49.6700691, -16.7985165 ], [ 49.6700572, -16.7985273 ], [ 49.6700451, -16.798538 ], [ 49.670032899999988, -16.7985484 ], [ 49.670020400000013, -16.7985586 ], [ 49.6700078, -16.7985686 ], [ 49.6699949, -16.7985784 ], [ 49.6699819, -16.798588 ], [ 49.6699688, -16.7985974 ], [ 49.6699554, -16.7986065 ], [ 49.6699419, -16.7986154 ], [ 49.6699283, -16.7986241 ], [ 49.6699145, -16.7986326 ], [ 49.6699005, -16.7986408 ], [ 49.669886399999989, -16.7986488 ], [ 49.6698721, -16.7986565 ], [ 49.6698577, -16.798664 ], [ 49.6698432, -16.7986713 ], [ 49.6698285, -16.7986783 ], [ 49.6698138, -16.7986851 ], [ 49.6697989, -16.7986916 ], [ 49.6697838, -16.7986979 ], [ 49.6697687, -16.7987039 ], [ 49.6697535, -16.7987097 ], [ 49.6697381, -16.7987152 ], [ 49.6697227, -16.7987204 ], [ 49.6697072, -16.7987254 ], [ 49.6696916, -16.7987301 ], [ 49.6696759, -16.7987346 ], [ 49.6696601, -16.7987388 ], [ 49.6696442, -16.7987427 ], [ 49.6696283, -16.7987464 ], [ 49.6696123, -16.7987498 ], [ 49.6695963, -16.7987529 ], [ 49.6695802, -16.7987557 ], [ 49.669564, -16.7987583 ], [ 49.6695478, -16.7987606 ], [ 49.6695316, -16.7987627 ], [ 49.6695154, -16.7987644 ], [ 49.6694991, -16.7987659 ], [ 49.6694827, -16.7987672 ], [ 49.6694664, -16.7987681 ], [ 49.6694637, -16.7987682 ], [ 49.669466, -16.7987722 ], [ 49.6694738, -16.7987861 ], [ 49.6694814, -16.7988001 ], [ 49.6694887, -16.7988142 ], [ 49.6694957, -16.7988284 ], [ 49.6695025, -16.7988428 ], [ 49.669509, -16.7988573 ], [ 49.6695152, -16.7988718 ], [ 49.6695212, -16.7988865 ], [ 49.6695269, -16.7989013 ], [ 49.669532399999987, -16.7989161 ], [ 49.6695375, -16.7989311 ], [ 49.6695424, -16.7989461 ], [ 49.669547099999988, -16.7989613 ], [ 49.6695514, -16.7989765 ], [ 49.6695555, -16.7989917 ], [ 49.66955930000001, -16.7990071 ], [ 49.669562799999987, -16.7990225 ], [ 49.6695661, -16.7990379 ], [ 49.669569, -16.7990534 ], [ 49.6695717, -16.799069 ], [ 49.6695741, -16.7990846 ], [ 49.6695762, -16.7991002 ], [ 49.6695781, -16.7991159 ], [ 49.6695796, -16.7991316 ], [ 49.6695809, -16.7991473 ], [ 49.6695819, -16.799163 ], [ 49.6695826, -16.7991788 ], [ 49.669583, -16.7991945 ], [ 49.6695831, -16.7992103 ], [ 49.6695829, -16.7992261 ], [ 49.6695825, -16.7992418 ], [ 49.6695818, -16.7992576 ], [ 49.6695807, -16.7992733 ], [ 49.6695794, -16.799289 ], [ 49.6695778, -16.7993047 ], [ 49.6695772, -16.7993108 ], [ 49.6695514, -16.7995299 ], [ 49.6695509, -16.7995345 ], [ 49.6695271, -16.7997281 ], [ 49.6695153, -16.7997997 ], [ 49.6694975, -16.7998702 ], [ 49.6694739, -16.7999391 ], [ 49.6694446, -16.800006 ], [ 49.6694099, -16.8000704 ], [ 49.6693699, -16.8001318 ], [ 49.669325, -16.80019 ], [ 49.6693263, -16.8002012 ], [ 49.6693278, -16.8002169 ], [ 49.6693291, -16.8002326 ], [ 49.6693301, -16.8002483 ], [ 49.6693308, -16.8002641 ], [ 49.6693312, -16.8002799 ], [ 49.6693313, -16.8002956 ], [ 49.6693313, -16.8002967 ], [ 49.6693335, -16.8003028 ], [ 49.6693736, -16.8004151 ], [ 49.669413800000015, -16.8004677 ], [ 49.6694184, -16.8004737 ], [ 49.6694224, -16.800479 ], [ 49.669431900000014, -16.8004919 ], [ 49.6694412, -16.8005049 ], [ 49.6694502, -16.8005181 ], [ 49.669459, -16.8005314 ], [ 49.669467499999989, -16.8005448 ], [ 49.6694758, -16.8005584 ], [ 49.6694838, -16.8005721 ], [ 49.6694916, -16.800586 ], [ 49.6694992, -16.8006 ], [ 49.6695065, -16.8006141 ], [ 49.6695135, -16.8006284 ], [ 49.6695203, -16.8006427 ], [ 49.6695268, -16.8006572 ], [ 49.669533, -16.8006717 ], [ 49.669539, -16.8006864 ], [ 49.669544699999989, -16.8007012 ], [ 49.6695502, -16.8007161 ], [ 49.6695553, -16.800731 ], [ 49.6695602, -16.8007461 ], [ 49.6695649, -16.8007612 ], [ 49.6695692, -16.8007764 ], [ 49.6695733, -16.8007917 ], [ 49.6695771, -16.800807 ], [ 49.669580599999989, -16.8008224 ], [ 49.6695839, -16.8008378 ], [ 49.6695868, -16.8008533 ], [ 49.6695895, -16.8008689 ], [ 49.6695919, -16.8008845 ], [ 49.669594, -16.8009001 ], [ 49.6695959, -16.8009158 ], [ 49.6695974, -16.8009315 ], [ 49.6695987, -16.8009472 ], [ 49.6695997, -16.8009629 ], [ 49.6696004, -16.8009787 ], [ 49.6696008, -16.8009945 ], [ 49.6696009, -16.8010102 ], [ 49.6696007, -16.801026 ], [ 49.6696005, -16.8010336 ], [ 49.6696507, -16.801192 ], [ 49.669772, -16.801318 ], [ 49.6698251, -16.8013782 ], [ 49.6698725, -16.8014426 ], [ 49.6699138, -16.8015107 ], [ 49.6699793, -16.8016303 ], [ 49.6700822, -16.8017779 ], [ 49.6700857, -16.8017694 ], [ 49.670092, -16.8017549 ], [ 49.6700985, -16.8017404 ], [ 49.6701054, -16.8017261 ], [ 49.6701124, -16.8017119 ], [ 49.6701197, -16.8016978 ], [ 49.6701273, -16.8016838 ], [ 49.67013, -16.801679 ], [ 49.670121099999989, -16.8015631 ], [ 49.670119100000015, -16.8015243 ], [ 49.670108, -16.8014905 ], [ 49.6700596, -16.801332 ], [ 49.6700404, -16.8012576 ], [ 49.6700278, -16.8011818 ], [ 49.6700219, -16.8011054 ], [ 49.670022800000012, -16.8010287 ], [ 49.6700304, -16.8009523 ], [ 49.6700448, -16.8008769 ], [ 49.6700657, -16.8008029 ], [ 49.670093, -16.8007309 ], [ 49.6701237, -16.8006597 ], [ 49.6701475, -16.800609 ], [ 49.6702086, -16.8004887 ], [ 49.6702125, -16.800481 ], [ 49.6702535, -16.8004021 ], [ 49.6702849, -16.8002799 ], [ 49.670301500000015, -16.8002233 ], [ 49.6703219, -16.8001677 ], [ 49.6703941, -16.7999898 ], [ 49.6704059, -16.799962 ], [ 49.6704691, -16.7998204 ], [ 49.6705398, -16.7996491 ], [ 49.6705575, -16.799609 ], [ 49.6705772, -16.7995697 ], [ 49.6707566, -16.7992333 ], [ 49.6707911, -16.7991742 ], [ 49.6708301, -16.7991177 ], [ 49.6708734, -16.7990642 ], [ 49.6709207, -16.799014 ], [ 49.6709719, -16.7989674 ], [ 49.6710265, -16.7989246 ], [ 49.671062, -16.7988987 ], [ 49.671060800000014, -16.7988939 ], [ 49.6710573, -16.7988785 ], [ 49.6710541, -16.7988631 ], [ 49.6710511, -16.7988476 ], [ 49.671048399999989, -16.798832 ], [ 49.671046, -16.7988164 ], [ 49.6710439, -16.7988008 ], [ 49.6710421, -16.7987851 ], [ 49.6710405, -16.7987694 ], [ 49.6710392, -16.7987537 ], [ 49.6710383, -16.798738 ], [ 49.6710376, -16.7987222 ], [ 49.6710372, -16.7987065 ], [ 49.671037, -16.7986907 ], [ 49.6710372, -16.7986749 ], [ 49.6710376, -16.7986592 ], [ 49.6710384, -16.7986434 ], [ 49.6710394, -16.7986277 ], [ 49.6710407, -16.798612 ], [ 49.6710423, -16.7985963 ], [ 49.6710442, -16.7985806 ], [ 49.6710463, -16.798565 ], [ 49.6710488, -16.7985494 ], [ 49.6710515, -16.7985338 ], [ 49.6710545, -16.7985183 ], [ 49.6710578, -16.7985029 ], [ 49.6710613, -16.7984875 ], [ 49.6710652, -16.7984722 ], [ 49.671069300000013, -16.7984569 ], [ 49.6710737, -16.7984417 ], [ 49.6710783, -16.7984266 ], [ 49.6710833, -16.7984116 ], [ 49.6710885, -16.7983967 ], [ 49.671094, -16.7983818 ], [ 49.6710997, -16.798367 ], [ 49.6711057, -16.7983524 ], [ 49.671112, -16.7983378 ], [ 49.6711186, -16.7983234 ], [ 49.6711254, -16.798309 ], [ 49.6711324, -16.7982948 ], [ 49.6711398, -16.7982807 ], [ 49.6711473, -16.7982667 ], [ 49.6711552, -16.7982529 ], [ 49.6711632, -16.7982392 ], [ 49.6711716, -16.7982256 ], [ 49.6711801, -16.7982122 ], [ 49.6711889, -16.7981989 ], [ 49.671198, -16.7981857 ], [ 49.6712073, -16.7981727 ], [ 49.6712168, -16.7981599 ], [ 49.6712265, -16.7981473 ], [ 49.6712365, -16.7981348 ], [ 49.6712467, -16.7981224 ], [ 49.6712572, -16.7981103 ], [ 49.6712678, -16.7980983 ], [ 49.6712787, -16.7980865 ], [ 49.671289699999988, -16.7980749 ], [ 49.671301, -16.7980635 ], [ 49.6713125, -16.7980522 ], [ 49.671324200000015, -16.7980412 ], [ 49.6713361, -16.7980304 ], [ 49.6713419, -16.7980252 ], [ 49.6715573, -16.7978354 ], [ 49.6715839, -16.7977783 ], [ 49.6716145, -16.797723 ], [ 49.6716491, -16.7976699 ], [ 49.6716874, -16.7976193 ], [ 49.6717785, -16.7975073 ], [ 49.6718216, -16.7974579 ], [ 49.6718684, -16.7974117 ], [ 49.6719184, -16.7973687 ], [ 49.6719715, -16.7973294 ], [ 49.6721723, -16.7971911 ], [ 49.6722425, -16.7971472 ], [ 49.6723165, -16.7971095 ], [ 49.672393599999985, -16.7970783 ], [ 49.6726014, -16.7970046 ], [ 49.6726746, -16.7969819 ], [ 49.6728398, -16.7969377 ], [ 49.6729446, -16.7968726 ], [ 49.6730093, -16.7968359 ], [ 49.6730897, -16.7967943 ], [ 49.6731527, -16.7967646 ], [ 49.6732178, -16.7967395 ], [ 49.6732847, -16.7967192 ], [ 49.673353, -16.7967037 ], [ 49.6734223, -16.7966932 ], [ 49.6734922, -16.7966877 ], [ 49.6736077, -16.7966828 ], [ 49.6736788, -16.7966609 ], [ 49.6736942, -16.7966302 ], [ 49.6737615, -16.796503 ], [ 49.6737476, -16.7964375 ], [ 49.6737355, -16.796366 ], [ 49.6737294, -16.7962938 ], [ 49.6737293, -16.7962213 ], [ 49.6737353, -16.796149 ], [ 49.673742, -16.7960952 ], [ 49.6737393, -16.7959813 ], [ 49.6737408, -16.7959063 ], [ 49.6737487, -16.7958317 ], [ 49.673763, -16.7957581 ], [ 49.6737836, -16.7956858 ], [ 49.6738345, -16.7955325 ], [ 49.673842, -16.7955015 ], [ 49.6738589, -16.795441 ], [ 49.6738801, -16.7953819 ], [ 49.6739535, -16.795198 ], [ 49.6739828, -16.7951323 ], [ 49.6740175, -16.7950691 ], [ 49.6740572, -16.7950087 ], [ 49.6741018, -16.7949516 ], [ 49.6741509, -16.794898 ], [ 49.6742043, -16.7948483 ], [ 49.6742861, -16.79477790000001 ], [ 49.6743368, -16.7947373 ], [ 49.6743903, -16.7947003 ], [ 49.6744464, -16.7946669 ], [ 49.6745584, -16.7946054 ], [ 49.6745635, -16.7946027 ], [ 49.6746617, -16.7945495 ], [ 49.6747351, -16.7945138 ], [ 49.6748114, -16.7944844 ], [ 49.6748901, -16.7944616 ], [ 49.6749706, -16.7944454 ], [ 49.6750522, -16.7944362 ], [ 49.6751344, -16.7944338 ], [ 49.6752164, -16.7944384 ], [ 49.6752978, -16.7944499 ], [ 49.6753545, -16.7944604 ], [ 49.6753822, -16.7944587 ], [ 49.6753957, -16.7944579 ], [ 49.675412, -16.7944573 ], [ 49.6754284, -16.7944569 ], [ 49.6754448, -16.7944567 ], [ 49.6754611, -16.7944569 ], [ 49.6754775, -16.7944573 ], [ 49.6754938, -16.794458 ], [ 49.6755102, -16.794459 ], [ 49.6755265, -16.7944603 ], [ 49.6755428, -16.7944618 ], [ 49.6755519, -16.7944628 ], [ 49.6755628, -16.7944609 ], [ 49.675579, -16.7944583 ], [ 49.675595199999989, -16.794456 ], [ 49.6756114, -16.7944539 ], [ 49.6756277, -16.7944522 ], [ 49.6756439, -16.7944507 ], [ 49.6756603, -16.7944495 ], [ 49.6756731, -16.7944487 ], [ 49.675722, -16.7944461 ], [ 49.675733599999987, -16.7944355 ], [ 49.6757457, -16.7944249 ], [ 49.675758, -16.7944144 ], [ 49.6757704, -16.7944042 ], [ 49.6757831, -16.7943942 ], [ 49.6757959, -16.7943844 ], [ 49.6758089, -16.7943748 ], [ 49.675822, -16.7943654 ], [ 49.6758354, -16.7943563 ], [ 49.6758489, -16.7943474 ], [ 49.6758625, -16.7943387 ], [ 49.6758764, -16.7943302 ], [ 49.6758903, -16.794322 ], [ 49.6759044, -16.794314 ], [ 49.6759187, -16.7943063 ], [ 49.6759331, -16.7942988 ], [ 49.6759476, -16.7942915 ], [ 49.6759623, -16.7942845 ], [ 49.675977, -16.7942777 ], [ 49.6759919, -16.7942712 ], [ 49.676007, -16.7942649 ], [ 49.6760174, -16.7942608 ], [ 49.6760237, -16.7942572 ], [ 49.676038, -16.7942494 ], [ 49.6760524, -16.7942419 ], [ 49.6760669, -16.7942347 ], [ 49.6760816, -16.7942277 ], [ 49.6760963, -16.7942209 ], [ 49.6761112, -16.7942144 ], [ 49.6761263, -16.7942081 ], [ 49.6761414, -16.7942021 ], [ 49.6761566, -16.7941963 ], [ 49.676172, -16.7941908 ], [ 49.67617580000001, -16.7941895 ], [ 49.6762718, -16.7941564 ], [ 49.6762834, -16.7941525 ], [ 49.676299, -16.7941475 ], [ 49.6763146, -16.7941428 ], [ 49.6763303, -16.7941383 ], [ 49.676346, -16.7941341 ], [ 49.6763619, -16.7941302 ], [ 49.6763778, -16.7941265 ], [ 49.6763938, -16.7941231 ], [ 49.6764098, -16.79412 ], [ 49.6764259, -16.7941171 ], [ 49.6764421, -16.7941146 ], [ 49.6764583, -16.7941122 ], [ 49.6764745, -16.7941102 ], [ 49.6764908, -16.7941084 ], [ 49.6765071, -16.7941069 ], [ 49.6765234, -16.7941057 ], [ 49.6765397, -16.7941048 ], [ 49.6765561, -16.7941041 ], [ 49.676562200000014, -16.794104 ], [ 49.6766178, -16.7940913 ], [ 49.6767488, -16.7940656 ], [ 49.6768272, -16.7940535 ], [ 49.6769064, -16.7940479 ], [ 49.6769858, -16.7940487 ], [ 49.6770775, -16.7940534 ], [ 49.677142300000014, -16.7940589 ], [ 49.6772039, -16.7940662 ], [ 49.6773813, -16.7940799 ], [ 49.6774464, -16.7940871 ], [ 49.6775109, -16.7940987 ], [ 49.6775743, -16.7941146 ], [ 49.6776336, -16.7941316 ], [ 49.677681, -16.7941347 ], [ 49.6777617, -16.7941434 ], [ 49.6778413, -16.7941588 ], [ 49.6779193, -16.7941807 ], [ 49.677995, -16.7942091 ], [ 49.6780678, -16.7942436 ], [ 49.678137299999989, -16.7942841 ], [ 49.6782196, -16.7943369 ], [ 49.678280199999989, -16.7943793 ], [ 49.6783371, -16.7944261 ], [ 49.67839, -16.7944772 ], [ 49.6784384, -16.7945322 ], [ 49.6784408, -16.7945329 ], [ 49.6784563, -16.7945379 ], [ 49.6784718, -16.7945432 ], [ 49.6784871, -16.7945488 ], [ 49.6785023, -16.7945545 ], [ 49.6785174, -16.7945606 ], [ 49.6785324, -16.7945669 ], [ 49.678547300000012, -16.7945735 ], [ 49.6785621, -16.7945803 ], [ 49.6785767, -16.7945873 ], [ 49.6785912, -16.7945946 ], [ 49.6786056, -16.7946021 ], [ 49.6786198, -16.7946099 ], [ 49.6786339, -16.7946179 ], [ 49.678647899999987, -16.7946262 ], [ 49.6786617, -16.7946347 ], [ 49.6786732, -16.794642 ], [ 49.6786834, -16.7946453 ], [ 49.6786988, -16.7946506 ], [ 49.6787141, -16.7946561 ], [ 49.6787293, -16.7946619 ], [ 49.6787445, -16.794668 ], [ 49.6787595, -16.7946743 ], [ 49.6787743, -16.7946809 ], [ 49.6787891, -16.7946877 ], [ 49.6788037, -16.7946947 ], [ 49.6788183, -16.794702 ], [ 49.6788326, -16.7947095 ], [ 49.6788469, -16.7947173 ], [ 49.678861, -16.7947253 ], [ 49.6788749, -16.7947336 ], [ 49.6788887, -16.7947421 ], [ 49.6789023, -16.7947508 ], [ 49.6789158, -16.7947597 ], [ 49.6789291, -16.7947689 ], [ 49.6789423, -16.7947783 ], [ 49.6789553, -16.7947879 ], [ 49.678968, -16.7947977 ], [ 49.6789807, -16.7948078 ], [ 49.6789839, -16.7948104 ], [ 49.6790253, -16.7948442 ], [ 49.6790271, -16.7948458 ], [ 49.6790897, -16.7948972 ], [ 49.6790985, -16.7949004 ], [ 49.6791137, -16.7949062 ], [ 49.6791288, -16.7949122 ], [ 49.6791438, -16.7949185 ], [ 49.6791587, -16.7949251 ], [ 49.6791735, -16.7949319 ], [ 49.6791881, -16.7949389 ], [ 49.679202600000011, -16.7949462 ], [ 49.679217, -16.7949538 ], [ 49.6792312, -16.7949615 ], [ 49.6792453, -16.7949696 ], [ 49.6792593, -16.7949778 ], [ 49.6792731, -16.7949863 ], [ 49.6792867, -16.794995 ], [ 49.6793002, -16.795004 ], [ 49.6793135, -16.7950131 ], [ 49.6793266, -16.7950225 ], [ 49.6793396, -16.7950321 ], [ 49.6793524, -16.795042 ], [ 49.679365, -16.795052 ], [ 49.6793775, -16.7950623 ], [ 49.6793818, -16.7950659 ], [ 49.6794697, -16.7951406 ], [ 49.6795023, -16.7951697 ], [ 49.6795335, -16.7952003 ], [ 49.6795804, -16.7952484 ], [ 49.6795827, -16.7952508 ], [ 49.6795938, -16.7952625 ], [ 49.6796046, -16.7952743 ], [ 49.6796152, -16.7952863 ], [ 49.6796256, -16.7952985 ], [ 49.6796358, -16.7953108 ], [ 49.679639099999982, -16.7953149 ], [ 49.6796685, -16.795336 ], [ 49.6797575, -16.7953921 ], [ 49.6798126, -16.7954296 ], [ 49.6798647, -16.7954708 ], [ 49.6799137, -16.7955156 ], [ 49.6799591, -16.7955636 ], [ 49.680000899999989, -16.7956146 ], [ 49.6801139, -16.7957633 ], [ 49.6801513, -16.7958164 ], [ 49.6801847, -16.795872 ], [ 49.6802139, -16.7959296 ], [ 49.6802388, -16.7959891 ], [ 49.6802696, -16.7960709 ], [ 49.6803132, -16.7961087 ], [ 49.680354399999985, -16.796149 ], [ 49.6803928, -16.7961918 ], [ 49.68046910000001, -16.7962822 ], [ 49.6805165, -16.7963435 ], [ 49.6805583, -16.7964085 ], [ 49.680594299999989, -16.7964766 ], [ 49.6806242, -16.7965475 ], [ 49.6806478, -16.7966205 ], [ 49.680664799999988, -16.7966951 ], [ 49.6806753, -16.7967709 ], [ 49.680679, -16.7968473 ], [ 49.6806761, -16.7969237 ], [ 49.6806664, -16.7969996 ], [ 49.6806501, -16.7970744 ], [ 49.6806273, -16.7971477 ], [ 49.6805982, -16.7972188 ], [ 49.6805629, -16.7972873 ], [ 49.680521700000014, -16.7973526 ], [ 49.6804538, -16.7974509 ], [ 49.680425299999989, -16.7975179 ], [ 49.6803914, -16.7975825 ], [ 49.6803522, -16.7976443 ], [ 49.6803079, -16.7977029 ], [ 49.680259, -16.7977578 ], [ 49.6802056, -16.7978089 ], [ 49.6800119, -16.7979797 ], [ 49.6798352, -16.7981783 ], [ 49.6797357, -16.7983337 ], [ 49.6796323, -16.7985034 ], [ 49.6796054, -16.7985449 ], [ 49.6795762, -16.7985849 ], [ 49.6795223, -16.7986548 ], [ 49.6795276, -16.7986568 ], [ 49.6795427, -16.7986628 ], [ 49.6795577, -16.7986691 ], [ 49.6795726, -16.7986757 ], [ 49.6795874, -16.7986825 ], [ 49.679602, -16.7986895 ], [ 49.6796165, -16.7986968 ], [ 49.6796309, -16.7987044 ], [ 49.6796451, -16.7987122 ], [ 49.6796592, -16.7987202 ], [ 49.6796732, -16.7987284 ], [ 49.679687, -16.7987369 ], [ 49.6797006, -16.7987456 ], [ 49.6797141, -16.7987546 ], [ 49.6797274, -16.7987637 ], [ 49.6797405, -16.7987731 ], [ 49.6797535, -16.7987828 ], [ 49.6797663, -16.7987926 ], [ 49.679778899999988, -16.7988026 ], [ 49.6797914, -16.7988129 ], [ 49.6798036, -16.7988233 ], [ 49.6798157, -16.798834 ], [ 49.6798275, -16.7988449 ], [ 49.6798392, -16.7988559 ], [ 49.6798424, -16.7988591 ], [ 49.679843899999987, -16.7988605 ], [ 49.6798722, -16.7988893 ], [ 49.6799963, -16.7990215 ], [ 49.6800126, -16.7990393 ], [ 49.680103, -16.7991408 ], [ 49.6801104, -16.7991492 ], [ 49.6801197, -16.7991601 ], [ 49.6801904, -16.7992441 ], [ 49.6801915, -16.7992454 ], [ 49.6802017, -16.7992577 ], [ 49.6802116, -16.7992702 ], [ 49.6802214, -16.7992829 ], [ 49.6802308, -16.7992958 ], [ 49.6802401, -16.7993088 ], [ 49.6802491, -16.7993219 ], [ 49.6802579, -16.7993352 ], [ 49.6802664, -16.7993487 ], [ 49.6802747, -16.7993623 ], [ 49.6802784, -16.7993685 ], [ 49.6802907, -16.7993698 ], [ 49.680307, -16.7993719 ], [ 49.6803231, -16.7993743 ], [ 49.6803393, -16.7993769 ], [ 49.6803554, -16.7993798 ], [ 49.6803714, -16.7993829 ], [ 49.6803874, -16.7993864 ], [ 49.6804033, -16.79939 ], [ 49.6804191, -16.799394 ], [ 49.6804349, -16.7993982 ], [ 49.6804506, -16.7994027 ], [ 49.6804532, -16.7994035 ], [ 49.6806654, -16.7994669 ], [ 49.6807418, -16.7994933 ], [ 49.6808157, -16.799526 ], [ 49.6808863, -16.7995647 ], [ 49.6809566, -16.7996072 ], [ 49.6810241, -16.7996521 ], [ 49.6810872, -16.7997025 ], [ 49.6811455, -16.799758 ], [ 49.6811986, -16.7998182 ], [ 49.681246, -16.7998826 ], [ 49.681337, -16.8000186 ], [ 49.6814299, -16.7999541 ], [ 49.6814997, -16.7999102 ], [ 49.6815732, -16.7998724 ], [ 49.6816499, -16.799841 ], [ 49.681764, -16.7998 ], [ 49.6818375, -16.7997769 ], [ 49.6819127, -16.7997596 ], [ 49.6819891, -16.7997484 ], [ 49.6823275, -16.7997125 ], [ 49.6823322, -16.7997027 ], [ 49.6823393, -16.7996885 ], [ 49.6823466, -16.7996744 ], [ 49.6823541, -16.7996604 ], [ 49.682362, -16.7996466 ], [ 49.68237, -16.7996328 ], [ 49.6823784, -16.7996193 ], [ 49.6823869, -16.7996058 ], [ 49.6823957, -16.7995925 ], [ 49.6824048, -16.7995794 ], [ 49.6824141, -16.7995664 ], [ 49.6824236, -16.7995536 ], [ 49.6824334, -16.7995409 ], [ 49.6824433, -16.7995284 ], [ 49.6824535, -16.7995161 ], [ 49.682464, -16.799504 ], [ 49.6824746, -16.799492 ], [ 49.6824855, -16.7994802 ], [ 49.6824965, -16.7994686 ], [ 49.6825078, -16.7994571 ], [ 49.6825193, -16.7994459 ], [ 49.682531, -16.7994349 ], [ 49.6825429, -16.799424 ], [ 49.682555, -16.7994134 ], [ 49.6825672, -16.799403 ], [ 49.6825797, -16.7993927 ], [ 49.6825923, -16.7993827 ], [ 49.682605099999989, -16.7993729 ], [ 49.6826181, -16.7993633 ], [ 49.6826205, -16.7993617 ], [ 49.6827452, -16.7992719 ], [ 49.6827469, -16.7992707 ], [ 49.6829399, -16.7991325 ], [ 49.6830659, -16.7990123 ], [ 49.6830703, -16.7990082 ], [ 49.6832245, -16.7988631 ], [ 49.6833904, -16.7986566 ], [ 49.6834375, -16.7986025 ], [ 49.6834888, -16.7985521 ], [ 49.6835441, -16.7985058 ], [ 49.683603, -16.7984637 ], [ 49.683659, -16.7984268 ], [ 49.683661, -16.7984224 ], [ 49.6836678, -16.7984081 ], [ 49.6836748, -16.7983939 ], [ 49.6836821, -16.7983798 ], [ 49.6836897, -16.7983658 ], [ 49.6836975, -16.7983519 ], [ 49.6837056, -16.7983382 ], [ 49.6837139, -16.7983246 ], [ 49.6837225, -16.7983112 ], [ 49.6837313, -16.7982979 ], [ 49.6837404, -16.7982848 ], [ 49.6837466, -16.798276 ], [ 49.683907, -16.7980531 ], [ 49.683991400000011, -16.7979097 ], [ 49.6840236, -16.797859 ], [ 49.6840591, -16.7978104 ], [ 49.6842219, -16.797603 ], [ 49.6842716, -16.7975448 ], [ 49.6843262, -16.7974908 ], [ 49.6843853, -16.7974414 ], [ 49.6844485, -16.7973969 ], [ 49.6845152, -16.7973577 ], [ 49.6845852, -16.7973239 ], [ 49.6846578, -16.7972959 ], [ 49.6846907, -16.7972847 ], [ 49.6848627, -16.7971513 ], [ 49.6848967, -16.7971212 ], [ 49.6849892, -16.7970347 ], [ 49.6850371, -16.7969928 ], [ 49.685088, -16.7969541 ], [ 49.6851465, -16.7969128 ], [ 49.685151, -16.7969096 ], [ 49.6851521, -16.7969088 ], [ 49.6852286, -16.7967657 ], [ 49.6852544, -16.7967205 ], [ 49.6852828, -16.7966769 ], [ 49.6853712, -16.7965494 ], [ 49.6854104, -16.7964379 ], [ 49.6854137, -16.7964275 ], [ 49.6854357, -16.7961831 ], [ 49.6854446, -16.7961145 ], [ 49.685459, -16.7960468 ], [ 49.6854801, -16.7959636 ], [ 49.6855035, -16.7958865 ], [ 49.6855339, -16.7958116 ], [ 49.6855711, -16.7957397 ], [ 49.6856132, -16.7956665 ], [ 49.6856786, -16.79554 ], [ 49.6857176, -16.7954721 ], [ 49.6857624, -16.7954077 ], [ 49.6858128, -16.7953472 ], [ 49.6858684, -16.7952911 ], [ 49.6859289, -16.7952398 ], [ 49.6859936, -16.7951937 ], [ 49.686043, -16.7951616 ], [ 49.6860747, -16.7951315 ], [ 49.6861612, -16.7950114 ], [ 49.686261, -16.7948405 ], [ 49.6863583, -16.7946626 ], [ 49.6863801, -16.7946249 ], [ 49.6864156, -16.7945671 ], [ 49.6865083, -16.7944033 ], [ 49.6865118, -16.7943972 ], [ 49.6865151, -16.7943916 ], [ 49.6865195, -16.7943841 ], [ 49.6865195, -16.7943146 ], [ 49.686522200000013, -16.7942473 ], [ 49.68653, -16.7941804 ], [ 49.686543, -16.7941142 ], [ 49.6865611, -16.7940492 ], [ 49.6865808, -16.7939482 ], [ 49.6865976, -16.7938779 ], [ 49.6866202, -16.7938091 ], [ 49.6866483, -16.7937423 ], [ 49.686682, -16.7936778 ], [ 49.6867208, -16.7936161 ], [ 49.6867647, -16.7935577 ], [ 49.6868132, -16.7935027 ], [ 49.6868662, -16.7934517 ], [ 49.6870268, -16.7933088 ], [ 49.687074, -16.7932696 ], [ 49.6871237, -16.7932334 ], [ 49.6871759, -16.7932006 ], [ 49.6873486, -16.7930994 ], [ 49.6873576, -16.7930759 ], [ 49.6873812, -16.7930172 ], [ 49.6873878, -16.7929791 ], [ 49.6873949, -16.7929035 ], [ 49.6873895, -16.792893 ], [ 49.6873762, -16.7928663 ], [ 49.687321, -16.7927507 ], [ 49.6872265, -16.7926441 ], [ 49.6871051, -16.7925204 ], [ 49.6870719, -16.7924847 ], [ 49.6870408, -16.7924474 ], [ 49.6869111, -16.7922834 ], [ 49.686907399999988, -16.7922788 ], [ 49.6868977, -16.7922661 ], [ 49.6868882, -16.7922533 ], [ 49.6868789, -16.7922403 ], [ 49.6868699, -16.7922271 ], [ 49.6868612, -16.7922138 ], [ 49.6868526, -16.7922003 ], [ 49.6868443, -16.7921867 ], [ 49.6868363, -16.792173 ], [ 49.6868285, -16.7921592 ], [ 49.6868209, -16.7921452 ], [ 49.6868137, -16.792131 ], [ 49.6868066, -16.7921168 ], [ 49.6867999, -16.7921024 ], [ 49.6867933, -16.792088 ], [ 49.6867871, -16.7920734 ], [ 49.6867811, -16.7920587 ], [ 49.6867754, -16.792044 ], [ 49.68677, -16.7920291 ], [ 49.6867648, -16.7920141 ], [ 49.6867599, -16.7919991 ], [ 49.6867552, -16.791984 ], [ 49.6867509, -16.7919688 ], [ 49.6867468, -16.7919535 ], [ 49.686743, -16.7919382 ], [ 49.6867395, -16.7919228 ], [ 49.6867362, -16.7919073 ], [ 49.6867333, -16.7918918 ], [ 49.6867306, -16.7918763 ], [ 49.6867282, -16.7918607 ], [ 49.6867261, -16.791845 ], [ 49.6867257, -16.7918422 ], [ 49.6866925, -16.7918038 ], [ 49.686673, -16.7917835 ], [ 49.6866279, -16.7917581 ], [ 49.6865843, -16.7917304 ], [ 49.6865283, -16.7916925 ], [ 49.6865099, -16.7916819 ], [ 49.6864423, -16.7916515 ], [ 49.6862753, -16.7916121 ], [ 49.686202300000012, -16.7915977 ], [ 49.6861186, -16.7915836 ], [ 49.6860537, -16.7915705 ], [ 49.6859899, -16.7915529 ], [ 49.685927500000012, -16.791531 ], [ 49.685867, -16.791505 ], [ 49.685648, -16.7914017 ], [ 49.6856338, -16.7913948 ], [ 49.685628, -16.791392 ], [ 49.6854687, -16.7913122 ], [ 49.6854292, -16.7912913 ], [ 49.6853907, -16.7912685 ], [ 49.6850982, -16.7910856 ], [ 49.6850307, -16.7910393 ], [ 49.6849678, -16.7909874 ], [ 49.6849099, -16.7909303 ], [ 49.684821599999985, -16.7908353 ], [ 49.6847751, -16.7907812 ], [ 49.6847331, -16.7907237 ], [ 49.6846959, -16.7906633 ], [ 49.6846636, -16.7906003 ], [ 49.6846075, -16.7904789 ], [ 49.6846002, -16.7904628 ], [ 49.6845873, -16.7904595 ], [ 49.6845715, -16.7904553 ], [ 49.6845558, -16.7904508 ], [ 49.6845402, -16.790446 ], [ 49.6845247, -16.790441 ], [ 49.6845093, -16.7904357 ], [ 49.6844939, -16.7904302 ], [ 49.6844787, -16.7904244 ], [ 49.684463599999987, -16.7904184 ], [ 49.6844486, -16.7904121 ], [ 49.6844337, -16.7904055 ], [ 49.684419, -16.7903987 ], [ 49.6844043, -16.7903917 ], [ 49.6843898, -16.7903844 ], [ 49.6843754, -16.7903768 ], [ 49.6843612, -16.790369 ], [ 49.6843471, -16.790361 ], [ 49.6843332, -16.7903528 ], [ 49.6843194, -16.7903443 ], [ 49.6843057, -16.7903356 ], [ 49.6842922, -16.7903266 ], [ 49.6842789, -16.7903175 ], [ 49.6842658, -16.7903081 ], [ 49.6842528, -16.7902985 ], [ 49.68424, -16.7902886 ], [ 49.6842274, -16.7902786 ], [ 49.684215, -16.7902683 ], [ 49.6842027, -16.7902579 ], [ 49.6841907, -16.7902472 ], [ 49.6841788, -16.7902363 ], [ 49.6841671, -16.7902253 ], [ 49.6841557, -16.790214 ], [ 49.6841444, -16.7902026 ], [ 49.6841334, -16.7901909 ], [ 49.6841225, -16.7901791 ], [ 49.6841119, -16.7901671 ], [ 49.6841015, -16.7901549 ], [ 49.6840914, -16.7901426 ], [ 49.6840814, -16.7901301 ], [ 49.6840717, -16.7901174 ], [ 49.6840622, -16.7901045 ], [ 49.6840529, -16.7900915 ], [ 49.6840439, -16.7900784 ], [ 49.6840351, -16.7900651 ], [ 49.6840266, -16.7900516 ], [ 49.6840183, -16.790038 ], [ 49.6840103, -16.7900243 ], [ 49.6840025, -16.7900104 ], [ 49.6839949, -16.7899964 ], [ 49.6839877, -16.7899823 ], [ 49.6839806, -16.7899681 ], [ 49.6839739, -16.7899537 ], [ 49.6839673, -16.7899393 ], [ 49.6839611, -16.7899247 ], [ 49.6839551, -16.78991 ], [ 49.6839494, -16.7898952 ], [ 49.683944, -16.7898804 ], [ 49.6839388, -16.7898654 ], [ 49.683933900000014, -16.7898504 ], [ 49.6839292, -16.7898352 ], [ 49.6839249, -16.7898201 ], [ 49.6839208, -16.7898048 ], [ 49.683917, -16.7897894 ], [ 49.6839135, -16.7897741 ], [ 49.6839102, -16.7897586 ], [ 49.6839073, -16.7897431 ], [ 49.6839046, -16.7897275 ], [ 49.6839022, -16.7897119 ], [ 49.683902, -16.7897104 ], [ 49.6838999, -16.7896962 ], [ 49.683876, -16.7896033 ], [ 49.683863700000011, -16.7895485 ], [ 49.683826, -16.7893509 ], [ 49.6838247, -16.7893436 ], [ 49.683822, -16.7893281 ], [ 49.6838196, -16.7893125 ], [ 49.6838175, -16.7892969 ], [ 49.6838167, -16.7892899 ], [ 49.6838095, -16.7892677 ], [ 49.6838094, -16.7892675 ], [ 49.6837824, -16.7891836 ], [ 49.6837664, -16.7891276 ], [ 49.6837542, -16.7890706 ], [ 49.6837418, -16.789068 ], [ 49.6837259, -16.7890643 ], [ 49.6837101, -16.7890603 ], [ 49.6836943, -16.7890561 ], [ 49.6836786, -16.7890516 ], [ 49.683663, -16.7890468 ], [ 49.6836475, -16.7890418 ], [ 49.6836321, -16.7890365 ], [ 49.6836168, -16.789031 ], [ 49.6836015, -16.7890252 ], [ 49.6835864, -16.7890192 ], [ 49.6835714, -16.7890129 ], [ 49.6835565, -16.7890063 ], [ 49.6835418, -16.7889995 ], [ 49.683528, -16.7889929 ] ] ], [ [ [ 49.6804531, -16.7547217 ], [ 49.6802367, -16.7546889 ], [ 49.6802023, -16.7546831 ], [ 49.6801322, -16.7546672 ], [ 49.6800637, -16.7546462 ], [ 49.679997, -16.7546201 ], [ 49.6797374, -16.7545074 ], [ 49.679675599999989, -16.7544779 ], [ 49.6796162, -16.7544441 ], [ 49.6796121, -16.7544415 ], [ 49.6796077, -16.7544451 ], [ 49.6795951, -16.7544552 ], [ 49.6795822, -16.754465 ], [ 49.6795692, -16.7544745 ], [ 49.6795561, -16.7544839 ], [ 49.6795427, -16.754493 ], [ 49.6795292, -16.754502 ], [ 49.6795156, -16.7545106 ], [ 49.6795018, -16.7545191 ], [ 49.6794878, -16.7545273 ], [ 49.6794737, -16.7545353 ], [ 49.6794594, -16.7545431 ], [ 49.6794451, -16.7545506 ], [ 49.6794305, -16.7545578 ], [ 49.679415899999988, -16.7545648 ], [ 49.6794011, -16.7545716 ], [ 49.6793862, -16.7545781 ], [ 49.6793712, -16.7545844 ], [ 49.6793561, -16.7545904 ], [ 49.6793411, -16.7545961 ], [ 49.6792076, -16.7546453 ], [ 49.6791382, -16.754668 ], [ 49.6790671, -16.7546853 ], [ 49.6789948, -16.7546973 ], [ 49.6789217, -16.7547038 ], [ 49.6788484, -16.7547047 ], [ 49.6787752, -16.7547002 ], [ 49.6787354, -16.7546962 ], [ 49.678695, -16.7547034 ], [ 49.6785995, -16.7547186 ], [ 49.678575699999989, -16.7547257 ], [ 49.6785056, -16.7547439 ], [ 49.6784344, -16.7547567 ], [ 49.6783623, -16.7547643 ], [ 49.678215, -16.7547741 ], [ 49.6781919, -16.7547811 ], [ 49.678159, -16.7547934 ], [ 49.6780921, -16.7548157 ], [ 49.6780237, -16.754833 ], [ 49.6778725, -16.7548655 ], [ 49.6778289, -16.7548738 ], [ 49.6775921, -16.7549134 ], [ 49.67757730000001, -16.7549157 ], [ 49.6775611, -16.754918 ], [ 49.6775449, -16.7549201 ], [ 49.6775286, -16.7549219 ], [ 49.6775123, -16.7549233 ], [ 49.677496, -16.7549246 ], [ 49.6774797, -16.7549255 ], [ 49.6774633, -16.7549262 ], [ 49.677447, -16.7549266 ], [ 49.6774335, -16.7549267 ], [ 49.6773568, -16.755017 ], [ 49.6773344, -16.7550425 ], [ 49.6773347, -16.755045 ], [ 49.6773362, -16.7550607 ], [ 49.677337500000014, -16.7550764 ], [ 49.6773385, -16.7550921 ], [ 49.6773391, -16.7551079 ], [ 49.6773396, -16.7551236 ], [ 49.6773397, -16.7551394 ], [ 49.6773395, -16.7551552 ], [ 49.6773391, -16.7551709 ], [ 49.6773383, -16.7551867 ], [ 49.6773373, -16.7552024 ], [ 49.677336, -16.7552181 ], [ 49.6773344, -16.7552338 ], [ 49.6773326, -16.7552495 ], [ 49.6773304, -16.7552651 ], [ 49.677328, -16.7552807 ], [ 49.6773252, -16.7552962 ], [ 49.6773222, -16.7553117 ], [ 49.677319, -16.7553272 ], [ 49.6773154, -16.7553426 ], [ 49.6773116, -16.7553579 ], [ 49.6773074, -16.7553732 ], [ 49.6773031, -16.7553884 ], [ 49.6772984, -16.7554035 ], [ 49.6772935, -16.7554185 ], [ 49.6772882, -16.7554334 ], [ 49.6772828, -16.7554483 ], [ 49.677277, -16.7554631 ], [ 49.677271, -16.7554777 ], [ 49.6772647, -16.7554923 ], [ 49.6772582, -16.7555067 ], [ 49.6772514, -16.7555211 ], [ 49.6772443, -16.7555353 ], [ 49.677237, -16.7555494 ], [ 49.6772294, -16.7555634 ], [ 49.6772216, -16.7555772 ], [ 49.6772135, -16.7555909 ], [ 49.6772052, -16.7556045 ], [ 49.677196599999988, -16.7556179 ], [ 49.6771878, -16.7556312 ], [ 49.6771788, -16.7556444 ], [ 49.6771695, -16.7556574 ], [ 49.67716, -16.7556702 ], [ 49.6771502, -16.7556828 ], [ 49.6771402, -16.7556953 ], [ 49.67713, -16.7557077 ], [ 49.6771196, -16.7557198 ], [ 49.677109, -16.7557318 ], [ 49.6770981, -16.7557436 ], [ 49.677087, -16.7557552 ], [ 49.6770758, -16.7557666 ], [ 49.6770643, -16.7557779 ], [ 49.6770526, -16.7557889 ], [ 49.6770407, -16.7557997 ], [ 49.6770286, -16.7558104 ], [ 49.6770164, -16.7558208 ], [ 49.677003899999988, -16.755831 ], [ 49.6769913, -16.755841 ], [ 49.6769785, -16.7558509 ], [ 49.6769655, -16.7558604 ], [ 49.6769523, -16.7558698 ], [ 49.676939, -16.7558789 ], [ 49.6769255, -16.7558879 ], [ 49.6769118, -16.7558965 ], [ 49.676898, -16.755905 ], [ 49.676884, -16.7559132 ], [ 49.6768699, -16.7559212 ], [ 49.6768557, -16.755929 ], [ 49.6768413, -16.7559365 ], [ 49.6768268, -16.7559437 ], [ 49.6768121, -16.7559507 ], [ 49.6767973, -16.7559575 ], [ 49.6767952, -16.7559585 ], [ 49.6767839, -16.7559671 ], [ 49.6767709, -16.7559766 ], [ 49.6767578, -16.755986 ], [ 49.6767444, -16.7559951 ], [ 49.676731, -16.7560041 ], [ 49.6767173, -16.7560127 ], [ 49.6767035, -16.7560212 ], [ 49.6766895, -16.7560294 ], [ 49.6766754, -16.7560374 ], [ 49.6766612, -16.7560452 ], [ 49.6766468, -16.7560527 ], [ 49.6766322, -16.7560599 ], [ 49.6766176, -16.7560669 ], [ 49.6766028, -16.7560737 ], [ 49.6765879, -16.7560802 ], [ 49.676572899999989, -16.7560865 ], [ 49.6765578, -16.7560925 ], [ 49.6765425, -16.7560983 ], [ 49.67652720000001, -16.7561038 ], [ 49.6765194, -16.7561064 ], [ 49.6765152, -16.7561094 ], [ 49.6765019, -16.7561186 ], [ 49.6764884, -16.7561275 ], [ 49.6764747, -16.7561362 ], [ 49.6764609, -16.7561446 ], [ 49.676447, -16.7561528 ], [ 49.6764328, -16.7561608 ], [ 49.6764186, -16.7561686 ], [ 49.6764042, -16.7561761 ], [ 49.6763897, -16.7561834 ], [ 49.676375, -16.7561904 ], [ 49.676360200000012, -16.7561971 ], [ 49.6763453, -16.7562037 ], [ 49.6763303, -16.7562099 ], [ 49.6763152, -16.7562159 ], [ 49.6763, -16.7562217 ], [ 49.676284599999988, -16.7562272 ], [ 49.6762692, -16.7562325 ], [ 49.6762537, -16.7562374 ], [ 49.6762487, -16.756239 ], [ 49.676213, -16.7562652 ], [ 49.676171, -16.7562943 ], [ 49.6760364, -16.7563823 ], [ 49.6759664, -16.7564239 ], [ 49.675893, -16.7564594 ], [ 49.6758166, -16.7564886 ], [ 49.6757378, -16.7565112 ], [ 49.6756573, -16.756527 ], [ 49.6755757, -16.7565361 ], [ 49.67549349999998, -16.7565382 ], [ 49.6754115, -16.7565333 ], [ 49.6753302, -16.7565216 ], [ 49.6751813, -16.7564936 ], [ 49.6751078, -16.7564768 ], [ 49.675036, -16.7564544 ], [ 49.6749663, -16.7564264 ], [ 49.6748991, -16.7563932 ], [ 49.6748349, -16.7563548 ], [ 49.6747742, -16.7563117 ], [ 49.6747172, -16.7562639 ], [ 49.6746644, -16.7562119 ], [ 49.67461620000001, -16.7561559 ], [ 49.6745727, -16.7560964 ], [ 49.674508, -16.7559997 ], [ 49.6744901, -16.7559718 ], [ 49.6743542, -16.7557516 ], [ 49.6743406, -16.755745 ], [ 49.6743261, -16.7557377 ], [ 49.6743117, -16.7557302 ], [ 49.6742975, -16.7557224 ], [ 49.6742834, -16.7557144 ], [ 49.6742694, -16.7557061 ], [ 49.6742556, -16.7556976 ], [ 49.674242, -16.7556889 ], [ 49.6742285, -16.75568 ], [ 49.6742152, -16.7556708 ], [ 49.6742021, -16.7556614 ], [ 49.6741891, -16.7556518 ], [ 49.6741763, -16.755642 ], [ 49.6741637, -16.7556319 ], [ 49.6741512, -16.7556217 ], [ 49.674139, -16.7556112 ], [ 49.674127, -16.7556005 ], [ 49.6741151, -16.7555897 ], [ 49.6741034, -16.7555786 ], [ 49.674092, -16.7555674 ], [ 49.6740807, -16.7555559 ], [ 49.674069700000011, -16.7555443 ], [ 49.6740589, -16.7555325 ], [ 49.6740482, -16.7555205 ], [ 49.6740379, -16.7555083 ], [ 49.6740277, -16.7554959 ], [ 49.6740177, -16.7554834 ], [ 49.674008, -16.7554707 ], [ 49.6739985, -16.7554579 ], [ 49.6739893, -16.7554449 ], [ 49.6739803, -16.7554317 ], [ 49.6739715, -16.7554184 ], [ 49.6739675, -16.7554122 ], [ 49.6736675, -16.7554083 ], [ 49.6732845, -16.7559566 ], [ 49.6730094, -16.7572027 ], [ 49.6730092, -16.7572037 ], [ 49.673008, -16.7572092 ], [ 49.6725324, -16.759288 ], [ 49.6725396, -16.7596549 ], [ 49.6726881, -16.7596596 ], [ 49.6727681, -16.7596655 ], [ 49.6728473, -16.7596779 ], [ 49.6729251, -16.7596969 ], [ 49.6730009, -16.7597221 ], [ 49.6730742, -16.7597535 ], [ 49.6731445, -16.7597909 ], [ 49.6732112, -16.7598339 ], [ 49.6732738, -16.7598822 ], [ 49.6733319, -16.7599355 ], [ 49.673385, -16.7599934 ], [ 49.6733847, -16.7599919 ], [ 49.6733815, -16.7599765 ], [ 49.6733785, -16.759961 ], [ 49.6733758, -16.7599454 ], [ 49.6733734, -16.7599298 ], [ 49.6733713, -16.7599142 ], [ 49.6733695, -16.7598985 ], [ 49.6733684, -16.7598884 ], [ 49.6733549, -16.7597471 ], [ 49.6733544, -16.7597415 ], [ 49.6733531, -16.7597258 ], [ 49.6733521, -16.7597101 ], [ 49.6733514, -16.7596943 ], [ 49.673351, -16.7596785 ], [ 49.6733509, -16.7596628 ], [ 49.673351, -16.759647 ], [ 49.67335150000001, -16.7596313 ], [ 49.673352199999989, -16.7596155 ], [ 49.6733532, -16.7595998 ], [ 49.6733545, -16.7595841 ], [ 49.6733561, -16.7595684 ], [ 49.673358, -16.7595527 ], [ 49.6733602, -16.7595371 ], [ 49.6733626, -16.7595215 ], [ 49.6733653, -16.7595059 ], [ 49.6733683, -16.7594904 ], [ 49.6733716, -16.759475 ], [ 49.673375199999988, -16.7594596 ], [ 49.6733776, -16.7594499 ], [ 49.673357800000012, -16.759406 ], [ 49.6733287, -16.7593334 ], [ 49.6733063, -16.7592585 ], [ 49.67329059999998, -16.7591822 ], [ 49.6732818, -16.7591047 ], [ 49.6732799, -16.7590269 ], [ 49.673285, -16.7589492 ], [ 49.6732971, -16.7588722 ], [ 49.6733095, -16.758811 ], [ 49.6733247, -16.7587479 ], [ 49.673344600000014, -16.7586859 ], [ 49.6733691, -16.7586256 ], [ 49.673398, -16.758567 ], [ 49.6734312, -16.7585106 ], [ 49.6734624, -16.7584618 ], [ 49.673508, -16.7583969 ], [ 49.6735593, -16.758336 ], [ 49.6736158, -16.7582796 ], [ 49.6736773, -16.7582282 ], [ 49.6737431, -16.7581821 ], [ 49.6738128, -16.7581416 ], [ 49.6738859, -16.7581072 ], [ 49.6739619, -16.758079 ], [ 49.6740401, -16.7580572 ], [ 49.6741199, -16.7580421 ], [ 49.6742008, -16.7580337 ], [ 49.6743692, -16.7580232 ], [ 49.6745878, -16.7579923 ], [ 49.6746671, -16.7579844 ], [ 49.6747467, -16.757983 ], [ 49.6748262, -16.7579881 ], [ 49.674905, -16.7579997 ], [ 49.6749824, -16.7580177 ], [ 49.675058, -16.7580419 ], [ 49.67513120000001, -16.7580723 ], [ 49.6752799, -16.7581413 ], [ 49.6753258, -16.7581642 ], [ 49.6755382, -16.7582771 ], [ 49.6756035, -16.7583153 ], [ 49.6756654, -16.7583584 ], [ 49.6758978, -16.7585348 ], [ 49.6759538, -16.7585808 ], [ 49.6760059, -16.758631 ], [ 49.6760538, -16.7586849 ], [ 49.6760971, -16.7587423 ], [ 49.6761356, -16.7588028 ], [ 49.6762129, -16.7589358 ], [ 49.6762156, -16.7589404 ], [ 49.6762234, -16.7589543 ], [ 49.6762309, -16.7589683 ], [ 49.6762382, -16.7589824 ], [ 49.6762452, -16.7589966 ], [ 49.676252, -16.759011 ], [ 49.6762585, -16.7590254 ], [ 49.6762647, -16.75904 ], [ 49.6762707, -16.7590547 ], [ 49.6762764, -16.7590695 ], [ 49.6762819, -16.7590843 ], [ 49.6762863, -16.7590971 ], [ 49.6762922, -16.7591033 ], [ 49.676303, -16.7591151 ], [ 49.6763136, -16.7591271 ], [ 49.676324, -16.7591393 ], [ 49.676334200000014, -16.7591516 ], [ 49.6763441, -16.7591642 ], [ 49.6763538, -16.7591768 ], [ 49.6763633, -16.7591897 ], [ 49.6763726, -16.7592027 ], [ 49.6763816, -16.7592158 ], [ 49.6763904, -16.7592292 ], [ 49.6763989, -16.7592426 ], [ 49.6764072, -16.7592562 ], [ 49.6764152, -16.7592699 ], [ 49.676423, -16.7592838 ], [ 49.6764306, -16.7592978 ], [ 49.6764379, -16.7593119 ], [ 49.6764449, -16.7593261 ], [ 49.6764517, -16.7593405 ], [ 49.676458200000013, -16.759355 ], [ 49.6764644, -16.7593695 ], [ 49.6764704, -16.7593842 ], [ 49.6764761, -16.759399 ], [ 49.6764816, -16.7594139 ], [ 49.6764867, -16.7594288 ], [ 49.6764916, -16.7594439 ], [ 49.6764963, -16.759459 ], [ 49.6765006, -16.7594742 ], [ 49.6765047, -16.7594894 ], [ 49.6765085, -16.7595048 ], [ 49.676512, -16.7595202 ], [ 49.6765153, -16.7595356 ], [ 49.6765182, -16.7595511 ], [ 49.6765209, -16.7595667 ], [ 49.676523300000014, -16.7595823 ], [ 49.6765254, -16.7595979 ], [ 49.6765273, -16.7596136 ], [ 49.6765288, -16.7596293 ], [ 49.6765301, -16.759645 ], [ 49.676531100000012, -16.7596607 ], [ 49.6765317, -16.7596765 ], [ 49.6765322, -16.7596923 ], [ 49.6765323, -16.759708 ], [ 49.6765321, -16.7597238 ], [ 49.6765317, -16.7597395 ], [ 49.6765309, -16.7597553 ], [ 49.6765299, -16.759771 ], [ 49.6765286, -16.7597868 ], [ 49.676527, -16.7598024 ], [ 49.6765252, -16.7598181 ], [ 49.676523, -16.7598337 ], [ 49.6765206, -16.7598493 ], [ 49.676518, -16.7598641 ], [ 49.6765039, -16.7599408 ], [ 49.6765161, -16.7599869 ], [ 49.6765175, -16.7599924 ], [ 49.6765213, -16.7600077 ], [ 49.676524900000011, -16.7600231 ], [ 49.6765281, -16.7600386 ], [ 49.6765311, -16.7600541 ], [ 49.6765323, -16.760061 ], [ 49.6765365, -16.7600635 ], [ 49.6765503, -16.7600719 ], [ 49.6765639, -16.7600807 ], [ 49.6765774, -16.7600896 ], [ 49.6765907, -16.7600988 ], [ 49.6766038, -16.7601082 ], [ 49.6766082, -16.7601114 ], [ 49.676692, -16.7601731 ], [ 49.6767068, -16.7601782 ], [ 49.6767221, -16.7601837 ], [ 49.6767373, -16.7601895 ], [ 49.6767524, -16.7601956 ], [ 49.6767674, -16.7602019 ], [ 49.6767823, -16.7602084 ], [ 49.6767971, -16.7602152 ], [ 49.6768117, -16.7602223 ], [ 49.6768262, -16.7602296 ], [ 49.6768406, -16.7602371 ], [ 49.6768548, -16.7602449 ], [ 49.6768689, -16.7602529 ], [ 49.6768829, -16.7602612 ], [ 49.6768967, -16.7602697 ], [ 49.6769103, -16.7602784 ], [ 49.6769238, -16.7602873 ], [ 49.6769371, -16.7602965 ], [ 49.6769502, -16.7603059 ], [ 49.6769632, -16.7603155 ], [ 49.676976, -16.7603253 ], [ 49.6769886, -16.7603354 ], [ 49.677001, -16.7603456 ], [ 49.6770133, -16.7603561 ], [ 49.6770253, -16.7603667 ], [ 49.677037200000015, -16.7603776 ], [ 49.6770489, -16.7603887 ], [ 49.6770603, -16.7603999 ], [ 49.6770716, -16.7604114 ], [ 49.6770826, -16.760423 ], [ 49.6770934, -16.7604348 ], [ 49.6771041, -16.7604468 ], [ 49.6771144, -16.760459 ], [ 49.6771246, -16.7604714 ], [ 49.6771346, -16.7604839 ], [ 49.6771443, -16.7604966 ], [ 49.6771538, -16.7605094 ], [ 49.677163, -16.7605224 ], [ 49.677172, -16.7605356 ], [ 49.677180799999988, -16.7605489 ], [ 49.6771826, -16.7605517 ], [ 49.6773075, -16.760646 ], [ 49.6774205, -16.7607297 ], [ 49.6774779, -16.7607759 ], [ 49.6775314, -16.7608264 ], [ 49.677580500000012, -16.7608809 ], [ 49.6776249, -16.7609389 ], [ 49.6776644, -16.7610001 ], [ 49.6776987, -16.7610642 ], [ 49.6777276, -16.7611308 ], [ 49.67776, -16.7612148 ], [ 49.6777627, -16.7612218 ], [ 49.677768199999988, -16.7612366 ], [ 49.6777733, -16.7612516 ], [ 49.6777782, -16.7612666 ], [ 49.6777829, -16.7612818 ], [ 49.6777872, -16.761297 ], [ 49.6777913, -16.7613122 ], [ 49.6777951, -16.7613276 ], [ 49.677798599999988, -16.761343 ], [ 49.6778019, -16.7613584 ], [ 49.6778048, -16.7613739 ], [ 49.6778075, -16.7613895 ], [ 49.6778099, -16.7614051 ], [ 49.677812, -16.7614207 ], [ 49.6778139, -16.7614364 ], [ 49.6778154, -16.7614521 ], [ 49.6778167, -16.7614678 ], [ 49.6778177, -16.7614835 ], [ 49.6778184, -16.7614993 ], [ 49.6778188, -16.761515 ], [ 49.6778189, -16.7615308 ], [ 49.6778187, -16.7615466 ], [ 49.6778183, -16.7615623 ], [ 49.6778176, -16.7615781 ], [ 49.677816499999985, -16.7615938 ], [ 49.6778152, -16.7616095 ], [ 49.6778136, -16.7616252 ], [ 49.6778123, -16.7616366 ], [ 49.6778135, -16.7616455 ], [ 49.6778153, -16.7616612 ], [ 49.6778169, -16.7616768 ], [ 49.6778181, -16.7616926 ], [ 49.6778191, -16.7617083 ], [ 49.6778198, -16.7617241 ], [ 49.677820200000014, -16.7617398 ], [ 49.6778204, -16.7617556 ], [ 49.6778202, -16.7617714 ], [ 49.6778197, -16.7617871 ], [ 49.677819, -16.7618029 ], [ 49.6778184, -16.7618122 ], [ 49.6778893, -16.7618493 ], [ 49.6779565, -16.761892 ], [ 49.6780198, -16.7619402 ], [ 49.6780785, -16.7619935 ], [ 49.6781322, -16.7620514 ], [ 49.6781806, -16.7621135 ], [ 49.6782232, -16.7621794 ], [ 49.6782598, -16.7622486 ], [ 49.6782901, -16.7623205 ], [ 49.6783024, -16.7623536 ], [ 49.678312, -16.7623809 ], [ 49.6783767, -16.7625753 ], [ 49.6783802, -16.7625789 ], [ 49.6783913, -16.7625905 ], [ 49.678402100000014, -16.7626023 ], [ 49.6784127, -16.7626143 ], [ 49.6784231, -16.7626265 ], [ 49.6784333, -16.7626389 ], [ 49.6784432, -16.7626514 ], [ 49.678453, -16.7626641 ], [ 49.6784624, -16.7626769 ], [ 49.6784717, -16.7626899 ], [ 49.6784807, -16.7627031 ], [ 49.6784895, -16.7627164 ], [ 49.678498, -16.7627298 ], [ 49.6785063, -16.7627434 ], [ 49.6785144, -16.7627572 ], [ 49.678522199999989, -16.762771 ], [ 49.678529700000013, -16.762785 ], [ 49.678537, -16.7627991 ], [ 49.678544, -16.7628134 ], [ 49.6785508, -16.7628277 ], [ 49.6785573, -16.7628422 ], [ 49.6785635, -16.7628568 ], [ 49.6785695, -16.7628714 ], [ 49.6785752, -16.7628862 ], [ 49.6785807, -16.7629011 ], [ 49.6785856, -16.7629153 ], [ 49.6785947, -16.7629422 ], [ 49.678624799999987, -16.7629995 ], [ 49.6786583, -16.7630706 ], [ 49.6786853, -16.7631443 ], [ 49.6787056, -16.7632199 ], [ 49.6787345, -16.7633509 ], [ 49.6787383, -16.7633688 ], [ 49.6787403, -16.7633717 ], [ 49.6787491, -16.763385 ], [ 49.6787576, -16.7633985 ], [ 49.6787659, -16.7634121 ], [ 49.6787739, -16.7634258 ], [ 49.6787817, -16.7634397 ], [ 49.678789300000012, -16.7634537 ], [ 49.6787965, -16.7634678 ], [ 49.678803599999988, -16.763482 ], [ 49.6788103, -16.7634964 ], [ 49.6788168, -16.7635108 ], [ 49.6788231, -16.7635254 ], [ 49.6788291, -16.7635401 ], [ 49.6788348, -16.7635549 ], [ 49.678837, -16.7635607 ], [ 49.6788595, -16.7636218 ], [ 49.6788794, -16.7636657 ], [ 49.6789521, -16.7637205 ], [ 49.6789867, -16.7637479 ], [ 49.679019800000013, -16.7637769 ], [ 49.6791734, -16.7639174 ], [ 49.6792012, -16.7639439 ], [ 49.6793458, -16.7640878 ], [ 49.6793474, -16.7640894 ], [ 49.6793586, -16.7641008 ], [ 49.6794418, -16.7641869 ], [ 49.6794898, -16.7642407 ], [ 49.6795333, -16.764298 ], [ 49.6795719, -16.7643584 ], [ 49.6796056, -16.7644215 ], [ 49.679634, -16.7644869 ], [ 49.679657, -16.7645543 ], [ 49.6797058, -16.7647191 ], [ 49.6797243, -16.7647935 ], [ 49.6797363, -16.7648692 ], [ 49.6797628, -16.765103 ], [ 49.6797681, -16.7651829 ], [ 49.6797661, -16.7652629 ], [ 49.6797567, -16.7653424 ], [ 49.6797401, -16.7654209 ], [ 49.6797163, -16.7654976 ], [ 49.6796856, -16.765572 ], [ 49.6796716, -16.765602 ], [ 49.6796319, -16.7657128 ], [ 49.679598, -16.7658491 ], [ 49.6795827, -16.7659031 ], [ 49.679564, -16.765956 ], [ 49.6795184, -16.7660731 ], [ 49.6795024, -16.7661114 ], [ 49.6794845, -16.766149 ], [ 49.6794788, -16.7661606 ], [ 49.6794764, -16.7661713 ], [ 49.6794755, -16.7661756 ], [ 49.6794738, -16.7661831 ], [ 49.6794666, -16.7662143 ], [ 49.6794726, -16.7663413 ], [ 49.679489300000014, -16.7664793 ], [ 49.6794948, -16.7665467 ], [ 49.679495, -16.7666143 ], [ 49.67949, -16.7666818 ], [ 49.6794797, -16.7667487 ], [ 49.67943850000001, -16.766962 ], [ 49.6794232, -16.7670274 ], [ 49.679403, -16.7670915 ], [ 49.6793779, -16.767154 ], [ 49.679292, -16.7673461 ], [ 49.679205800000013, -16.767566 ], [ 49.6791783, -16.7676289 ], [ 49.6791544, -16.7676782 ], [ 49.6791421, -16.7677096 ], [ 49.6791413, -16.7677115 ], [ 49.679075, -16.7678801 ], [ 49.6790532, -16.7679308 ], [ 49.6790205, -16.7680006 ], [ 49.679015, -16.7680123 ], [ 49.6790122, -16.7680178 ], [ 49.6790097, -16.7680307 ], [ 49.6790065, -16.7680461 ], [ 49.6790029, -16.7680615 ], [ 49.6789991, -16.7680768 ], [ 49.6789949, -16.7680921 ], [ 49.6789905, -16.7681073 ], [ 49.6789859, -16.7681224 ], [ 49.6789809, -16.7681374 ], [ 49.6789761, -16.7681514 ], [ 49.6788741, -16.7684366 ], [ 49.6787578, -16.7689137 ], [ 49.6787546, -16.7689268 ], [ 49.6787504, -16.768942 ], [ 49.678746, -16.7689572 ], [ 49.6787414, -16.7689723 ], [ 49.6787364, -16.7689874 ], [ 49.6787312, -16.7690023 ], [ 49.6787258, -16.7690172 ], [ 49.67872, -16.7690319 ], [ 49.678714, -16.7690466 ], [ 49.6787077, -16.7690611 ], [ 49.6787012, -16.7690756 ], [ 49.6786944, -16.7690899 ], [ 49.6786873, -16.7691042 ], [ 49.67868, -16.7691183 ], [ 49.678672400000011, -16.7691322 ], [ 49.6786646, -16.7691461 ], [ 49.678656499999988, -16.7691598 ], [ 49.6786482, -16.7691734 ], [ 49.6786396, -16.7691868 ], [ 49.6786308, -16.7692001 ], [ 49.6786218, -16.7692132 ], [ 49.6786125, -16.7692262 ], [ 49.678603, -16.769239 ], [ 49.6785932, -16.7692517 ], [ 49.6785832, -16.7692642 ], [ 49.678573, -16.7692765 ], [ 49.6785626, -16.7692887 ], [ 49.678552, -16.7693007 ], [ 49.6785411, -16.7693124 ], [ 49.67853, -16.7693241 ], [ 49.6785187, -16.7693355 ], [ 49.6785073, -16.7693467 ], [ 49.6784956, -16.7693578 ], [ 49.6784837, -16.7693686 ], [ 49.6784716, -16.7693792 ], [ 49.6784593, -16.7693897 ], [ 49.6784469, -16.7693999 ], [ 49.6784342, -16.7694099 ], [ 49.6784214, -16.7694197 ], [ 49.6784084, -16.7694293 ], [ 49.6783953, -16.7694387 ], [ 49.6783819, -16.7694478 ], [ 49.6783684, -16.7694567 ], [ 49.6783548, -16.7694654 ], [ 49.678341, -16.7694739 ], [ 49.678327, -16.7694821 ], [ 49.6783129, -16.7694901 ], [ 49.6782986, -16.7694978 ], [ 49.6782842, -16.7695053 ], [ 49.678269699999987, -16.7695126 ], [ 49.6782551, -16.7695196 ], [ 49.6782403, -16.7695264 ], [ 49.6782254, -16.7695329 ], [ 49.6782104, -16.7695392 ], [ 49.6781952, -16.7695452 ], [ 49.67818, -16.7695509 ], [ 49.6781647, -16.7695564 ], [ 49.6781492, -16.7695617 ], [ 49.6781337, -16.7695667 ], [ 49.678118100000013, -16.7695714 ], [ 49.6781024, -16.7695759 ], [ 49.6780866, -16.7695801 ], [ 49.6780708, -16.769584 ], [ 49.6780549, -16.7695877 ], [ 49.6780389, -16.769591 ], [ 49.6780228, -16.7695942 ], [ 49.6780067, -16.769597 ], [ 49.6779906, -16.7695996 ], [ 49.677974399999989, -16.7696019 ], [ 49.6779582, -16.769604 ], [ 49.6779419, -16.7696057 ], [ 49.6779256, -16.7696072 ], [ 49.6779093, -16.7696084 ], [ 49.677893, -16.7696094 ], [ 49.6778766, -16.7696101 ], [ 49.6778603, -16.7696105 ], [ 49.6778439, -16.7696106 ], [ 49.6778275, -16.7696104 ], [ 49.6778112, -16.76961 ], [ 49.6777948, -16.7696093 ], [ 49.6777785, -16.7696083 ], [ 49.6777622, -16.769607 ], [ 49.6777459, -16.7696055 ], [ 49.6777296, -16.7696037 ], [ 49.6777134, -16.7696016 ], [ 49.6776972, -16.7695993 ], [ 49.677681100000015, -16.7695967 ], [ 49.677665, -16.7695938 ], [ 49.677649, -16.7695906 ], [ 49.677633, -16.7695872 ], [ 49.6776171, -16.7695835 ], [ 49.6776012, -16.7695795 ], [ 49.6775855, -16.7695753 ], [ 49.6775698, -16.7695708 ], [ 49.6775542, -16.769566 ], [ 49.677538700000014, -16.769561 ], [ 49.6775233, -16.7695557 ], [ 49.677507899999988, -16.7695502 ], [ 49.677492699999988, -16.7695444 ], [ 49.6774776, -16.7695383 ], [ 49.6774626, -16.769532 ], [ 49.6774477, -16.7695255 ], [ 49.677433, -16.7695187 ], [ 49.6774183, -16.7695116 ], [ 49.6774038, -16.7695043 ], [ 49.6773894, -16.7694968 ], [ 49.6773752, -16.769489 ], [ 49.6773611, -16.769481 ], [ 49.6773472, -16.7694727 ], [ 49.6773334, -16.7694643 ], [ 49.677323599999987, -16.769458 ], [ 49.6773098, -16.7694572 ], [ 49.6772935, -16.7694559 ], [ 49.6772772, -16.7694544 ], [ 49.677261, -16.7694526 ], [ 49.6772448, -16.7694505 ], [ 49.6772286, -16.7694482 ], [ 49.6772124, -16.7694455 ], [ 49.6771963, -16.7694426 ], [ 49.6771803, -16.7694395 ], [ 49.6771643, -16.7694361 ], [ 49.6771484, -16.7694324 ], [ 49.6771326, -16.7694284 ], [ 49.6771168, -16.7694242 ], [ 49.6771011, -16.7694197 ], [ 49.6770921, -16.7694169 ], [ 49.676875, -16.7693504 ], [ 49.6768684, -16.7693484 ], [ 49.6768529, -16.7693433 ], [ 49.6768374, -16.7693381 ], [ 49.6768221, -16.7693325 ], [ 49.6768069, -16.7693267 ], [ 49.6767918, -16.7693207 ], [ 49.6767768, -16.7693144 ], [ 49.6767619, -16.7693078 ], [ 49.6767471, -16.769301 ], [ 49.6767325, -16.769294 ], [ 49.676718, -16.7692867 ], [ 49.6767036, -16.7692791 ], [ 49.6766894, -16.7692713 ], [ 49.676675300000014, -16.7692633 ], [ 49.6766614, -16.7692551 ], [ 49.6766476, -16.7692466 ], [ 49.6766339, -16.7692379 ], [ 49.6766204, -16.7692289 ], [ 49.6766071, -16.7692198 ], [ 49.676594, -16.7692104 ], [ 49.676581, -16.7692008 ], [ 49.6765682, -16.7691909 ], [ 49.6765556, -16.7691809 ], [ 49.6765432, -16.7691706 ], [ 49.6765309, -16.7691602 ], [ 49.6765189, -16.7691495 ], [ 49.676507, -16.7691386 ], [ 49.6764954, -16.7691276 ], [ 49.6764839, -16.7691163 ], [ 49.6764727, -16.7691049 ], [ 49.6764696, -16.7691016 ], [ 49.67646, -16.769102 ], [ 49.6764437, -16.7691024 ], [ 49.6764273, -16.7691025 ], [ 49.676410900000015, -16.7691023 ], [ 49.6763946, -16.7691019 ], [ 49.6763782, -16.7691012 ], [ 49.6763619, -16.7691002 ], [ 49.6763456, -16.769099 ], [ 49.6763293, -16.7690974 ], [ 49.676313, -16.7690956 ], [ 49.6762968, -16.7690936 ], [ 49.6762806, -16.7690912 ], [ 49.6762645, -16.7690886 ], [ 49.6762484, -16.7690857 ], [ 49.6762324, -16.7690825 ], [ 49.6762164, -16.7690791 ], [ 49.676200500000014, -16.7690754 ], [ 49.6761846, -16.7690714 ], [ 49.6761689, -16.7690672 ], [ 49.6761532, -16.7690627 ], [ 49.6761376, -16.769058 ], [ 49.6761221, -16.7690529 ], [ 49.6761066, -16.7690477 ], [ 49.6760913, -16.7690421 ], [ 49.6760761, -16.7690363 ], [ 49.676061, -16.7690303 ], [ 49.676046, -16.769024 ], [ 49.6760311, -16.7690174 ], [ 49.6760163, -16.7690106 ], [ 49.6760017, -16.7690036 ], [ 49.6759872, -16.7689963 ], [ 49.6759728, -16.7689887 ], [ 49.6759586, -16.7689809 ], [ 49.6759445, -16.7689729 ], [ 49.6759306, -16.7689647 ], [ 49.6759168, -16.7689562 ], [ 49.6759031, -16.7689475 ], [ 49.675889600000012, -16.7689385 ], [ 49.6758763, -16.7689294 ], [ 49.6758632, -16.76892 ], [ 49.6758502, -16.7689103 ], [ 49.6758374, -16.7689005 ], [ 49.6758248, -16.7688905 ], [ 49.6758124, -16.7688802 ], [ 49.6758118, -16.7688798 ], [ 49.6756684, -16.7687592 ], [ 49.6756091, -16.7687048 ], [ 49.675555, -16.7686456 ], [ 49.6755064, -16.7685821 ], [ 49.6754638, -16.7685147 ], [ 49.6750642, -16.7686449 ], [ 49.6748425, -16.7687737 ], [ 49.6751471, -16.7688711 ], [ 49.6752195, -16.7688975 ], [ 49.6752894, -16.7689295 ], [ 49.6753563, -16.768967 ], [ 49.6754197, -16.7690098 ], [ 49.6754793, -16.7690574 ], [ 49.6755347, -16.7691095 ], [ 49.675585299999987, -16.7691659 ], [ 49.675631, -16.7692262 ], [ 49.6760049, -16.7697647 ], [ 49.6760071, -16.7697634 ], [ 49.6760213, -16.7697554 ], [ 49.6760355, -16.7697477 ], [ 49.676049899999988, -16.7697402 ], [ 49.6760644, -16.7697329 ], [ 49.6760791, -16.7697259 ], [ 49.6760939, -16.7697191 ], [ 49.6761088, -16.7697126 ], [ 49.6761238, -16.7697063 ], [ 49.6761389, -16.7697003 ], [ 49.6761541, -16.7696946 ], [ 49.6761695, -16.7696891 ], [ 49.6761849, -16.7696838 ], [ 49.6762004, -16.7696788 ], [ 49.676216, -16.7696741 ], [ 49.6762317, -16.7696696 ], [ 49.6762475, -16.7696655 ], [ 49.6762634, -16.7696615 ], [ 49.6762793, -16.7696579 ], [ 49.6762953, -16.7696545 ], [ 49.676311299999988, -16.7696513 ], [ 49.6763274, -16.7696485 ], [ 49.6763436, -16.7696459 ], [ 49.6763597, -16.7696436 ], [ 49.676376, -16.7696415 ], [ 49.6763922, -16.7696398 ], [ 49.676408500000015, -16.7696383 ], [ 49.6764248, -16.7696371 ], [ 49.6764412, -16.7696361 ], [ 49.6764527, -16.7696356 ], [ 49.6766682, -16.7696276 ], [ 49.6767439, -16.7696277 ], [ 49.6768194, -16.7696337 ], [ 49.6768942, -16.7696455 ], [ 49.6769677, -16.7696632 ], [ 49.6770395, -16.7696864 ], [ 49.6771091, -16.7697152 ], [ 49.677176, -16.7697494 ], [ 49.6772399, -16.7697886 ], [ 49.6775561, -16.7700003 ], [ 49.6777006, -16.7700795 ], [ 49.6779783, -16.7701788 ], [ 49.6780463, -16.7702061 ], [ 49.678112, -16.7702385 ], [ 49.6781748, -16.7702758 ], [ 49.6782344, -16.7703177 ], [ 49.6782903, -16.770364 ], [ 49.6783423, -16.7704144 ], [ 49.6783901, -16.7704686 ], [ 49.6783981, -16.7704595 ], [ 49.6784089, -16.7704477 ], [ 49.67842, -16.7704361 ], [ 49.6784313, -16.7704247 ], [ 49.678439, -16.7704171 ], [ 49.678484200000014, -16.7703731 ], [ 49.678532, -16.7703204 ], [ 49.6785701, -16.7702807 ], [ 49.6786105, -16.7702434 ], [ 49.6787206, -16.7701477 ], [ 49.6787442, -16.7701278 ], [ 49.6788789, -16.7700183 ], [ 49.678939, -16.7699734 ], [ 49.6790026, -16.7699333 ], [ 49.6790693, -16.7698983 ], [ 49.6791388, -16.7698687 ], [ 49.6792105, -16.7698445 ], [ 49.6793585, -16.7698011 ], [ 49.6794379, -16.7697815 ], [ 49.6794436, -16.7697762 ], [ 49.6794557, -16.7697656 ], [ 49.679468, -16.7697551 ], [ 49.6794804, -16.7697449 ], [ 49.6794931, -16.7697349 ], [ 49.6795059, -16.7697251 ], [ 49.6795189, -16.7697155 ], [ 49.6795321, -16.7697061 ], [ 49.6795454, -16.769697 ], [ 49.6795589, -16.7696881 ], [ 49.6795726, -16.7696794 ], [ 49.679586400000012, -16.769671 ], [ 49.6796003, -16.7696627 ], [ 49.679614399999984, -16.7696547 ], [ 49.6796287, -16.769647 ], [ 49.6796431, -16.7696395 ], [ 49.6796573, -16.7696324 ], [ 49.6796609, -16.7696306 ], [ 49.6796906, -16.7696113 ], [ 49.6796935, -16.7696081 ], [ 49.6797043, -16.7695963 ], [ 49.6797154, -16.7695847 ], [ 49.6797267, -16.7695733 ], [ 49.6797381, -16.769562 ], [ 49.679749799999989, -16.769551 ], [ 49.6797617, -16.7695401 ], [ 49.6797738, -16.7695295 ], [ 49.6797861, -16.7695191 ], [ 49.6797985, -16.7695088 ], [ 49.6798112, -16.7694988 ], [ 49.6798231, -16.7694897 ], [ 49.6801478, -16.7692453 ], [ 49.6801996, -16.769209 ], [ 49.6802539, -16.7691761 ], [ 49.6803104, -16.7691469 ], [ 49.6803452, -16.7691304 ], [ 49.680349799999988, -16.7691282 ], [ 49.6803646, -16.7691214 ], [ 49.6803795, -16.7691149 ], [ 49.6803945, -16.7691086 ], [ 49.6804097, -16.7691026 ], [ 49.6804249, -16.7690969 ], [ 49.6804402, -16.7690914 ], [ 49.6804557, -16.7690861 ], [ 49.6804712, -16.7690811 ], [ 49.6804868, -16.7690764 ], [ 49.6805025, -16.769072 ], [ 49.680518299999989, -16.7690678 ], [ 49.68053410000001, -16.7690638 ], [ 49.68055, -16.7690602 ], [ 49.680566, -16.7690568 ], [ 49.6805821, -16.7690536 ], [ 49.6805982, -16.7690508 ], [ 49.6806143, -16.7690482 ], [ 49.6806305, -16.7690459 ], [ 49.680646700000011, -16.7690438 ], [ 49.680663, -16.7690421 ], [ 49.6806793, -16.7690406 ], [ 49.6806956, -16.7690394 ], [ 49.6807119, -16.7690384 ], [ 49.6807283, -16.7690378 ], [ 49.6807446, -16.7690374 ], [ 49.6807565, -16.7690373 ], [ 49.681044, -16.7689713 ], [ 49.6811403, -16.7689389 ], [ 49.6812139, -16.7689173 ], [ 49.681289, -16.7689016 ], [ 49.6813653, -16.7688918 ], [ 49.681509299999988, -16.7688793 ], [ 49.6816265, -16.7688584 ], [ 49.681697, -16.7688485 ], [ 49.6817681, -16.7688437 ], [ 49.6818394, -16.7688442 ], [ 49.6820815, -16.7688547 ], [ 49.6821209, -16.7688573 ], [ 49.6820672, -16.7687188 ], [ 49.6820526, -16.768678 ], [ 49.6819837, -16.7684704 ], [ 49.6819627, -16.7683962 ], [ 49.6819482, -16.7683206 ], [ 49.6819406, -16.768244 ], [ 49.6819305, -16.7680634 ], [ 49.6819303, -16.7680611 ], [ 49.6819301, -16.7680553 ], [ 49.6819278, -16.768052 ], [ 49.6818986, -16.7680064 ], [ 49.6818568, -16.7679369 ], [ 49.681823, -16.7678753 ], [ 49.6817943, -16.7678115 ], [ 49.6817347, -16.7676637 ], [ 49.6817207, -16.7676266 ], [ 49.6816539, -16.7674365 ], [ 49.6815307, -16.7671802 ], [ 49.681499, -16.7671055 ], [ 49.6814743, -16.7670285 ], [ 49.6814569, -16.7669496 ], [ 49.6814468, -16.7668696 ], [ 49.6814442, -16.766789 ], [ 49.6814453, -16.7667056 ], [ 49.6814424, -16.7666736 ], [ 49.681439, -16.7666153 ], [ 49.6814396, -16.7665569 ], [ 49.681443, -16.7664769 ], [ 49.6814482, -16.766412 ], [ 49.6814583, -16.7663476 ], [ 49.6814731, -16.766284 ], [ 49.6814927, -16.7662217 ], [ 49.6815169, -16.7661608 ], [ 49.6815141, -16.7661459 ], [ 49.681513599999988, -16.7661428 ], [ 49.6815109, -16.7661273 ], [ 49.6815085, -16.7661117 ], [ 49.6815064, -16.7660961 ], [ 49.6815046, -16.7660804 ], [ 49.681503, -16.7660647 ], [ 49.6815017, -16.766049 ], [ 49.6815008, -16.7660332 ], [ 49.6815001, -16.7660175 ], [ 49.6814996, -16.7660017 ], [ 49.6814995, -16.765986 ], [ 49.6814997, -16.7659702 ], [ 49.6815001, -16.7659544 ], [ 49.6815009, -16.7659387 ], [ 49.6815019, -16.7659229 ], [ 49.6815032, -16.7659072 ], [ 49.6815048, -16.7658915 ], [ 49.6815066, -16.7658759 ], [ 49.6815088, -16.7658602 ], [ 49.6815112, -16.7658446 ], [ 49.681512, -16.76584 ], [ 49.6815117, -16.7658374 ], [ 49.6815102, -16.7658217 ], [ 49.6815089, -16.765806 ], [ 49.6815079, -16.7657902 ], [ 49.6815072, -16.7657745 ], [ 49.6815068, -16.7657587 ], [ 49.6815067, -16.765743 ], [ 49.6815069, -16.7657272 ], [ 49.6815073, -16.7657114 ], [ 49.681508, -16.7656957 ], [ 49.6815091, -16.76568 ], [ 49.6815104, -16.7656642 ], [ 49.681511499999985, -16.7656529 ], [ 49.6815155, -16.765615 ], [ 49.6815052, -16.7654571 ], [ 49.6814996, -16.7654037 ], [ 49.681498, -16.7653998 ], [ 49.6814923, -16.765385 ], [ 49.6814868, -16.7653701 ], [ 49.6814817, -16.7653552 ], [ 49.6814768, -16.7653401 ], [ 49.6814721, -16.765325 ], [ 49.6814708, -16.7653204 ], [ 49.6814295, -16.7651782 ], [ 49.6814116, -16.7651049 ], [ 49.6814001, -16.7650304 ], [ 49.681395, -16.7649552 ], [ 49.681396500000012, -16.7648799 ], [ 49.6814024, -16.7647867 ], [ 49.681403, -16.7647775 ], [ 49.6814043, -16.7647618 ], [ 49.6814059, -16.7647461 ], [ 49.6814078, -16.7647305 ], [ 49.68141, -16.7647148 ], [ 49.6814124, -16.7646993 ], [ 49.6814151, -16.7646837 ], [ 49.6814181, -16.7646682 ], [ 49.6814214, -16.7646528 ], [ 49.681425, -16.7646374 ], [ 49.681428799999985, -16.764622 ], [ 49.6814329, -16.7646068 ], [ 49.6814373, -16.7645916 ], [ 49.681442, -16.7645765 ], [ 49.6814469, -16.7645615 ], [ 49.6814521, -16.7645465 ], [ 49.6814576, -16.7645317 ], [ 49.6814633, -16.7645169 ], [ 49.681465, -16.7645127 ], [ 49.6814724, -16.7644415 ], [ 49.6814808, -16.7643811 ], [ 49.6814933, -16.7643214 ], [ 49.6815101, -16.7642626 ], [ 49.6815308, -16.7642051 ], [ 49.6815753, -16.7640943 ], [ 49.681604, -16.7640302 ], [ 49.6816378, -16.7639684 ], [ 49.6816764, -16.7639094 ], [ 49.6817196, -16.7638533 ], [ 49.6817672, -16.7638007 ], [ 49.6818688, -16.7636967 ], [ 49.6819205, -16.7636408 ], [ 49.6819247, -16.7636324 ], [ 49.681941099999982, -16.7635366 ], [ 49.6819563, -16.7634657 ], [ 49.681977299999986, -16.7633962 ], [ 49.6820041, -16.7633285 ], [ 49.6820364, -16.7632631 ], [ 49.6820741, -16.7632004 ], [ 49.6821168, -16.7631408 ], [ 49.6821644, -16.7630847 ], [ 49.6822164, -16.7630324 ], [ 49.6822727, -16.7629843 ], [ 49.6822841, -16.7629753 ], [ 49.6822996, -16.7629535 ], [ 49.6823066, -16.7629438 ], [ 49.6823161, -16.762931 ], [ 49.6823258, -16.7629183 ], [ 49.6823358, -16.7629058 ], [ 49.682346, -16.7628935 ], [ 49.682356399999989, -16.7628814 ], [ 49.6823671, -16.7628694 ], [ 49.6823779, -16.7628576 ], [ 49.682389, -16.762846 ], [ 49.682398, -16.7628368 ], [ 49.6823894, -16.76283 ], [ 49.682189199999989, -16.7626696 ], [ 49.6821397, -16.7626271 ], [ 49.6820935, -16.7625812 ], [ 49.6820517, -16.7625368 ], [ 49.682012, -16.7624916 ], [ 49.6819755, -16.7624441 ], [ 49.6819423, -16.7623944 ], [ 49.6818973, -16.762322 ], [ 49.6817842, -16.7622053 ], [ 49.6817641, -16.7621838 ], [ 49.6816375, -16.7620446 ], [ 49.6815917, -16.7619901 ], [ 49.6815504, -16.7619323 ], [ 49.6815139, -16.7618715 ], [ 49.6814824, -16.7618082 ], [ 49.6814561, -16.7617428 ], [ 49.6814351, -16.7616756 ], [ 49.6814196, -16.761607 ], [ 49.681392200000012, -16.7614579 ], [ 49.6813818, -16.7613832 ], [ 49.6813779, -16.7613079 ], [ 49.681380499999982, -16.7612326 ], [ 49.6813896, -16.7611578 ], [ 49.6814282, -16.7609251 ], [ 49.6814388, -16.7608719 ], [ 49.6814526, -16.7608194 ], [ 49.6814812, -16.7607231 ], [ 49.6814564, -16.7605957 ], [ 49.681445400000015, -16.7605227 ], [ 49.6814406, -16.7604491 ], [ 49.6814421, -16.7603753 ], [ 49.6814498, -16.7603019 ], [ 49.6814637, -16.7602294 ], [ 49.6814837, -16.7601582 ], [ 49.6815096, -16.7600888 ], [ 49.6815192, -16.7600663 ], [ 49.681514, -16.7600111 ], [ 49.6814665, -16.7598658 ], [ 49.681448, -16.7598007 ], [ 49.681434499999988, -16.7597346 ], [ 49.6814263, -16.7596676 ], [ 49.6814232, -16.7596002 ], [ 49.6814254, -16.7595328 ], [ 49.681435799999988, -16.7593861 ], [ 49.6814437, -16.7593151 ], [ 49.681457499999986, -16.759245 ], [ 49.681477, -16.7591761 ], [ 49.681502, -16.7591089 ], [ 49.6816299, -16.7588044 ], [ 49.6816533, -16.7587533 ], [ 49.6816799, -16.7587037 ], [ 49.6817097, -16.7586558 ], [ 49.681792, -16.758532 ], [ 49.6817928, -16.7585242 ], [ 49.6817947, -16.7585085 ], [ 49.6817968, -16.7584929 ], [ 49.681799299999987, -16.7584773 ], [ 49.681802, -16.7584617 ], [ 49.681805, -16.7584462 ], [ 49.6818083, -16.7584308 ], [ 49.6818118, -16.7584154 ], [ 49.6818157, -16.7584001 ], [ 49.6818198, -16.7583848 ], [ 49.6818242, -16.7583696 ], [ 49.6818288, -16.7583545 ], [ 49.6818338, -16.7583395 ], [ 49.681839, -16.7583245 ], [ 49.6818445, -16.7583097 ], [ 49.6818502, -16.7582949 ], [ 49.6818562, -16.7582802 ], [ 49.6818625, -16.7582657 ], [ 49.6818691, -16.7582512 ], [ 49.6818731, -16.7582426 ], [ 49.681938, -16.7581065 ], [ 49.6819409, -16.758071 ], [ 49.6819388, -16.7578834 ], [ 49.6819388, -16.7578725 ], [ 49.6819388, -16.7578693 ], [ 49.6819403, -16.7575536 ], [ 49.6819435, -16.757484 ], [ 49.6819522, -16.7574147 ], [ 49.6819664, -16.7573464 ], [ 49.681986, -16.7572793 ], [ 49.682011, -16.7572138 ], [ 49.6820411, -16.7571504 ], [ 49.6820762, -16.7570895 ], [ 49.6820843, -16.7570767 ], [ 49.6821264, -16.7569454 ], [ 49.6821339, -16.7569188 ], [ 49.6821338, -16.7569113 ], [ 49.6821337, -16.7569059 ], [ 49.6821335, -16.7568901 ], [ 49.6821337, -16.7568744 ], [ 49.6821341, -16.7568586 ], [ 49.6821349, -16.7568428 ], [ 49.6821351, -16.7568398 ], [ 49.6821125, -16.7568015 ], [ 49.6821107, -16.7567993 ], [ 49.6821007, -16.7567868 ], [ 49.682091, -16.7567741 ], [ 49.6820815, -16.7567613 ], [ 49.6820723, -16.7567483 ], [ 49.6820633, -16.7567351 ], [ 49.6820545, -16.7567218 ], [ 49.6820459, -16.7567084 ], [ 49.6820377, -16.7566948 ], [ 49.6820296, -16.756681 ], [ 49.6820218, -16.7566672 ], [ 49.6820143, -16.7566532 ], [ 49.682007, -16.7566391 ], [ 49.682, -16.7566248 ], [ 49.6819932, -16.7566105 ], [ 49.6819867, -16.756596 ], [ 49.6819804, -16.7565814 ], [ 49.6819745, -16.7565667 ], [ 49.6819688, -16.756552 ], [ 49.6819633, -16.7565371 ], [ 49.6819581, -16.7565221 ], [ 49.6819532, -16.7565071 ], [ 49.6819486, -16.756492 ], [ 49.6819442, -16.7564768 ], [ 49.6819402, -16.7564615 ], [ 49.681936400000012, -16.7564462 ], [ 49.6819328, -16.7564308 ], [ 49.681929600000011, -16.7564153 ], [ 49.6819266, -16.7563998 ], [ 49.6819239, -16.7563843 ], [ 49.6819215, -16.7563687 ], [ 49.6819198, -16.7563556 ], [ 49.6819138, -16.7563093 ], [ 49.6818174, -16.7561441 ], [ 49.6817839, -16.7560809 ], [ 49.6817557, -16.7560154 ], [ 49.6817328, -16.755948 ], [ 49.6817155, -16.7558791 ], [ 49.6816923, -16.7557674 ], [ 49.6816891, -16.7557601 ], [ 49.6816863, -16.7557561 ], [ 49.6816773, -16.755743 ], [ 49.6816685, -16.7557297 ], [ 49.68166, -16.7557162 ], [ 49.6816517, -16.7557026 ], [ 49.6816437, -16.7556889 ], [ 49.6816359, -16.755675 ], [ 49.6816283, -16.755661 ], [ 49.681621, -16.7556469 ], [ 49.681614, -16.7556327 ], [ 49.6816072, -16.7556183 ], [ 49.6816007, -16.7556038 ], [ 49.6815945, -16.7555893 ], [ 49.6815885, -16.7555746 ], [ 49.6815828, -16.7555598 ], [ 49.6815774, -16.7555449 ], [ 49.6815722, -16.75553 ], [ 49.6815706, -16.7555253 ], [ 49.6814959, -16.7552986 ], [ 49.681479, -16.7552408 ], [ 49.6814661, -16.7551821 ], [ 49.6814527, -16.7551085 ], [ 49.6814277, -16.7549819 ], [ 49.681388299999981, -16.7549466 ], [ 49.681326, -16.7548874 ], [ 49.6812724, -16.7548711 ], [ 49.6812446, -16.7548684 ], [ 49.6810852, -16.7548539 ], [ 49.681023700000011, -16.7548463 ], [ 49.680963, -16.7548348 ], [ 49.6804531, -16.7547217 ] ] ] ] } }
]
}
