{
"type": "FeatureCollection",
"name": "MDG-166880-NODATE-secondary_zoning-001",
"crs": { "type": "name", "properties": { "name": "urn:ogc:def:crs:OGC:1.3:CRS84" } },
"features": [
{ "type": "Feature", "properties": { }, "geometry": { "type": "MultiPolygon", "coordinates": [ [ [ [ 44.3956709, -19.057575 ], [ 44.3958978, -19.0577966 ], [ 44.3961499, -19.0579925 ], [ 44.3964229, -19.0581599 ], [ 44.396715, -19.058297 ], [ 44.3970219, -19.058401 ], [ 44.3973389, -19.0584706 ], [ 44.397662, -19.0585059 ], [ 44.397988, -19.0585056 ], [ 44.398311, -19.0584708 ], [ 44.398628, -19.0584009 ], [ 44.3989341, -19.0582965 ], [ 44.399226, -19.0581597 ], [ 44.3995, -19.0579928 ], [ 44.3996353, -19.0578876 ], [ 44.399752, -19.0577969 ], [ 44.3999791, -19.0575747 ], [ 44.4001781, -19.0573296 ], [ 44.400346, -19.0570649 ], [ 44.4004811, -19.056783 ], [ 44.4005811, -19.0564888 ], [ 44.4006461, -19.0561857 ], [ 44.4006741, -19.0558777 ], [ 44.4006651, -19.0555676 ], [ 44.4006181, -19.0552616 ], [ 44.4005361, -19.0549625 ], [ 44.4004171, -19.0546738 ], [ 44.4002661, -19.0544005 ], [ 44.4000822, -19.0541449 ], [ 44.399869100000011, -19.0539109 ], [ 44.3996291, -19.0537016 ], [ 44.399366, -19.0535196 ], [ 44.399082100000015, -19.0533679 ], [ 44.398783, -19.0532477 ], [ 44.3984701, -19.0531595 ], [ 44.3981501, -19.0531079 ], [ 44.397825, -19.0530896 ], [ 44.3975, -19.0531074 ], [ 44.3971789, -19.0531597 ], [ 44.396867, -19.0532477 ], [ 44.396567, -19.0533674 ], [ 44.3962839, -19.0535195 ], [ 44.3960209, -19.0537018 ], [ 44.395781, -19.0539109 ], [ 44.3957196, -19.0539779 ], [ 44.3955678, -19.0541445 ], [ 44.3953838, -19.0544005 ], [ 44.3952318, -19.0546738 ], [ 44.3951138, -19.0549627 ], [ 44.3950318, -19.0552616 ], [ 44.3949848, -19.0555677 ], [ 44.3949758, -19.0558776 ], [ 44.3949802, -19.0559257 ], [ 44.3950039, -19.0561857 ], [ 44.3950678, -19.0564885 ], [ 44.3951688, -19.0567827 ], [ 44.3953039, -19.0570649 ], [ 44.3954719, -19.0573299 ], [ 44.3956709, -19.057575 ] ] ], [ [ [ 44.3642312, -19.0491677 ], [ 44.3643453, -19.0490787 ], [ 44.3644543, -19.0489856 ], [ 44.3645582, -19.0488863 ], [ 44.3646563, -19.0487824 ], [ 44.3647483, -19.0486745 ], [ 44.3648353, -19.0485614 ], [ 44.3649153, -19.0484443 ], [ 44.3649663, -19.0483613 ], [ 44.3650283, -19.0484473 ], [ 44.3651423, -19.0485897 ], [ 44.3652713, -19.0487205 ], [ 44.3653724, -19.0488137 ], [ 44.3654254, -19.0488606 ], [ 44.3655194, -19.0489407 ], [ 44.3657313, -19.0490967 ], [ 44.3658244, -19.0491565 ], [ 44.3660653, -19.0492858 ], [ 44.3661523, -19.0493218 ], [ 44.3662383, -19.0493555 ], [ 44.3663684, -19.0494016 ], [ 44.3664284, -19.0494203 ], [ 44.3665244, -19.0494485 ], [ 44.3666224, -19.0494705 ], [ 44.3667204, -19.0494875 ], [ 44.3668204, -19.0494988 ], [ 44.3669244, -19.0495355 ], [ 44.3669334, -19.0496085 ], [ 44.3669514, -19.0497295 ], [ 44.3670034, -19.0499616 ], [ 44.3670304, -19.0500444 ], [ 44.3670665, -19.0501487 ], [ 44.3671373, -19.0503217 ], [ 44.3671874, -19.0504267 ], [ 44.3671984, -19.0505183 ], [ 44.3672074, -19.0506686 ], [ 44.3672385, -19.0508136 ], [ 44.3672494, -19.0509853 ], [ 44.3672644, -19.0510753 ], [ 44.367275499999984, -19.0511313 ], [ 44.3673144, -19.0512938 ], [ 44.3673615, -19.0514316 ], [ 44.3674454, -19.0516505 ], [ 44.3675065, -19.0518008 ], [ 44.3675544, -19.0519007 ], [ 44.3675974, -19.0519735 ], [ 44.3676234, -19.0520218 ], [ 44.3676815, -19.0521219 ], [ 44.3677274, -19.0521997 ], [ 44.3678884, -19.0524094 ], [ 44.3679504, -19.0524727 ], [ 44.3680744, -19.0525944 ], [ 44.3681655, -19.0526824 ], [ 44.3682465, -19.0527477 ], [ 44.3684295, -19.0528786 ], [ 44.3686255, -19.0529858 ], [ 44.3687025, -19.0530228 ], [ 44.3687855, -19.0530593 ], [ 44.3688695, -19.0530925 ], [ 44.36895650000001, -19.0531228 ], [ 44.3690436, -19.0531475 ], [ 44.3691056, -19.0531635 ], [ 44.3691995, -19.0531928 ], [ 44.3693935, -19.0532436 ], [ 44.3694706, -19.0532608 ], [ 44.3695955, -19.0532837 ], [ 44.3698366, -19.0533045 ], [ 44.3699495, -19.0533075 ], [ 44.3700616, -19.0533065 ], [ 44.3701726, -19.0533004 ], [ 44.3702835, -19.0532876 ], [ 44.3703936, -19.0532696 ], [ 44.3705015, -19.0532449 ], [ 44.3706085, -19.0532139 ], [ 44.3706726, -19.0531926 ], [ 44.370740499999982, -19.0531747 ], [ 44.3708847, -19.0531295 ], [ 44.3709626, -19.0531027 ], [ 44.3710886, -19.0530607 ], [ 44.3711497, -19.0530568 ], [ 44.3712876, -19.0530449 ], [ 44.3714967, -19.0530038 ], [ 44.3716327, -19.0530149 ], [ 44.3717176, -19.0530136 ], [ 44.3718027, -19.0530117 ], [ 44.3719207, -19.0530035 ], [ 44.3720377, -19.0529896 ], [ 44.3721546, -19.0529689 ], [ 44.3722687, -19.0529408 ], [ 44.3723817, -19.0529065 ], [ 44.3724918, -19.0528648 ], [ 44.3726058, -19.0528187 ], [ 44.3728617, -19.0526883 ], [ 44.3729387, -19.0526424 ], [ 44.3730077, -19.0525997 ], [ 44.3730857, -19.0525486 ], [ 44.3731517, -19.0525059 ], [ 44.3732337, -19.0524503 ], [ 44.3734227, -19.0523096 ], [ 44.3735147, -19.0522293 ], [ 44.373586799999984, -19.0521658 ], [ 44.373702799999982, -19.0520559 ], [ 44.3737808, -19.0519766 ], [ 44.37394170000001, -19.0517774 ], [ 44.3740327, -19.0516474 ], [ 44.3741218, -19.0515067 ], [ 44.3741958, -19.0513788 ], [ 44.3742437, -19.0512878 ], [ 44.374319700000015, -19.0511086 ], [ 44.3743619, -19.0509938 ], [ 44.3743918, -19.0509044 ], [ 44.3744168, -19.0508143 ], [ 44.3744368, -19.0507237 ], [ 44.3744518, -19.0506323 ], [ 44.3744727, -19.0504745 ], [ 44.3744838, -19.0503707 ], [ 44.3744878, -19.0502668 ], [ 44.3744859, -19.0501624 ], [ 44.3744778, -19.0500584 ], [ 44.3744638, -19.0499554 ], [ 44.3744397, -19.0498146 ], [ 44.3744197, -19.0497166 ], [ 44.3743948, -19.0496198 ], [ 44.3743638, -19.0495246 ], [ 44.3743277, -19.0494304 ], [ 44.3742858, -19.0493385 ], [ 44.3742388, -19.0492493 ], [ 44.3741699, -19.0491277 ], [ 44.3741058, -19.0490236 ], [ 44.3739708, -19.0488437 ], [ 44.3738628, -19.0487176 ], [ 44.3737128, -19.0485607 ], [ 44.373613700000014, -19.0484686 ], [ 44.3734547, -19.0483375 ], [ 44.3733447, -19.0482555 ], [ 44.3732057, -19.0481625 ], [ 44.3730637, -19.0480756 ], [ 44.3728967, -19.0479845 ], [ 44.3727967, -19.0479297 ], [ 44.3727397, -19.0478455 ], [ 44.3726908, -19.0477478 ], [ 44.3725947, -19.0475705 ], [ 44.3726827, -19.0475388 ], [ 44.3727697, -19.0474997 ], [ 44.3728607, -19.0474555 ], [ 44.3730127, -19.0473742 ], [ 44.3731847, -19.0472593 ], [ 44.3732917, -19.0471775 ], [ 44.3733737, -19.0471124 ], [ 44.3734518, -19.0470432 ], [ 44.3735247, -19.0469707 ], [ 44.3735938, -19.0468935 ], [ 44.3736578, -19.0468124 ], [ 44.3737178, -19.0467283 ], [ 44.3737727, -19.0466454 ], [ 44.3738868, -19.0464485 ], [ 44.3739268, -19.0463614 ], [ 44.3739647, -19.0462738 ], [ 44.3740058, -19.0461698 ], [ 44.3740398, -19.0460634 ], [ 44.3740668, -19.0459564 ], [ 44.3740867, -19.0458477 ], [ 44.3740998, -19.0457377 ], [ 44.3741078, -19.0456435 ], [ 44.3741138, -19.0455323 ], [ 44.3741118, -19.0454216 ], [ 44.3741039, -19.0453103 ], [ 44.3740877, -19.0452006 ], [ 44.3740647, -19.0450913 ], [ 44.3740358, -19.0449837 ], [ 44.3739988, -19.0448783 ], [ 44.3739688, -19.0447995 ], [ 44.3739277, -19.0447013 ], [ 44.3738808, -19.0446053 ], [ 44.3738278, -19.0445127 ], [ 44.3737688, -19.0444217 ], [ 44.3737047, -19.0443357 ], [ 44.3736348, -19.0442525 ], [ 44.373560799999986, -19.0441737 ], [ 44.3734817, -19.0440994 ], [ 44.3733988, -19.0440296 ], [ 44.3733207, -19.0439677 ], [ 44.3731077, -19.0438224 ], [ 44.3729737, -19.0437255 ], [ 44.3728077, -19.0436236 ], [ 44.3726157, -19.0434357 ], [ 44.3725266, -19.0433652 ], [ 44.3724677, -19.0433216 ], [ 44.3723527, -19.0432102 ], [ 44.3722846, -19.0431547 ], [ 44.3720787, -19.0430055 ], [ 44.3719947, -19.0429543 ], [ 44.3718306, -19.0428643 ], [ 44.3717476, -19.0428075 ], [ 44.3716626, -19.0427535 ], [ 44.3715736, -19.0427033 ], [ 44.3714836, -19.0426583 ], [ 44.3713996, -19.0425997 ], [ 44.3714197, -19.0424187 ], [ 44.371422699999989, -19.0423701 ], [ 44.3714247, -19.0422584 ], [ 44.371420699999987, -19.0421465 ], [ 44.3714086, -19.0420346 ], [ 44.3713897, -19.0419242 ], [ 44.3713627, -19.0418155 ], [ 44.3713456, -19.0417532 ], [ 44.3713046, -19.0416251 ], [ 44.3712827, -19.0415396 ], [ 44.3712476, -19.0414173 ], [ 44.3712216, -19.0413334 ], [ 44.371184699999986, -19.0412246 ], [ 44.3711146, -19.0410515 ], [ 44.3710286, -19.0408885 ], [ 44.3709346, -19.0407333 ], [ 44.3708466, -19.0405956 ], [ 44.3707626, -19.0404733 ], [ 44.370688699999988, -19.0403764 ], [ 44.3706007, -19.0402574 ], [ 44.3704986, -19.0401326 ], [ 44.3703946, -19.0400241 ], [ 44.3702916, -19.0399264 ], [ 44.3702316, -19.0398715 ], [ 44.3701356, -19.0397874 ], [ 44.3700476, -19.0397141 ], [ 44.3699546, -19.0396476 ], [ 44.3698575, -19.0395855 ], [ 44.3697576, -19.0395296 ], [ 44.3696455, -19.0394713 ], [ 44.3694956, -19.0394024 ], [ 44.3693575, -19.0393455 ], [ 44.3691556, -19.0392743 ], [ 44.3689955, -19.0392346 ], [ 44.3688745, -19.0392101 ], [ 44.3687565, -19.0391896 ], [ 44.3686925, -19.0391804 ], [ 44.3685414, -19.0391606 ], [ 44.3685085, -19.0390772 ], [ 44.3684726, -19.0389582 ], [ 44.3683985, -19.0387592 ], [ 44.3683845, -19.0387025 ], [ 44.3683654, -19.0386255 ], [ 44.3683795, -19.0384862 ], [ 44.3683825, -19.0384264 ], [ 44.3683835, -19.0383242 ], [ 44.3683795, -19.0382231 ], [ 44.3683695, -19.0381225 ], [ 44.3683525, -19.0380212 ], [ 44.3683305, -19.0379221 ], [ 44.3683025, -19.0378241 ], [ 44.3682835, -19.0377635 ], [ 44.3682025, -19.0375576 ], [ 44.3681194, -19.0374002 ], [ 44.3680936, -19.0373565 ], [ 44.3680365, -19.0372666 ], [ 44.3679745, -19.0371795 ], [ 44.3679065, -19.0370963 ], [ 44.3678334, -19.0370175 ], [ 44.3677554, -19.0369415 ], [ 44.3676735, -19.0368711 ], [ 44.3675875, -19.0368041 ], [ 44.3674974, -19.0367432 ], [ 44.3674034, -19.0366874 ], [ 44.3673065, -19.0366366 ], [ 44.3672375, -19.0366031 ], [ 44.3671395, -19.0365585 ], [ 44.3670395, -19.0365195 ], [ 44.3669364, -19.0364861 ], [ 44.3668324, -19.0364584 ], [ 44.3667734, -19.0364442 ], [ 44.3666724, -19.0364233 ], [ 44.3665705, -19.0364074 ], [ 44.3664674, -19.0363961 ], [ 44.3663645, -19.0363915 ], [ 44.3662604, -19.0363915 ], [ 44.3661573, -19.0363965 ], [ 44.3660543, -19.0364072 ], [ 44.3659904, -19.0364155 ], [ 44.3657913, -19.0364522 ], [ 44.3657304, -19.0364673 ], [ 44.3656254, -19.0364955 ], [ 44.3655224, -19.0365305 ], [ 44.3654214, -19.0365694 ], [ 44.365323299999986, -19.0366146 ], [ 44.3652594, -19.036646 ], [ 44.3651603, -19.0366986 ], [ 44.3650653, -19.0367562 ], [ 44.3649734, -19.0368195 ], [ 44.3648863, -19.0368874 ], [ 44.3648033, -19.0369605 ], [ 44.3647244, -19.0370375 ], [ 44.3646514, -19.0371191 ], [ 44.3646022, -19.0371773 ], [ 44.3645453, -19.0372455 ], [ 44.3644584, -19.0373574 ], [ 44.3643113, -19.0375444 ], [ 44.3642622, -19.0376195 ], [ 44.3641684, -19.0377782 ], [ 44.3641144, -19.0378815 ], [ 44.3640663, -19.0379724 ], [ 44.3640023, -19.0379943 ], [ 44.3637542, -19.0381202 ], [ 44.3635382, -19.0382634 ], [ 44.3634513, -19.0383302 ], [ 44.3632533, -19.0385143 ], [ 44.3632112, -19.0385454 ], [ 44.3630792, -19.0386444 ], [ 44.3630112, -19.0387001 ], [ 44.3629323, -19.0387692 ], [ 44.3628692, -19.0388272 ], [ 44.362778899999988, -19.038916 ], [ 44.362716299999988, -19.0389825 ], [ 44.3626194, -19.0390954 ], [ 44.3626961, -19.0388354 ], [ 44.3627142, -19.0387775 ], [ 44.3627422, -19.0386666 ], [ 44.3627761, -19.0385653 ], [ 44.3628383, -19.0383113 ], [ 44.3628972, -19.0380624 ], [ 44.3629152, -19.0380011 ], [ 44.3629832, -19.0378466 ], [ 44.3630123, -19.0377673 ], [ 44.3630472, -19.0376683 ], [ 44.3630752, -19.0375676 ], [ 44.3630973, -19.0374645 ], [ 44.3631133, -19.0373613 ], [ 44.3631222, -19.0372575 ], [ 44.3631282, -19.0371661 ], [ 44.3631273, -19.0370142 ], [ 44.363165200000012, -19.0369604 ], [ 44.3632363, -19.0368472 ], [ 44.3633363, -19.0366631 ], [ 44.3633762, -19.0365806 ], [ 44.3634372, -19.0364282 ], [ 44.3635883, -19.0362453 ], [ 44.3636292, -19.0361882 ], [ 44.3636973, -19.0361093 ], [ 44.3637592, -19.0360265 ], [ 44.3638152, -19.0359401 ], [ 44.3638662, -19.0358504 ], [ 44.3639113, -19.0357583 ], [ 44.3639493, -19.0356633 ], [ 44.3639853, -19.0356112 ], [ 44.3640332, -19.0355524 ], [ 44.3641284, -19.0354265 ], [ 44.364253300000016, -19.0352421 ], [ 44.3643783, -19.0350295 ], [ 44.3644663, -19.0348193 ], [ 44.3645262, -19.0346422 ], [ 44.3645423, -19.0345943 ], [ 44.364599399999989, -19.0344115 ], [ 44.3646213, -19.0343321 ], [ 44.3646673, -19.034157 ], [ 44.3647063, -19.0339593 ], [ 44.3647263, -19.033811 ], [ 44.3647373, -19.03371 ], [ 44.3647473, -19.0335775 ], [ 44.3647523, -19.0334651 ], [ 44.3647543, -19.0333534 ], [ 44.3647743, -19.0331814 ], [ 44.3647804, -19.0330741 ], [ 44.3647814, -19.0330053 ], [ 44.3647823, -19.0329545 ], [ 44.3647823, -19.0328952 ], [ 44.3647653, -19.0326663 ], [ 44.3647454, -19.0325503 ], [ 44.3647333, -19.032488 ], [ 44.3647163, -19.0324054 ], [ 44.364704399999987, -19.0323522 ], [ 44.3646753, -19.032244 ], [ 44.3646403, -19.0321391 ], [ 44.3645984, -19.0320365 ], [ 44.364549299999986, -19.0319354 ], [ 44.3644943, -19.0318382 ], [ 44.3644333, -19.0317443 ], [ 44.364365299999989, -19.0316532 ], [ 44.364293300000014, -19.0315671 ], [ 44.3642372, -19.0315061 ], [ 44.3641603, -19.0314262 ], [ 44.3640793, -19.0313513 ], [ 44.3639923, -19.0312814 ], [ 44.3639023, -19.031216 ], [ 44.3638073, -19.0311562 ], [ 44.3637093, -19.0311014 ], [ 44.363608199999987, -19.0310523 ], [ 44.3635043, -19.0310093 ], [ 44.3633973, -19.0309719 ], [ 44.3632883, -19.0309413 ], [ 44.3631783, -19.0309169 ], [ 44.3631293, -19.0309073 ], [ 44.3630112, -19.0308879 ], [ 44.3628922, -19.0308764 ], [ 44.3627722, -19.0308711 ], [ 44.3626522, -19.0308742 ], [ 44.3625323, -19.030883 ], [ 44.3624142, -19.0309003 ], [ 44.362254199999988, -19.0309341 ], [ 44.3621471, -19.0309622 ], [ 44.3620433, -19.030996 ], [ 44.3619412, -19.031035 ], [ 44.3618412, -19.0310813 ], [ 44.3617442, -19.031131 ], [ 44.3616512, -19.0311869 ], [ 44.3615612, -19.031248 ], [ 44.3614752, -19.0313142 ], [ 44.3613931, -19.031385 ], [ 44.3613562, -19.0314185 ], [ 44.3612812, -19.031491 ], [ 44.3612102, -19.0315681 ], [ 44.3611431, -19.0316481 ], [ 44.3610822, -19.0317333 ], [ 44.3610262, -19.0318201 ], [ 44.3609752, -19.0319105 ], [ 44.3609292, -19.0320031 ], [ 44.3608891, -19.0320981 ], [ 44.3608602, -19.0321644 ], [ 44.3608362, -19.0322212 ], [ 44.3608011, -19.0322953 ], [ 44.3607081, -19.0325252 ], [ 44.3606731, -19.0326501 ], [ 44.3606531, -19.0327194 ], [ 44.360611199999987, -19.03289 ], [ 44.3605641, -19.0329233 ], [ 44.3604571, -19.033004 ], [ 44.360371, -19.0330741 ], [ 44.3602931, -19.0331371 ], [ 44.360203, -19.0331902 ], [ 44.3601361, -19.0332155 ], [ 44.360060100000013, -19.03324 ], [ 44.359887, -19.0333063 ], [ 44.3598011, -19.0333432 ], [ 44.359585, -19.0334531 ], [ 44.3594811, -19.0335152 ], [ 44.359366, -19.0335895 ], [ 44.3592711, -19.0336545 ], [ 44.359165, -19.033734 ], [ 44.3589711, -19.0339142 ], [ 44.358922, -19.0339662 ], [ 44.358757, -19.0341715 ], [ 44.358696, -19.0342651 ], [ 44.358653, -19.0343375 ], [ 44.358627, -19.0343835 ], [ 44.358572, -19.0344235 ], [ 44.35845, -19.0345305 ], [ 44.3583849, -19.034593 ], [ 44.3583131, -19.0346662 ], [ 44.3581451, -19.0348754 ], [ 44.3580729, -19.0349813 ], [ 44.3579901, -19.0351131 ], [ 44.357927, -19.0352264 ], [ 44.357846, -19.0353881 ], [ 44.357785, -19.0355292 ], [ 44.357724, -19.0356905 ], [ 44.357662, -19.0359513 ], [ 44.357648900000015, -19.0360313 ], [ 44.35763, -19.0362694 ], [ 44.3576439, -19.0365095 ], [ 44.3576549, -19.0366005 ], [ 44.3576729, -19.0366922 ], [ 44.357628, -19.0368041 ], [ 44.357575, -19.0368323 ], [ 44.35748, -19.0368775 ], [ 44.35733, -19.0369571 ], [ 44.3572489, -19.0369714 ], [ 44.3570549, -19.0370132 ], [ 44.3567919, -19.0371045 ], [ 44.3567279, -19.0371315 ], [ 44.3565048, -19.0372452 ], [ 44.3563578, -19.0373424 ], [ 44.3563029, -19.0373824 ], [ 44.3562309, -19.0374375 ], [ 44.3560539, -19.0375992 ], [ 44.3559899, -19.0376662 ], [ 44.3559009, -19.0377652 ], [ 44.3557768, -19.0378851 ], [ 44.3557309, -19.0379366 ], [ 44.3556759, -19.0380003 ], [ 44.3556358, -19.0380501 ], [ 44.3555488, -19.0381643 ], [ 44.3554298, -19.0383623 ], [ 44.3553988, -19.0384223 ], [ 44.3553559, -19.0385133 ], [ 44.3553169, -19.0386055 ], [ 44.3552848, -19.0386994 ], [ 44.3552569, -19.0387951 ], [ 44.3552358, -19.0388931 ], [ 44.3552198, -19.0389912 ], [ 44.3552118, -19.0390515 ], [ 44.3551998, -19.0391632 ], [ 44.355195900000012, -19.0392772 ], [ 44.3551998, -19.0393902 ], [ 44.355210799999988, -19.0395032 ], [ 44.3552299, -19.0396152 ], [ 44.3552548, -19.0397262 ], [ 44.3552889, -19.0398356 ], [ 44.355328799999988, -19.0399422 ], [ 44.3553498, -19.0399921 ], [ 44.3553719, -19.0400443 ], [ 44.3553398, -19.0401032 ], [ 44.3552538, -19.0403106 ], [ 44.3552359, -19.0403624 ], [ 44.3552019, -19.0404704 ], [ 44.3551758, -19.0405796 ], [ 44.355156799999989, -19.0406895 ], [ 44.3551408, -19.0408362 ], [ 44.3551278, -19.0410314 ], [ 44.3551418, -19.0412766 ], [ 44.3551488, -19.0413326 ], [ 44.3551638, -19.0414254 ], [ 44.3551739, -19.0414752 ], [ 44.3552169, -19.0416643 ], [ 44.3552169, -19.0417134 ], [ 44.3552209, -19.0418072 ], [ 44.3552368, -19.0419785 ], [ 44.35524980000001, -19.0420673 ], [ 44.3552638, -19.0421566 ], [ 44.3552758, -19.0422516 ], [ 44.3552918, -19.0423574 ], [ 44.3553149, -19.0424621 ], [ 44.3553438, -19.0425664 ], [ 44.3553728, -19.0426565 ], [ 44.3554068, -19.0427523 ], [ 44.3554458, -19.0428476 ], [ 44.3554908, -19.0429396 ], [ 44.3555409, -19.0430283 ], [ 44.3555968, -19.0431153 ], [ 44.3556439, -19.0431842 ], [ 44.3557879, -19.0433682 ], [ 44.3558449, -19.0434304 ], [ 44.3559098, -19.0434972 ], [ 44.3561018, -19.0436682 ], [ 44.3561478, -19.0437043 ], [ 44.3562109, -19.0437886 ], [ 44.3562789, -19.0438685 ], [ 44.3563508, -19.0439444 ], [ 44.3564278, -19.0440164 ], [ 44.3565098, -19.0440834 ], [ 44.3565948, -19.0441465 ], [ 44.3566839, -19.0442034 ], [ 44.3568179, -19.0442812 ], [ 44.3568509, -19.0443584 ], [ 44.3568939, -19.0444543 ], [ 44.3569239, -19.0445156 ], [ 44.3569899, -19.0446372 ], [ 44.357029900000015, -19.0447376 ], [ 44.3570759, -19.0448347 ], [ 44.3571299, -19.0449273 ], [ 44.3571889, -19.0450184 ], [ 44.3572309, -19.0450787 ], [ 44.357262899999988, -19.0451186 ], [ 44.357341, -19.0452595 ], [ 44.357415, -19.0453564 ], [ 44.3574809, -19.0454734 ], [ 44.357513, -19.0455207 ], [ 44.357555, -19.0455793 ], [ 44.357717, -19.0457737 ], [ 44.3577659, -19.0458364 ], [ 44.3578189, -19.0458963 ], [ 44.357876, -19.0459523 ], [ 44.3579369, -19.0460055 ], [ 44.358, -19.0460553 ], [ 44.3580409, -19.0460925 ], [ 44.3581399, -19.0461642 ], [ 44.358186, -19.0462043 ], [ 44.358268, -19.0462724 ], [ 44.3583549, -19.0463355 ], [ 44.3584459, -19.0463947 ], [ 44.35854, -19.0464477 ], [ 44.358624, -19.0464927 ], [ 44.3587211, -19.0465413 ], [ 44.358821, -19.0465842 ], [ 44.358923, -19.0466215 ], [ 44.359028, -19.0466532 ], [ 44.3591339, -19.0466793 ], [ 44.359241, -19.0466997 ], [ 44.359350100000015, -19.0467133 ], [ 44.359459, -19.0467214 ], [ 44.359546, -19.0467257 ], [ 44.3596571, -19.0467276 ], [ 44.359651, -19.0467806 ], [ 44.359642, -19.0469194 ], [ 44.3596401, -19.0470594 ], [ 44.3596461, -19.0471984 ], [ 44.359659, -19.0473374 ], [ 44.35968, -19.0474755 ], [ 44.359708100000013, -19.0476124 ], [ 44.3597441, -19.0477484 ], [ 44.3597871, -19.0478816 ], [ 44.3598371, -19.0480126 ], [ 44.3598941, -19.0481414 ], [ 44.359958, -19.0482664 ], [ 44.360029, -19.0483897 ], [ 44.3601061, -19.0485075 ], [ 44.3601901, -19.0486225 ], [ 44.3602791, -19.0487325 ], [ 44.360375, -19.0488386 ], [ 44.360476, -19.0489403 ], [ 44.360583, -19.0490364 ], [ 44.3606941, -19.0491263 ], [ 44.3608111, -19.0492117 ], [ 44.3609311, -19.0492916 ], [ 44.3610562, -19.0493647 ], [ 44.361185100000014, -19.0494317 ], [ 44.3613172, -19.0494925 ], [ 44.3614522, -19.0495466 ], [ 44.3615901, -19.0495933 ], [ 44.3617312, -19.0496345 ], [ 44.3618731, -19.0496677 ], [ 44.3620171, -19.0496947 ], [ 44.3621632, -19.0497145 ], [ 44.3623091, -19.0497263 ], [ 44.3624552, -19.0497314 ], [ 44.3626022, -19.0497297 ], [ 44.3627492, -19.0497206 ], [ 44.3628942, -19.0497048 ], [ 44.3630392, -19.0496816 ], [ 44.3631823, -19.0496504 ], [ 44.363324200000015, -19.0496137 ], [ 44.3634633, -19.0495695 ], [ 44.363599299999983, -19.0495185 ], [ 44.3637332, -19.0494608 ], [ 44.3638633, -19.0493968 ], [ 44.363990199999989, -19.0493254 ], [ 44.3641132, -19.0492494 ], [ 44.3642312, -19.0491677 ] ], [ [ 44.3622882, -19.0448157 ], [ 44.3621761, -19.0448054 ], [ 44.3620711, -19.0447867 ], [ 44.3619302, -19.0447343 ], [ 44.3618102, -19.0446815 ], [ 44.361710099999989, -19.0446312 ], [ 44.361589099999989, -19.0445785 ], [ 44.3614702, -19.0445534 ], [ 44.3613461, -19.0445407 ], [ 44.3612291, -19.0445337 ], [ 44.3611031, -19.0445306 ], [ 44.3609942, -19.0445147 ], [ 44.3608771, -19.0444975 ], [ 44.3607761, -19.0444772 ], [ 44.3606771, -19.0444416 ], [ 44.3605891, -19.0443926 ], [ 44.3605211, -19.0443585 ], [ 44.3604451, -19.0443232 ], [ 44.360363, -19.0443087 ], [ 44.3603031, -19.0443142 ], [ 44.360238, -19.0443457 ], [ 44.360174, -19.0443845 ], [ 44.3601091, -19.0444453 ], [ 44.3600431, -19.0445095 ], [ 44.3599881, -19.0445794 ], [ 44.3599211, -19.0446865 ], [ 44.359878, -19.0447487 ], [ 44.3598091, -19.0448236 ], [ 44.3597381, -19.0448826 ], [ 44.359641, -19.0449216 ], [ 44.359554, -19.0449172 ], [ 44.3594691, -19.0448722 ], [ 44.359414, -19.0448236 ], [ 44.3593581, -19.0447755 ], [ 44.359302, -19.0447404 ], [ 44.3592561, -19.0446975 ], [ 44.359214, -19.0446683 ], [ 44.359187, -19.0446205 ], [ 44.359134, -19.0445736 ], [ 44.359092, -19.0445144 ], [ 44.359063, -19.0444553 ], [ 44.359035, -19.0444076 ], [ 44.358993, -19.0443484 ], [ 44.358952, -19.0443005 ], [ 44.358936, -19.0442405 ], [ 44.358894, -19.0441925 ], [ 44.358852, -19.0441203 ], [ 44.35881, -19.0440736 ], [ 44.358768, -19.0440132 ], [ 44.3587509, -19.0439526 ], [ 44.3587349, -19.0439033 ], [ 44.3587071, -19.0438544 ], [ 44.358678, -19.0438067 ], [ 44.3586491, -19.0437572 ], [ 44.3586189, -19.0436964 ], [ 44.3585869, -19.0435973 ], [ 44.358558, -19.0435484 ], [ 44.358513, -19.0434496 ], [ 44.358483, -19.0434007 ], [ 44.358467, -19.0433503 ], [ 44.358426, -19.0433142 ], [ 44.3583959, -19.0432642 ], [ 44.3583529, -19.0432021 ], [ 44.3583099, -19.0431537 ], [ 44.3582669, -19.0431035 ], [ 44.358224899999989, -19.0430663 ], [ 44.3581829, -19.0430297 ], [ 44.358153, -19.0429796 ], [ 44.35811, -19.0429295 ], [ 44.358068, -19.0428923 ], [ 44.358026, -19.0428557 ], [ 44.357969, -19.0428053 ], [ 44.357842900000016, -19.0427536 ], [ 44.3577099, -19.0426826 ], [ 44.3576549, -19.0425945 ], [ 44.35764, -19.0425322 ], [ 44.357603, -19.0424764 ], [ 44.3575449, -19.0424306 ], [ 44.3574709, -19.0423806 ], [ 44.3573749, -19.0423242 ], [ 44.3573039, -19.0422692 ], [ 44.357238, -19.0422024 ], [ 44.3571909, -19.0421335 ], [ 44.3571629, -19.0420434 ], [ 44.3571479, -19.0419224 ], [ 44.357131, -19.0418126 ], [ 44.357119, -19.0417295 ], [ 44.357115, -19.0416352 ], [ 44.357118, -19.0415516 ], [ 44.357112, -19.0414714 ], [ 44.357093, -19.0413893 ], [ 44.3570829, -19.0413175 ], [ 44.3570628, -19.0412252 ], [ 44.357044, -19.0411583 ], [ 44.3570349, -19.0411085 ], [ 44.3570269, -19.0410531 ], [ 44.3570359, -19.0409855 ], [ 44.3570409, -19.0409262 ], [ 44.357059, -19.0408733 ], [ 44.3570869, -19.0408262 ], [ 44.3571169, -19.0407791 ], [ 44.357155, -19.0406762 ], [ 44.3571779, -19.0406155 ], [ 44.3572079, -19.0405684 ], [ 44.3572449, -19.0405293 ], [ 44.3573059, -19.0404945 ], [ 44.3573709, -19.0404704 ], [ 44.3574389, -19.0404485 ], [ 44.3575059, -19.0404075 ], [ 44.3575519, -19.0403465 ], [ 44.357591, -19.0402662 ], [ 44.3576149, -19.0401773 ], [ 44.35763, -19.0400933 ], [ 44.3576239, -19.0400074 ], [ 44.3576109, -19.0399225 ], [ 44.357608, -19.0398254 ], [ 44.3575859, -19.0397512 ], [ 44.357561, -19.0396803 ], [ 44.3575169, -19.0396205 ], [ 44.3574549, -19.0395571 ], [ 44.3573799, -19.0395105 ], [ 44.3572979, -19.0394684 ], [ 44.357236, -19.0394372 ], [ 44.3571839, -19.0394072 ], [ 44.3571169, -19.0393291 ], [ 44.3570959, -19.0392791 ], [ 44.3571039, -19.0392194 ], [ 44.357135, -19.0391593 ], [ 44.3571749, -19.0391101 ], [ 44.357221, -19.0390592 ], [ 44.357266, -19.0390242 ], [ 44.35734, -19.0389493 ], [ 44.3573939, -19.0388833 ], [ 44.357458, -19.0388174 ], [ 44.357513, -19.0387763 ], [ 44.3575679, -19.0387521 ], [ 44.357666, -19.0387453 ], [ 44.357722, -19.0387431 ], [ 44.3578, -19.0387225 ], [ 44.357887, -19.0386891 ], [ 44.3579629, -19.0386572 ], [ 44.3580359, -19.0386366 ], [ 44.35814, -19.0386022 ], [ 44.3582329, -19.0385536 ], [ 44.358336, -19.0384915 ], [ 44.35843, -19.0384451 ], [ 44.358492, -19.0384221 ], [ 44.3585751, -19.0384033 ], [ 44.358663, -19.0383783 ], [ 44.358738, -19.0383346 ], [ 44.358797, -19.0382974 ], [ 44.3588551, -19.0382456 ], [ 44.358904, -19.0381942 ], [ 44.358968, -19.0381401 ], [ 44.359027, -19.0380945 ], [ 44.359092, -19.0380456 ], [ 44.3591891, -19.0379761 ], [ 44.3592681, -19.0379025 ], [ 44.359317, -19.0378381 ], [ 44.359359, -19.0377781 ], [ 44.359388, -19.0377022 ], [ 44.3594051, -19.0376206 ], [ 44.35942, -19.0375411 ], [ 44.3594281, -19.0374554 ], [ 44.359429, -19.0373854 ], [ 44.359446, -19.0373274 ], [ 44.359474, -19.0372741 ], [ 44.3595241, -19.0372001 ], [ 44.359575, -19.0371391 ], [ 44.3596321, -19.0370636 ], [ 44.35967, -19.0369974 ], [ 44.3597, -19.0369266 ], [ 44.359701099999988, -19.0368402 ], [ 44.359692, -19.0367525 ], [ 44.359673, -19.0366891 ], [ 44.3596461, -19.0366233 ], [ 44.359604, -19.0365505 ], [ 44.359567, -19.0364812 ], [ 44.3595411, -19.0363815 ], [ 44.359529, -19.0362905 ], [ 44.35954, -19.03622 ], [ 44.359601, -19.0360796 ], [ 44.3596651, -19.0359662 ], [ 44.3597341, -19.0358654 ], [ 44.3597991, -19.0358034 ], [ 44.359888, -19.035744 ], [ 44.3599611, -19.0356833 ], [ 44.360024, -19.0356253 ], [ 44.3600921, -19.0355623 ], [ 44.360147, -19.0354985 ], [ 44.3601921, -19.0354324 ], [ 44.360255, -19.0353275 ], [ 44.3603001, -19.0352371 ], [ 44.3603432, -19.0351665 ], [ 44.3603921, -19.0351134 ], [ 44.3604861, -19.0350484 ], [ 44.3605901, -19.0349875 ], [ 44.3606762, -19.0349495 ], [ 44.3607911, -19.0349124 ], [ 44.3608971, -19.0348724 ], [ 44.3610161, -19.0348314 ], [ 44.3611271, -19.0347841 ], [ 44.3612201, -19.0347344 ], [ 44.3613272, -19.0346684 ], [ 44.3614312, -19.0345894 ], [ 44.3615262, -19.0345114 ], [ 44.3616042, -19.0344485 ], [ 44.3616932, -19.0343761 ], [ 44.3617931, -19.0343061 ], [ 44.3618691, -19.0342465 ], [ 44.3619971, -19.0341492 ], [ 44.3621051, -19.0340482 ], [ 44.3621922, -19.0339594 ], [ 44.3622762, -19.0338424 ], [ 44.3623312, -19.0337521 ], [ 44.3623882, -19.0336624 ], [ 44.3624372, -19.0335664 ], [ 44.3624562, -19.033483 ], [ 44.3624572, -19.0334034 ], [ 44.3624542, -19.0333334 ], [ 44.3624663, -19.033259 ], [ 44.3624991, -19.0331605 ], [ 44.3625253, -19.0330552 ], [ 44.3625562, -19.0329901 ], [ 44.3625903, -19.0329154 ], [ 44.3626222, -19.0328401 ], [ 44.3626502, -19.0327783 ], [ 44.3626723, -19.0327215 ], [ 44.3627092, -19.032688 ], [ 44.3628002, -19.0326874 ], [ 44.3628492, -19.032741 ], [ 44.3628612, -19.0327954 ], [ 44.3628722, -19.0328525 ], [ 44.3628822, -19.0329023 ], [ 44.3628822, -19.0329622 ], [ 44.3628802, -19.033031 ], [ 44.3628562, -19.0331194 ], [ 44.3628183, -19.0332195 ], [ 44.3628223, -19.033289 ], [ 44.3628372, -19.0333524 ], [ 44.3628532, -19.0334435 ], [ 44.3628423, -19.0335772 ], [ 44.3628222, -19.0337244 ], [ 44.362777199999989, -19.0339 ], [ 44.3627203, -19.0340823 ], [ 44.3626593, -19.0342595 ], [ 44.3625342, -19.0344422 ], [ 44.3624342, -19.0345641 ], [ 44.3623542, -19.0346835 ], [ 44.3622662, -19.0347632 ], [ 44.3622202, -19.0348485 ], [ 44.3621991, -19.034929 ], [ 44.3621902, -19.0349814 ], [ 44.3621702, -19.0350354 ], [ 44.3621183, -19.0350913 ], [ 44.3620652, -19.0351635 ], [ 44.3620172, -19.0352291 ], [ 44.3619502, -19.0352932 ], [ 44.3619032, -19.0353565 ], [ 44.3618431, -19.0354264 ], [ 44.361780199999984, -19.0355115 ], [ 44.3617291, -19.0356171 ], [ 44.3616772, -19.0357334 ], [ 44.3616442, -19.035838 ], [ 44.3616041, -19.0359212 ], [ 44.3615341, -19.0360344 ], [ 44.3614282, -19.0361716 ], [ 44.3613691, -19.0362663 ], [ 44.3613131, -19.0363312 ], [ 44.3612602, -19.0363921 ], [ 44.3612202, -19.036456 ], [ 44.3612011, -19.0365202 ], [ 44.361200200000013, -19.0366094 ], [ 44.3612092, -19.0366953 ], [ 44.3611992, -19.036794 ], [ 44.3612141, -19.0368716 ], [ 44.3612252, -19.0369705 ], [ 44.3612311, -19.037062 ], [ 44.3612261, -19.0371535 ], [ 44.3611962, -19.037231 ], [ 44.3611481, -19.0373141 ], [ 44.3610911, -19.0374326 ], [ 44.3610511, -19.0375332 ], [ 44.3610272, -19.0376165 ], [ 44.3610191, -19.0376672 ], [ 44.3610251, -19.0377221 ], [ 44.3610201, -19.0377835 ], [ 44.3609942, -19.0378651 ], [ 44.3609701, -19.0379394 ], [ 44.3609582, -19.0379901 ], [ 44.3609381, -19.0380994 ], [ 44.360900099999988, -19.0381464 ], [ 44.3608851, -19.0382072 ], [ 44.360878199999981, -19.0383071 ], [ 44.3608261, -19.0383754 ], [ 44.3607561, -19.0384542 ], [ 44.3607202, -19.0385345 ], [ 44.3606852, -19.0386375 ], [ 44.3606612, -19.0387061 ], [ 44.3606231, -19.0387773 ], [ 44.360586100000013, -19.0388543 ], [ 44.360567, -19.0389292 ], [ 44.3605421, -19.0390102 ], [ 44.3604891, -19.0391095 ], [ 44.3604161, -19.0392013 ], [ 44.3602882, -19.0393145 ], [ 44.3601511, -19.0394236 ], [ 44.360039099999987, -19.0395206 ], [ 44.359943, -19.0395844 ], [ 44.359821099999984, -19.0396225 ], [ 44.359723, -19.0396785 ], [ 44.359648, -19.0397403 ], [ 44.359602099999982, -19.0397844 ], [ 44.3595391, -19.0398215 ], [ 44.359446, -19.0398684 ], [ 44.35938, -19.0399461 ], [ 44.35935, -19.0400531 ], [ 44.359345, -19.0401485 ], [ 44.3593341, -19.0402483 ], [ 44.3593341, -19.0403742 ], [ 44.359344, -19.0405155 ], [ 44.359357, -19.0406161 ], [ 44.359379, -19.0407101 ], [ 44.3594021, -19.0408086 ], [ 44.3594101, -19.0409301 ], [ 44.359411, -19.0410284 ], [ 44.3593971, -19.0411242 ], [ 44.359373, -19.0412166 ], [ 44.3593301, -19.0413262 ], [ 44.359299, -19.0414275 ], [ 44.359274, -19.0414916 ], [ 44.359276, -19.0415514 ], [ 44.3592801, -19.0416181 ], [ 44.3593031, -19.0416664 ], [ 44.359366, -19.0417303 ], [ 44.3594361, -19.0417876 ], [ 44.3595391, -19.0418356 ], [ 44.359646, -19.0418916 ], [ 44.359736, -19.0419186 ], [ 44.3598261, -19.0419236 ], [ 44.3599291, -19.0419033 ], [ 44.360027, -19.0418576 ], [ 44.3601221, -19.0417841 ], [ 44.3602071, -19.0417264 ], [ 44.3602671, -19.0416746 ], [ 44.3603291, -19.0416075 ], [ 44.3604091, -19.0415553 ], [ 44.3604952, -19.0415213 ], [ 44.3605712, -19.0414736 ], [ 44.3606771, -19.0414172 ], [ 44.3607851, -19.0413513 ], [ 44.3608961, -19.0413062 ], [ 44.360977, -19.0412704 ], [ 44.3610651, -19.0412455 ], [ 44.3611231, -19.0412461 ], [ 44.3612051, -19.0412442 ], [ 44.3613001, -19.0412453 ], [ 44.3613491, -19.0412662 ], [ 44.3614111, -19.0413155 ], [ 44.3614641, -19.0413663 ], [ 44.3615241, -19.0414314 ], [ 44.3615671, -19.0414934 ], [ 44.3616192, -19.0415584 ], [ 44.3616611, -19.0416091 ], [ 44.3617022, -19.0416712 ], [ 44.3617342, -19.0417472 ], [ 44.3617522, -19.0418242 ], [ 44.3617522, -19.0419112 ], [ 44.3617262, -19.0420153 ], [ 44.3617092, -19.0421055 ], [ 44.3617172, -19.0421993 ], [ 44.3617402, -19.0422944 ], [ 44.3617812, -19.0423745 ], [ 44.3618301, -19.0424502 ], [ 44.36191310000001, -19.0425081 ], [ 44.3619852, -19.0425626 ], [ 44.3620422, -19.0425966 ], [ 44.3621032, -19.0426086 ], [ 44.3621771, -19.0426196 ], [ 44.3622742, -19.0426433 ], [ 44.3623631, -19.0426793 ], [ 44.3624482, -19.0427136 ], [ 44.3625482, -19.0427452 ], [ 44.3626452, -19.0427565 ], [ 44.3627202, -19.0427664 ], [ 44.3627902, -19.0427643 ], [ 44.3628673, -19.0427483 ], [ 44.3629762, -19.0427066 ], [ 44.3630302, -19.0426434 ], [ 44.3630692, -19.0425795 ], [ 44.3630882, -19.0424961 ], [ 44.3630952, -19.0424245 ], [ 44.3630703, -19.0423514 ], [ 44.363021200000013, -19.0422644 ], [ 44.3629882, -19.0421856 ], [ 44.3629683, -19.0420972 ], [ 44.362974199999989, -19.0420262 ], [ 44.3630002, -19.0419525 ], [ 44.3630343, -19.0419004 ], [ 44.3630802, -19.0418636 ], [ 44.3631293, -19.0418422 ], [ 44.3632173, -19.0418324 ], [ 44.3632662, -19.0418211 ], [ 44.3633682, -19.0418223 ], [ 44.3634343, -19.0418332 ], [ 44.3634893, -19.0418412 ], [ 44.3635713, -19.0418483 ], [ 44.3636312, -19.0418264 ], [ 44.3636963, -19.0417865 ], [ 44.3637403, -19.0417136 ], [ 44.3637782, -19.0416451 ], [ 44.3638133, -19.0415936 ], [ 44.363852300000012, -19.0415545 ], [ 44.3638693, -19.0415084 ], [ 44.3639173, -19.0414722 ], [ 44.3639763, -19.0414306 ], [ 44.3640303, -19.0414114 ], [ 44.3641062, -19.0413914 ], [ 44.3641702, -19.0413436 ], [ 44.3642254, -19.0412905 ], [ 44.364269300000011, -19.0412425 ], [ 44.3642933, -19.0411733 ], [ 44.3642843, -19.0410987 ], [ 44.3642613, -19.0410436 ], [ 44.3642084, -19.0409786 ], [ 44.3641533, -19.0408944 ], [ 44.3641213, -19.0408416 ], [ 44.364079300000014, -19.0407812 ], [ 44.3640552, -19.0407143 ], [ 44.3640392, -19.0406396 ], [ 44.3640373, -19.0405594 ], [ 44.3640463, -19.0404782 ], [ 44.3640563, -19.0403925 ], [ 44.3640653, -19.0403175 ], [ 44.3640933, -19.0402512 ], [ 44.3641373, -19.0401817 ], [ 44.3641922, -19.0401241 ], [ 44.3642543, -19.0400672 ], [ 44.3643233, -19.0400104 ], [ 44.3643803, -19.0399715 ], [ 44.3644362, -19.0399406 ], [ 44.3644873, -19.0399044 ], [ 44.3645454, -19.0398543 ], [ 44.3645844, -19.0398112 ], [ 44.3646323, -19.0397615 ], [ 44.3646783, -19.0397101 ], [ 44.364731299999988, -19.0396695 ], [ 44.3648374, -19.0396402 ], [ 44.3648973, -19.0396335 ], [ 44.3649534, -19.0396342 ], [ 44.3650203, -19.0396265 ], [ 44.3650654, -19.0396061 ], [ 44.365122299999989, -19.0395633 ], [ 44.3651733, -19.0395232 ], [ 44.3652404, -19.0394912 ], [ 44.3653074, -19.0394513 ], [ 44.3653793, -19.0394182 ], [ 44.3654384, -19.0393833 ], [ 44.3654993, -19.0393423 ], [ 44.3655553, -19.0392932 ], [ 44.3656234, -19.0392144 ], [ 44.3656494, -19.0391192 ], [ 44.3656754, -19.0390026 ], [ 44.3657083, -19.0388861 ], [ 44.3657744, -19.0387672 ], [ 44.3658183, -19.0386813 ], [ 44.3658704, -19.0385813 ], [ 44.3659194, -19.0385074 ], [ 44.3659824, -19.0384443 ], [ 44.3660213, -19.0383826 ], [ 44.3660814, -19.0383116 ], [ 44.366133399999988, -19.0382506 ], [ 44.3661973, -19.0382192 ], [ 44.3662574, -19.0382046 ], [ 44.3663124, -19.0381973 ], [ 44.3663704, -19.0382115 ], [ 44.3664394, -19.0382445 ], [ 44.3664644, -19.0382871 ], [ 44.3664844, -19.0383483 ], [ 44.3664814, -19.0384093 ], [ 44.3664695, -19.0384645 ], [ 44.3664625, -19.0385254 ], [ 44.3664545, -19.0385846 ], [ 44.3664405, -19.0386573 ], [ 44.36642350000001, -19.0387345 ], [ 44.3664094, -19.0387885 ], [ 44.3664025, -19.0388471 ], [ 44.3664174, -19.0388993 ], [ 44.3664574, -19.0389624 ], [ 44.3664915, -19.0390176 ], [ 44.3665234, -19.0390642 ], [ 44.3665355, -19.0391191 ], [ 44.3665464, -19.0391853 ], [ 44.3665664, -19.0392703 ], [ 44.3666135, -19.0393843 ], [ 44.3666474, -19.0394615 ], [ 44.36670440000001, -19.0396496 ], [ 44.3667614, -19.0397914 ], [ 44.3667904, -19.0398714 ], [ 44.3667894, -19.0399815 ], [ 44.3667974, -19.0401046 ], [ 44.3667904, -19.0402265 ], [ 44.3667984, -19.0403345 ], [ 44.366804399999985, -19.0404424 ], [ 44.3668244, -19.0405172 ], [ 44.3668525, -19.0405864 ], [ 44.3669044, -19.0406242 ], [ 44.3669654, -19.0406814 ], [ 44.3670195, -19.0407503 ], [ 44.3670574, -19.0408293 ], [ 44.3670874, -19.0408974 ], [ 44.3671134, -19.0409761 ], [ 44.3671264, -19.0410282 ], [ 44.3671534, -19.0410765 ], [ 44.3671855, -19.0411142 ], [ 44.3672724, -19.0411536 ], [ 44.3673494, -19.0411573 ], [ 44.3674524, -19.0411584 ], [ 44.3675544, -19.0411573 ], [ 44.3676635, -19.0411507 ], [ 44.367760499999989, -19.0411405 ], [ 44.3678714, -19.0411045 ], [ 44.3679774, -19.0410673 ], [ 44.3680625, -19.0410344 ], [ 44.3681605, -19.0410055 ], [ 44.3682635, -19.0409932 ], [ 44.3683475, -19.0409823 ], [ 44.3684145, -19.0409672 ], [ 44.3684785, -19.0409775 ], [ 44.3685985, -19.0410015 ], [ 44.3687365, -19.0410584 ], [ 44.3688485, -19.0411161 ], [ 44.368945499999988, -19.0412014 ], [ 44.3690485, -19.0412997 ], [ 44.3691425, -19.0414255 ], [ 44.3692205, -19.0415292 ], [ 44.3693086, -19.0416685 ], [ 44.3693775, -19.0417823 ], [ 44.3694146, -19.0418917 ], [ 44.3694495, -19.0420135 ], [ 44.369470599999985, -19.0421114 ], [ 44.3695076, -19.0422112 ], [ 44.3695245, -19.0422724 ], [ 44.3695226, -19.0423215 ], [ 44.3694885, -19.0424205 ], [ 44.3694726, -19.0424813 ], [ 44.3694646, -19.0425393 ], [ 44.3694325, -19.0426033 ], [ 44.3693765, -19.0426626 ], [ 44.3692865, -19.0427265 ], [ 44.3692315, -19.0427434 ], [ 44.3691756, -19.0427506 ], [ 44.3691216, -19.0427732 ], [ 44.3690776, -19.0428133 ], [ 44.3690145, -19.0428482 ], [ 44.3689375, -19.0428902 ], [ 44.3688386, -19.0429106 ], [ 44.3687106, -19.0429356 ], [ 44.3686305, -19.0429556 ], [ 44.3685476, -19.0429846 ], [ 44.3684546, -19.0430135 ], [ 44.3683726, -19.0430543 ], [ 44.3683065, -19.0430925 ], [ 44.3682565, -19.0431242 ], [ 44.3682205, -19.0431672 ], [ 44.3681756, -19.0432204 ], [ 44.3681425, -19.0432956 ], [ 44.3681164, -19.0433767 ], [ 44.3681005, -19.0434555 ], [ 44.3680824, -19.0435536 ], [ 44.3680804, -19.0436665 ], [ 44.3680875, -19.0437693 ], [ 44.3681084, -19.0438853 ], [ 44.3681334, -19.0439986 ], [ 44.3681824, -19.0441132 ], [ 44.3682235, -19.0441882 ], [ 44.3682465, -19.0442703 ], [ 44.3682706, -19.0443547 ], [ 44.3683015, -19.0444703 ], [ 44.3683275, -19.0445615 ], [ 44.3683645, -19.0446404 ], [ 44.3684115, -19.0447245 ], [ 44.3684576, -19.0447832 ], [ 44.3685165, -19.0448206 ], [ 44.3686074, -19.0448464 ], [ 44.3687025, -19.0448334 ], [ 44.3688175, -19.0448003 ], [ 44.3689085, -19.0447392 ], [ 44.368995600000012, -19.0446837 ], [ 44.3691006, -19.0446234 ], [ 44.3691685, -19.0445665 ], [ 44.3692296, -19.0445057 ], [ 44.3693035, -19.0444664 ], [ 44.3694096, -19.0444145 ], [ 44.3695056, -19.0443812 ], [ 44.3696005, -19.0443665 ], [ 44.3696895, -19.0443477 ], [ 44.3697846, -19.0443262 ], [ 44.3698906, -19.0442913 ], [ 44.3699606, -19.0442616 ], [ 44.3700566, -19.0442406 ], [ 44.3701365, -19.0442263 ], [ 44.3702126, -19.0442125 ], [ 44.3703046, -19.0442107 ], [ 44.3703896, -19.0442134 ], [ 44.3705045, -19.0442373 ], [ 44.3705846, -19.0442562 ], [ 44.3706546, -19.0442847 ], [ 44.3707176, -19.0443306 ], [ 44.3707756, -19.0443826 ], [ 44.3708326, -19.0444143 ], [ 44.3708927, -19.0444416 ], [ 44.3709546, -19.0444665 ], [ 44.3710387, -19.0445183 ], [ 44.371098599999989, -19.0445687 ], [ 44.3711427, -19.0446296 ], [ 44.3712006, -19.0446726 ], [ 44.3712786, -19.0447305 ], [ 44.3713536, -19.0447873 ], [ 44.3714127, -19.0448546 ], [ 44.3714746, -19.0449157 ], [ 44.3715586, -19.0449872 ], [ 44.3716577, -19.0450635 ], [ 44.3717586, -19.0451375 ], [ 44.371836699999989, -19.0451863 ], [ 44.3719277, -19.0452342 ], [ 44.372005699999988, -19.0452984 ], [ 44.3721057, -19.0453565 ], [ 44.3721836, -19.0454184 ], [ 44.3722137, -19.0454967 ], [ 44.3722057, -19.0455903 ], [ 44.3721676, -19.0456785 ], [ 44.3721127, -19.0457615 ], [ 44.3720046, -19.0458427 ], [ 44.3719137, -19.0458863 ], [ 44.3717926, -19.0459047 ], [ 44.3717146, -19.0458993 ], [ 44.3716126, -19.0459122 ], [ 44.3715007, -19.0459364 ], [ 44.371414699999988, -19.0459393 ], [ 44.3713126, -19.0459354 ], [ 44.3712176, -19.0459337 ], [ 44.3711077, -19.0459494 ], [ 44.3709226, -19.0459857 ], [ 44.3707846, -19.0460276 ], [ 44.3706536, -19.0460905 ], [ 44.3705546, -19.0461526 ], [ 44.3704886, -19.0462117 ], [ 44.3704265, -19.0462985 ], [ 44.3703906, -19.0463795 ], [ 44.3703766, -19.0464945 ], [ 44.370379600000014, -19.0465956 ], [ 44.3704086, -19.0467676 ], [ 44.3704226, -19.0468976 ], [ 44.3704496, -19.0470114 ], [ 44.3704957, -19.0471537 ], [ 44.3705356, -19.0473168 ], [ 44.3705746, -19.0474516 ], [ 44.3706077, -19.0475626 ], [ 44.3706287, -19.0476984 ], [ 44.3706547, -19.0477907 ], [ 44.3706866, -19.0478747 ], [ 44.3707096, -19.0479585 ], [ 44.3707726, -19.0481264 ], [ 44.3708476, -19.0482836 ], [ 44.3709126, -19.0484148 ], [ 44.3709546, -19.0484825 ], [ 44.3709896, -19.0485563 ], [ 44.3710337, -19.0486404 ], [ 44.371090599999988, -19.0487534 ], [ 44.3711516, -19.0488388 ], [ 44.3712096, -19.0489213 ], [ 44.3712667, -19.0490123 ], [ 44.3713076, -19.0490884 ], [ 44.3713756, -19.0491587 ], [ 44.3714706, -19.0492495 ], [ 44.3715706, -19.0493275 ], [ 44.3716367, -19.0493768 ], [ 44.3716986, -19.0494187 ], [ 44.3717877, -19.0494643 ], [ 44.3719096, -19.0495346 ], [ 44.3720367, -19.0495953 ], [ 44.3721776, -19.0496827 ], [ 44.3722887, -19.0497636 ], [ 44.3723878, -19.0498557 ], [ 44.3724957, -19.0499817 ], [ 44.3725647, -19.0501033 ], [ 44.3725877, -19.0502436 ], [ 44.3725668, -19.0504015 ], [ 44.3725246, -19.0505173 ], [ 44.3724518, -19.0506464 ], [ 44.3723597, -19.0507763 ], [ 44.3722437, -19.0508868 ], [ 44.3721517, -19.0509665 ], [ 44.3720757, -19.0510165 ], [ 44.3720086, -19.0510598 ], [ 44.3719227, -19.0511158 ], [ 44.3718506, -19.0511596 ], [ 44.3717406, -19.0512058 ], [ 44.3716557, -19.0512076 ], [ 44.3715577, -19.0511868 ], [ 44.3715136, -19.0511575 ], [ 44.3714337, -19.0511543 ], [ 44.3713586, -19.0511614 ], [ 44.3712847, -19.0511854 ], [ 44.3712226, -19.0511954 ], [ 44.3711487, -19.0511985 ], [ 44.371098599999989, -19.0512245 ], [ 44.3710396, -19.0512537 ], [ 44.3709526, -19.0512578 ], [ 44.3708726, -19.0512507 ], [ 44.3707806, -19.0512598 ], [ 44.3706987, -19.0512736 ], [ 44.3706287, -19.0512914 ], [ 44.3705446, -19.0513074 ], [ 44.3704465, -19.0513616 ], [ 44.3703286, -19.0513998 ], [ 44.3702256, -19.0514353 ], [ 44.3701116, -19.0514657 ], [ 44.3700025, -19.0515006 ], [ 44.3698885, -19.0514976 ], [ 44.3698116, -19.0514815 ], [ 44.3697425, -19.0514598 ], [ 44.3696305, -19.0514274 ], [ 44.3695525, -19.0514068 ], [ 44.3694755, -19.0513703 ], [ 44.3693945, -19.0513045 ], [ 44.3693376, -19.0512417 ], [ 44.3692795, -19.0511417 ], [ 44.3692305, -19.0510417 ], [ 44.3692046, -19.0509573 ], [ 44.3691645, -19.0508603 ], [ 44.3691446, -19.0508053 ], [ 44.3691336, -19.0507498 ], [ 44.369139499999989, -19.0506754 ], [ 44.3691406, -19.0506178 ], [ 44.3691186, -19.0505238 ], [ 44.3690915, -19.0504326 ], [ 44.3690945, -19.0503846 ], [ 44.3691045, -19.0503373 ], [ 44.3690776, -19.0502568 ], [ 44.3690715, -19.0501715 ], [ 44.3690835, -19.0501033 ], [ 44.3690926, -19.0500435 ], [ 44.3690865, -19.0499926 ], [ 44.3690556, -19.0499375 ], [ 44.3690165, -19.0498975 ], [ 44.3689746, -19.0497943 ], [ 44.3689175, -19.0496796 ], [ 44.3688695, -19.0495774 ], [ 44.3688325, -19.0494736 ], [ 44.3688144, -19.0493515 ], [ 44.3687975, -19.0491994 ], [ 44.3687916, -19.0490824 ], [ 44.3687625, -19.0489528 ], [ 44.3687206, -19.0488134 ], [ 44.3686654, -19.0486987 ], [ 44.3686125, -19.0486134 ], [ 44.3685494, -19.0485144 ], [ 44.3684915, -19.0484223 ], [ 44.3684245, -19.0483193 ], [ 44.3683695, -19.0482346 ], [ 44.3683035, -19.0481418 ], [ 44.368235399999989, -19.0480574 ], [ 44.3681696, -19.0479833 ], [ 44.3681175, -19.0479307 ], [ 44.3680895, -19.0478785 ], [ 44.3680435, -19.0478215 ], [ 44.3679895, -19.0477554 ], [ 44.3679244, -19.0476925 ], [ 44.3678674, -19.0476456 ], [ 44.3678085, -19.0476076 ], [ 44.3677465, -19.0475922 ], [ 44.3676834, -19.0475774 ], [ 44.3676025, -19.0475787 ], [ 44.3675164, -19.0475936 ], [ 44.3674355, -19.0476135 ], [ 44.3673184, -19.0476563 ], [ 44.3672394, -19.0476825 ], [ 44.3671764, -19.0476913 ], [ 44.3670964, -19.0476983 ], [ 44.3670214, -19.0477037 ], [ 44.3669614, -19.0476844 ], [ 44.3668754, -19.0476518 ], [ 44.3667875, -19.0475954 ], [ 44.3666935, -19.0475148 ], [ 44.3665923, -19.0474227 ], [ 44.3665204, -19.0473225 ], [ 44.3664795, -19.0472034 ], [ 44.3664224, -19.0470577 ], [ 44.3663763, -19.0469284 ], [ 44.3662914, -19.0467964 ], [ 44.3661843, -19.0466625 ], [ 44.3660893, -19.0465547 ], [ 44.3660034, -19.0464374 ], [ 44.3659354, -19.0463395 ], [ 44.3658723, -19.0462355 ], [ 44.3658174, -19.0461394 ], [ 44.3657714, -19.0460305 ], [ 44.3657513, -19.0459286 ], [ 44.3657353, -19.0457974 ], [ 44.3657253, -19.0457183 ], [ 44.3657264, -19.0456307 ], [ 44.3657353, -19.0455247 ], [ 44.3657473, -19.0454074 ], [ 44.3657783, -19.0452592 ], [ 44.3658064, -19.0451133 ], [ 44.3658234, -19.0449915 ], [ 44.3658523, -19.0448744 ], [ 44.365876400000012, -19.0447533 ], [ 44.3658854, -19.0446387 ], [ 44.3658913, -19.0445366 ], [ 44.3658783, -19.0444382 ], [ 44.3658354, -19.0443694 ], [ 44.3657713, -19.0443077 ], [ 44.3657113, -19.0442703 ], [ 44.3656354, -19.0442632 ], [ 44.3655393, -19.0442593 ], [ 44.3654484, -19.0442752 ], [ 44.365360299999985, -19.0442996 ], [ 44.365266299999988, -19.0443307 ], [ 44.3651703, -19.0443833 ], [ 44.3650903, -19.0444202 ], [ 44.3650184, -19.0444595 ], [ 44.3649513, -19.0445044 ], [ 44.3648903, -19.0445495 ], [ 44.3648263, -19.0446024 ], [ 44.3647333, -19.0446623 ], [ 44.3646493, -19.0447246 ], [ 44.3645603, -19.0447834 ], [ 44.3644544, -19.0448415 ], [ 44.3643543, -19.0448906 ], [ 44.3642902, -19.0449215 ], [ 44.3641823, -19.0449576 ], [ 44.3640583, -19.0449804 ], [ 44.3639523, -19.0449702 ], [ 44.3638523, -19.0449566 ], [ 44.3637402, -19.0449316 ], [ 44.3636353, -19.0449084 ], [ 44.3635482, -19.0449125 ], [ 44.3634483, -19.0449142 ], [ 44.3633763, -19.0449162 ], [ 44.3632973, -19.0449057 ], [ 44.3632362, -19.0448886 ], [ 44.363171199999989, -19.0448642 ], [ 44.3631083, -19.0448493 ], [ 44.3630123, -19.0448477 ], [ 44.3628472, -19.0448452 ], [ 44.3627301, -19.0448422 ], [ 44.3626121, -19.0448296 ], [ 44.3624862, -19.0448185 ], [ 44.362386199999989, -19.0448287 ], [ 44.3622882, -19.0448157 ] ] ], [ [ [ 44.3940109, -19.016693 ], [ 44.3940829, -19.0166051 ], [ 44.3941409, -19.0165369 ], [ 44.3941998, -19.0164658 ], [ 44.3942339, -19.0164199 ], [ 44.3942909, -19.0163511 ], [ 44.3943398, -19.0162822 ], [ 44.3943698, -19.0161978 ], [ 44.3943789, -19.0161279 ], [ 44.3920628, -19.0161358 ], [ 44.3919177, -19.016281 ], [ 44.3917838, -19.0164421 ], [ 44.3917397, -19.016502 ], [ 44.391708699999988, -19.0165452 ], [ 44.391631700000012, -19.0166759 ], [ 44.391562699999987, -19.0167688 ], [ 44.3914318, -19.016987 ], [ 44.3913998, -19.0170572 ], [ 44.3913468, -19.0171272 ], [ 44.3912847, -19.0172231 ], [ 44.3912287, -19.017323 ], [ 44.3911797, -19.0174252 ], [ 44.3911367, -19.0175309 ], [ 44.3911018, -19.0176378 ], [ 44.3910737, -19.0177481 ], [ 44.391052699999989, -19.0178591 ], [ 44.3910387, -19.0179708 ], [ 44.391032700000011, -19.0180842 ], [ 44.3910347, -19.018196 ], [ 44.3910427, -19.0183091 ], [ 44.3910597, -19.0184199 ], [ 44.3910827, -19.0185309 ], [ 44.3911137, -19.0186402 ], [ 44.3911517, -19.0187468 ], [ 44.3911957, -19.0188512 ], [ 44.3912477, -19.0189528 ], [ 44.3913057, -19.0190512 ], [ 44.3913707, -19.0191462 ], [ 44.3914407, -19.0192362 ], [ 44.3915177, -19.0193218 ], [ 44.3913617, -19.0194318 ], [ 44.3912047, -19.0195729 ], [ 44.3911668, -19.019612 ], [ 44.3910977, -19.0196858 ], [ 44.3910337, -19.0197619 ], [ 44.3909736, -19.0198419 ], [ 44.3909177, -19.019926 ], [ 44.390867599999986, -19.0200113 ], [ 44.3908327, -19.0200753 ], [ 44.3907956, -19.0201443 ], [ 44.390705600000011, -19.0203618 ], [ 44.3906757, -19.020453 ], [ 44.3906446, -19.0205548 ], [ 44.3906217, -19.0206579 ], [ 44.3906037, -19.0207633 ], [ 44.3905926, -19.0208682 ], [ 44.3905876, -19.0209732 ], [ 44.3905897, -19.0210793 ], [ 44.3905937, -19.0211573 ], [ 44.3905947, -19.0213589 ], [ 44.3905147, -19.0214218 ], [ 44.3904377, -19.0214898 ], [ 44.3903646, -19.0215619 ], [ 44.3902966, -19.0216379 ], [ 44.3902247, -19.0217263 ], [ 44.3901596, -19.0218182 ], [ 44.3900996, -19.0219129 ], [ 44.3900466, -19.0220123 ], [ 44.3899996, -19.022114 ], [ 44.3899736, -19.0221769 ], [ 44.3899286, -19.0222973 ], [ 44.3898737, -19.0223943 ], [ 44.3898247, -19.0224943 ], [ 44.3897817, -19.022596 ], [ 44.3897456, -19.0227012 ], [ 44.3897166, -19.0228082 ], [ 44.3896946, -19.0229163 ], [ 44.3896796, -19.0230251 ], [ 44.3896717, -19.0231352 ], [ 44.3896706, -19.0232453 ], [ 44.3896767, -19.0233549 ], [ 44.3896897, -19.0234651 ], [ 44.3897106, -19.0235732 ], [ 44.3897376, -19.0236803 ], [ 44.3897716, -19.0237862 ], [ 44.3898116, -19.0238889 ], [ 44.389859699999988, -19.0239899 ], [ 44.389912599999981, -19.0240871 ], [ 44.3899726, -19.0241821 ], [ 44.3900387, -19.024272 ], [ 44.3901096, -19.0243592 ], [ 44.3901867, -19.0244414 ], [ 44.3902687, -19.0245191 ], [ 44.3903556, -19.0245924 ], [ 44.3904477, -19.02466 ], [ 44.3905427, -19.0247221 ], [ 44.3906426, -19.024778 ], [ 44.3907457, -19.0248294 ], [ 44.390851600000012, -19.0248741 ], [ 44.3909596, -19.024912 ], [ 44.3910098, -19.0249284 ], [ 44.3910617, -19.0249442 ], [ 44.3911147, -19.0249561 ], [ 44.3911707, -19.0250194 ], [ 44.3912317, -19.0250782 ], [ 44.3912958, -19.0251332 ], [ 44.3913637, -19.0251842 ], [ 44.3914357, -19.0252313 ], [ 44.3915108, -19.0252722 ], [ 44.3914948, -19.0254121 ], [ 44.3914098, -19.0256223 ], [ 44.3913797, -19.0257253 ], [ 44.3913418, -19.0258401 ], [ 44.3913187, -19.02592 ], [ 44.3912877, -19.025988 ], [ 44.3911797, -19.0261641 ], [ 44.391139699999982, -19.0262393 ], [ 44.3910926, -19.0263353 ], [ 44.3910487, -19.0264291 ], [ 44.3909997, -19.0265523 ], [ 44.3909097, -19.0267133 ], [ 44.3908117, -19.0269545 ], [ 44.3907717, -19.0270771 ], [ 44.3907436, -19.027175 ], [ 44.3907216, -19.0272742 ], [ 44.3907046, -19.0273739 ], [ 44.3906946, -19.0274743 ], [ 44.3906897, -19.0275759 ], [ 44.3906906, -19.027677 ], [ 44.3906936, -19.0277471 ], [ 44.3907137, -19.0279444 ], [ 44.3907217, -19.027997 ], [ 44.3907306, -19.0280772 ], [ 44.3907446, -19.0281565 ], [ 44.3907637, -19.028234 ], [ 44.3907877, -19.0283111 ], [ 44.3908167, -19.028386 ], [ 44.3908307, -19.028494 ], [ 44.3908516, -19.0286009 ], [ 44.3908797, -19.0287074 ], [ 44.390914599999988, -19.0288111 ], [ 44.3909557, -19.0289121 ], [ 44.3910027, -19.0290115 ], [ 44.3910567, -19.0291081 ], [ 44.3911178, -19.0292002 ], [ 44.3911837, -19.0292891 ], [ 44.3912547, -19.029374 ], [ 44.3913738, -19.0295865 ], [ 44.3914527, -19.0296975 ], [ 44.391489600000014, -19.0297454 ], [ 44.391574699999985, -19.0298513 ], [ 44.3916347, -19.0299593 ], [ 44.3916758, -19.0300213 ], [ 44.3918057, -19.0301973 ], [ 44.3918948, -19.0303044 ], [ 44.391958699999989, -19.0303763 ], [ 44.3920267, -19.0304454 ], [ 44.3920988, -19.0305111 ], [ 44.3921918, -19.0305901 ], [ 44.3923368, -19.0307114 ], [ 44.3924227, -19.0307751 ], [ 44.3924758, -19.0308141 ], [ 44.3925797, -19.0308841 ], [ 44.392823799999988, -19.0310145 ], [ 44.3929617, -19.0310923 ], [ 44.3930339, -19.0311411 ], [ 44.3932309, -19.031259 ], [ 44.3933338, -19.0313144 ], [ 44.3934408, -19.0313653 ], [ 44.3937048, -19.0314614 ], [ 44.3937738, -19.0314814 ], [ 44.3940108, -19.0315315 ], [ 44.393951799999982, -19.0317544 ], [ 44.3939428, -19.0318193 ], [ 44.3939328, -19.0318954 ], [ 44.3939258, -19.0319716 ], [ 44.3939208, -19.0320573 ], [ 44.3939098, -19.0321233 ], [ 44.3938978, -19.0321892 ], [ 44.3938738, -19.0323775 ], [ 44.3938189, -19.0325695 ], [ 44.3937898, -19.0327041 ], [ 44.3937608, -19.0328224 ], [ 44.3937289, -19.0330055 ], [ 44.3937148, -19.0331132 ], [ 44.3936988, -19.0332672 ], [ 44.3936948, -19.0333445 ], [ 44.3936918, -19.0334422 ], [ 44.3936948, -19.0335393 ], [ 44.3937049, -19.0336366 ], [ 44.3937228, -19.0337322 ], [ 44.3937339, -19.0338351 ], [ 44.3937508, -19.0339381 ], [ 44.3937759, -19.0340394 ], [ 44.3938219, -19.0341822 ], [ 44.3938629, -19.0342883 ], [ 44.3939098, -19.0343916 ], [ 44.3939638, -19.0344916 ], [ 44.3940238, -19.0345882 ], [ 44.3940909, -19.0346816 ], [ 44.3941628, -19.0347694 ], [ 44.3942418, -19.0348544 ], [ 44.3943248, -19.0349332 ], [ 44.3944139, -19.0350082 ], [ 44.3945068, -19.0350776 ], [ 44.3946049, -19.0351402 ], [ 44.3947069, -19.0351973 ], [ 44.3948118, -19.0352493 ], [ 44.3949199, -19.0352945 ], [ 44.3950309, -19.0353325 ], [ 44.3951448, -19.0353643 ], [ 44.3952598, -19.0353893 ], [ 44.3953769, -19.0354075 ], [ 44.3954939, -19.0354184 ], [ 44.3956129, -19.0354226 ], [ 44.3957309, -19.0354205 ], [ 44.3958489, -19.0354105 ], [ 44.3959659, -19.0353932 ], [ 44.396081, -19.0353691 ], [ 44.3961949, -19.0353393 ], [ 44.396307, -19.0353022 ], [ 44.396415, -19.0352582 ], [ 44.396521, -19.0352086 ], [ 44.396624, -19.0351516 ], [ 44.396722, -19.0350894 ], [ 44.3968159, -19.0350216 ], [ 44.396942, -19.0349705 ], [ 44.397136, -19.0348772 ], [ 44.397321, -19.0347754 ], [ 44.3973919, -19.0347395 ], [ 44.397454, -19.0347532 ], [ 44.3975911, -19.0347824 ], [ 44.397694, -19.0348152 ], [ 44.397725, -19.0349211 ], [ 44.397818, -19.0351683 ], [ 44.397884, -19.0352961 ], [ 44.3979181, -19.0353564 ], [ 44.3979621, -19.0354354 ], [ 44.3980131, -19.0355122 ], [ 44.398068, -19.0355856 ], [ 44.3981301, -19.0356541 ], [ 44.3981771, -19.0357303 ], [ 44.3980431, -19.0358146 ], [ 44.3979531, -19.0358751 ], [ 44.397860099999988, -19.0359441 ], [ 44.397771, -19.0360171 ], [ 44.397687, -19.0360963 ], [ 44.397608, -19.0361802 ], [ 44.3975349, -19.0362691 ], [ 44.3974861, -19.0363313 ], [ 44.397424, -19.0364164 ], [ 44.3973051, -19.0366121 ], [ 44.397247, -19.0367182 ], [ 44.397207, -19.0367866 ], [ 44.3971361, -19.0368581 ], [ 44.397068, -19.0369336 ], [ 44.397006, -19.0370125 ], [ 44.3969489, -19.0370943 ], [ 44.3968969, -19.0371801 ], [ 44.39685, -19.0372683 ], [ 44.396651, -19.0373321 ], [ 44.3965469, -19.0373112 ], [ 44.3964429, -19.0372953 ], [ 44.3963369, -19.0372862 ], [ 44.3962309, -19.0372833 ], [ 44.3961249, -19.0372861 ], [ 44.3960539, -19.0372893 ], [ 44.395912, -19.0373024 ], [ 44.3956599, -19.0373504 ], [ 44.395553, -19.0373802 ], [ 44.3954489, -19.0374163 ], [ 44.3953469, -19.0374586 ], [ 44.395247, -19.0375067 ], [ 44.3951519, -19.0375592 ], [ 44.3950588, -19.0376186 ], [ 44.3949939, -19.0376484 ], [ 44.3948279, -19.0376736 ], [ 44.3945938, -19.0377235 ], [ 44.3943259, -19.0377787 ], [ 44.3942218, -19.0378074 ], [ 44.3941528, -19.0378275 ], [ 44.3940439, -19.0378613 ], [ 44.3939358, -19.0379013 ], [ 44.3938319, -19.0379482 ], [ 44.3937308, -19.0380012 ], [ 44.3936327, -19.0380594 ], [ 44.3935387, -19.0381233 ], [ 44.3934488, -19.0381923 ], [ 44.3933637, -19.0382665 ], [ 44.3932838, -19.0383452 ], [ 44.3932088, -19.0384285 ], [ 44.3931657, -19.0384805 ], [ 44.3930607, -19.0386166 ], [ 44.3929417, -19.0388145 ], [ 44.3928798, -19.0389341 ], [ 44.3928568, -19.0389813 ], [ 44.3928198, -19.0390577 ], [ 44.3927858, -19.0391172 ], [ 44.3927108, -19.0392767 ], [ 44.3926557, -19.0393743 ], [ 44.3925798, -19.0394632 ], [ 44.3925108, -19.0395556 ], [ 44.3924468, -19.0396526 ], [ 44.3923908, -19.0397525 ], [ 44.3923408, -19.0398564 ], [ 44.3922978, -19.0399626 ], [ 44.3922617, -19.0400712 ], [ 44.3922327, -19.0401816 ], [ 44.3922117, -19.0402931 ], [ 44.3921977, -19.0404065 ], [ 44.3921917, -19.0405205 ], [ 44.392193700000014, -19.0406346 ], [ 44.3922027, -19.0407476 ], [ 44.392218799999988, -19.0408602 ], [ 44.3922428, -19.0409722 ], [ 44.39227480000001, -19.0410827 ], [ 44.3923128, -19.0411893 ], [ 44.3923587, -19.0412954 ], [ 44.3924107, -19.0413976 ], [ 44.3924708, -19.0414966 ], [ 44.3925357, -19.0415916 ], [ 44.3926077, -19.0416822 ], [ 44.3926858, -19.0417683 ], [ 44.392769799999982, -19.0418506 ], [ 44.392857799999987, -19.0419272 ], [ 44.3929367, -19.0421365 ], [ 44.3929977, -19.0422445 ], [ 44.3929938, -19.0423077 ], [ 44.3929778, -19.0423532 ], [ 44.3929458, -19.0424534 ], [ 44.3929258, -19.0425367 ], [ 44.3928427, -19.0426143 ], [ 44.3927677, -19.0426925 ], [ 44.392697800000015, -19.0427747 ], [ 44.3926327, -19.0428592 ], [ 44.3925737, -19.0429484 ], [ 44.392519799999981, -19.0430404 ], [ 44.3924717, -19.0431353 ], [ 44.3924427, -19.0431976 ], [ 44.3923617, -19.0434034 ], [ 44.3922998, -19.0436613 ], [ 44.3922877, -19.0437447 ], [ 44.3922537, -19.0440233 ], [ 44.3922378, -19.0440745 ], [ 44.3922078, -19.0441815 ], [ 44.3921857, -19.0442896 ], [ 44.3921698, -19.0443984 ], [ 44.3921617, -19.0445073 ], [ 44.3921598, -19.0446174 ], [ 44.3921657, -19.0447276 ], [ 44.3921777, -19.0448367 ], [ 44.3921977, -19.0449453 ], [ 44.3922237, -19.0450524 ], [ 44.3922498, -19.0451413 ], [ 44.3922748, -19.0452415 ], [ 44.3923718, -19.0454984 ], [ 44.3924127, -19.0455954 ], [ 44.3924597, -19.0456897 ], [ 44.3925127, -19.0457807 ], [ 44.3925707, -19.0458683 ], [ 44.392633799999984, -19.0459537 ], [ 44.3927018, -19.0460358 ], [ 44.3927758, -19.0461123 ], [ 44.3928527, -19.0461854 ], [ 44.3929348, -19.0462546 ], [ 44.3929768, -19.0462963 ], [ 44.3930468, -19.0463807 ], [ 44.3931217, -19.0464595 ], [ 44.393201800000014, -19.0465343 ], [ 44.3932857, -19.0466047 ], [ 44.3933747, -19.0466695 ], [ 44.3934678, -19.0467293 ], [ 44.3935638, -19.0467846 ], [ 44.3936628, -19.0468343 ], [ 44.3937648, -19.0468783 ], [ 44.3938699, -19.0469168 ], [ 44.3939768, -19.0469485 ], [ 44.3940858, -19.0469734 ], [ 44.3941958, -19.0469933 ], [ 44.3943068, -19.0470075 ], [ 44.3944188, -19.0470144 ], [ 44.3944739, -19.0470167 ], [ 44.3945258, -19.0470173 ], [ 44.3946439, -19.0470113 ], [ 44.3947059, -19.0470888 ], [ 44.3947728, -19.0471624 ], [ 44.3948438, -19.0472326 ], [ 44.3949188, -19.0472995 ], [ 44.3949969, -19.0473614 ], [ 44.3950799, -19.0474194 ], [ 44.3951649, -19.0474734 ], [ 44.395210899999988, -19.0475005 ], [ 44.3952679, -19.0475327 ], [ 44.3953559, -19.0475806 ], [ 44.395447, -19.0476273 ], [ 44.39554, -19.0476696 ], [ 44.3956358, -19.0477068 ], [ 44.3957339, -19.0477384 ], [ 44.395832899999981, -19.0477655 ], [ 44.3959449, -19.0477927 ], [ 44.3961539, -19.0478306 ], [ 44.3962599, -19.0478618 ], [ 44.3963679, -19.0478856 ], [ 44.3964779, -19.0479037 ], [ 44.3965879, -19.0479157 ], [ 44.3966989, -19.0479215 ], [ 44.39681, -19.0479216 ], [ 44.3969209, -19.0479144 ], [ 44.397032, -19.0479026 ], [ 44.397141, -19.0478835 ], [ 44.397249, -19.0478587 ], [ 44.3973549, -19.0478277 ], [ 44.3975, -19.0477757 ], [ 44.397605899999988, -19.0477317 ], [ 44.397708, -19.0476804 ], [ 44.397808, -19.0476245 ], [ 44.397903, -19.0475634 ], [ 44.3979939, -19.0474967 ], [ 44.3980809, -19.0474237 ], [ 44.398163, -19.0473467 ], [ 44.39824, -19.0472645 ], [ 44.398311, -19.0471783 ], [ 44.398377, -19.0470876 ], [ 44.3984371, -19.0469934 ], [ 44.3984901, -19.0468963 ], [ 44.398537, -19.0467963 ], [ 44.3985781, -19.0466935 ], [ 44.398655, -19.0466785 ], [ 44.398835, -19.0466167 ], [ 44.3989561, -19.0466768 ], [ 44.3990531, -19.0467214 ], [ 44.3991531, -19.0467603 ], [ 44.3992541, -19.0467948 ], [ 44.3993581, -19.0468236 ], [ 44.3994411, -19.0468437 ], [ 44.399597, -19.0468884 ], [ 44.3997072, -19.0469393 ], [ 44.3998021, -19.0469805 ], [ 44.399899, -19.0470166 ], [ 44.3999971, -19.0470476 ], [ 44.4000981, -19.0470736 ], [ 44.4002002, -19.0470933 ], [ 44.4003032, -19.0471086 ], [ 44.4004061, -19.0471188 ], [ 44.4005482, -19.0471255 ], [ 44.4007582, -19.0472374 ], [ 44.4009992, -19.0473276 ], [ 44.4010522, -19.0473423 ], [ 44.4011672, -19.0473735 ], [ 44.4012841, -19.0473968 ], [ 44.4014012, -19.0474128 ], [ 44.4015202, -19.0474215 ], [ 44.4016392, -19.0474234 ], [ 44.4017321, -19.0474227 ], [ 44.4019833, -19.0474024 ], [ 44.402161199999988, -19.0474078 ], [ 44.4022523, -19.0474048 ], [ 44.4023672, -19.0473977 ], [ 44.4024813, -19.0473848 ], [ 44.4025952, -19.0473635 ], [ 44.4027063, -19.0473376 ], [ 44.4028163, -19.0473044 ], [ 44.4029242, -19.0472655 ], [ 44.4030293, -19.0472193 ], [ 44.4031313, -19.0471685 ], [ 44.4032293, -19.0471114 ], [ 44.4033243, -19.0470487 ], [ 44.4034142, -19.0469808 ], [ 44.4035003, -19.0469078 ], [ 44.4035813, -19.0468296 ], [ 44.4036573, -19.0467463 ], [ 44.4037273, -19.0466596 ], [ 44.4038083, -19.0465447 ], [ 44.4038643, -19.0464567 ], [ 44.4039142, -19.0463658 ], [ 44.4039583, -19.0462714 ], [ 44.4039974, -19.0461753 ], [ 44.4040303, -19.0460785 ], [ 44.4040583, -19.0459783 ], [ 44.4040793, -19.0458775 ], [ 44.404088400000013, -19.0458234 ], [ 44.4041043, -19.0457163 ], [ 44.4041123, -19.0456096 ], [ 44.4041143, -19.0455018 ], [ 44.4041073, -19.0453865 ], [ 44.4040313, -19.0454196 ], [ 44.4038593, -19.0455018 ], [ 44.4036343, -19.0455704 ], [ 44.4032872, -19.0456066 ], [ 44.4030733, -19.0455726 ], [ 44.4028903, -19.0456406 ], [ 44.4027182, -19.0457618 ], [ 44.4025622, -19.0458295 ], [ 44.4023483, -19.0457955 ], [ 44.402211199999989, -19.0456714 ], [ 44.4021892, -19.0455983 ], [ 44.4020992, -19.0456018 ], [ 44.4019962, -19.0455928 ], [ 44.4019363, -19.0455627 ], [ 44.4018732, -19.0455705 ], [ 44.4017982, -19.0455877 ], [ 44.4017082, -19.0456166 ], [ 44.4016152, -19.0456173 ], [ 44.401536199999988, -19.0455718 ], [ 44.4014891, -19.0455024 ], [ 44.4014312, -19.0454424 ], [ 44.4013501, -19.0453743 ], [ 44.4012942, -19.0453393 ], [ 44.4012102, -19.0452994 ], [ 44.4010822, -19.0452804 ], [ 44.4009391, -19.0452873 ], [ 44.4008212, -19.0453018 ], [ 44.400748100000015, -19.0453185 ], [ 44.4006382, -19.0453223 ], [ 44.4005421, -19.0453167 ], [ 44.4004311, -19.0452647 ], [ 44.4003572, -19.0452136 ], [ 44.4002712, -19.0451737 ], [ 44.4002061, -19.0451317 ], [ 44.4001381, -19.0451067 ], [ 44.4000651, -19.0450923 ], [ 44.3999882, -19.0450926 ], [ 44.3999161, -19.0450946 ], [ 44.3998342, -19.0450745 ], [ 44.3997132, -19.0450144 ], [ 44.3996471, -19.0449323 ], [ 44.3995391, -19.0448046 ], [ 44.3994742, -19.0447277 ], [ 44.3994421, -19.0446884 ], [ 44.3993941, -19.0446438 ], [ 44.3993281, -19.0445843 ], [ 44.399222, -19.0445284 ], [ 44.399165, -19.0444927 ], [ 44.399067099999989, -19.0444487 ], [ 44.3989771, -19.0444336 ], [ 44.398912, -19.0444385 ], [ 44.3988581, -19.0444424 ], [ 44.3987181, -19.0444493 ], [ 44.3986051, -19.0444526 ], [ 44.3985031, -19.0444565 ], [ 44.3984141, -19.0444623 ], [ 44.39832, -19.0445103 ], [ 44.3982471, -19.0445835 ], [ 44.3982361, -19.0447387 ], [ 44.398244, -19.0448274 ], [ 44.398179, -19.0449046 ], [ 44.398141, -19.0449398 ], [ 44.398069, -19.0449384 ], [ 44.3980189, -19.0449277 ], [ 44.397965, -19.0448836 ], [ 44.397925, -19.0448385 ], [ 44.397885, -19.0448076 ], [ 44.397822, -19.0448074 ], [ 44.39775, -19.0448168 ], [ 44.397674, -19.0448515 ], [ 44.3976221, -19.0448984 ], [ 44.3975751, -19.0449888 ], [ 44.397449, -19.0450986 ], [ 44.397376, -19.0451475 ], [ 44.3973009, -19.0452003 ], [ 44.3972359, -19.0452944 ], [ 44.397172, -19.0453496 ], [ 44.3971049, -19.0453737 ], [ 44.397023, -19.0453496 ], [ 44.3969569, -19.0453257 ], [ 44.396896, -19.0453646 ], [ 44.39685, -19.0454115 ], [ 44.3967989, -19.0454973 ], [ 44.3967569, -19.0456267 ], [ 44.3967119, -19.0457357 ], [ 44.3967249, -19.0458014 ], [ 44.396732, -19.0458884 ], [ 44.396758, -19.0459977 ], [ 44.396787, -19.0461008 ], [ 44.396686, -19.0460918 ], [ 44.3966329, -19.0460584 ], [ 44.396571, -19.0460526 ], [ 44.39651, -19.0460503 ], [ 44.396414899999989, -19.0460413 ], [ 44.3963029, -19.0460146 ], [ 44.3962149, -19.0459668 ], [ 44.3961689, -19.0459397 ], [ 44.3961149, -19.0458617 ], [ 44.396093, -19.0458005 ], [ 44.3960909, -19.0457135 ], [ 44.3960939, -19.0456656 ], [ 44.3960639, -19.0455585 ], [ 44.3960369, -19.0455108 ], [ 44.3959889, -19.0454797 ], [ 44.3959198, -19.0454677 ], [ 44.3958249, -19.0454344 ], [ 44.3957369, -19.0453657 ], [ 44.3956949, -19.0453257 ], [ 44.3956379, -19.0452923 ], [ 44.3955799, -19.0452747 ], [ 44.395469899999988, -19.0452497 ], [ 44.3953859, -19.0452155 ], [ 44.3953399, -19.0451613 ], [ 44.3953258, -19.0451126 ], [ 44.3953669, -19.0450606 ], [ 44.3954229, -19.0449866 ], [ 44.3954429, -19.0449163 ], [ 44.3954678, -19.0448556 ], [ 44.395463799999987, -19.0447584 ], [ 44.3954529, -19.0446566 ], [ 44.3954129, -19.0445692 ], [ 44.3953488, -19.0444793 ], [ 44.3952949, -19.0444516 ], [ 44.3951749, -19.0444293 ], [ 44.3950379, -19.0444532 ], [ 44.3949088, -19.0444823 ], [ 44.3948229, -19.0445265 ], [ 44.3947698, -19.0445835 ], [ 44.3946828, -19.0446627 ], [ 44.3946618, -19.0447573 ], [ 44.3946119, -19.0448573 ], [ 44.394593799999988, -19.0449463 ], [ 44.3946129, -19.0450143 ], [ 44.3946218, -19.0450866 ], [ 44.3946218, -19.0451454 ], [ 44.3945478, -19.0452117 ], [ 44.3944929, -19.0452094 ], [ 44.3944588, -19.0451644 ], [ 44.3944108, -19.0451114 ], [ 44.3943258, -19.0450026 ], [ 44.3942529, -19.0449554 ], [ 44.3942108, -19.0449126 ], [ 44.3941529, -19.0448685 ], [ 44.3941288, -19.0448067 ], [ 44.3941038, -19.0447533 ], [ 44.3940918, -19.0446894 ], [ 44.3940728, -19.0446327 ], [ 44.394059899999981, -19.0445857 ], [ 44.3940758, -19.0445345 ], [ 44.394106900000011, -19.0444575 ], [ 44.3941328, -19.0443804 ], [ 44.3941428, -19.0442822 ], [ 44.3941508, -19.0441988 ], [ 44.394168799999989, -19.0441193 ], [ 44.3941668, -19.0440075 ], [ 44.3941789, -19.0439325 ], [ 44.3942078, -19.0438713 ], [ 44.3942668, -19.0438127 ], [ 44.3943608, -19.0437804 ], [ 44.3944798, -19.0437597 ], [ 44.3945779, -19.0437044 ], [ 44.3946778, -19.0436564 ], [ 44.394711799999989, -19.0435963 ], [ 44.394740899999988, -19.0435295 ], [ 44.3947808, -19.0434424 ], [ 44.3947998, -19.0433726 ], [ 44.3948009, -19.0432523 ], [ 44.3947698, -19.0431577 ], [ 44.3947529, -19.0430756 ], [ 44.3947619, -19.0429842 ], [ 44.394793799999988, -19.0428852 ], [ 44.3948278, -19.0427885 ], [ 44.3948809, -19.0427213 ], [ 44.3949608, -19.0426844 ], [ 44.3950239, -19.0426986 ], [ 44.3950779, -19.0427687 ], [ 44.3951679, -19.0428397 ], [ 44.395255899999988, -19.0428542 ], [ 44.3953478, -19.0428366 ], [ 44.395461, -19.0428373 ], [ 44.3955648, -19.0428165 ], [ 44.395662900000012, -19.0427385 ], [ 44.3957639, -19.0426584 ], [ 44.395770899999988, -19.0425506 ], [ 44.3957529, -19.0424623 ], [ 44.395714, -19.0424026 ], [ 44.3956539, -19.0423883 ], [ 44.3955599, -19.0423613 ], [ 44.3954849, -19.0423655 ], [ 44.3953688, -19.0423546 ], [ 44.3952999, -19.0423465 ], [ 44.3952458, -19.0422872 ], [ 44.395200900000013, -19.0422263 ], [ 44.3951669, -19.0421146 ], [ 44.3950859, -19.0419912 ], [ 44.3950319, -19.0419415 ], [ 44.3949628, -19.0418893 ], [ 44.3948868, -19.0418376 ], [ 44.3948338, -19.0417806 ], [ 44.3948119, -19.0417013 ], [ 44.3948039, -19.0416063 ], [ 44.3947919, -19.0415356 ], [ 44.3947408, -19.0414746 ], [ 44.3946749, -19.0414055 ], [ 44.3946638, -19.0413416 ], [ 44.394702900000013, -19.0412556 ], [ 44.3947508, -19.0411805 ], [ 44.3947958, -19.0411353 ], [ 44.3948619, -19.0410722 ], [ 44.3949589, -19.0410575 ], [ 44.3950179, -19.0410243 ], [ 44.3950809, -19.0409832 ], [ 44.3951219, -19.0409255 ], [ 44.3951705, -19.0408244 ], [ 44.3950418, -19.0408794 ], [ 44.3949219, -19.0409357 ], [ 44.3948228, -19.0409543 ], [ 44.3947358, -19.0409313 ], [ 44.3946418, -19.0408874 ], [ 44.3945599, -19.0408876 ], [ 44.3944858, -19.0408647 ], [ 44.3943528, -19.0407672 ], [ 44.3942419, -19.0406756 ], [ 44.3941588, -19.0406103 ], [ 44.3941169, -19.0405653 ], [ 44.3941959, -19.0405187 ], [ 44.3942418, -19.0404294 ], [ 44.3942808, -19.0403932 ], [ 44.3942989, -19.0402934 ], [ 44.3943318, -19.0402226 ], [ 44.3943708, -19.0401553 ], [ 44.3944219, -19.0400785 ], [ 44.3944628, -19.0399672 ], [ 44.3945238, -19.0398583 ], [ 44.3945849, -19.0397314 ], [ 44.3946468, -19.0396112 ], [ 44.3946899, -19.0395603 ], [ 44.3947589, -19.0395402 ], [ 44.3948628, -19.0395115 ], [ 44.3949928, -19.0394932 ], [ 44.395129800000014, -19.0394574 ], [ 44.3952899, -19.0394332 ], [ 44.39537, -19.0394505 ], [ 44.3954369, -19.0395382 ], [ 44.3955289, -19.0395986 ], [ 44.3956228, -19.0396352 ], [ 44.3956809, -19.0396127 ], [ 44.395703, -19.0395536 ], [ 44.395699, -19.0394576 ], [ 44.395707, -19.0393882 ], [ 44.3957629, -19.0393256 ], [ 44.3958219, -19.0392732 ], [ 44.395923, -19.0392314 ], [ 44.3960359, -19.0392107 ], [ 44.396092, -19.0391514 ], [ 44.3961439, -19.0390972 ], [ 44.3962309, -19.0390903 ], [ 44.3963439, -19.0391531 ], [ 44.3964539, -19.0392306 ], [ 44.396539, -19.0392564 ], [ 44.396707, -19.0392233 ], [ 44.3968069, -19.0391956 ], [ 44.3969219, -19.0391777 ], [ 44.396998, -19.0391797 ], [ 44.397092, -19.0391564 ], [ 44.3971599, -19.0391115 ], [ 44.3972399, -19.0390525 ], [ 44.3973659, -19.0390076 ], [ 44.3974991, -19.0389746 ], [ 44.3975929, -19.0389576 ], [ 44.397668, -19.0389376 ], [ 44.397785, -19.0389745 ], [ 44.39789, -19.0390355 ], [ 44.397988, -19.0390744 ], [ 44.398064, -19.0391125 ], [ 44.398122, -19.0391002 ], [ 44.398171, -19.0390516 ], [ 44.3981941, -19.0389644 ], [ 44.3981841, -19.0388705 ], [ 44.398209, -19.0388256 ], [ 44.3982101, -19.0387223 ], [ 44.398196, -19.0386533 ], [ 44.398234099999989, -19.0385842 ], [ 44.3983031, -19.0385404 ], [ 44.3983621, -19.0384834 ], [ 44.3984151, -19.0384022 ], [ 44.398461, -19.0383253 ], [ 44.3984841, -19.0382205 ], [ 44.3985211, -19.0381504 ], [ 44.3985651, -19.0380453 ], [ 44.398646, -19.0379835 ], [ 44.3987001, -19.0379344 ], [ 44.398762, -19.0378713 ], [ 44.398794099999989, -19.0377994 ], [ 44.3988401, -19.0377163 ], [ 44.3988861, -19.0376316 ], [ 44.398942, -19.0375413 ], [ 44.3990101, -19.0374105 ], [ 44.3990561, -19.0373511 ], [ 44.3991541, -19.0372794 ], [ 44.3992481, -19.0372262 ], [ 44.399373, -19.0371864 ], [ 44.3994972, -19.0371471 ], [ 44.3995811, -19.0370961 ], [ 44.3997601, -19.0370755 ], [ 44.3998721, -19.0370424 ], [ 44.3999361, -19.0369776 ], [ 44.4000892, -19.0368951 ], [ 44.4002131, -19.0368824 ], [ 44.4003062, -19.0368326 ], [ 44.400380100000014, -19.0367651 ], [ 44.400499099999983, -19.0367416 ], [ 44.4006241, -19.0367662 ], [ 44.4007412, -19.0367534 ], [ 44.4008602, -19.0367163 ], [ 44.4009602, -19.0366446 ], [ 44.4010302, -19.0365533 ], [ 44.4010832, -19.0364974 ], [ 44.4010752, -19.0364465 ], [ 44.4010432, -19.0363931 ], [ 44.4010172, -19.0363493 ], [ 44.4009862, -19.0362852 ], [ 44.4009542, -19.0362295 ], [ 44.4009142, -19.0361782 ], [ 44.4008781, -19.0360671 ], [ 44.4009041, -19.0359934 ], [ 44.4009443, -19.0359544 ], [ 44.4010401, -19.0359436 ], [ 44.4011062, -19.0358861 ], [ 44.4011472, -19.0358183 ], [ 44.4012232, -19.0358186 ], [ 44.4012722, -19.0357722 ], [ 44.4012561, -19.0357252 ], [ 44.4012261, -19.0356786 ], [ 44.4012582, -19.0355705 ], [ 44.4012851, -19.0354692 ], [ 44.4012992, -19.0353643 ], [ 44.401312200000014, -19.0352763 ], [ 44.4013012, -19.0351751 ], [ 44.4012912, -19.0350536 ], [ 44.4012672, -19.0349653 ], [ 44.4012332, -19.0349033 ], [ 44.4011982, -19.0348324 ], [ 44.4011451, -19.0347634 ], [ 44.4012031, -19.0347421 ], [ 44.4012921, -19.0348662 ], [ 44.4014223, -19.0349444 ], [ 44.4015312, -19.0349434 ], [ 44.4017582, -19.0349182 ], [ 44.4018462, -19.0349322 ], [ 44.4019053, -19.0348826 ], [ 44.4019083, -19.0347872 ], [ 44.4019052, -19.0346963 ], [ 44.4019032, -19.0346195 ], [ 44.4018133, -19.0345575 ], [ 44.4017232, -19.0345096 ], [ 44.401628200000012, -19.0344842 ], [ 44.4015573, -19.0344801 ], [ 44.4014713, -19.0344853 ], [ 44.4013662, -19.0344954 ], [ 44.4011952, -19.0345895 ], [ 44.4011752, -19.0346695 ], [ 44.4010642, -19.0346914 ], [ 44.4009931, -19.0346674 ], [ 44.4008832, -19.0346171 ], [ 44.4008182, -19.0345904 ], [ 44.4007362, -19.0345324 ], [ 44.4006631, -19.0345113 ], [ 44.4005582, -19.0344514 ], [ 44.4004852, -19.0344263 ], [ 44.4003511, -19.0343926 ], [ 44.4002242, -19.0344025 ], [ 44.4001492, -19.0344062 ], [ 44.4000252, -19.0344364 ], [ 44.3999332, -19.0344952 ], [ 44.3998551, -19.0345661 ], [ 44.3997821, -19.0345844 ], [ 44.3997291, -19.0345613 ], [ 44.3996482, -19.0345412 ], [ 44.3995892, -19.0344976 ], [ 44.399555100000015, -19.0344373 ], [ 44.3995282, -19.0343433 ], [ 44.3995111, -19.0342432 ], [ 44.399533, -19.0341525 ], [ 44.399553099999984, -19.0340804 ], [ 44.3995131, -19.0340105 ], [ 44.3994811, -19.0339622 ], [ 44.3994502, -19.0338811 ], [ 44.3994221, -19.0337876 ], [ 44.3994111, -19.0336932 ], [ 44.3993741, -19.0336182 ], [ 44.3993011, -19.0335265 ], [ 44.3992372, -19.0334473 ], [ 44.3991711, -19.0333743 ], [ 44.399035, -19.0332632 ], [ 44.398956, -19.0331946 ], [ 44.3988491, -19.03312450000001 ], [ 44.398789, -19.0330995 ], [ 44.3986721, -19.0330875 ], [ 44.3985601, -19.0330936 ], [ 44.398502099999988, -19.0330794 ], [ 44.398449, -19.0330692 ], [ 44.3983791, -19.0330695 ], [ 44.3983251, -19.0330565 ], [ 44.398229, -19.033074 ], [ 44.3981211, -19.0330271 ], [ 44.398007, -19.033019 ], [ 44.39788, -19.0329922 ], [ 44.397769, -19.0329673 ], [ 44.3976411, -19.0329393 ], [ 44.397548, -19.0329252 ], [ 44.397456, -19.0329135 ], [ 44.39737, -19.0328792 ], [ 44.39731, -19.0328723 ], [ 44.3972381, -19.0328653 ], [ 44.397068899999987, -19.0328713 ], [ 44.396952, -19.0328655 ], [ 44.396837, -19.0328761 ], [ 44.396758, -19.0329062 ], [ 44.396629, -19.0329725 ], [ 44.396527, -19.0330375 ], [ 44.3964559, -19.0331061 ], [ 44.396416, -19.0331661 ], [ 44.396383, -19.0332081 ], [ 44.396189, -19.0333115 ], [ 44.3960039, -19.0333874 ], [ 44.395835, -19.0334662 ], [ 44.395701, -19.0335472 ], [ 44.3956259, -19.0336163 ], [ 44.3956129, -19.0335614 ], [ 44.3955929, -19.0334262 ], [ 44.3955969, -19.0333495 ], [ 44.3956119, -19.0332294 ], [ 44.3956459, -19.0330914 ], [ 44.3956799, -19.0329342 ], [ 44.3957369, -19.0327802 ], [ 44.395773, -19.0326496 ], [ 44.3957659, -19.0325354 ], [ 44.395784, -19.0324216 ], [ 44.3957989, -19.0323302 ], [ 44.3958279, -19.0322645 ], [ 44.3958339, -19.03219 ], [ 44.395818899999988, -19.0321165 ], [ 44.3958289, -19.0320324 ], [ 44.3958679, -19.0319482 ], [ 44.3959339, -19.0318461 ], [ 44.3960229, -19.0317415 ], [ 44.39609, -19.0316723 ], [ 44.3961899, -19.0315983 ], [ 44.3963, -19.0315323 ], [ 44.3964029, -19.0314556 ], [ 44.396496, -19.0314075 ], [ 44.396558, -19.0313754 ], [ 44.396636, -19.0313644 ], [ 44.3967349, -19.0313881 ], [ 44.396826, -19.0313451 ], [ 44.396938, -19.0312684 ], [ 44.397052, -19.0311681 ], [ 44.397141, -19.0310663 ], [ 44.397211, -19.0309485 ], [ 44.397279, -19.0308521 ], [ 44.397345, -19.0307744 ], [ 44.397426, -19.0307041 ], [ 44.3975521, -19.0306784 ], [ 44.397724, -19.0306375 ], [ 44.397905, -19.0305785 ], [ 44.397958, -19.0305283 ], [ 44.3979951, -19.0304931 ], [ 44.3980521, -19.0304232 ], [ 44.398085, -19.030362 ], [ 44.3981231, -19.0302602 ], [ 44.398163, -19.0301765 ], [ 44.398181, -19.0300564 ], [ 44.3981841, -19.0299622 ], [ 44.3981731, -19.0298892 ], [ 44.398145, -19.029811 ], [ 44.398111, -19.0297615 ], [ 44.3980741, -19.029713 ], [ 44.398031, -19.0296414 ], [ 44.3979821, -19.029603 ], [ 44.3979271, -19.0295742 ], [ 44.397853, -19.0295355 ], [ 44.397777, -19.0295273 ], [ 44.397707, -19.0295232 ], [ 44.3976, -19.029505 ], [ 44.3975029, -19.0294921 ], [ 44.3974329, -19.0294992 ], [ 44.397365, -19.0294804 ], [ 44.3972801, -19.0295093 ], [ 44.397202, -19.0295322 ], [ 44.397152, -19.0295593 ], [ 44.397064, -19.0295911 ], [ 44.396973, -19.029625 ], [ 44.396886, -19.0296393 ], [ 44.396814, -19.0296492 ], [ 44.396731, -19.0296404 ], [ 44.396664, -19.0296374 ], [ 44.396568, -19.0296205 ], [ 44.396482899999988, -19.0296111 ], [ 44.396387, -19.0296642 ], [ 44.396334, -19.0297082 ], [ 44.3962739, -19.029755 ], [ 44.396206, -19.0297723 ], [ 44.396139, -19.0297924 ], [ 44.396056, -19.0298152 ], [ 44.396014, -19.0298645 ], [ 44.395978899999989, -19.0299262 ], [ 44.3959429, -19.0299783 ], [ 44.395886, -19.0300121 ], [ 44.395815, -19.0300282 ], [ 44.3957479, -19.0300292 ], [ 44.395681, -19.0300262 ], [ 44.3955889, -19.0300172 ], [ 44.3955169, -19.0300192 ], [ 44.395462800000011, -19.0300073 ], [ 44.3953939, -19.0299891 ], [ 44.3952989, -19.0299615 ], [ 44.3952189, -19.0299295 ], [ 44.395123, -19.0298844 ], [ 44.3950579, -19.0298532 ], [ 44.3949879, -19.0298225 ], [ 44.3949219, -19.0297833 ], [ 44.3948749, -19.0297523 ], [ 44.3948299, -19.0296953 ], [ 44.3948429, -19.029595 ], [ 44.3948678, -19.0295111 ], [ 44.3948269, -19.0294022 ], [ 44.3947819, -19.0293645 ], [ 44.3947278, -19.0293345 ], [ 44.3946689, -19.0293231 ], [ 44.394561800000012, -19.029301 ], [ 44.3944849, -19.0292465 ], [ 44.3944738, -19.0291701 ], [ 44.3945079, -19.0291141 ], [ 44.3945239, -19.0290651 ], [ 44.3944928, -19.029023 ], [ 44.3944018, -19.0290253 ], [ 44.3943569, -19.0290694 ], [ 44.3943489, -19.0291761 ], [ 44.3943478, -19.0292393 ], [ 44.3943338, -19.0293041 ], [ 44.3943589, -19.0293902 ], [ 44.3944038, -19.0295093 ], [ 44.3944379, -19.029578 ], [ 44.3944108, -19.0296511 ], [ 44.3943709, -19.029715 ], [ 44.3943078, -19.0297471 ], [ 44.3942498, -19.0297312 ], [ 44.3941459, -19.0296764 ], [ 44.3940748, -19.029627 ], [ 44.3939929, -19.029564 ], [ 44.3939238, -19.0295321 ], [ 44.3938598, -19.0294885 ], [ 44.3937789, -19.0294554 ], [ 44.3937038, -19.0294054 ], [ 44.3936258, -19.0293763 ], [ 44.3935718, -19.0293373 ], [ 44.3935199, -19.0292972 ], [ 44.3934449, -19.029228 ], [ 44.3933808, -19.0291771 ], [ 44.3932919, -19.029071 ], [ 44.3932508, -19.029009 ], [ 44.3932188, -19.0289291 ], [ 44.3931698, -19.0288703 ], [ 44.3931258, -19.0287835 ], [ 44.3930668, -19.0287263 ], [ 44.3930208, -19.028675 ], [ 44.3929837, -19.0286271 ], [ 44.3929688, -19.0285711 ], [ 44.3929668, -19.0285061 ], [ 44.3929458, -19.0284511 ], [ 44.3929099, -19.0284072 ], [ 44.3928757, -19.0283701 ], [ 44.3928458, -19.0283291 ], [ 44.3927977, -19.0282812 ], [ 44.39274480000001, -19.0282393 ], [ 44.3927038, -19.0282061 ], [ 44.3927218, -19.0281211 ], [ 44.3926988, -19.0280683 ], [ 44.3927048, -19.0280034 ], [ 44.3926787, -19.0279534 ], [ 44.3926468, -19.0278961 ], [ 44.3926338, -19.0278434 ], [ 44.3926038, -19.0277459 ], [ 44.3925918, -19.0276741 ], [ 44.3925888, -19.027604 ], [ 44.392627700000013, -19.0274831 ], [ 44.3926818, -19.0273961 ], [ 44.3927288, -19.0273261 ], [ 44.3927658, -19.0272299 ], [ 44.3927898, -19.0271523 ], [ 44.3928338, -19.0270574 ], [ 44.392873800000011, -19.0269833 ], [ 44.3929208, -19.0269369 ], [ 44.3929769, -19.0268709 ], [ 44.3930279, -19.0267693 ], [ 44.3930767, -19.0266812 ], [ 44.3931128, -19.026585 ], [ 44.3931449, -19.0264674 ], [ 44.3931478, -19.0264081 ], [ 44.3931708, -19.0263282 ], [ 44.3932009, -19.0262472 ], [ 44.3932258, -19.0261521 ], [ 44.3932788, -19.0260713 ], [ 44.3933398, -19.0259969 ], [ 44.3933688, -19.025908 ], [ 44.3933858, -19.0258382 ], [ 44.3933818, -19.0256772 ], [ 44.393389800000016, -19.0255322 ], [ 44.3934158, -19.0254139 ], [ 44.3934618, -19.0252913 ], [ 44.3935139, -19.0251874 ], [ 44.3935348, -19.0251363 ], [ 44.3935638, -19.0250711 ], [ 44.3935868, -19.0250042 ], [ 44.3936089, -19.0249581 ], [ 44.393610800000012, -19.0248949 ], [ 44.3936269, -19.0247979 ], [ 44.3936278, -19.024711 ], [ 44.3936278, -19.0246263 ], [ 44.3936148, -19.0245731 ], [ 44.3935719, -19.0244591 ], [ 44.3935259, -19.0243852 ], [ 44.3934638, -19.0243161 ], [ 44.3933908, -19.0242543 ], [ 44.3933458, -19.0242222 ], [ 44.3932848, -19.0241854 ], [ 44.3932248, -19.0241373 ], [ 44.3931527, -19.0240851 ], [ 44.3931028, -19.0240529 ], [ 44.393024700000012, -19.024017 ], [ 44.392959699999984, -19.0239931 ], [ 44.3928997, -19.0239479 ], [ 44.3928278, -19.0238991 ], [ 44.3927798, -19.0238279 ], [ 44.3927277, -19.0237912 ], [ 44.3926658, -19.0237803 ], [ 44.3925858, -19.023771 ], [ 44.3925208, -19.0237454 ], [ 44.3924788, -19.023693 ], [ 44.3924408, -19.0236463 ], [ 44.3924307, -19.0235739 ], [ 44.3923868, -19.0235011 ], [ 44.392344699999981, -19.0234583 ], [ 44.3923688, -19.0234088 ], [ 44.3924218, -19.0233959 ], [ 44.3924718, -19.023371 ], [ 44.3924778, -19.0233208 ], [ 44.3925207, -19.0232609 ], [ 44.3924837, -19.0232272 ], [ 44.3924038, -19.0232099 ], [ 44.3923308, -19.023217 ], [ 44.3922368, -19.0231612 ], [ 44.3921658, -19.0231321 ], [ 44.3921077, -19.0231213 ], [ 44.392048699999989, -19.0231263 ], [ 44.3919478, -19.023106 ], [ 44.3918608, -19.0231061 ], [ 44.3918067, -19.0231671 ], [ 44.3916877, -19.023212 ], [ 44.3916158, -19.0231502 ], [ 44.3916528, -19.0230868 ], [ 44.3917227, -19.0230639 ], [ 44.3917337, -19.0230132 ], [ 44.3917217, -19.0229182 ], [ 44.3917368, -19.0228489 ], [ 44.391762799999981, -19.0227871 ], [ 44.3918097, -19.0227504 ], [ 44.3918728, -19.022724 ], [ 44.3919777, -19.0227381 ], [ 44.3920448, -19.02274 ], [ 44.3921407, -19.022736 ], [ 44.3922218, -19.0227093 ], [ 44.3923178, -19.0226849 ], [ 44.392410700000013, -19.0226402 ], [ 44.3924418, -19.022583 ], [ 44.3924628, -19.0225183 ], [ 44.3924457, -19.0224611 ], [ 44.3924437, -19.022395 ], [ 44.3924518, -19.0223459 ], [ 44.3924328, -19.0222813 ], [ 44.3924017, -19.0222053 ], [ 44.3923818, -19.0221249 ], [ 44.3923768, -19.022034 ], [ 44.3923938, -19.0219342 ], [ 44.3924347, -19.0218432 ], [ 44.3924857, -19.0217749 ], [ 44.3925407, -19.0217083 ], [ 44.3925988, -19.021653 ], [ 44.3926578, -19.0215763 ], [ 44.392693799999989, -19.0214982 ], [ 44.3927178, -19.0214449 ], [ 44.3927247, -19.0213394 ], [ 44.3927158, -19.0212822 ], [ 44.3926828, -19.0212231 ], [ 44.3926387, -19.021178 ], [ 44.3925607, -19.0211483 ], [ 44.3925128, -19.0211111 ], [ 44.3924878, -19.0209939 ], [ 44.3925148, -19.0209141 ], [ 44.3925497, -19.0208512 ], [ 44.3925888, -19.0208121 ], [ 44.3926317, -19.0207849 ], [ 44.3927079, -19.0207739 ], [ 44.3927988, -19.0207879 ], [ 44.3928498, -19.0207829 ], [ 44.3929159, -19.0207339 ], [ 44.3929649, -19.0206599 ], [ 44.3930288, -19.0206121 ], [ 44.3931119, -19.0205729 ], [ 44.3931958, -19.0205451 ], [ 44.3932768, -19.0205251 ], [ 44.3933398, -19.0204953 ], [ 44.3934098, -19.0204402 ], [ 44.3934598, -19.0203899 ], [ 44.3935059, -19.0203131 ], [ 44.3935658, -19.0202183 ], [ 44.3936108, -19.0201223 ], [ 44.3936289, -19.0200169 ], [ 44.3936298, -19.0199412 ], [ 44.3936148, -19.0198592 ], [ 44.3935709, -19.019774 ], [ 44.3935248, -19.0196978 ], [ 44.3935038, -19.0196439 ], [ 44.3934868, -19.0195901 ], [ 44.3934809, -19.0195172 ], [ 44.3934958, -19.0194473 ], [ 44.3935248, -19.0193731 ], [ 44.39356080000001, -19.0193103 ], [ 44.3935898, -19.0192451 ], [ 44.3935918, -19.0191802 ], [ 44.3935889, -19.0191129 ], [ 44.3936168, -19.019006 ], [ 44.3936578, -19.0189313 ], [ 44.3937019, -19.0188612 ], [ 44.3937488, -19.0187821 ], [ 44.3938059, -19.0186851 ], [ 44.3938479, -19.018598 ], [ 44.3938719, -19.018504 ], [ 44.3938719, -19.0184131 ], [ 44.3938449, -19.0183049 ], [ 44.3937878, -19.0181998 ], [ 44.3937138, -19.018112 ], [ 44.3936379, -19.0180728 ], [ 44.3935778, -19.0180332 ], [ 44.393499800000015, -19.0180368 ], [ 44.393392899999988, -19.0180429 ], [ 44.3932749, -19.0180919 ], [ 44.393220899999989, -19.0181133 ], [ 44.3931478, -19.0181379 ], [ 44.3930389, -19.0181773 ], [ 44.3929668, -19.0181449 ], [ 44.3929558, -19.0180889 ], [ 44.3930248, -19.0180461 ], [ 44.3930608, -19.0180008 ], [ 44.3931238, -19.0179253 ], [ 44.393130799999987, -19.0178621 ], [ 44.3931287, -19.0177989 ], [ 44.3932088, -19.0176879 ], [ 44.3932568, -19.0176331 ], [ 44.3932948, -19.0175398 ], [ 44.3933389, -19.0174799 ], [ 44.3934198, -19.017426 ], [ 44.3935438, -19.0173422 ], [ 44.3936028, -19.01727 ], [ 44.3936999, -19.017166 ], [ 44.3937828, -19.0171111 ], [ 44.3938418, -19.017031 ], [ 44.3939008, -19.0169509 ], [ 44.3939478, -19.0168712 ], [ 44.3939818, -19.0167881 ], [ 44.3940109, -19.016693 ] ] ], [ [ [ 44.4012272, -19.0278832 ], [ 44.4012342, -19.0278251 ], [ 44.4012142, -19.0277673 ], [ 44.4011982, -19.0277163 ], [ 44.4011922, -19.027666 ], [ 44.4011612, -19.0275815 ], [ 44.4011082, -19.0275284 ], [ 44.401057199999983, -19.0274792 ], [ 44.4010252, -19.0273671 ], [ 44.4009462, -19.0274261 ], [ 44.4009182, -19.0274681 ], [ 44.4008632, -19.0274754 ], [ 44.4008062, -19.0274764 ], [ 44.4007212, -19.0274732 ], [ 44.400671200000012, -19.0274924 ], [ 44.4006142, -19.0275223 ], [ 44.4005342, -19.0275344 ], [ 44.4004552, -19.0275352 ], [ 44.4003792, -19.0275462 ], [ 44.4003211, -19.0275489 ], [ 44.4002602, -19.027568 ], [ 44.4001932, -19.0275853 ], [ 44.4001391, -19.0275893 ], [ 44.4000672, -19.0275839 ], [ 44.3999892, -19.0275774 ], [ 44.3999132, -19.027567 ], [ 44.3998371, -19.0275605 ], [ 44.3997582, -19.027533 ], [ 44.3997101, -19.0274941 ], [ 44.3996562, -19.0274602 ], [ 44.399603100000014, -19.0274235 ], [ 44.3995481, -19.0273884 ], [ 44.3994782, -19.0273582 ], [ 44.3994101, -19.0273253 ], [ 44.3993492, -19.0273099 ], [ 44.3992901, -19.0273132 ], [ 44.3992351, -19.0273154 ], [ 44.3991722, -19.0273164 ], [ 44.3990851, -19.0273092 ], [ 44.3989772, -19.0273374 ], [ 44.3989191, -19.027365 ], [ 44.3988521, -19.0273913 ], [ 44.3987941, -19.0274121 ], [ 44.3987431, -19.0274342 ], [ 44.3986881, -19.0274635 ], [ 44.3986431, -19.0275019 ], [ 44.3985821, -19.0275724 ], [ 44.3985481, -19.0276573 ], [ 44.3985391, -19.027708 ], [ 44.39853810000001, -19.0278051 ], [ 44.3985541, -19.0278584 ], [ 44.3985951, -19.0279362 ], [ 44.398651, -19.0279972 ], [ 44.398708, -19.0280233 ], [ 44.3987571, -19.0280154 ], [ 44.3988071, -19.0280142 ], [ 44.398856, -19.028034 ], [ 44.3989041, -19.028074 ], [ 44.3989501, -19.0280943 ], [ 44.3990232, -19.028142 ], [ 44.3990652, -19.0282153 ], [ 44.3990961, -19.0282603 ], [ 44.399137, -19.0282963 ], [ 44.3991881, -19.0283279 ], [ 44.3992491, -19.0283473 ], [ 44.3993332, -19.0283623 ], [ 44.3994341, -19.0283725 ], [ 44.3995161, -19.0283813 ], [ 44.3996172, -19.0283853 ], [ 44.3997011, -19.0283924 ], [ 44.3997921, -19.0284042 ], [ 44.3998762, -19.0284181 ], [ 44.3999372, -19.0284312 ], [ 44.3999962, -19.0284601 ], [ 44.4000461, -19.0284844 ], [ 44.4000991, -19.028507 ], [ 44.4001471, -19.028525 ], [ 44.4002001, -19.0285471 ], [ 44.4002652, -19.0285534 ], [ 44.4003221, -19.0285513 ], [ 44.4003821, -19.0285361 ], [ 44.4004442, -19.0285091 ], [ 44.4004921, -19.028486 ], [ 44.4005551, -19.0284443 ], [ 44.4006282, -19.0284045 ], [ 44.4006902, -19.028373 ], [ 44.4007573, -19.0283393 ], [ 44.4008282, -19.0283045 ], [ 44.4009012, -19.02825 ], [ 44.4009742, -19.0281983 ], [ 44.4010462, -19.0281262 ], [ 44.4010982, -19.0280754 ], [ 44.4011533, -19.0280173 ], [ 44.4011962, -19.0279534 ], [ 44.4012272, -19.0278832 ] ] ], [ [ [ 44.4008151, -19.0271761 ], [ 44.4008091, -19.027228 ], [ 44.4008382, -19.0273051 ], [ 44.4008871, -19.0273542 ], [ 44.4009442, -19.0273261 ], [ 44.4010192, -19.0273004 ], [ 44.4010802, -19.0273101 ], [ 44.4010252, -19.0273671 ], [ 44.4010832, -19.027383 ], [ 44.4011312, -19.0273654 ], [ 44.4012002, -19.0272934 ], [ 44.4012462, -19.027225 ], [ 44.4012503, -19.0271691 ], [ 44.4011973, -19.027098 ], [ 44.4011612, -19.0270614 ], [ 44.4010842, -19.0269973 ], [ 44.4010243, -19.0269961 ], [ 44.4009546, -19.0270105 ], [ 44.4009052, -19.027032 ], [ 44.4008682, -19.0270723 ], [ 44.4008372, -19.0271193 ], [ 44.4008151, -19.0271761 ] ] ], [ [ [ 44.3956709, -19.0225029 ], [ 44.395721, -19.0225452 ], [ 44.395778, -19.022582 ], [ 44.395866, -19.0226282 ], [ 44.395935, -19.0226781 ], [ 44.395994, -19.0227222 ], [ 44.396073, -19.0227513 ], [ 44.3961389, -19.022773 ], [ 44.396198899999987, -19.0227714 ], [ 44.396252, -19.0227669 ], [ 44.39635, -19.0227539 ], [ 44.396422, -19.0227253 ], [ 44.396511, -19.0227161 ], [ 44.39658, -19.0226853 ], [ 44.3966539, -19.0226573 ], [ 44.3966939, -19.0226171 ], [ 44.396729, -19.0225661 ], [ 44.396766, -19.0225231 ], [ 44.3968011, -19.0224879 ], [ 44.396837, -19.0224471 ], [ 44.396908100000012, -19.0224049 ], [ 44.396982, -19.0223939 ], [ 44.397059, -19.0223694 ], [ 44.3971261, -19.0223114 ], [ 44.397174, -19.0222312 ], [ 44.397195, -19.0221523 ], [ 44.39716, -19.0220859 ], [ 44.397099, -19.0220389 ], [ 44.39702, -19.022007 ], [ 44.396956, -19.0219972 ], [ 44.396893, -19.021979 ], [ 44.396826, -19.0219489 ], [ 44.396749, -19.021922 ], [ 44.396681, -19.0218592 ], [ 44.396612, -19.0218132 ], [ 44.3965609, -19.0218019 ], [ 44.3964829, -19.0217971 ], [ 44.396418, -19.0218048 ], [ 44.396358, -19.0218149 ], [ 44.3962939, -19.0218373 ], [ 44.396237, -19.02187 ], [ 44.396187, -19.021905 ], [ 44.3961479, -19.021939 ], [ 44.396074, -19.0220139 ], [ 44.3960199, -19.0220793 ], [ 44.39598, -19.0221241 ], [ 44.3959449, -19.0221671 ], [ 44.3958949, -19.0222253 ], [ 44.395835, -19.0222783 ], [ 44.395782, -19.0223189 ], [ 44.3957269, -19.0223392 ], [ 44.395639, -19.0223811 ], [ 44.3956419, -19.0224574 ], [ 44.3956709, -19.0225029 ] ] ], [ [ [ 44.4070686, -19.0172568 ], [ 44.4071165, -19.0174041 ], [ 44.4071445, -19.0174863 ], [ 44.4071405, -19.0175478 ], [ 44.4071405, -19.0176461 ], [ 44.4071515, -19.0177032 ], [ 44.4071895, -19.0177658 ], [ 44.4072585, -19.0178399 ], [ 44.4073085, -19.0179139 ], [ 44.4073766, -19.0180152 ], [ 44.4074226, -19.0180868 ], [ 44.4074326, -19.0181513 ], [ 44.4074385, -19.0182271 ], [ 44.4074125, -19.0183002 ], [ 44.4073836, -19.0183721 ], [ 44.4073276, -19.0184619 ], [ 44.4072805, -19.0185229 ], [ 44.4072336, -19.0185839 ], [ 44.4071995, -19.0186513 ], [ 44.4071666, -19.0187119 ], [ 44.4071335, -19.018777 ], [ 44.4071085, -19.018849 ], [ 44.4070775, -19.0188888 ], [ 44.4070126, -19.0189338 ], [ 44.4069365, -19.0189668 ], [ 44.406882599999989, -19.0190148 ], [ 44.4068385, -19.0190493 ], [ 44.4067944, -19.0190742 ], [ 44.4067125, -19.0191021 ], [ 44.4066645, -19.0191242 ], [ 44.4066104, -19.0191298 ], [ 44.4065495, -19.0191398 ], [ 44.4064996, -19.0191658 ], [ 44.4064534, -19.0192009 ], [ 44.4063844, -19.0192351 ], [ 44.4063125, -19.0192309 ], [ 44.4062125, -19.0192722 ], [ 44.4061636, -19.0193089 ], [ 44.4061205, -19.019344 ], [ 44.4060805, -19.019387 ], [ 44.4060114, -19.0194049 ], [ 44.4059315, -19.0194012 ], [ 44.4058675, -19.0193863 ], [ 44.4057884, -19.0194239 ], [ 44.4057235, -19.019509 ], [ 44.4056915, -19.019569 ], [ 44.4056654, -19.0196213 ], [ 44.4056465, -19.019704 ], [ 44.4056674, -19.0197489 ], [ 44.4057274, -19.0198179 ], [ 44.4057594, -19.0198702 ], [ 44.4057804, -19.0199512 ], [ 44.4058095, -19.0200012 ], [ 44.4058464, -19.020049 ], [ 44.4059095, -19.0201119 ], [ 44.4059775, -19.0201742 ], [ 44.4060225, -19.0202402 ], [ 44.4060914, -19.020285 ], [ 44.4061635, -19.0203259 ], [ 44.4061984, -19.0203703 ], [ 44.4062595, -19.0204009 ], [ 44.4063325, -19.0204373 ], [ 44.4063975, -19.0204499 ], [ 44.4064935, -19.0204894 ], [ 44.406559600000016, -19.0205138 ], [ 44.4066154, -19.0205444 ], [ 44.4066625, -19.0205833 ], [ 44.4067075, -19.0206363 ], [ 44.406757500000012, -19.0206849 ], [ 44.4068305, -19.0207263 ], [ 44.4069135, -19.0207233 ], [ 44.4069995, -19.020766 ], [ 44.4070595, -19.0208029 ], [ 44.4071396, -19.020832 ], [ 44.4071966, -19.02084 ], [ 44.4072585, -19.0208531 ], [ 44.4073166, -19.0209091 ], [ 44.4073596, -19.0209332 ], [ 44.4074236, -19.0209678 ], [ 44.4074825, -19.0209939 ], [ 44.4075505, -19.0210161 ], [ 44.4076075, -19.021041 ], [ 44.407660599999986, -19.021058 ], [ 44.4077166, -19.0210801 ], [ 44.4077666, -19.0211044 ], [ 44.40782560000001, -19.021109 ], [ 44.4078875, -19.0211181 ], [ 44.4079545, -19.0211262 ], [ 44.4080236, -19.0211292 ], [ 44.4081416, -19.0211311 ], [ 44.408251600000014, -19.0211194 ], [ 44.4083596, -19.0210873 ], [ 44.4084476, -19.0210634 ], [ 44.4085667, -19.0210043 ], [ 44.4086897, -19.0209464 ], [ 44.4088256, -19.0208852 ], [ 44.4089076, -19.0208212 ], [ 44.4089946, -19.0207702 ], [ 44.4090737, -19.0206909 ], [ 44.4091407, -19.0206131 ], [ 44.4091907, -19.0205442 ], [ 44.4092567, -19.0204761 ], [ 44.4093046, -19.0203919 ], [ 44.4093296, -19.0203278 ], [ 44.4093607, -19.0202632 ], [ 44.4092946, -19.0202281 ], [ 44.4092436, -19.0202681 ], [ 44.4091967, -19.0202479 ], [ 44.4091517, -19.0201779 ], [ 44.4091046, -19.0200972 ], [ 44.4090806, -19.0200438 ], [ 44.4090556, -19.0199673 ], [ 44.4089926, -19.0198842 ], [ 44.4089576, -19.0198273 ], [ 44.4089446, -19.0197702 ], [ 44.4089307, -19.0196943 ], [ 44.408933700000013, -19.0196323 ], [ 44.4089706, -19.0195649 ], [ 44.4090097, -19.0194868 ], [ 44.4090446, -19.019424 ], [ 44.4090776, -19.0193718 ], [ 44.4090946, -19.0193252 ], [ 44.4091516, -19.019271 ], [ 44.4092366, -19.0192483 ], [ 44.4092856, -19.019224 ], [ 44.409345699999989, -19.0191862 ], [ 44.4093996, -19.019149 ], [ 44.409452599999987, -19.0190999 ], [ 44.4095006, -19.0190553 ], [ 44.4095577, -19.0190248 ], [ 44.4096076, -19.0190113 ], [ 44.4096577, -19.0190079 ], [ 44.4097176, -19.019021 ], [ 44.4098077, -19.0189971 ], [ 44.4098767, -19.01899 ], [ 44.409934600000014, -19.0189861 ], [ 44.4100017, -19.0189829 ], [ 44.4100717, -19.0189769 ], [ 44.4101507, -19.0189733 ], [ 44.4102317, -19.0189691 ], [ 44.4103147, -19.0189491 ], [ 44.4103897, -19.0189212 ], [ 44.4104607, -19.0188841 ], [ 44.4105246, -19.0188261 ], [ 44.4106018, -19.0187473 ], [ 44.4106327, -19.0186669 ], [ 44.4106537, -19.0185689 ], [ 44.4106337, -19.0185021 ], [ 44.4106577, -19.0184238 ], [ 44.4107347, -19.0183919 ], [ 44.4108447, -19.0183909 ], [ 44.4108977, -19.0183712 ], [ 44.4109537, -19.0183441 ], [ 44.4110397, -19.0183168 ], [ 44.4111217, -19.0182991 ], [ 44.4111837, -19.0182541 ], [ 44.4112477, -19.0182023 ], [ 44.4113178, -19.0181539 ], [ 44.4114057, -19.0181001 ], [ 44.4114877, -19.0180491 ], [ 44.4115657, -19.0179918 ], [ 44.4116027, -19.0179148 ], [ 44.4115948, -19.0178571 ], [ 44.4115818, -19.0177983 ], [ 44.4115457, -19.0177222 ], [ 44.4115077, -19.0176292 ], [ 44.4114838, -19.0175583 ], [ 44.4114947, -19.017511 ], [ 44.4114868, -19.017455 ], [ 44.411492699999989, -19.0173862 ], [ 44.4115267, -19.0173262 ], [ 44.4115328, -19.0172528 ], [ 44.4115438, -19.0171682 ], [ 44.4115487, -19.0171158 ], [ 44.4115597, -19.017069 ], [ 44.4115898, -19.0169751 ], [ 44.4116457, -19.016917 ], [ 44.4116728, -19.0168749 ], [ 44.4117007, -19.0168272 ], [ 44.4117217, -19.016758 ], [ 44.4117348, -19.0166983 ], [ 44.411729799999989, -19.0166361 ], [ 44.411733799999986, -19.0165848 ], [ 44.4117398, -19.0165363 ], [ 44.4117528, -19.0164811 ], [ 44.4117428, -19.0164002 ], [ 44.4117138, -19.01634 ], [ 44.4116798, -19.016268 ], [ 44.4116377, -19.0162031 ], [ 44.4116157, -19.016147 ], [ 44.4115898, -19.016093 ], [ 44.4115538, -19.016039 ], [ 44.4115187, -19.0159962 ], [ 44.4114888, -19.01594 ], [ 44.4114458, -19.0159023 ], [ 44.411400799999988, -19.015856 ], [ 44.4113717, -19.0158071 ], [ 44.4113368, -19.015752 ], [ 44.4112808, -19.0156723 ], [ 44.4112308, -19.0155978 ], [ 44.411205699999989, -19.0155489 ], [ 44.4111797, -19.0154989 ], [ 44.4111408, -19.015455 ], [ 44.4110987, -19.0154111 ], [ 44.411070699999989, -19.0153583 ], [ 44.4110267, -19.0153069 ], [ 44.4110047, -19.0152463 ], [ 44.4109407, -19.0151902 ], [ 44.4108777, -19.0151461 ], [ 44.410850800000013, -19.0151028 ], [ 44.4107847, -19.0150468 ], [ 44.4107138, -19.014998 ], [ 44.4106647, -19.0149398 ], [ 44.4106477, -19.0148928 ], [ 44.4106307, -19.0148457 ], [ 44.4106097, -19.0147958 ], [ 44.4105727, -19.0147609 ], [ 44.41052770000001, -19.0147023 ], [ 44.4104767, -19.0146582 ], [ 44.4104578, -19.0146089 ], [ 44.4104248, -19.0145521 ], [ 44.4104037, -19.0145021 ], [ 44.4103598, -19.0144068 ], [ 44.4103357, -19.0143591 ], [ 44.4103018, -19.014318 ], [ 44.4102537, -19.014248 ], [ 44.410234599999988, -19.0141902 ], [ 44.4102287, -19.0141021 ], [ 44.4102307, -19.014049 ], [ 44.4102306, -19.0139959 ], [ 44.410219699999985, -19.0139439 ], [ 44.410212699999988, -19.0138862 ], [ 44.4101886, -19.0138272 ], [ 44.4101227, -19.013827 ], [ 44.4100407, -19.0138561 ], [ 44.4100007, -19.0138901 ], [ 44.4099027, -19.0139048 ], [ 44.4098216, -19.0139208 ], [ 44.4097577, -19.0139303 ], [ 44.4097077, -19.0139359 ], [ 44.4096457, -19.0139392 ], [ 44.4095447, -19.0139307 ], [ 44.4094966, -19.0139161 ], [ 44.4094277, -19.0138628 ], [ 44.4093777, -19.0138329 ], [ 44.4093247, -19.0137769 ], [ 44.4092787, -19.0137499 ], [ 44.4092207, -19.0137227 ], [ 44.4091296, -19.013694 ], [ 44.4090986, -19.0136558 ], [ 44.4090297, -19.0136178 ], [ 44.4089467, -19.0135932 ], [ 44.4088926, -19.0135892 ], [ 44.4088436, -19.013579 ], [ 44.4087566, -19.0135278 ], [ 44.4087137, -19.0134968 ], [ 44.4086717, -19.0134342 ], [ 44.4086355, -19.0133802 ], [ 44.4085596, -19.0133731 ], [ 44.4085086, -19.013394 ], [ 44.4084616, -19.0133517 ], [ 44.4083865, -19.0132922 ], [ 44.4083456, -19.0132567 ], [ 44.4083066, -19.0132139 ], [ 44.4082696, -19.0131807 ], [ 44.4082076, -19.0131462 ], [ 44.4081486, -19.0131088 ], [ 44.408060599999985, -19.0130621 ], [ 44.4079886, -19.0130257 ], [ 44.4079525, -19.0129672 ], [ 44.4078835, -19.0129308 ], [ 44.4078065, -19.0129051 ], [ 44.4077565, -19.0128678 ], [ 44.4077436, -19.0128062 ], [ 44.4077466, -19.0127548 ], [ 44.4077546, -19.0126708 ], [ 44.4077416, -19.0125808 ], [ 44.4077156, -19.0125348 ], [ 44.4076636, -19.012467 ], [ 44.40761160000001, -19.0123998 ], [ 44.4075475, -19.0123748 ], [ 44.4074616, -19.0123897 ], [ 44.4074175, -19.0124569 ], [ 44.4074015, -19.0125172 ], [ 44.4073756, -19.0125621 ], [ 44.4073345, -19.0126068 ], [ 44.4072806, -19.012635 ], [ 44.4072115, -19.0126647 ], [ 44.4071335, -19.0126802 ], [ 44.407069600000014, -19.0127139 ], [ 44.4070245, -19.0127569 ], [ 44.4069825, -19.0127949 ], [ 44.4069245, -19.012832 ], [ 44.4068655, -19.0128709 ], [ 44.4068145, -19.0129059 ], [ 44.4067725, -19.0129371 ], [ 44.4066985, -19.0129679 ], [ 44.4066315, -19.0130117 ], [ 44.4066036, -19.0130611 ], [ 44.4065586, -19.0131001 ], [ 44.406504500000011, -19.0131131 ], [ 44.4064015, -19.0130899 ], [ 44.4063395, -19.0130988 ], [ 44.4062855, -19.0131208 ], [ 44.4062125, -19.0131307 ], [ 44.4061495, -19.0131368 ], [ 44.4060605, -19.0131432 ], [ 44.4059994, -19.0131978 ], [ 44.4059584, -19.0132629 ], [ 44.4059235, -19.0133302 ], [ 44.4058795, -19.0133789 ], [ 44.4058015, -19.0133848 ], [ 44.4057545, -19.0133571 ], [ 44.4058125, -19.0132979 ], [ 44.405790499999988, -19.0132457 ], [ 44.4057125, -19.013259 ], [ 44.405673500000013, -19.0133167 ], [ 44.4056615, -19.013368 ], [ 44.4056535, -19.0134368 ], [ 44.4056915, -19.0135078 ], [ 44.4057225, -19.0135618 ], [ 44.4057595, -19.013626 ], [ 44.4058065, -19.0136898 ], [ 44.4058345, -19.0137437 ], [ 44.4058825, -19.0137307 ], [ 44.4059465, -19.0137647 ], [ 44.4060134, -19.0138219 ], [ 44.4060925, -19.0138488 ], [ 44.4061455, -19.013894 ], [ 44.4062315, -19.013917 ], [ 44.4062865, -19.0138871 ], [ 44.4063145, -19.0138179 ], [ 44.4063734, -19.0137672 ], [ 44.4064636, -19.0137987 ], [ 44.4065075, -19.0138331 ], [ 44.4065466, -19.0138708 ], [ 44.4065874, -19.0139249 ], [ 44.4066165, -19.0139981 ], [ 44.4066495, -19.0140769 ], [ 44.4066755, -19.0141709 ], [ 44.4067025, -19.0142751 ], [ 44.4067135, -19.0143532 ], [ 44.406731499999985, -19.0144099 ], [ 44.4067576, -19.0144898 ], [ 44.4067736, -19.0145611 ], [ 44.4067886, -19.014633 ], [ 44.4067925, -19.014703 ], [ 44.4067866, -19.0147707 ], [ 44.4067626, -19.0148168 ], [ 44.4067476, -19.014877 ], [ 44.4067646, -19.0149693 ], [ 44.4067835, -19.0150547 ], [ 44.4068005, -19.0151368 ], [ 44.4067985, -19.01523 ], [ 44.4067945, -19.015296 ], [ 44.4068125, -19.015343 ], [ 44.4068186, -19.0153911 ], [ 44.4068135, -19.0154419 ], [ 44.4067945, -19.015519 ], [ 44.4067735, -19.0155707 ], [ 44.4067705, -19.0156198 ], [ 44.4068115, -19.0156982 ], [ 44.4068165, -19.0157672 ], [ 44.4068076, -19.0158281 ], [ 44.4068186, -19.0158858 ], [ 44.4068205, -19.0159852 ], [ 44.4068025, -19.0160691 ], [ 44.4067815, -19.01614 ], [ 44.4067636, -19.016229 ], [ 44.4067585, -19.0163058 ], [ 44.406750500000015, -19.0163842 ], [ 44.4067476, -19.0164559 ], [ 44.4067435, -19.016514 ], [ 44.4067415, -19.0166009 ], [ 44.4067756, -19.0166533 ], [ 44.4068166, -19.016722 ], [ 44.4068816, -19.0168442 ], [ 44.406952499999989, -19.0169698 ], [ 44.4070146, -19.0170981 ], [ 44.4070686, -19.0172568 ] ] ], [ [ [ 44.337331, -19.007273 ], [ 44.33753, -19.0075175 ], [ 44.337756, -19.0077398 ], [ 44.338008, -19.0079358 ], [ 44.3382821, -19.0081038 ], [ 44.3385741, -19.0082399 ], [ 44.3388801, -19.0083439 ], [ 44.3391971, -19.0084136 ], [ 44.3395201, -19.008449 ], [ 44.3398461, -19.0084488 ], [ 44.3401691, -19.0084135 ], [ 44.3404861, -19.0083438 ], [ 44.3407921, -19.00824 ], [ 44.3410841, -19.0081039 ], [ 44.3413581, -19.007936 ], [ 44.3416101, -19.0077395 ], [ 44.3418361, -19.007518 ], [ 44.3420352, -19.0072729 ], [ 44.3422033, -19.0070078 ], [ 44.3423382, -19.006727 ], [ 44.3424393, -19.0064328 ], [ 44.3425033, -19.0061286 ], [ 44.34253120000001, -19.0058207 ], [ 44.3425222, -19.0055117 ], [ 44.3424763, -19.0052046 ], [ 44.3423932, -19.0049055 ], [ 44.3422752, -19.0046178 ], [ 44.3421232, -19.0043439 ], [ 44.3419392, -19.0040888 ], [ 44.3417261, -19.0038549 ], [ 44.3414872, -19.0036454 ], [ 44.3412231, -19.0034634 ], [ 44.3409401, -19.0033116 ], [ 44.3406402, -19.0031907 ], [ 44.3403282, -19.0031036 ], [ 44.3400081, -19.0030508 ], [ 44.3396831, -19.0030329 ], [ 44.3393581, -19.0030506 ], [ 44.3390381, -19.0031034 ], [ 44.338726, -19.0031907 ], [ 44.3384261, -19.0033115 ], [ 44.338143, -19.0034635 ], [ 44.3378791, -19.0036457 ], [ 44.33764, -19.0038547 ], [ 44.337427, -19.0040888 ], [ 44.337243, -19.0043436 ], [ 44.3371376, -19.0045338 ], [ 44.337091, -19.0046174 ], [ 44.336973, -19.0049057 ], [ 44.33689, -19.0052046 ], [ 44.3368439, -19.0055118 ], [ 44.3368349, -19.0058206 ], [ 44.3368629, -19.0061286 ], [ 44.336927, -19.0064326 ], [ 44.3370279, -19.0067268 ], [ 44.3371629, -19.0070079 ], [ 44.337331, -19.007273 ] ] ], [ [ [ 44.2429361, -18.9970073 ], [ 44.2431041, -18.9972725 ], [ 44.2433031, -18.9975177 ], [ 44.243529100000011, -18.9977395 ], [ 44.2437812, -18.9979356 ], [ 44.2440553, -18.9981032 ], [ 44.2443473, -18.9982394 ], [ 44.2446532, -18.9983436 ], [ 44.2449703, -18.9984135 ], [ 44.2452932, -18.9984484 ], [ 44.2456183, -18.9984484 ], [ 44.2459423, -18.9984133 ], [ 44.2462583, -18.9983432 ], [ 44.2465654, -18.9982396 ], [ 44.2468573, -18.9981036 ], [ 44.24713040000001, -18.9979353 ], [ 44.2473824, -18.9977395 ], [ 44.2476094, -18.9975175 ], [ 44.2478084, -18.9972726 ], [ 44.2479764, -18.9970076 ], [ 44.2481114, -18.9967263 ], [ 44.248211399999988, -18.9964322 ], [ 44.2482764, -18.9961286 ], [ 44.2483044, -18.9958201 ], [ 44.2482944, -18.9955111 ], [ 44.248248400000016, -18.9952046 ], [ 44.2481655, -18.9949054 ], [ 44.2480475, -18.9946172 ], [ 44.247896499999989, -18.9943432 ], [ 44.2477124, -18.9940886 ], [ 44.2474993, -18.9938545 ], [ 44.2473214, -18.9936994 ], [ 44.247259299999982, -18.9936456 ], [ 44.2469964, -18.9934634 ], [ 44.2467134, -18.9933115 ], [ 44.246413300000015, -18.9931904 ], [ 44.246101399999986, -18.9931031 ], [ 44.2457812, -18.9930502 ], [ 44.2454563, -18.9930321 ], [ 44.2451313, -18.9930502 ], [ 44.2448102, -18.9931034 ], [ 44.2444983, -18.9931906 ], [ 44.2441992, -18.9933112 ], [ 44.2439152, -18.9934636 ], [ 44.2436522, -18.9936451 ], [ 44.2434132, -18.9938545 ], [ 44.2432002, -18.9940885 ], [ 44.2430161, -18.9943432 ], [ 44.2428642, -18.9946175 ], [ 44.2427461, -18.9949051 ], [ 44.2426632, -18.9952045 ], [ 44.2426171, -18.9955111 ], [ 44.2426081, -18.9958205 ], [ 44.2426362, -18.9961285 ], [ 44.2427001, -18.9964325 ], [ 44.2428011, -18.9967262 ], [ 44.2429361, -18.9970073 ] ] ], [ [ [ 44.4015003, -19.0116552 ], [ 44.4015213, -19.0116119 ], [ 44.4015312, -19.0115047 ], [ 44.4015533, -19.0114587 ], [ 44.4015483, -19.0114078 ], [ 44.4015263, -19.011363 ], [ 44.4014722, -19.011316 ], [ 44.4013353, -19.0111818 ], [ 44.4012698, -19.0111839 ], [ 44.4012043, -19.0111171 ], [ 44.4011333, -19.0110988 ], [ 44.4010722, -19.011101 ], [ 44.4009983, -19.0110448 ], [ 44.4010033, -19.0109776 ], [ 44.4010233, -19.0109158 ], [ 44.4010342, -19.0108521 ], [ 44.4010943, -19.0107404 ], [ 44.4012262, -19.0107848 ], [ 44.4012783, -19.0108068 ], [ 44.4013382, -19.0108261 ], [ 44.4014152, -19.0108388 ], [ 44.4015253, -19.0108412 ], [ 44.4016182, -19.0108507 ], [ 44.4017183, -19.0108569 ], [ 44.40179220000001, -19.01086 ], [ 44.4019023, -19.0108781 ], [ 44.4019843, -19.0108847 ], [ 44.4020553, -19.0108618 ], [ 44.4021253, -19.0108247 ], [ 44.4021743, -19.0107852 ], [ 44.4022303, -19.0107288 ], [ 44.402262199999988, -19.0106698 ], [ 44.4022784, -19.0105898 ], [ 44.4022884, -19.0105239 ], [ 44.4022673, -19.0104361 ], [ 44.4022693, -19.0103848 ], [ 44.4023274, -19.0104069 ], [ 44.4023773, -19.0104136 ], [ 44.4024623, -19.0104039 ], [ 44.40253830000001, -19.010394 ], [ 44.4026193, -19.0103729 ], [ 44.4026794, -19.0103521 ], [ 44.402755299999988, -19.0103569 ], [ 44.4028333, -19.0103628 ], [ 44.402917400000014, -19.010401 ], [ 44.4029684, -19.0104061 ], [ 44.4030274, -19.0104119 ], [ 44.4030803, -19.0104316 ], [ 44.4031224, -19.0104699 ], [ 44.4031373, -19.0105226 ], [ 44.4031383, -19.0106017 ], [ 44.4031204, -19.0106608 ], [ 44.4030854, -19.010731 ], [ 44.4030473, -19.0108209 ], [ 44.4030063, -19.0109198 ], [ 44.4029564, -19.0110091 ], [ 44.4029033, -19.0110898 ], [ 44.4028533, -19.011144 ], [ 44.4028213, -19.0112221 ], [ 44.402899300000016, -19.0112879 ], [ 44.4029713, -19.0113141 ], [ 44.403066400000014, -19.0113542 ], [ 44.4031493, -19.0113907 ], [ 44.4032224, -19.011435 ], [ 44.4032933, -19.0114651 ], [ 44.4033594, -19.0114862 ], [ 44.4034434, -19.011508 ], [ 44.4035123, -19.011506 ], [ 44.403559400000013, -19.011489 ], [ 44.4036044, -19.0114618 ], [ 44.4036854, -19.0114328 ], [ 44.403722399999985, -19.011401 ], [ 44.403767300000013, -19.011358 ], [ 44.4038254, -19.0112949 ], [ 44.4038654, -19.0112417 ], [ 44.4038994, -19.0111997 ], [ 44.4039424, -19.011159 ], [ 44.4039844, -19.0111007 ], [ 44.4040014, -19.011041 ], [ 44.4040553, -19.0110987 ], [ 44.4040734, -19.0111627 ], [ 44.4040733, -19.0112751 ], [ 44.4040284, -19.0113559 ], [ 44.4039993, -19.0114041 ], [ 44.4039734, -19.0114462 ], [ 44.4039814, -19.0115101 ], [ 44.4040134, -19.0115641 ], [ 44.4040284, -19.0116128 ], [ 44.4040433, -19.0116762 ], [ 44.4041163, -19.0117369 ], [ 44.4041434, -19.011683 ], [ 44.4041925, -19.011618 ], [ 44.404215399999984, -19.0115629 ], [ 44.4042374, -19.0115118 ], [ 44.4042435, -19.0114418 ], [ 44.4042574, -19.0113731 ], [ 44.4042773, -19.0113061 ], [ 44.4043084, -19.0112517 ], [ 44.4043635, -19.0112071 ], [ 44.4044305, -19.0111768 ], [ 44.4045165, -19.0111609 ], [ 44.4046645, -19.0111557 ], [ 44.4048284, -19.0111649 ], [ 44.4049724, -19.0111857 ], [ 44.4051075, -19.0111951 ], [ 44.4052984, -19.0111679 ], [ 44.4054414, -19.0111362 ], [ 44.4055645, -19.0111087 ], [ 44.4057035, -19.0110928 ], [ 44.4058475, -19.0110848 ], [ 44.4059605, -19.011094 ], [ 44.4060604, -19.0111278 ], [ 44.4061815, -19.0111901 ], [ 44.4062544, -19.0112452 ], [ 44.4063225, -19.0113318 ], [ 44.4063826, -19.011412 ], [ 44.4064445, -19.0114929 ], [ 44.4064905, -19.0115409 ], [ 44.406575499999988, -19.0116051 ], [ 44.4066535, -19.0116568 ], [ 44.4067286, -19.0116971 ], [ 44.4067825, -19.0117169 ], [ 44.406865499999981, -19.0117161 ], [ 44.4069365, -19.011709 ], [ 44.4070016, -19.01169 ], [ 44.4070816, -19.011644 ], [ 44.4071305, -19.011635 ], [ 44.4072026, -19.0116307 ], [ 44.407273599999989, -19.0116021 ], [ 44.4073286, -19.0115909 ], [ 44.4074106, -19.0115771 ], [ 44.4074666, -19.0115817 ], [ 44.4075505, -19.011503 ], [ 44.407586599999988, -19.0114418 ], [ 44.4076166, -19.0113462 ], [ 44.4076635, -19.011223 ], [ 44.4077086, -19.011066 ], [ 44.4077265, -19.010977 ], [ 44.4077406, -19.0108902 ], [ 44.4077606, -19.0107848 ], [ 44.4077856, -19.0106879 ], [ 44.4078066, -19.010617 ], [ 44.4078326, -19.0105309 ], [ 44.4078456, -19.010478 ], [ 44.4078446, -19.010391 ], [ 44.4078306, -19.0103367 ], [ 44.4078176, -19.010284 ], [ 44.4078466, -19.0101799 ], [ 44.4078996, -19.0100822 ], [ 44.4079885, -19.0099827 ], [ 44.4080706, -19.0099102 ], [ 44.4081576, -19.0098609 ], [ 44.4082846, -19.0098177 ], [ 44.4084117, -19.0098039 ], [ 44.4084936, -19.0098121 ], [ 44.4086067, -19.0098168 ], [ 44.4087167, -19.0098361 ], [ 44.4088036, -19.0098517 ], [ 44.4088687, -19.0098699 ], [ 44.4089607, -19.009911 ], [ 44.4090687, -19.0099648 ], [ 44.4092036, -19.0100431 ], [ 44.4093486, -19.0100921 ], [ 44.4094777, -19.0101489 ], [ 44.4095667, -19.0102097 ], [ 44.4096037, -19.010244 ], [ 44.4096847, -19.010285 ], [ 44.4097837, -19.0102568 ], [ 44.4098877, -19.01025 ], [ 44.4099967, -19.010267 ], [ 44.4100677, -19.0102887 ], [ 44.4101288, -19.0103058 ], [ 44.4102358, -19.0103058 ], [ 44.4103017, -19.0103077 ], [ 44.4103798, -19.0103148 ], [ 44.4104517, -19.0103449 ], [ 44.4105087, -19.0103642 ], [ 44.4105468, -19.0104109 ], [ 44.4106437, -19.0104961 ], [ 44.4106967, -19.0105267 ], [ 44.4107527, -19.0105262 ], [ 44.4107957, -19.0105537 ], [ 44.4108637, -19.0106358 ], [ 44.4109527, -19.0106758 ], [ 44.4142199, -19.012781 ], [ 44.4142309, -19.0128399 ], [ 44.4142939, -19.0128671 ], [ 44.414334899999986, -19.0128992 ], [ 44.4143839, -19.012911 ], [ 44.4144509, -19.0129462 ], [ 44.414527899999989, -19.0129719 ], [ 44.4145969, -19.0130071 ], [ 44.4146419, -19.0130387 ], [ 44.41468, -19.0130707 ], [ 44.414764, -19.01307 ], [ 44.414809, -19.0130919 ], [ 44.414859, -19.0131281 ], [ 44.414877, -19.0131847 ], [ 44.414884, -19.0132362 ], [ 44.4149309, -19.013265 ], [ 44.4150009, -19.0132352 ], [ 44.415081, -19.013244 ], [ 44.4151479, -19.0132691 ], [ 44.415192, -19.0133068 ], [ 44.4152369, -19.0133677 ], [ 44.415297, -19.0134571 ], [ 44.415339, -19.013549 ], [ 44.4153509, -19.0136333 ], [ 44.415353, -19.013744 ], [ 44.415358, -19.0138671 ], [ 44.415347, -19.0139782 ], [ 44.415321, -19.0141242 ], [ 44.415316, -19.0141778 ], [ 44.415316, -19.0142648 ], [ 44.415312900000011, -19.0143122 ], [ 44.415325900000013, -19.0143908 ], [ 44.415343, -19.0144401 ], [ 44.415377, -19.014532 ], [ 44.415444, -19.0145982 ], [ 44.4154869, -19.0146348 ], [ 44.415568, -19.0146769 ], [ 44.4155919, -19.0147501 ], [ 44.415633, -19.0147787 ], [ 44.4156589, -19.01484 ], [ 44.415699, -19.0148738 ], [ 44.415714, -19.0149282 ], [ 44.415723, -19.0149859 ], [ 44.4157739, -19.0150378 ], [ 44.415831, -19.0150542 ], [ 44.4158619, -19.0150969 ], [ 44.415913, -19.0151348 ], [ 44.41595, -19.0151821 ], [ 44.4159901, -19.0152531 ], [ 44.416019, -19.0153291 ], [ 44.416053, -19.015369 ], [ 44.416098, -19.0154333 ], [ 44.416111, -19.0154848 ], [ 44.416133, -19.015541 ], [ 44.4161659, -19.015604 ], [ 44.4161641, -19.015661 ], [ 44.416148, -19.0157128 ], [ 44.416176, -19.015773 ], [ 44.416222, -19.0158232 ], [ 44.416244, -19.0158872 ], [ 44.416244, -19.015942 ], [ 44.4162929, -19.0159589 ], [ 44.416305, -19.0160251 ], [ 44.416321, -19.0160942 ], [ 44.4163571, -19.016151 ], [ 44.4163811, -19.0162033 ], [ 44.4163471, -19.0162661 ], [ 44.416251, -19.01633 ], [ 44.416189, -19.0163598 ], [ 44.416117, -19.0163991 ], [ 44.416065, -19.0164403 ], [ 44.416028, -19.0164783 ], [ 44.415989, -19.0165259 ], [ 44.415955, -19.0165661 ], [ 44.415923, -19.0166183 ], [ 44.415902, -19.016683 ], [ 44.415916, -19.0167329 ], [ 44.415943, -19.0168179 ], [ 44.41593, -19.016903 ], [ 44.415906, -19.016949 ], [ 44.415878, -19.0170543 ], [ 44.415858, -19.0171021 ], [ 44.415874, -19.0171519 ], [ 44.415879, -19.0172181 ], [ 44.4158999, -19.0173013 ], [ 44.4158759, -19.0173688 ], [ 44.415863, -19.0174421 ], [ 44.4158749, -19.0175122 ], [ 44.415914, -19.0175861 ], [ 44.415967, -19.0176538 ], [ 44.4159739, -19.0177059 ], [ 44.4159869, -19.017771 ], [ 44.416022, -19.0178369 ], [ 44.416041, -19.017902 ], [ 44.4160871, -19.0179703 ], [ 44.4161061, -19.0180309 ], [ 44.416121, -19.0180909 ], [ 44.41615, -19.0181472 ], [ 44.4161811, -19.0181949 ], [ 44.416211, -19.0182642 ], [ 44.416236, -19.0183119 ], [ 44.416263, -19.0183539 ], [ 44.416329, -19.0184411 ], [ 44.416348, -19.0185113 ], [ 44.416346, -19.01857 ], [ 44.416366, -19.0186239 ], [ 44.416317, -19.0186719 ], [ 44.416284, -19.0187342 ], [ 44.416342, -19.0187473 ], [ 44.416379, -19.0188042 ], [ 44.416426, -19.0187843 ], [ 44.416459, -19.0188321 ], [ 44.416478, -19.0189182 ], [ 44.4165221, -19.0189661 ], [ 44.4165221, -19.0190248 ], [ 44.416519, -19.0190813 ], [ 44.416572, -19.0191282 ], [ 44.4166461, -19.0191759 ], [ 44.4167111, -19.0192009 ], [ 44.416761, -19.019211 ], [ 44.416817, -19.0192562 ], [ 44.416883, -19.0192688 ], [ 44.4168971, -19.0193204 ], [ 44.416973, -19.019324 ], [ 44.416977, -19.0192699 ], [ 44.4170031, -19.0192092 ], [ 44.417055, -19.0191979 ], [ 44.417138, -19.0191491 ], [ 44.417214, -19.019124 ], [ 44.4172711, -19.0190919 ], [ 44.417355, -19.0190629 ], [ 44.417413, -19.0190449 ], [ 44.4174741, -19.01901 ], [ 44.4175181, -19.0189743 ], [ 44.417593, -19.0189243 ], [ 44.4176481, -19.01886 ], [ 44.417703, -19.0187912 ], [ 44.4177391, -19.0187261 ], [ 44.4177741, -19.0186609 ], [ 44.4177931, -19.0186132 ], [ 44.417849100000012, -19.0185471 ], [ 44.4179201, -19.0185208 ], [ 44.417978, -19.018513 ], [ 44.4180361, -19.0185103 ], [ 44.41816, -19.0184631 ], [ 44.4182081, -19.0184009 ], [ 44.4182481, -19.0183652 ], [ 44.4182961, -19.0183799 ], [ 44.4183401, -19.0184159 ], [ 44.4183942, -19.0184691 ], [ 44.4183862, -19.0185418 ], [ 44.4183911, -19.0186209 ], [ 44.4183962, -19.0186831 ], [ 44.4184112, -19.0187409 ], [ 44.4184321, -19.018793 ], [ 44.4184351, -19.0188721 ], [ 44.4184602, -19.0189328 ], [ 44.4184901, -19.0189874 ], [ 44.4185171, -19.0190622 ], [ 44.4185711, -19.0191379 ], [ 44.4186152, -19.0191728 ], [ 44.4186571, -19.0192411 ], [ 44.4186621, -19.0193044 ], [ 44.4186801, -19.0193768 ], [ 44.418693200000014, -19.0194431 ], [ 44.4187121, -19.0195082 ], [ 44.418721100000013, -19.0195614 ], [ 44.4187091, -19.0196691 ], [ 44.4186701, -19.0197404 ], [ 44.4186952, -19.0198282 ], [ 44.4187071, -19.0199181 ], [ 44.4187111, -19.0199673 ], [ 44.41871720000001, -19.020065 ], [ 44.4187132, -19.0201503 ], [ 44.4186812, -19.0202052 ], [ 44.4186541, -19.0202479 ], [ 44.4186121, -19.0203089 ], [ 44.4185421, -19.0203731 ], [ 44.4184931, -19.0204053 ], [ 44.4184242, -19.0204322 ], [ 44.418371, -19.0204553 ], [ 44.4182991, -19.0204732 ], [ 44.4182202, -19.0204859 ], [ 44.4181691, -19.0204988 ], [ 44.418103, -19.0205354 ], [ 44.4180111, -19.0205513 ], [ 44.417958, -19.0205569 ], [ 44.417865, -19.0205892 ], [ 44.4177721, -19.0206249 ], [ 44.4177161, -19.0206683 ], [ 44.417668, -19.0207254 ], [ 44.4176607, -19.0207902 ], [ 44.417658, -19.0208501 ], [ 44.4176081, -19.020889 ], [ 44.4175701, -19.0209389 ], [ 44.4175311, -19.020987 ], [ 44.4175321, -19.0210361 ], [ 44.417521, -19.021093 ], [ 44.4175201, -19.0211552 ], [ 44.4175251, -19.0212122 ], [ 44.4175351, -19.021301 ], [ 44.417528, -19.0213591 ], [ 44.4175481, -19.021418 ], [ 44.417563, -19.0215204 ], [ 44.4175621, -19.0216299 ], [ 44.417533, -19.0216872 ], [ 44.417438, -19.021737 ], [ 44.4173831, -19.0217053 ], [ 44.41733, -19.02165 ], [ 44.4172701, -19.0215962 ], [ 44.4171931, -19.0215564 ], [ 44.4171291, -19.02151 ], [ 44.417071, -19.0214901 ], [ 44.416993, -19.0214774 ], [ 44.4169251, -19.0215162 ], [ 44.416891, -19.0215519 ], [ 44.4168271, -19.0215834 ], [ 44.416797, -19.0216294 ], [ 44.416751, -19.0216599 ], [ 44.416696, -19.0217022 ], [ 44.4166331, -19.0217619 ], [ 44.416586, -19.0218292 ], [ 44.416539, -19.021893 ], [ 44.4165119, -19.0219334 ], [ 44.416471, -19.022016 ], [ 44.416465, -19.0220831 ], [ 44.416421, -19.0221091 ], [ 44.416378, -19.0221459 ], [ 44.4163109, -19.0222022 ], [ 44.416243, -19.0222681 ], [ 44.416199, -19.0223009 ], [ 44.416154, -19.022327 ], [ 44.416088, -19.022359 ], [ 44.416025, -19.0224131 ], [ 44.41599, -19.0224821 ], [ 44.4159479, -19.0225601 ], [ 44.4159179, -19.0225999 ], [ 44.415886, -19.0226391 ], [ 44.415854, -19.0226963 ], [ 44.415824, -19.022753 ], [ 44.4157979, -19.0228103 ], [ 44.4157919, -19.0228622 ], [ 44.415827, -19.0228959 ], [ 44.4158109, -19.0229494 ], [ 44.415773, -19.0230122 ], [ 44.415772, -19.0230992 ], [ 44.415786, -19.0231659 ], [ 44.415764, -19.0232289 ], [ 44.415726, -19.0232754 ], [ 44.415678, -19.0233443 ], [ 44.415666, -19.0234232 ], [ 44.415635, -19.023463 ], [ 44.41561, -19.0235389 ], [ 44.415598, -19.023597 ], [ 44.4155659, -19.023657 ], [ 44.4155499, -19.0237291 ], [ 44.4155039, -19.0237732 ], [ 44.4154799, -19.0238351 ], [ 44.415475, -19.0238955 ], [ 44.415448, -19.0239561 ], [ 44.415433, -19.0240051 ], [ 44.415387, -19.0240373 ], [ 44.415375900000015, -19.0241061 ], [ 44.4153389, -19.0241571 ], [ 44.415303, -19.0241973 ], [ 44.41524, -19.0242723 ], [ 44.4151989, -19.0243193 ], [ 44.4151389, -19.0243813 ], [ 44.4150979, -19.0244424 ], [ 44.4150749, -19.0244924 ], [ 44.4150269, -19.0245449 ], [ 44.4149839, -19.0245874 ], [ 44.4149569, -19.0246272 ], [ 44.4149239, -19.0246692 ], [ 44.4148629, -19.024712 ], [ 44.414829, -19.0247573 ], [ 44.4147789, -19.0248002 ], [ 44.4147379, -19.024845 ], [ 44.4147109, -19.0249102 ], [ 44.4146538, -19.0249491 ], [ 44.4146179, -19.0250001 ], [ 44.4145689, -19.025034 ], [ 44.4145069, -19.0251174 ], [ 44.41446, -19.0251581 ], [ 44.4143969, -19.0252144 ], [ 44.4143418, -19.0252759 ], [ 44.4143049, -19.0253139 ], [ 44.4142549, -19.0253591 ], [ 44.414189, -19.0253962 ], [ 44.4141409, -19.0254301 ], [ 44.4140868, -19.0254691 ], [ 44.4140409, -19.0254985 ], [ 44.4139879, -19.0255272 ], [ 44.4139289, -19.0255503 ], [ 44.4138518, -19.0255794 ], [ 44.4137948, -19.0255923 ], [ 44.4137238, -19.0256231 ], [ 44.4136828, -19.0256503 ], [ 44.4136099, -19.0256783 ], [ 44.4135688, -19.0257072 ], [ 44.4135079, -19.0257382 ], [ 44.4134358, -19.0257843 ], [ 44.4133628, -19.0258433 ], [ 44.4132888, -19.0259323 ], [ 44.413244899999988, -19.0260041 ], [ 44.4132389, -19.0260791 ], [ 44.4132188, -19.0261715 ], [ 44.4132008, -19.0262351 ], [ 44.4131629, -19.026334 ], [ 44.4131478, -19.0264124 ], [ 44.4131279, -19.0264652 ], [ 44.413072899999989, -19.0265471 ], [ 44.4130638, -19.0266079 ], [ 44.4130487, -19.0266603 ], [ 44.4130278, -19.0267233 ], [ 44.4130219, -19.026782 ], [ 44.4130079, -19.0268332 ], [ 44.4129818, -19.0268781 ], [ 44.4129769, -19.0269283 ], [ 44.4129779, -19.0269791 ], [ 44.4129449, -19.0270442 ], [ 44.4129559, -19.0271285 ], [ 44.4129718, -19.027175 ], [ 44.4129809, -19.027266 ], [ 44.4129938, -19.027317 ], [ 44.4129958, -19.0273802 ], [ 44.4129948, -19.0274389 ], [ 44.4130179, -19.027481 ], [ 44.4130508, -19.0275231 ], [ 44.4130889, -19.0275761 ], [ 44.4131218, -19.0276244 ], [ 44.4131668, -19.027704 ], [ 44.4131739, -19.0277843 ], [ 44.413227800000016, -19.027843 ], [ 44.4132579, -19.0279162 ], [ 44.4133098, -19.0279535 ], [ 44.4133488, -19.0279872 ], [ 44.4133889, -19.0280803 ], [ 44.4134189, -19.0281761 ], [ 44.4134418, -19.0282333 ], [ 44.4134628, -19.0282821 ], [ 44.413488799999989, -19.0283332 ], [ 44.4134919, -19.0284214 ], [ 44.413497899999989, -19.0284852 ], [ 44.4135569, -19.0285283 ], [ 44.4135728, -19.028586 ], [ 44.4135558, -19.028644 ], [ 44.4136209, -19.0287074 ], [ 44.4136299, -19.0287724 ], [ 44.413649799999988, -19.0288314 ], [ 44.4136799, -19.0288984 ], [ 44.4137168, -19.0289372 ], [ 44.4137309, -19.0289853 ], [ 44.4137049, -19.029046 ], [ 44.4137138, -19.0291082 ], [ 44.413744799999989, -19.029169 ], [ 44.4137969, -19.0291741 ], [ 44.4138199, -19.0292325 ], [ 44.4138619, -19.0292821 ], [ 44.4139318, -19.0292682 ], [ 44.4139819, -19.0292535 ], [ 44.413990899999988, -19.0293152 ], [ 44.4140538, -19.0293661 ], [ 44.4140938, -19.0293225 ], [ 44.4141479, -19.0293903 ], [ 44.414198799999987, -19.0294411 ], [ 44.4142079, -19.0294994 ], [ 44.4142209, -19.029565 ], [ 44.4142779, -19.0295984 ], [ 44.4143109, -19.0296553 ], [ 44.4143449, -19.0296912 ], [ 44.414401900000016, -19.0297664 ], [ 44.414421, -19.0298451 ], [ 44.4144439, -19.0298995 ], [ 44.4144789, -19.0299383 ], [ 44.414537, -19.030009 ], [ 44.414581, -19.0300885 ], [ 44.4146439, -19.0301474 ], [ 44.4147149, -19.0301776 ], [ 44.4147859, -19.0302252 ], [ 44.4148588, -19.0302571 ], [ 44.4149639, -19.0303051 ], [ 44.415017, -19.0303142 ], [ 44.4150649, -19.0303475 ], [ 44.415127, -19.0303611 ], [ 44.4151859, -19.0303725 ], [ 44.4152409, -19.0303901 ], [ 44.4152919, -19.0304053 ], [ 44.415379, -19.0304035 ], [ 44.4154469, -19.0303963 ], [ 44.415554, -19.0304353 ], [ 44.415601, -19.030481 ], [ 44.4156519, -19.0305364 ], [ 44.4157119, -19.0306093 ], [ 44.4157409, -19.0306633 ], [ 44.415781, -19.0307213 ], [ 44.4158179, -19.0307771 ], [ 44.4158519, -19.0308232 ], [ 44.415902, -19.0308791 ], [ 44.415976, -19.0309121 ], [ 44.4160389, -19.0309715 ], [ 44.4160969, -19.0310202 ], [ 44.4161459, -19.0311161 ], [ 44.416187, -19.0311973 ], [ 44.416212, -19.0312846 ], [ 44.416235, -19.0313334 ], [ 44.416256, -19.0313805 ], [ 44.4162751, -19.0314451 ], [ 44.4162869, -19.0315181 ], [ 44.416339, -19.0315452 ], [ 44.416365, -19.0315935 ], [ 44.4163699, -19.0316601 ], [ 44.41643, -19.0316902 ], [ 44.416482, -19.0316382 ], [ 44.4164641, -19.0315635 ], [ 44.416477, -19.0314852 ], [ 44.4164979, -19.0314261 ], [ 44.416517, -19.0313732 ], [ 44.416544, -19.0312403 ], [ 44.4165329, -19.0311871 ], [ 44.4165149, -19.0310581 ], [ 44.416527, -19.0309606 ], [ 44.416531, -19.0309103 ], [ 44.416547, -19.0308603 ], [ 44.4165729, -19.0308182 ], [ 44.416613, -19.0307701 ], [ 44.416643, -19.0307252 ], [ 44.4166811, -19.0306811 ], [ 44.416717, -19.0306453 ], [ 44.416818, -19.0306351 ], [ 44.416894, -19.0306524 ], [ 44.416955, -19.0306141 ], [ 44.417029, -19.0306064 ], [ 44.417077, -19.0305911 ], [ 44.417144, -19.0305394 ], [ 44.417189, -19.0305003 ], [ 44.417221, -19.03046 ], [ 44.4172591, -19.0304243 ], [ 44.4173, -19.0303824 ], [ 44.417337, -19.0303444 ], [ 44.4173811, -19.0303043 ], [ 44.417443, -19.0302423 ], [ 44.4175051, -19.0301814 ], [ 44.417545, -19.0301333 ], [ 44.4175731, -19.0300924 ], [ 44.4176001, -19.0300351 ], [ 44.4176301, -19.0299953 ], [ 44.417647, -19.0299492 ], [ 44.4176931, -19.0298582 ], [ 44.417719, -19.0298134 ], [ 44.417737, -19.0297656 ], [ 44.417758, -19.0297223 ], [ 44.417788, -19.0296826 ], [ 44.417826, -19.0296485 ], [ 44.417874, -19.0296073 ], [ 44.4179521, -19.0295573 ], [ 44.4179861, -19.0294973 ], [ 44.4180771, -19.0295062 ], [ 44.418121, -19.0295321 ], [ 44.4181731, -19.029575 ], [ 44.418225, -19.0295722 ], [ 44.4183052, -19.0295635 ], [ 44.4183531, -19.0296002 ], [ 44.418419100000015, -19.0296432 ], [ 44.4184891, -19.0296694 ], [ 44.4185621, -19.029686 ], [ 44.418641, -19.0297473 ], [ 44.418697099999989, -19.0297491 ], [ 44.4187481, -19.0297542 ], [ 44.4188031, -19.0297621 ], [ 44.4188571, -19.0297514 ], [ 44.4189271, -19.0297974 ], [ 44.4189751, -19.0298154 ], [ 44.4190732, -19.0298182 ], [ 44.4191471, -19.029771 ], [ 44.4191741, -19.0297312 ], [ 44.4192032, -19.0296852 ], [ 44.4192261, -19.0296341 ], [ 44.419230199999987, -19.0295783 ], [ 44.4192141, -19.029521 ], [ 44.4192281, -19.0294433 ], [ 44.4192721, -19.0293771 ], [ 44.4192972, -19.0293311 ], [ 44.4193122, -19.029281 ], [ 44.419342100000016, -19.0291921 ], [ 44.4193601, -19.0291415 ], [ 44.4193851, -19.0290864 ], [ 44.4194101, -19.0290432 ], [ 44.4194812, -19.0289723 ], [ 44.4195361, -19.0289142 ], [ 44.4195642, -19.0288722 ], [ 44.4196151, -19.0288123 ], [ 44.4196321, -19.0287583 ], [ 44.4196802, -19.0287012 ], [ 44.4197171, -19.0286632 ], [ 44.4197662, -19.0285875 ], [ 44.4197801, -19.0285143 ], [ 44.419793199999987, -19.028428 ], [ 44.4198232, -19.0283572 ], [ 44.4198222, -19.0283052 ], [ 44.4198121, -19.0282402 ], [ 44.419794100000011, -19.0281835 ], [ 44.4197712, -19.0281251 ], [ 44.4197481, -19.0280712 ], [ 44.4197072, -19.0279945 ], [ 44.419690200000012, -19.0279424 ], [ 44.4196452, -19.0278583 ], [ 44.4196222, -19.0277892 ], [ 44.4196331, -19.027704 ], [ 44.4196062, -19.0276495 ], [ 44.4195802, -19.0276041 ], [ 44.4195981, -19.027532 ], [ 44.4196162, -19.0274751 ], [ 44.4196462, -19.0274004 ], [ 44.4196671, -19.0273554 ], [ 44.4196812, -19.0272805 ], [ 44.4197082, -19.0272023 ], [ 44.4197102, -19.0271295 ], [ 44.4197202, -19.027068 ], [ 44.4197171, -19.0269901 ], [ 44.4197091, -19.0269273 ], [ 44.4196991, -19.0268724 ], [ 44.4196682, -19.026793 ], [ 44.4196712, -19.0267044 ], [ 44.4196491, -19.0266302 ], [ 44.4196282, -19.0265464 ], [ 44.4195971, -19.0264754 ], [ 44.4195941, -19.026428 ], [ 44.4195801, -19.0263482 ], [ 44.4195742, -19.0263001 ], [ 44.4195621, -19.0262209 ], [ 44.4195372, -19.0261484 ], [ 44.4195241, -19.0260991 ], [ 44.4195122, -19.026038 ], [ 44.4194962, -19.0259751 ], [ 44.4194912, -19.0259271 ], [ 44.4195022, -19.025873 ], [ 44.4195162, -19.0258094 ], [ 44.4195182, -19.025736 ], [ 44.4195382, -19.0256752 ], [ 44.4195662, -19.0256061 ], [ 44.4195722, -19.025553 ], [ 44.4195852, -19.0255012 ], [ 44.41962010000001, -19.025444 ], [ 44.4196141, -19.0253785 ], [ 44.4196082, -19.0252914 ], [ 44.4196092, -19.0252073 ], [ 44.4196242, -19.0251493 ], [ 44.4196492, -19.0250722 ], [ 44.4196692, -19.0250115 ], [ 44.4196832, -19.0249489 ], [ 44.4196822, -19.0248761 ], [ 44.4196861, -19.0248089 ], [ 44.4196991, -19.0247283 ], [ 44.4197162, -19.0246771 ], [ 44.4197421, -19.0245984 ], [ 44.4197642, -19.0245184 ], [ 44.4197661, -19.024467 ], [ 44.4197902, -19.0244159 ], [ 44.4197902, -19.024347 ], [ 44.4198062, -19.0242772 ], [ 44.4198131, -19.0242174 ], [ 44.4198412, -19.0241692 ], [ 44.4198491, -19.0241139 ], [ 44.4198311, -19.0240691 ], [ 44.4198342, -19.024011 ], [ 44.4198362, -19.0239444 ], [ 44.4198492, -19.0238739 ], [ 44.4198441, -19.0238084 ], [ 44.4198392, -19.0237473 ], [ 44.4198561, -19.0236989 ], [ 44.4198752, -19.0236303 ], [ 44.4198672, -19.0235511 ], [ 44.4198482, -19.0234854 ], [ 44.4198032, -19.0234414 ], [ 44.4197492, -19.0234482 ], [ 44.4197032, -19.0234719 ], [ 44.419637099999989, -19.0234622 ], [ 44.4195572, -19.0234331 ], [ 44.4194992, -19.0234064 ], [ 44.4194442, -19.0233663 ], [ 44.4193851, -19.0233374 ], [ 44.4193191, -19.0233124 ], [ 44.419254099999989, -19.023271 ], [ 44.4192052, -19.0232231 ], [ 44.4191791, -19.0231652 ], [ 44.4191632, -19.0231001 ], [ 44.4191562, -19.023039 ], [ 44.419164099999989, -19.0229894 ], [ 44.4191492, -19.0229203 ], [ 44.4191631, -19.0228742 ], [ 44.4191822, -19.0228089 ], [ 44.4191482, -19.0227374 ], [ 44.4191322, -19.0226864 ], [ 44.4191141, -19.0226224 ], [ 44.4191091, -19.0225562 ], [ 44.4190952, -19.0225064 ], [ 44.4190762, -19.0224463 ], [ 44.4190621, -19.0223829 ], [ 44.4190182, -19.0223243 ], [ 44.4190011, -19.0222733 ], [ 44.418994200000014, -19.0222229 ], [ 44.4189552, -19.0221841 ], [ 44.418933100000011, -19.0221319 ], [ 44.4188912, -19.0220654 ], [ 44.4188822, -19.0220094 ], [ 44.4188742, -19.0219483 ], [ 44.4188541, -19.0218922 ], [ 44.4188541, -19.021821 ], [ 44.4188822, -19.0217694 ], [ 44.4188992, -19.021699 ], [ 44.4189471, -19.021669 ], [ 44.4189351, -19.0216152 ], [ 44.4189472, -19.021551 ], [ 44.4189502, -19.0214991 ], [ 44.4189471, -19.0214239 ], [ 44.418927099999983, -19.0213684 ], [ 44.4189372, -19.0213143 ], [ 44.4189561, -19.0212682 ], [ 44.419013199999981, -19.0212129 ], [ 44.4190572, -19.0211869 ], [ 44.4190981, -19.0211512 ], [ 44.4191552, -19.0211241 ], [ 44.4192052, -19.0210773 ], [ 44.4192872, -19.0210669 ], [ 44.4193172, -19.0211282 ], [ 44.4193322, -19.0211792 ], [ 44.419343200000014, -19.021238 ], [ 44.4193401, -19.0213069 ], [ 44.4193701, -19.0213643 ], [ 44.4194162, -19.0213823 ], [ 44.419443199999989, -19.0214464 ], [ 44.4194912, -19.0214983 ], [ 44.4195412, -19.021518 ], [ 44.4196102, -19.0215871 ], [ 44.4196491, -19.0216333 ], [ 44.4196932, -19.021662 ], [ 44.4197352, -19.0217184 ], [ 44.419803200000011, -19.0217344 ], [ 44.4198502, -19.0217609 ], [ 44.4199681, -19.0217899 ], [ 44.4200341, -19.0217923 ], [ 44.4200842, -19.0217889 ], [ 44.4201482, -19.0218099 ], [ 44.4202402, -19.021829 ], [ 44.4203022, -19.0218162 ], [ 44.4203643, -19.0218022 ], [ 44.4204673, -19.0217683 ], [ 44.4205192, -19.0217429 ], [ 44.4205732, -19.0217243 ], [ 44.420647299999985, -19.021663 ], [ 44.4207212, -19.0216034 ], [ 44.420783199999988, -19.021542 ], [ 44.420821200000013, -19.0214814 ], [ 44.4208393, -19.0214263 ], [ 44.4208502, -19.0213654 ], [ 44.4208843, -19.021311 ], [ 44.420924199999988, -19.0212499 ], [ 44.420924199999988, -19.0211663 ], [ 44.4208732, -19.0211149 ], [ 44.4208053, -19.0211091 ], [ 44.4207482, -19.0211023 ], [ 44.4206933, -19.0210689 ], [ 44.4206523, -19.0210329 ], [ 44.4206292, -19.0209824 ], [ 44.4205952, -19.0209413 ], [ 44.4205492, -19.0209069 ], [ 44.4205092, -19.0208523 ], [ 44.4205072, -19.0208003 ], [ 44.4204793, -19.0207379 ], [ 44.4204373, -19.02069 ], [ 44.4204573, -19.0206202 ], [ 44.4204852, -19.0205589 ], [ 44.4205622, -19.0204881 ], [ 44.4206003, -19.0204332 ], [ 44.4206423, -19.0203721 ], [ 44.4206843, -19.0203228 ], [ 44.4207213, -19.0202611 ], [ 44.4207353, -19.0201952 ], [ 44.4207862, -19.0201309 ], [ 44.4208352, -19.0200828 ], [ 44.4208902, -19.0200174 ], [ 44.4209503, -19.0199469 ], [ 44.4209893, -19.019901 ], [ 44.4210043, -19.0198391 ], [ 44.4210292, -19.0197682 ], [ 44.4210473, -19.0196939 ], [ 44.4210123, -19.0196562 ], [ 44.4210522, -19.0195951 ], [ 44.4211203, -19.0195659 ], [ 44.4211683, -19.0195382 ], [ 44.4211903, -19.0196051 ], [ 44.4211893, -19.0196531 ], [ 44.4212332, -19.0196762 ], [ 44.4212303, -19.0197309 ], [ 44.4212053, -19.0197769 ], [ 44.4212483, -19.0198644 ], [ 44.4213032, -19.0199259 ], [ 44.4212673, -19.0199961 ], [ 44.4213172, -19.0200069 ], [ 44.4213213, -19.0200572 ], [ 44.4213362, -19.0201144 ], [ 44.4213512, -19.0201879 ], [ 44.4213823, -19.0202323 ], [ 44.4214203, -19.0202644 ], [ 44.4214423, -19.0203493 ], [ 44.4215003, -19.0203759 ], [ 44.4215292, -19.0204242 ], [ 44.4215633, -19.0204771 ], [ 44.4216263, -19.0205123 ], [ 44.4216963, -19.0205232 ], [ 44.4217623, -19.0205431 ], [ 44.4218123, -19.02059 ], [ 44.4218662, -19.0206273 ], [ 44.4219383, -19.0206332 ], [ 44.4220202, -19.020655 ], [ 44.4220802, -19.0207132 ], [ 44.4221433, -19.0207631 ], [ 44.4221953, -19.0207811 ], [ 44.4222663, -19.0207944 ], [ 44.4223322, -19.0207759 ], [ 44.4223813, -19.0207674 ], [ 44.4224373, -19.0207799 ], [ 44.4225143, -19.020748 ], [ 44.4225633, -19.020709 ], [ 44.4226573, -19.0206552 ], [ 44.4227244, -19.0205973 ], [ 44.422767400000012, -19.0205639 ], [ 44.4228074, -19.0205073 ], [ 44.4228853, -19.0204624 ], [ 44.422959399999989, -19.0204101 ], [ 44.4229724, -19.0203549 ], [ 44.4230034, -19.0203078 ], [ 44.4230414, -19.0202349 ], [ 44.4230693, -19.0201934 ], [ 44.4231124, -19.0201549 ], [ 44.4231544, -19.0200831 ], [ 44.4231853, -19.0200089 ], [ 44.4232224, -19.0199359 ], [ 44.4232314, -19.0198682 ], [ 44.4232423, -19.019822 ], [ 44.423257399999983, -19.019759 ], [ 44.4232124, -19.0197138 ], [ 44.4231453, -19.0196871 ], [ 44.4230974, -19.0196318 ], [ 44.4230793, -19.0195729 ], [ 44.4230384, -19.0195301 ], [ 44.4230133, -19.0194818 ], [ 44.4229614, -19.019444 ], [ 44.4229084, -19.0194101 ], [ 44.4228673, -19.0193469 ], [ 44.4228474, -19.0192999 ], [ 44.4228293, -19.0192471 ], [ 44.4228363, -19.019171 ], [ 44.422810299999981, -19.019112 ], [ 44.4227853, -19.019049 ], [ 44.4227254, -19.0190049 ], [ 44.4226823, -19.0189739 ], [ 44.4226113, -19.0189404 ], [ 44.4225493, -19.0189131 ], [ 44.4225053, -19.0188833 ], [ 44.4224683, -19.018849 ], [ 44.4224193, -19.0187818 ], [ 44.4224003, -19.018702 ], [ 44.4224003, -19.0186342 ], [ 44.4224013, -19.0185789 ], [ 44.4224463, -19.018502 ], [ 44.4225073, -19.0184553 ], [ 44.4225614, -19.0183892 ], [ 44.422607299999989, -19.01837 ], [ 44.422692399999988, -19.018332 ], [ 44.4227963, -19.018376 ], [ 44.4228623, -19.0184073 ], [ 44.4229153, -19.0183779 ], [ 44.4229743, -19.0183142 ], [ 44.4230324, -19.0182403 ], [ 44.4230544, -19.0181733 ], [ 44.4230734, -19.0181233 ], [ 44.423083399999989, -19.0180743 ], [ 44.4231344, -19.0180189 ], [ 44.4231754, -19.0179641 ], [ 44.4232103, -19.0179221 ], [ 44.4232393, -19.0178563 ], [ 44.4232894, -19.0177682 ], [ 44.4233623, -19.0177419 ], [ 44.4234214, -19.0177183 ], [ 44.4235014, -19.0176893 ], [ 44.423556499999989, -19.0176808 ], [ 44.4236343, -19.0176732 ], [ 44.4237003, -19.0176519 ], [ 44.4237674, -19.0176329 ], [ 44.4238274, -19.0176358 ], [ 44.4238873, -19.0176303 ], [ 44.4239474, -19.0176202 ], [ 44.4239984, -19.0176163 ], [ 44.4240494, -19.017579 ], [ 44.4241044, -19.0175542 ], [ 44.4242014, -19.0175423 ], [ 44.4242725, -19.0175589 ], [ 44.4243965, -19.0176133 ], [ 44.4244444, -19.01765 ], [ 44.4245095, -19.0176581 ], [ 44.424566399999989, -19.017679 ], [ 44.4246054, -19.0177432 ], [ 44.4246534, -19.0177991 ], [ 44.4246724, -19.0178479 ], [ 44.4247134, -19.017876 ], [ 44.4247565, -19.0179262 ], [ 44.4248105, -19.0179392 ], [ 44.4248665, -19.0179539 ], [ 44.424944400000015, -19.0180209 ], [ 44.4250015, -19.0180881 ], [ 44.4250474, -19.018144 ], [ 44.4251025, -19.0182169 ], [ 44.4251514, -19.0182682 ], [ 44.425189499999988, -19.0183183 ], [ 44.4252355, -19.0183832 ], [ 44.4253355, -19.018434 ], [ 44.4253805, -19.0184712 ], [ 44.4254515, -19.0185121 ], [ 44.4255035, -19.018546 ], [ 44.4255555, -19.0185533 ], [ 44.4256295, -19.0185733 ], [ 44.4257305, -19.0186179 ], [ 44.4258285, -19.018636 ], [ 44.4258925, -19.0186581 ], [ 44.4259776, -19.0186929 ], [ 44.4260475, -19.0186881 ], [ 44.4261005, -19.0187141 ], [ 44.4262146, -19.0187571 ], [ 44.426297399999989, -19.0187642 ], [ 44.4264106, -19.018774 ], [ 44.4264886, -19.0187793 ], [ 44.4265446, -19.018802 ], [ 44.4266216, -19.0188141 ], [ 44.4267096, -19.0188162 ], [ 44.4267865, -19.0188131 ], [ 44.4268585, -19.0188032 ], [ 44.4269116, -19.0187829 ], [ 44.4269855, -19.0187809 ], [ 44.4270606, -19.0187721 ], [ 44.4271365, -19.0187611 ], [ 44.4271905, -19.0187413 ], [ 44.4272626, -19.0187201 ], [ 44.4273235, -19.0186903 ], [ 44.4273755, -19.0186632 ], [ 44.427350499999989, -19.0186211 ], [ 44.4272825, -19.018573 ], [ 44.4272196, -19.0185141 ], [ 44.4272026, -19.0184682 ], [ 44.4271805, -19.0184058 ], [ 44.4271786, -19.0183454 ], [ 44.4271745, -19.018286 ], [ 44.4271545, -19.0182101 ], [ 44.4271295, -19.0181681 ], [ 44.4271255, -19.0181071 ], [ 44.4271186, -19.0180302 ], [ 44.4271046, -19.0179222 ], [ 44.4270786, -19.0178541 ], [ 44.4270366, -19.0178282 ], [ 44.4269495, -19.0177793 ], [ 44.4268996, -19.0177691 ], [ 44.4268345, -19.0177379 ], [ 44.4267696, -19.0177169 ], [ 44.4267056, -19.017706 ], [ 44.4266516, -19.0176919 ], [ 44.4265835, -19.0176533 ], [ 44.4264976, -19.0176179 ], [ 44.4264236, -19.0175888 ], [ 44.4263606, -19.0175672 ], [ 44.4262615, -19.0175153 ], [ 44.4261626, -19.0174482 ], [ 44.4261016, -19.0174221 ], [ 44.4260375, -19.0173909 ], [ 44.4259535, -19.017377 ], [ 44.4258786, -19.0173671 ], [ 44.4258244, -19.017362 ], [ 44.4257684, -19.0173049 ], [ 44.4256985, -19.0172612 ], [ 44.4256575, -19.0172099 ], [ 44.4256365, -19.0171612 ], [ 44.4256324, -19.0170662 ], [ 44.4256065, -19.0169999 ], [ 44.4256034, -19.0169479 ], [ 44.4255795, -19.0168923 ], [ 44.4255694, -19.0168171 ], [ 44.4255535, -19.0167689 ], [ 44.4255475, -19.016718 ], [ 44.4255465, -19.0166508 ], [ 44.4255775, -19.016606 ], [ 44.4255444, -19.0165542 ], [ 44.4255495, -19.0164792 ], [ 44.4255826, -19.0164338 ], [ 44.4256345, -19.0163728 ], [ 44.4256624, -19.0163099 ], [ 44.4256875, -19.0162469 ], [ 44.4257145, -19.0161772 ], [ 44.4257384, -19.0161261 ], [ 44.4257555, -19.0160563 ], [ 44.4257645, -19.0160089 ], [ 44.4257975, -19.0159483 ], [ 44.4258125, -19.0158999 ], [ 44.4258276, -19.0158538 ], [ 44.4258365, -19.0157872 ], [ 44.4258496, -19.0157292 ], [ 44.4258635, -19.0156802 ], [ 44.4258854, -19.0156359 ], [ 44.4259115, -19.0155932 ], [ 44.4259725, -19.0155228 ], [ 44.4260085, -19.0154729 ], [ 44.4260365, -19.0153868 ], [ 44.4260535, -19.015339 ], [ 44.4261195, -19.0152821 ], [ 44.4261805, -19.0152461 ], [ 44.4262286, -19.0152252 ], [ 44.42628149999998, -19.0151693 ], [ 44.4263385, -19.0151423 ], [ 44.4263976, -19.0151299 ], [ 44.4264996, -19.0151141 ], [ 44.4265735, -19.0151172 ], [ 44.4266375, -19.0151461 ], [ 44.4267116, -19.0151978 ], [ 44.4267516, -19.0152293 ], [ 44.4268135, -19.0152751 ], [ 44.4268655, -19.015318 ], [ 44.4269085, -19.0153428 ], [ 44.4269736, -19.0153881 ], [ 44.4270615, -19.0154698 ], [ 44.4271336, -19.0155429 ], [ 44.4272205, -19.0156698 ], [ 44.4272615, -19.0157301 ], [ 44.4272956, -19.0157858 ], [ 44.4273345, -19.015828 ], [ 44.4273846, -19.0158393 ], [ 44.4274325, -19.0158133 ], [ 44.4274926, -19.0157773 ], [ 44.4275267, -19.0157381 ], [ 44.4275676, -19.0156889 ], [ 44.4276065, -19.015652 ], [ 44.4276516, -19.0155983 ], [ 44.4276956, -19.0155649 ], [ 44.4277396, -19.0155332 ], [ 44.4277417, -19.0154519 ], [ 44.4277415, -19.0154011 ], [ 44.4277956, -19.0153328 ], [ 44.4278337, -19.0152581 ], [ 44.4278536, -19.015168 ], [ 44.4278416, -19.0151103 ], [ 44.4278246, -19.0150553 ], [ 44.4277806, -19.0149933 ], [ 44.4277507, -19.0149433 ], [ 44.4276945, -19.0148608 ], [ 44.427638599999987, -19.0148189 ], [ 44.4276066, -19.014779 ], [ 44.4275566, -19.0147299 ], [ 44.4274956, -19.0146931 ], [ 44.4274305, -19.0146269 ], [ 44.4273906, -19.0145801 ], [ 44.4273456, -19.014517 ], [ 44.4273136, -19.014437 ], [ 44.4272815, -19.0143689 ], [ 44.4272535, -19.0142929 ], [ 44.4272216, -19.0142078 ], [ 44.4271955, -19.0141302 ], [ 44.4271735, -19.0140729 ], [ 44.427156599999982, -19.013988 ], [ 44.4271396, -19.013924 ], [ 44.4271026, -19.0138672 ], [ 44.4270776, -19.013798 ], [ 44.4270505, -19.0137548 ], [ 44.4270055, -19.0136718 ], [ 44.4269746, -19.0136122 ], [ 44.4269246, -19.0135411 ], [ 44.4268956, -19.0134973 ], [ 44.4268745, -19.0134468 ], [ 44.42685250000001, -19.0133658 ], [ 44.4268195, -19.0133073 ], [ 44.4267536, -19.0132461 ], [ 44.4267365, -19.0131979 ], [ 44.4267186, -19.0131271 ], [ 44.426697499999989, -19.0130642 ], [ 44.4266805, -19.0130002 ], [ 44.4266606, -19.012939 ], [ 44.4266126, -19.0128741 ], [ 44.4266046, -19.0128108 ], [ 44.4265816, -19.0127383 ], [ 44.4265606, -19.0126799 ], [ 44.4265465, -19.0126199 ], [ 44.4265486, -19.0125719 ], [ 44.4265195, -19.012519 ], [ 44.4264795, -19.0124751 ], [ 44.4264545, -19.0124319 ], [ 44.4264216, -19.0123949 ], [ 44.4264125, -19.0123479 ], [ 44.4263885, -19.0122979 ], [ 44.4263355, -19.0122708 ], [ 44.4262816, -19.012229 ], [ 44.4262305, -19.0122318 ], [ 44.4261256, -19.0122549 ], [ 44.4260415, -19.0123071 ], [ 44.4259755, -19.0123391 ], [ 44.425903500000011, -19.0123688 ], [ 44.4258536, -19.0123728 ], [ 44.4257945, -19.0123981 ], [ 44.4257245, -19.0124261 ], [ 44.4256396, -19.012467 ], [ 44.425546499999989, -19.0125049 ], [ 44.4254804, -19.0125042 ], [ 44.4253885, -19.0125122 ], [ 44.4253314, -19.0125178 ], [ 44.425279499999988, -19.012515 ], [ 44.42521150000001, -19.0125278 ], [ 44.4251265, -19.012537 ], [ 44.4250754, -19.012515 ], [ 44.4249894, -19.0124711 ], [ 44.4249045, -19.0124278 ], [ 44.4248555, -19.0123668 ], [ 44.4248254, -19.0122988 ], [ 44.4247844, -19.0122192 ], [ 44.4247444, -19.012164 ], [ 44.4247105, -19.0121253 ], [ 44.4246904, -19.0120652 ], [ 44.4246654, -19.0119971 ], [ 44.4246364, -19.0119302 ], [ 44.424625399999989, -19.0118809 ], [ 44.4246294, -19.0118121 ], [ 44.4246525, -19.011757 ], [ 44.4246724, -19.0116912 ], [ 44.4246854, -19.0116371 ], [ 44.4247085, -19.0115668 ], [ 44.4247514, -19.0114927 ], [ 44.4247715, -19.0114269 ], [ 44.4247935, -19.0113791 ], [ 44.4248325, -19.0112982 ], [ 44.4248675, -19.0112382 ], [ 44.424881500000012, -19.0111497 ], [ 44.4248845, -19.011069 ], [ 44.4248894, -19.0109708 ], [ 44.4249084, -19.010901 ], [ 44.4249165, -19.010835 ], [ 44.4249264, -19.010786 ], [ 44.4249434, -19.0107082 ], [ 44.4249715, -19.0106442 ], [ 44.4249985, -19.0105727 ], [ 44.4250105, -19.0105102 ], [ 44.425054499999987, -19.0104068 ], [ 44.4251055, -19.0103277 ], [ 44.4251295, -19.0102839 ], [ 44.4251715, -19.010211 ], [ 44.4252185, -19.0101528 ], [ 44.425247399999989, -19.0101068 ], [ 44.4253054, -19.0100611 ], [ 44.4253485, -19.0100339 ], [ 44.4253975, -19.0100108 ], [ 44.4254654, -19.0099511 ], [ 44.4255335, -19.0099078 ], [ 44.4255715, -19.0098698 ], [ 44.4256484, -19.0098407 ], [ 44.4256956, -19.0098221 ], [ 44.4258135, -19.0097708 ], [ 44.4258664, -19.0097579 ], [ 44.4259615, -19.009729 ], [ 44.4260485, -19.0097141 ], [ 44.4261205, -19.009685 ], [ 44.4262156, -19.009668 ], [ 44.4262806, -19.0096789 ], [ 44.4263895, -19.0096931 ], [ 44.4264526, -19.009696 ], [ 44.4265245, -19.0096991 ], [ 44.4266045, -19.0097011 ], [ 44.4267045, -19.0096542 ], [ 44.4267506, -19.0096078 ], [ 44.4267935, -19.0095818 ], [ 44.4268456, -19.009523 ], [ 44.4268876, -19.0094879 ], [ 44.4269216, -19.0094482 ], [ 44.4269716, -19.0093821 ], [ 44.4270476, -19.0093508 ], [ 44.4271626, -19.0093289 ], [ 44.4272316, -19.0093229 ], [ 44.4273326, -19.009289 ], [ 44.4273826, -19.009276 ], [ 44.4274896, -19.0092218 ], [ 44.4275286, -19.0091861 ], [ 44.4275676, -19.0091481 ], [ 44.4276155, -19.0091148 ], [ 44.4276506, -19.0090728 ], [ 44.4276936, -19.009031 ], [ 44.4277386, -19.0089812 ], [ 44.4277956, -19.0089191 ], [ 44.4278486, -19.0088819 ], [ 44.4278556, -19.0088069 ], [ 44.4278146, -19.008768 ], [ 44.4277686, -19.0087201 ], [ 44.4277496, -19.0086589 ], [ 44.4277197, -19.0085959 ], [ 44.4276386, -19.0085481 ], [ 44.4275617, -19.008519 ], [ 44.4275086, -19.0085162 ], [ 44.4274296, -19.0084831 ], [ 44.427393599999981, -19.0084381 ], [ 44.4273955, -19.0083749 ], [ 44.4274246, -19.0082899 ], [ 44.4274366, -19.0082212 ], [ 44.4274346, -19.0081336 ], [ 44.427434600000012, -19.0080721 ], [ 44.4274355, -19.0080049 ], [ 44.427422600000014, -19.0079291 ], [ 44.4274226, -19.0078387 ], [ 44.4274226, -19.0077868 ], [ 44.4274216, -19.0077371 ], [ 44.4274186, -19.0076851 ], [ 44.4274525, -19.0075957 ], [ 44.4275307, -19.0075418 ], [ 44.4275906, -19.0075182 ], [ 44.4276486, -19.0074957 ], [ 44.4276976, -19.0074826 ], [ 44.4277536, -19.007468 ], [ 44.4278086, -19.0074511 ], [ 44.4278656, -19.0074229 ], [ 44.4279096, -19.0073918 ], [ 44.4279766, -19.0073496 ], [ 44.4280477, -19.0073177 ], [ 44.4281127, -19.0072941 ], [ 44.4281886, -19.0072588 ], [ 44.4282416, -19.0072097 ], [ 44.4283427, -19.0071758 ], [ 44.4284007, -19.0071527 ], [ 44.4284226, -19.0071066 ], [ 44.4284846, -19.0070859 ], [ 44.4285357, -19.0071101 ], [ 44.428636600000011, -19.0071192 ], [ 44.428715700000012, -19.007089 ], [ 44.4287677, -19.0071059 ], [ 44.4288346, -19.0071309 ], [ 44.4288736, -19.0071698 ], [ 44.428957600000011, -19.007221 ], [ 44.429028700000011, -19.0072472 ], [ 44.4290837, -19.007289 ], [ 44.4291207, -19.0073221 ], [ 44.4291877, -19.0073839 ], [ 44.4292087, -19.00744 ], [ 44.4292417, -19.0075019 ], [ 44.4292017, -19.0075647 ], [ 44.4291697, -19.0076208 ], [ 44.4291268, -19.0076638 ], [ 44.4290967, -19.0077301 ], [ 44.4290537, -19.007785 ], [ 44.4290337, -19.0078311 ], [ 44.4289906, -19.0078848 ], [ 44.428958699999988, -19.007959 ], [ 44.4289216, -19.0079919 ], [ 44.428905699999987, -19.0080827 ], [ 44.4288987, -19.0081831 ], [ 44.4288837, -19.008258 ], [ 44.428885699999988, -19.0083337 ], [ 44.4288796, -19.008385 ], [ 44.4288667, -19.0084577 ], [ 44.4288577, -19.008526 ], [ 44.4288637, -19.0085961 ], [ 44.4288546, -19.0086451 ], [ 44.4288407, -19.00872 ], [ 44.4288237, -19.0087848 ], [ 44.4288706, -19.0088192 ], [ 44.4289307, -19.0088729 ], [ 44.4289727, -19.008918 ], [ 44.4290076, -19.0089517 ], [ 44.4290657, -19.0089868 ], [ 44.4291327, -19.0090141 ], [ 44.4291817, -19.0090231 ], [ 44.42926580000001, -19.009059 ], [ 44.4293357, -19.0090767 ], [ 44.4293926, -19.009096 ], [ 44.429484699999989, -19.0091021 ], [ 44.4295988, -19.0091237 ], [ 44.4296557, -19.0091198 ], [ 44.4297307, -19.0090997 ], [ 44.429785699999989, -19.009093 ], [ 44.4298477, -19.0090857 ], [ 44.4298907, -19.0090529 ], [ 44.4299578, -19.0090141 ], [ 44.4300017, -19.0089898 ], [ 44.4300447, -19.0089609 ], [ 44.430112799999989, -19.008913 ], [ 44.4301487, -19.0088621 ], [ 44.4301538, -19.008778 ], [ 44.4301057, -19.0087407 ], [ 44.4300298, -19.0087218 ], [ 44.4299918, -19.0086841 ], [ 44.4299737, -19.0085868 ], [ 44.4299797, -19.0085078 ], [ 44.4299697, -19.0084377 ], [ 44.4299547, -19.0083918 ], [ 44.4299057, -19.0083218 ], [ 44.4298757, -19.0082622 ], [ 44.4298097, -19.008205 ], [ 44.4297648, -19.0081277 ], [ 44.4297107, -19.008074 ], [ 44.4296487, -19.0080208 ], [ 44.4295887, -19.0079648 ], [ 44.4295647, -19.0078736 ], [ 44.4295687, -19.0078048 ], [ 44.4296207, -19.007737 ], [ 44.4296867, -19.0076886 ], [ 44.4297467, -19.0076351 ], [ 44.4297777, -19.0075677 ], [ 44.4298118, -19.0075008 ], [ 44.4298298, -19.0074367 ], [ 44.4298107, -19.0073902 ], [ 44.4297857, -19.0073328 ], [ 44.4297927, -19.0072601 ], [ 44.4298307, -19.0072221 ], [ 44.429862799999988, -19.007175 ], [ 44.4299138, -19.0070931 ], [ 44.4299658, -19.0070276 ], [ 44.4300027, -19.0069688 ], [ 44.4300497, -19.0069348 ], [ 44.4300608, -19.0068582 ], [ 44.430064699999988, -19.0068108 ], [ 44.4300597, -19.0067621 ], [ 44.4300337, -19.0066879 ], [ 44.4300308, -19.006602 ], [ 44.4300197, -19.0065087 ], [ 44.4300057, -19.0064177 ], [ 44.4299807, -19.006353 ], [ 44.4299367, -19.0063096 ], [ 44.4298628, -19.0063088 ], [ 44.4298128, -19.0063681 ], [ 44.4297777, -19.0064349 ], [ 44.4297178, -19.006467 ], [ 44.4296487, -19.0064809 ], [ 44.4295437, -19.006486 ], [ 44.4294767, -19.0065039 ], [ 44.4294098, -19.0065071 ], [ 44.4293417, -19.006477 ], [ 44.4292347, -19.0064871 ], [ 44.4291487, -19.00652 ], [ 44.429082699999988, -19.0065656 ], [ 44.4290017, -19.0066076 ], [ 44.4289326, -19.0066746 ], [ 44.4288977, -19.0067398 ], [ 44.4288826, -19.0067961 ], [ 44.4288397, -19.0068447 ], [ 44.4287807, -19.0068661 ], [ 44.4287257, -19.0068768 ], [ 44.4286456, -19.0068781 ], [ 44.4285736, -19.006883 ], [ 44.4285106, -19.0068507 ], [ 44.4284447, -19.0067946 ], [ 44.428420700000011, -19.0067272 ], [ 44.4284047, -19.0066767 ], [ 44.4283817, -19.0066149 ], [ 44.428309600000013, -19.006539 ], [ 44.4282797, -19.0064958 ], [ 44.4282416, -19.0064547 ], [ 44.4282036, -19.0064052 ], [ 44.4281787, -19.0063597 ], [ 44.4281536, -19.0063001 ], [ 44.4281436, -19.0062509 ], [ 44.4281496, -19.0061708 ], [ 44.4281667, -19.0061009 ], [ 44.4281857, -19.0060277 ], [ 44.428258699999986, -19.0059918 ], [ 44.4283336, -19.0059447 ], [ 44.428397600000011, -19.005881 ], [ 44.4284366, -19.0058097 ], [ 44.4284066, -19.005749 ], [ 44.4283896, -19.0056838 ], [ 44.4283987, -19.005632 ], [ 44.4284137, -19.0055638 ], [ 44.4284006, -19.0054999 ], [ 44.4283916, -19.0054207 ], [ 44.4283616, -19.0053526 ], [ 44.4283316, -19.0052919 ], [ 44.4283317, -19.0052128 ], [ 44.4282836, -19.0051649 ], [ 44.4282406, -19.005122 ], [ 44.4282056, -19.0050878 ], [ 44.4281516, -19.0050748 ], [ 44.4280907, -19.0050656 ], [ 44.4280397, -19.0050628 ], [ 44.4279706, -19.0050428 ], [ 44.4279276, -19.0050107 ], [ 44.427913599999982, -19.0049191 ], [ 44.4279127, -19.0048508 ], [ 44.4279036, -19.0047789 ], [ 44.4279016, -19.0047157 ], [ 44.42789770000001, -19.0046676 ], [ 44.4278997, -19.0045638 ], [ 44.4279226, -19.0044867 ], [ 44.4279426, -19.0044067 ], [ 44.4279187, -19.0043099 ], [ 44.4278826, -19.0042581 ], [ 44.4278796, -19.0041688 ], [ 44.4279216, -19.0041388 ], [ 44.4280166, -19.0041297 ], [ 44.4280816, -19.00414 ], [ 44.4281576, -19.0041527 ], [ 44.4282386, -19.0041677 ], [ 44.4283546, -19.0041599 ], [ 44.428435599999986, -19.0041597 ], [ 44.4284946, -19.004153 ], [ 44.4285776, -19.0041517 ], [ 44.4286296, -19.0041336 ], [ 44.4287416, -19.0041507 ], [ 44.4288016, -19.0041496 ], [ 44.4288567, -19.0041457 ], [ 44.4289137, -19.0041486 ], [ 44.4289767, -19.0041566 ], [ 44.4290367, -19.0041477 ], [ 44.4291087, -19.0041451 ], [ 44.4291867, -19.0041166 ], [ 44.4292486, -19.0040998 ], [ 44.4292926, -19.0040466 ], [ 44.4293147, -19.0039859 ], [ 44.4292957, -19.0039021 ], [ 44.4292697, -19.0038188 ], [ 44.4292597, -19.0037628 ], [ 44.4292377, -19.0036976 ], [ 44.4292117, -19.0036471 ], [ 44.4291877, -19.0035999 ], [ 44.4291687, -19.0035438 ], [ 44.429130699999988, -19.0034491 ], [ 44.4291157, -19.0034009 ], [ 44.4290807, -19.0033627 ], [ 44.4290048, -19.0033116 ], [ 44.4289606, -19.0032897 ], [ 44.4288977, -19.003254 ], [ 44.4288377, -19.00322 ], [ 44.4287457, -19.0031806 ], [ 44.4286847, -19.0031607 ], [ 44.4285967, -19.0031857 ], [ 44.4285467, -19.0032157 ], [ 44.4284887, -19.0032308 ], [ 44.4284307, -19.0031918 ], [ 44.4284186, -19.0031431 ], [ 44.4284026, -19.0030718 ], [ 44.4284007, -19.0029961 ], [ 44.4284107, -19.0029087 ], [ 44.4284397, -19.0028158 ], [ 44.4284696, -19.0027456 ], [ 44.4284956, -19.0026849 ], [ 44.4285087, -19.0026009 ], [ 44.4285256, -19.002535 ], [ 44.4285456, -19.0024906 ], [ 44.4285757, -19.0024079 ], [ 44.428584699999988, -19.0023606 ], [ 44.4285997, -19.0022806 ], [ 44.4285927, -19.0022167 ], [ 44.4285516, -19.0021439 ], [ 44.4285196, -19.0020877 ], [ 44.4284826, -19.0020348 ], [ 44.4284177, -19.002003 ], [ 44.4283706, -19.001955 ], [ 44.4283377, -19.0019185 ], [ 44.4282607, -19.0018815 ], [ 44.4282077, -19.0018697 ], [ 44.4281477, -19.001847 ], [ 44.4280856, -19.001839 ], [ 44.4280366, -19.0018147 ], [ 44.4279626, -19.001802 ], [ 44.427867699999986, -19.0018089 ], [ 44.4278066, -19.0018218 ], [ 44.427749600000013, -19.0018477 ], [ 44.4276786, -19.0019056 ], [ 44.4276436, -19.0019617 ], [ 44.4276286, -19.0020107 ], [ 44.4276006, -19.0020555 ], [ 44.4275467, -19.002134 ], [ 44.4275286, -19.0021897 ], [ 44.4275017, -19.0022487 ], [ 44.4275276, -19.0023128 ], [ 44.4275027, -19.0023588 ], [ 44.4275156, -19.0024346 ], [ 44.4275136, -19.0025125 ], [ 44.4274795, -19.0026019 ], [ 44.4273987, -19.002649 ], [ 44.4273407, -19.0026597 ], [ 44.4272737, -19.0026646 ], [ 44.4271976, -19.0026796 ], [ 44.4270866, -19.0026908 ], [ 44.4270246, -19.0026929 ], [ 44.4269436, -19.0027095 ], [ 44.4268826, -19.002736 ], [ 44.4268187, -19.0027607 ], [ 44.4267676, -19.0027725 ], [ 44.4267256, -19.0027258 ], [ 44.4267486, -19.0026746 ], [ 44.4267785, -19.0025931 ], [ 44.4267885, -19.0025311 ], [ 44.4268275, -19.00247 ], [ 44.4268586, -19.0023907 ], [ 44.4268686, -19.0023439 ], [ 44.4268747, -19.0022937 ], [ 44.4268966, -19.0022115 ], [ 44.4269156, -19.0021519 ], [ 44.4269057, -19.0020755 ], [ 44.4268925, -19.0020088 ], [ 44.4268696, -19.001943 ], [ 44.4268626, -19.0018831 ], [ 44.4268845, -19.0018139 ], [ 44.4268916, -19.0017338 ], [ 44.4269076, -19.0016746 ], [ 44.4269595, -19.0015877 ], [ 44.4269786, -19.0014868 ], [ 44.4270116, -19.0013985 ], [ 44.4270406, -19.0013266 ], [ 44.427047599999987, -19.0012775 ], [ 44.4270906, -19.0012085 ], [ 44.4271096, -19.0011506 ], [ 44.4270986, -19.0010917 ], [ 44.4270527, -19.001059 ], [ 44.4270296, -19.001017 ], [ 44.4270006, -19.0009371 ], [ 44.4269885, -19.0008901 ], [ 44.4269295, -19.0008589 ], [ 44.4268386, -19.000841 ], [ 44.4267415, -19.0008326 ], [ 44.4266745, -19.0008121 ], [ 44.4266115, -19.0007707 ], [ 44.426568599999982, -19.0007166 ], [ 44.4265175, -19.0006319 ], [ 44.4264806, -19.0005637 ], [ 44.4264605, -19.00052 ], [ 44.4264206, -19.000462 ], [ 44.4263936, -19.0003979 ], [ 44.4263755, -19.0003339 ], [ 44.4263526, -19.0002817 ], [ 44.4262865, -19.0001985 ], [ 44.4262205, -19.0001548 ], [ 44.4261665, -19.0001317 ], [ 44.4260746, -19.0001227 ], [ 44.4260156, -19.000121 ], [ 44.425955599999988, -19.0000988 ], [ 44.4258945, -19.0000547 ], [ 44.4258625, -18.9999996 ], [ 44.4258515, -18.999917 ], [ 44.4258406, -18.9998559 ], [ 44.4258245, -18.9997947 ], [ 44.4257985, -18.9997419 ], [ 44.4257746, -18.9996688 ], [ 44.4257405, -18.9996159 ], [ 44.4257066, -18.9995489 ], [ 44.4256945, -18.9994889 ], [ 44.4257456, -18.9994308 ], [ 44.4257676, -18.9993768 ], [ 44.425795500000014, -18.9993376 ], [ 44.4258726, -18.9992628 ], [ 44.4259165, -18.9992169 ], [ 44.425986500000015, -18.9991545 ], [ 44.4260256, -18.9990657 ], [ 44.4260316, -18.9989985 ], [ 44.4260076, -18.9989509 ], [ 44.4259816, -18.9989037 ], [ 44.4259426, -18.9988615 ], [ 44.4259025, -18.9988187 ], [ 44.4258606, -18.9987838 ], [ 44.4257926, -18.998726 ], [ 44.4257556, -18.9986815 ], [ 44.4257165, -18.9986467 ], [ 44.4256516, -18.9986076 ], [ 44.4255745, -18.9985468 ], [ 44.4255075, -18.9984817 ], [ 44.4254344, -18.9984487 ], [ 44.4253665, -18.9983977 ], [ 44.4253076, -18.9983378 ], [ 44.4252345, -18.9982929 ], [ 44.425181599999988, -18.9982658 ], [ 44.425118499999989, -18.9982555 ], [ 44.4250314, -18.9982359 ], [ 44.4249285, -18.9982156 ], [ 44.4248694, -18.9982195 ], [ 44.4247846, -18.9982055 ], [ 44.4247244, -18.9981828 ], [ 44.4246715, -18.9981659 ], [ 44.4246134, -18.9981319 ], [ 44.424561399999988, -18.9980918 ], [ 44.424508499999988, -18.9980585 ], [ 44.4244635, -18.9980275 ], [ 44.4243944, -18.9980228 ], [ 44.4243165, -18.9980485 ], [ 44.4242304, -18.998082 ], [ 44.4241635, -18.9981275 ], [ 44.4241045, -18.9982008 ], [ 44.4240684, -18.9982377 ], [ 44.4240164, -18.9982676 ], [ 44.4239025, -18.9982969 ], [ 44.4238224, -18.9983056 ], [ 44.4237704, -18.9982728 ], [ 44.4237454, -18.9982319 ], [ 44.423689499999988, -18.9981799 ], [ 44.4236564, -18.9981389 ], [ 44.4237294, -18.9980719 ], [ 44.4238145, -18.9980169 ], [ 44.4238554, -18.9979508 ], [ 44.4238745, -18.9978657 ], [ 44.4238825, -18.9977817 ], [ 44.4238734, -18.9977036 ], [ 44.4238374, -18.9976118 ], [ 44.4238134, -18.9975697 ], [ 44.4237904, -18.9975226 ], [ 44.4237684, -18.9974647 ], [ 44.4237825, -18.9974045 ], [ 44.4238444, -18.9973639 ], [ 44.4239374, -18.9973949 ], [ 44.4239975, -18.9974306 ], [ 44.4240355, -18.9974666 ], [ 44.4241045, -18.9975306 ], [ 44.4241515, -18.9975559 ], [ 44.424187499999988, -18.9975959 ], [ 44.4242285, -18.9976229 ], [ 44.4243455, -18.9976428 ], [ 44.4244495, -18.9976445 ], [ 44.4245045, -18.9976479 ], [ 44.4245905, -18.9976568 ], [ 44.4246904, -18.9976618 ], [ 44.4247464, -18.9976698 ], [ 44.4248125, -18.9976875 ], [ 44.4248725, -18.9976966 ], [ 44.4249635, -18.9976744 ], [ 44.4250144, -18.9976818 ], [ 44.4250944, -18.9977069 ], [ 44.4252005, -18.9977386 ], [ 44.4253265, -18.9977586 ], [ 44.4254545, -18.9977759 ], [ 44.4255405, -18.9977486 ], [ 44.4255685, -18.99768 ], [ 44.4255564, -18.9976319 ], [ 44.4255346, -18.9975768 ], [ 44.4255195, -18.9975016 ], [ 44.4255365, -18.9974538 ], [ 44.4255615, -18.99741 ], [ 44.4255935, -18.9973336 ], [ 44.4256686, -18.9972728 ], [ 44.4257605, -18.9972947 ], [ 44.4258035, -18.9973297 ], [ 44.4258745, -18.9973976 ], [ 44.4259985, -18.9974538 ], [ 44.4260715, -18.9974777 ], [ 44.4261555, -18.9975775 ], [ 44.4262176, -18.9976216 ], [ 44.4262925, -18.9977066 ], [ 44.4263626, -18.997752 ], [ 44.4264656, -18.997765 ], [ 44.4265635, -18.9977565 ], [ 44.4266736, -18.9977498 ], [ 44.4267795, -18.9977238 ], [ 44.4268306, -18.997712 ], [ 44.4269135, -18.9977135 ], [ 44.4269816, -18.9977097 ], [ 44.4270806, -18.9976916 ], [ 44.4271545, -18.9976659 ], [ 44.4272186, -18.9976615 ], [ 44.4272966, -18.9976759 ], [ 44.4273966, -18.9976505 ], [ 44.4274486, -18.9976239 ], [ 44.4274816, -18.9975497 ], [ 44.427460599999989, -18.9975066 ], [ 44.4274047, -18.9974416 ], [ 44.4273526, -18.9973947 ], [ 44.4273047, -18.9973665 ], [ 44.4272727, -18.9973007 ], [ 44.4272287, -18.9972595 ], [ 44.4271766, -18.9972048 ], [ 44.427135600000014, -18.9971529 ], [ 44.427067599999987, -18.9970805 ], [ 44.4270176, -18.9970545 ], [ 44.4269076, -18.9970397 ], [ 44.426838699999983, -18.9970265 ], [ 44.4267395, -18.9970136 ], [ 44.4266086, -18.9969698 ], [ 44.4265166, -18.9969547 ], [ 44.4264565, -18.9969416 ], [ 44.4264106, -18.9969179 ], [ 44.4263496, -18.9969099 ], [ 44.4262825, -18.9969069 ], [ 44.4262055, -18.9969078 ], [ 44.4260875, -18.9969087 ], [ 44.4259936, -18.9969178 ], [ 44.4259176, -18.9969317 ], [ 44.4258115, -18.9969559 ], [ 44.4257595, -18.9969587 ], [ 44.4257035, -18.9969536 ], [ 44.4256115, -18.9969238 ], [ 44.4255335, -18.9968766 ], [ 44.4254635, -18.9968476 ], [ 44.4254295, -18.99681 ], [ 44.4253765, -18.9967597 ], [ 44.4253285, -18.9966829 ], [ 44.4252845, -18.9966169 ], [ 44.425253500000011, -18.9965539 ], [ 44.4252326, -18.9965034 ], [ 44.4252065, -18.9964489 ], [ 44.4251566, -18.9963846 ], [ 44.4250905, -18.996328 ], [ 44.4250364, -18.9962929 ], [ 44.4249895, -18.9962467 ], [ 44.4249435, -18.9961948 ], [ 44.4249125, -18.9961346 ], [ 44.4248875, -18.9960705 ], [ 44.4248655, -18.9960059 ], [ 44.4248446, -18.9959627 ], [ 44.4248065, -18.995907 ], [ 44.4247685, -18.9958388 ], [ 44.4247265, -18.9957869 ], [ 44.4246765, -18.9957485 ], [ 44.424637499999989, -18.9957176 ], [ 44.4245955, -18.9956855 ], [ 44.4245305, -18.9956334 ], [ 44.4244874, -18.9955929 ], [ 44.4244255, -18.9955487 ], [ 44.4243634, -18.9955107 ], [ 44.4242855, -18.9954647 ], [ 44.4242405, -18.9954298 ], [ 44.4241894, -18.9953868 ], [ 44.4241495, -18.9953367 ], [ 44.4241015, -18.9952718 ], [ 44.4240615, -18.9952019 ], [ 44.424015399999988, -18.9951348 ], [ 44.4239714, -18.9950806 ], [ 44.42393340000001, -18.9950317 ], [ 44.4239174, -18.9949586 ], [ 44.4239045, -18.9948608 ], [ 44.4238945, -18.9947935 ], [ 44.4238844, -18.9947087 ], [ 44.4238705, -18.9946447 ], [ 44.4238475, -18.9945688 ], [ 44.4238204, -18.9944917 ], [ 44.4238135, -18.9943906 ], [ 44.4238095, -18.9943148 ], [ 44.4238444, -18.9942384 ], [ 44.4238515, -18.9941798 ], [ 44.423828399999984, -18.9941236 ], [ 44.4238145, -18.9940749 ], [ 44.4237865, -18.9939978 ], [ 44.4237564, -18.9939077 ], [ 44.4237304, -18.9938148 ], [ 44.4237115, -18.9937615 ], [ 44.4237224, -18.9937057 ], [ 44.4237564, -18.9936558 ], [ 44.4238374, -18.9936409 ], [ 44.4238935, -18.9936686 ], [ 44.4239674, -18.9937067 ], [ 44.4240484, -18.9936935 ], [ 44.4241114, -18.9936897 ], [ 44.4241965, -18.9936855 ], [ 44.4242665, -18.9936756 ], [ 44.4243514, -18.9936596 ], [ 44.4244354, -18.9936385 ], [ 44.4245235, -18.9936197 ], [ 44.4246175, -18.9935784 ], [ 44.4246705, -18.9935626 ], [ 44.4247205, -18.9935394 ], [ 44.4247795, -18.9935186 ], [ 44.4248346, -18.9934966 ], [ 44.4248865, -18.9934814 ], [ 44.4249465, -18.9934544 ], [ 44.4250015, -18.9934398 ], [ 44.4250665, -18.9933885 ], [ 44.425133599999988, -18.9933294 ], [ 44.425186499999981, -18.9932938 ], [ 44.4252326, -18.9932554 ], [ 44.4252725, -18.9932248 ], [ 44.4253136, -18.9931829 ], [ 44.4253485, -18.9931437 ], [ 44.4253916, -18.9931036 ], [ 44.4254305, -18.9930289 ], [ 44.4254815, -18.9929927 ], [ 44.4255266, -18.9929486 ], [ 44.4255755, -18.9928916 ], [ 44.4255766, -18.9928018 ], [ 44.4255435, -18.9927529 ], [ 44.4254845, -18.9927217 ], [ 44.4254185, -18.9926724 ], [ 44.4253545, -18.9926226 ], [ 44.4252874, -18.9925626 ], [ 44.4252376, -18.9925276 ], [ 44.4251925, -18.9924836 ], [ 44.4251655, -18.9924285 ], [ 44.4251315, -18.9923937 ], [ 44.4250914, -18.9923645 ], [ 44.4250415, -18.9923368 ], [ 44.424989499999988, -18.9923069 ], [ 44.4248946, -18.9922759 ], [ 44.4248325, -18.9922436 ], [ 44.4247505, -18.9922235 ], [ 44.4246855, -18.9922103 ], [ 44.4246245, -18.9921786 ], [ 44.4245565, -18.9921265 ], [ 44.4244715, -18.9920758 ], [ 44.4243934, -18.9920287 ], [ 44.4243304, -18.9919766 ], [ 44.4242895, -18.9919276 ], [ 44.4242185, -18.9918715 ], [ 44.4241585, -18.9918454 ], [ 44.4240734, -18.9918264 ], [ 44.4240135, -18.9918127 ], [ 44.4239524, -18.9917708 ], [ 44.4239115, -18.9917348 ], [ 44.4238664, -18.9916937 ], [ 44.4238044, -18.9916517 ], [ 44.4237255, -18.9916243 ], [ 44.423660399999989, -18.9916067 ], [ 44.423615399999981, -18.9915774 ], [ 44.4235605, -18.9915293 ], [ 44.4234915, -18.9914919 ], [ 44.4234234, -18.9914595 ], [ 44.4233344, -18.9914263 ], [ 44.4232784, -18.9914178 ], [ 44.4231875, -18.9914129 ], [ 44.4230533, -18.9914227 ], [ 44.4229904, -18.9914446 ], [ 44.4229194, -18.9914506 ], [ 44.4228643, -18.9914533 ], [ 44.4228094, -18.9914567 ], [ 44.4227414, -18.9914859 ], [ 44.4227475, -18.9915463 ], [ 44.4228124, -18.9916137 ], [ 44.4228364, -18.9916755 ], [ 44.4228254, -18.9917234 ], [ 44.4228254, -18.9917895 ], [ 44.4228754, -18.9918335 ], [ 44.4229284, -18.9919459 ], [ 44.4229663, -18.9920095 ], [ 44.4229795, -18.9920656 ], [ 44.4229684, -18.9921185 ], [ 44.422939400000011, -18.9921696 ], [ 44.4228853, -18.9922266 ], [ 44.4228164, -18.9922705 ], [ 44.4227855, -18.9923113 ], [ 44.4227573, -18.9923556 ], [ 44.4226654, -18.9924235 ], [ 44.4226584, -18.9924748 ], [ 44.4226594, -18.9925697 ], [ 44.4226674, -18.9926246 ], [ 44.4226563, -18.9927024 ], [ 44.4226484, -18.9927644 ], [ 44.4226014, -18.9928858 ], [ 44.4225794, -18.9929607 ], [ 44.4225624, -18.9930164 ], [ 44.4225334, -18.9930624 ], [ 44.4225144, -18.9931085 ], [ 44.4224533, -18.9931649 ], [ 44.4223624, -18.9931825 ], [ 44.4222923, -18.9931964 ], [ 44.4222173, -18.9931764 ], [ 44.4221543, -18.9931587 ], [ 44.4220424, -18.9931055 ], [ 44.4219263, -18.9930585 ], [ 44.4218493, -18.9930046 ], [ 44.4218064, -18.9929358 ], [ 44.4217774, -18.9928417 ], [ 44.4217784, -18.9927757 ], [ 44.4217943, -18.9927239 ], [ 44.4218124, -18.9926738 ], [ 44.4218404, -18.9925827 ], [ 44.4218774, -18.9925057 ], [ 44.4219423, -18.9924246 ], [ 44.4219933, -18.9923726 ], [ 44.421999299999989, -18.9923134 ], [ 44.4220063, -18.9922288 ], [ 44.4219564, -18.9921497 ], [ 44.4219264, -18.9921014 ], [ 44.4218644, -18.9920126 ], [ 44.4218423, -18.9919604 ], [ 44.4218043, -18.9918787 ], [ 44.4217754, -18.9918027 ], [ 44.4217113, -18.9917879 ], [ 44.4216124, -18.9918218 ], [ 44.4215544, -18.9918449 ], [ 44.4214843, -18.9918605 ], [ 44.4213923, -18.9918594 ], [ 44.4213193, -18.9918649 ], [ 44.4212383, -18.9918696 ], [ 44.4211623, -18.9918829 ], [ 44.4211043, -18.9919274 ], [ 44.4210504, -18.9919675 ], [ 44.4209863, -18.9920035 ], [ 44.4208943, -18.9920363 ], [ 44.4208332, -18.9919939 ], [ 44.4207943, -18.9919454 ], [ 44.4207363, -18.9918895 ], [ 44.4207083, -18.9918468 ], [ 44.4206553, -18.9917875 ], [ 44.4206123, -18.9917627 ], [ 44.4205462, -18.9917518 ], [ 44.4204923, -18.9917829 ], [ 44.4204523, -18.9918197 ], [ 44.4204022, -18.9919236 ], [ 44.4203852, -18.9920064 ], [ 44.4203613, -18.9920824 ], [ 44.4203293, -18.9921605 ], [ 44.4203223, -18.9922107 ], [ 44.4202922, -18.9922657 ], [ 44.4202623, -18.9923219 ], [ 44.4202282, -18.9923667 ], [ 44.4201983, -18.9924098 ], [ 44.4201353, -18.9924786 ], [ 44.420057299999982, -18.9925455 ], [ 44.4199982, -18.9925945 ], [ 44.4199562, -18.9926324 ], [ 44.4199212, -18.9927405 ], [ 44.4198933, -18.9928407 ], [ 44.4198463, -18.9928865 ], [ 44.4198052, -18.9929329 ], [ 44.4197582, -18.9929628 ], [ 44.4197132, -18.9930437 ], [ 44.4196453, -18.9930497 ], [ 44.419568200000015, -18.9930048 ], [ 44.4195753, -18.9929348 ], [ 44.4196002, -18.9928849 ], [ 44.4196182, -18.9928354 ], [ 44.4196223, -18.9927693 ], [ 44.4196412, -18.9927238 ], [ 44.4196632, -18.9926235 ], [ 44.4196962, -18.9925386 ], [ 44.4197253, -18.9924876 ], [ 44.4197672, -18.9924135 ], [ 44.4198042, -18.9923224 ], [ 44.4198223, -18.9922645 ], [ 44.4198202, -18.9922159 ], [ 44.4198302, -18.9921646 ], [ 44.4198433, -18.9920897 ], [ 44.4198692, -18.9920306 ], [ 44.4198792, -18.9919675 ], [ 44.4198952, -18.9918565 ], [ 44.4199022, -18.9918046 ], [ 44.4198942, -18.9917074 ], [ 44.4198953, -18.9916475 ], [ 44.4199033, -18.9915866 ], [ 44.4199052, -18.9915228 ], [ 44.4199073, -18.9914545 ], [ 44.4199243, -18.9914067 ], [ 44.419931200000015, -18.9913554 ], [ 44.419938300000013, -18.9912945 ], [ 44.4199613, -18.9912214 ], [ 44.4199863, -18.9911595 ], [ 44.4199713, -18.9910724 ], [ 44.4199182, -18.9910176 ], [ 44.4198612, -18.9909876 ], [ 44.419820200000011, -18.9909504 ], [ 44.419745299999981, -18.9909016 ], [ 44.4196943, -18.9908734 ], [ 44.4196352, -18.9909094 ], [ 44.4195752, -18.9909477 ], [ 44.4194753, -18.9909206 ], [ 44.4194103, -18.9908595 ], [ 44.4193542, -18.9908465 ], [ 44.4192871, -18.9907938 ], [ 44.4192453, -18.9907606 ], [ 44.4192102, -18.9907269 ], [ 44.4191733, -18.9906525 ], [ 44.41916830000001, -18.9905773 ], [ 44.4191312, -18.9905114 ], [ 44.4190962, -18.9904726 ], [ 44.4190282, -18.9904256 ], [ 44.4189932, -18.9903648 ], [ 44.4189742, -18.9902906 ], [ 44.4189562, -18.9902107 ], [ 44.418949299999987, -18.9901248 ], [ 44.4189211, -18.9900827 ], [ 44.4188462, -18.9900808 ], [ 44.4187601, -18.9900815 ], [ 44.4186492, -18.9900526 ], [ 44.4185532, -18.9900284 ], [ 44.4184601, -18.9899675 ], [ 44.4183742, -18.9899344 ], [ 44.4183132, -18.9899653 ], [ 44.4182561, -18.9899743 ], [ 44.4181921, -18.9899538 ], [ 44.4181521, -18.9899223 ], [ 44.4181072, -18.9898976 ], [ 44.4180591, -18.9898727 ], [ 44.4180122, -18.9898485 ], [ 44.4179462, -18.9898263 ], [ 44.4178651, -18.9898254 ], [ 44.4177631, -18.9898424 ], [ 44.4176832, -18.9898776 ], [ 44.4176381, -18.9898997 ], [ 44.4175421, -18.9899466 ], [ 44.4174641, -18.9899887 ], [ 44.4174011, -18.9900027 ], [ 44.4173391, -18.9899416 ], [ 44.417258, -18.9898978 ], [ 44.4172131, -18.9898193 ], [ 44.4172021, -18.9897667 ], [ 44.4171961, -18.9897186 ], [ 44.4171571, -18.9896454 ], [ 44.4171251, -18.9895947 ], [ 44.4171071, -18.9895228 ], [ 44.4171401, -18.9894475 ], [ 44.4171731, -18.9894055 ], [ 44.4172452, -18.9893713 ], [ 44.4173131, -18.9893484 ], [ 44.4173731, -18.9893366 ], [ 44.4174381, -18.9893514 ], [ 44.4175031, -18.9893578 ], [ 44.4175752, -18.9893524 ], [ 44.4176271, -18.9893637 ], [ 44.4177222, -18.9893698 ], [ 44.4177731, -18.9893506 ], [ 44.4178282, -18.9893304 ], [ 44.4179091, -18.9892985 ], [ 44.4180002, -18.9892786 ], [ 44.4180752, -18.9892636 ], [ 44.4181982, -18.9892368 ], [ 44.418255199999983, -18.9892238 ], [ 44.4183162, -18.9892166 ], [ 44.4183982, -18.9892096 ], [ 44.4184652, -18.9892008 ], [ 44.4185562, -18.9891826 ], [ 44.418658099999988, -18.9891735 ], [ 44.4187212, -18.9891618 ], [ 44.4188262, -18.9891895 ], [ 44.4188692, -18.9892188 ], [ 44.4189082, -18.9892565 ], [ 44.4189431, -18.9893145 ], [ 44.4190092, -18.9893886 ], [ 44.4190663, -18.9894384 ], [ 44.4191132, -18.9894728 ], [ 44.4192172, -18.9895394 ], [ 44.4192752, -18.9895485 ], [ 44.4193252, -18.9895638 ], [ 44.4194202, -18.9895964 ], [ 44.4194942, -18.9896114 ], [ 44.4195582, -18.9896358 ], [ 44.4196202, -18.9896726 ], [ 44.4196603, -18.9897086 ], [ 44.4196902, -18.9897626 ], [ 44.4197342, -18.9898286 ], [ 44.4197592, -18.9898718 ], [ 44.4198022, -18.9899355 ], [ 44.4198572, -18.9900016 ], [ 44.4199053, -18.9900626 ], [ 44.4199632, -18.9901078 ], [ 44.4200413, -18.9901296 ], [ 44.4201323, -18.9901487 ], [ 44.4202203, -18.9901513 ], [ 44.4203042, -18.9900834 ], [ 44.4203482, -18.9900155 ], [ 44.4203999, -18.9899003 ], [ 44.4205063, -18.9898908 ], [ 44.4205903, -18.9898838 ], [ 44.4206513, -18.9898805 ], [ 44.4207214, -18.9899028 ], [ 44.4208073, -18.9899246 ], [ 44.4208823, -18.9899486 ], [ 44.4209863, -18.9899853 ], [ 44.4210433, -18.9900289 ], [ 44.4211223, -18.9900416 ], [ 44.4212153, -18.9900404 ], [ 44.4212623, -18.9900578 ], [ 44.4213213, -18.9900664 ], [ 44.4213894, -18.9901027 ], [ 44.4214293, -18.9901314 ], [ 44.4215093, -18.9901904 ], [ 44.4215623, -18.9902226 ], [ 44.4216393, -18.9902585 ], [ 44.4217573, -18.9903084 ], [ 44.4218003, -18.9903348 ], [ 44.4218764, -18.9903515 ], [ 44.4219363, -18.9903307 ], [ 44.4219534, -18.9902806 ], [ 44.421982399999983, -18.9902386 ], [ 44.4220083, -18.9901694 ], [ 44.4220274, -18.9901103 ], [ 44.422032400000013, -18.9900567 ], [ 44.422016299999989, -18.9900085 ], [ 44.4220073, -18.9899316 ], [ 44.4220314, -18.9898805 ], [ 44.4220574, -18.9898317 ], [ 44.4220774, -18.9897845 ], [ 44.4220853, -18.9897304 ], [ 44.4220913, -18.9896525 ], [ 44.4221153, -18.9895477 ], [ 44.4221424, -18.9894814 ], [ 44.4221644, -18.9894274 ], [ 44.4221993, -18.9893657 ], [ 44.4222243, -18.9893106 ], [ 44.422221300000011, -18.9892417 ], [ 44.4222584, -18.9891467 ], [ 44.4222894, -18.9890996 ], [ 44.4223184, -18.9890587 ], [ 44.4223714, -18.9889797 ], [ 44.4224144, -18.9889073 ], [ 44.4224394, -18.9888206 ], [ 44.4224594, -18.9887728 ], [ 44.4224813, -18.9887166 ], [ 44.4224884, -18.9886608 ], [ 44.4225094, -18.9885944 ], [ 44.4225344, -18.9885167 ], [ 44.422555400000014, -18.9884577 ], [ 44.4225704, -18.9884065 ], [ 44.4225955, -18.9883514 ], [ 44.4226033, -18.9882888 ], [ 44.4226154, -18.9882246 ], [ 44.4226293, -18.9881784 ], [ 44.4226444, -18.9881227 ], [ 44.4226485, -18.9880335 ], [ 44.4226533, -18.9879856 ], [ 44.4226643, -18.9879117 ], [ 44.4226744, -18.9878395 ], [ 44.4227013, -18.9877975 ], [ 44.4227083, -18.9877354 ], [ 44.4226984, -18.9876625 ], [ 44.422698399999987, -18.9875925 ], [ 44.4226733, -18.9875267 ], [ 44.4226404, -18.9874653 ], [ 44.4226005, -18.9874186 ], [ 44.4225604, -18.9873837 ], [ 44.4225343, -18.9873416 ], [ 44.4224743, -18.9872958 ], [ 44.4224454, -18.9872458 ], [ 44.4224604, -18.9871686 ], [ 44.4224844, -18.9871254 ], [ 44.4224983, -18.9870787 ], [ 44.4224843, -18.9869983 ], [ 44.4224774, -18.9869486 ], [ 44.4224494, -18.9868596 ], [ 44.4224124, -18.9867728 ], [ 44.4223974, -18.9867274 ], [ 44.4223594, -18.9866694 ], [ 44.4223104, -18.9866243 ], [ 44.4222714, -18.9865866 ], [ 44.4222224, -18.9865516 ], [ 44.4221934, -18.9865067 ], [ 44.4221744, -18.9864466 ], [ 44.4221164, -18.9863946 ], [ 44.4220674, -18.9863517 ], [ 44.4220124, -18.9862963 ], [ 44.4219713, -18.9862693 ], [ 44.4219183, -18.9862343 ], [ 44.4218703, -18.9862157 ], [ 44.4218144, -18.9861896 ], [ 44.4217543, -18.9861636 ], [ 44.4216844, -18.9861436 ], [ 44.4216354, -18.9861188 ], [ 44.4215913, -18.9860833 ], [ 44.4215084, -18.9860468 ], [ 44.4214374, -18.9860166 ], [ 44.4213933, -18.9859687 ], [ 44.421356300000014, -18.9859237 ], [ 44.4213133, -18.9858617 ], [ 44.4212853, -18.9857896 ], [ 44.4212483, -18.9857328 ], [ 44.4211992, -18.9856707 ], [ 44.4211593, -18.9856025 ], [ 44.4211254, -18.9855456 ], [ 44.4211174, -18.9854834 ], [ 44.4210984, -18.9854138 ], [ 44.4210664, -18.9853462 ], [ 44.4210413, -18.9852827 ], [ 44.4209943, -18.9852257 ], [ 44.4209403, -18.9851957 ], [ 44.4209063, -18.9851406 ], [ 44.4208493, -18.9851253 ], [ 44.420800199999981, -18.9851332 ], [ 44.4207502, -18.9851327 ], [ 44.4206903, -18.9851326 ], [ 44.4205963, -18.9851643 ], [ 44.4205323, -18.9852274 ], [ 44.4204873, -18.9852613 ], [ 44.4204182, -18.9852815 ], [ 44.4203352, -18.9852755 ], [ 44.4202783, -18.9853166 ], [ 44.4202172, -18.9852996 ], [ 44.4201553, -18.9853136 ], [ 44.4201013, -18.9853135 ], [ 44.4200323, -18.9852806 ], [ 44.4199663, -18.9852866 ], [ 44.4198833, -18.9852772 ], [ 44.4197812, -18.9852676 ], [ 44.4197003, -18.9852594 ], [ 44.4196262, -18.9852574 ], [ 44.4195542, -18.9852623 ], [ 44.4194962, -18.9852605 ], [ 44.4193683, -18.9852744 ], [ 44.4193132, -18.9852743 ], [ 44.4192562, -18.9852906 ], [ 44.4191423, -18.9853103 ], [ 44.4190922, -18.9853255 ], [ 44.4189942, -18.9853707 ], [ 44.4189392, -18.9853995 ], [ 44.418863200000011, -18.9854495 ], [ 44.4188152, -18.9854794 ], [ 44.4187732, -18.9855208 ], [ 44.4187282, -18.9855553 ], [ 44.4186663, -18.9856094 ], [ 44.4186182, -18.9856523 ], [ 44.4185562, -18.9857273 ], [ 44.4185261, -18.9857704 ], [ 44.4184902, -18.9858124 ], [ 44.4184641, -18.9858533 ], [ 44.4184542, -18.9859373 ], [ 44.4183892, -18.9860253 ], [ 44.4183302, -18.9860506 ], [ 44.4182722, -18.9860793 ], [ 44.4181822, -18.9861077 ], [ 44.4180992, -18.9861333 ], [ 44.4179972, -18.9861525 ], [ 44.4178991, -18.9861723 ], [ 44.4178531, -18.9862238 ], [ 44.4178112, -18.9862803 ], [ 44.4177812, -18.9863303 ], [ 44.4177442, -18.9864044 ], [ 44.4176571, -18.9864294 ], [ 44.4176632, -18.9863566 ], [ 44.4176641, -18.9863024 ], [ 44.4176971, -18.9862254 ], [ 44.4177212, -18.9861365 ], [ 44.417776099999983, -18.9860772 ], [ 44.4178321, -18.9860005 ], [ 44.4178742, -18.9859304 ], [ 44.4179422, -18.9858905 ], [ 44.4179542, -18.9858426 ], [ 44.4180031, -18.9857754 ], [ 44.4180441, -18.9857363 ], [ 44.4181161, -18.9856705 ], [ 44.4181552, -18.9856218 ], [ 44.4182211, -18.9855587 ], [ 44.4182651, -18.9855247 ], [ 44.4183112, -18.9854586 ], [ 44.4183412, -18.9854177 ], [ 44.4183751, -18.9853396 ], [ 44.4184022, -18.9852992 ], [ 44.4184702, -18.9852464 ], [ 44.4185092, -18.9852033 ], [ 44.4185512, -18.9851614 ], [ 44.4185901, -18.9851127 ], [ 44.4186182, -18.9850712 ], [ 44.4186582, -18.9850175 ], [ 44.4186832, -18.9849737 ], [ 44.4187092, -18.9849283 ], [ 44.4187182, -18.9848555 ], [ 44.4187231, -18.9847697 ], [ 44.418712100000015, -18.9846493 ], [ 44.4186702, -18.9845704 ], [ 44.4186572, -18.9845194 ], [ 44.418607200000011, -18.9844522 ], [ 44.4185772, -18.9843966 ], [ 44.418512199999981, -18.9843394 ], [ 44.4184761, -18.9843017 ], [ 44.4184132, -18.9842513 ], [ 44.4183722, -18.9842063 ], [ 44.418318199999987, -18.9841723 ], [ 44.4182822, -18.9841386 ], [ 44.4182562, -18.9840937 ], [ 44.4182132, -18.9840294 ], [ 44.4181591, -18.9840113 ], [ 44.4181291, -18.9839523 ], [ 44.4181312, -18.9838902 ], [ 44.4181262, -18.9838393 ], [ 44.4181082, -18.9837945 ], [ 44.4181232, -18.9837455 ], [ 44.4181711, -18.9836755 ], [ 44.4182351, -18.9836084 ], [ 44.4182642, -18.9835602 ], [ 44.4182892, -18.9835193 ], [ 44.4182711, -18.9834677 ], [ 44.4182221, -18.9834236 ], [ 44.4181722, -18.9833937 ], [ 44.4181262, -18.9833706 ], [ 44.4180592, -18.9833507 ], [ 44.417990199999984, -18.9832912 ], [ 44.4178782, -18.9833577 ], [ 44.4178082, -18.9833677 ], [ 44.4177071, -18.9833677 ], [ 44.4176442, -18.9833563 ], [ 44.4175672, -18.9833424 ], [ 44.4175231, -18.9833177 ], [ 44.4174641, -18.9832893 ], [ 44.4174151, -18.9832713 ], [ 44.4173652, -18.9832515 ], [ 44.4173031, -18.9832322 ], [ 44.4172331, -18.9832275 ], [ 44.417167, -18.9832284 ], [ 44.4171061, -18.9832475 ], [ 44.4170171, -18.9832607 ], [ 44.4169662, -18.9832844 ], [ 44.4168841, -18.9833343 ], [ 44.4168261, -18.9833913 ], [ 44.4167772, -18.9834387 ], [ 44.4167111, -18.9835142 ], [ 44.4166871, -18.9835574 ], [ 44.416651099999989, -18.9836502 ], [ 44.4166251, -18.9837126 ], [ 44.4166131, -18.9838135 ], [ 44.4166022, -18.9839032 ], [ 44.4165811, -18.9839532 ], [ 44.4165541, -18.9839987 ], [ 44.4165111, -18.9840417 ], [ 44.416452, -18.9840704 ], [ 44.4164, -18.9840856 ], [ 44.4163381, -18.9841064 ], [ 44.416278, -18.9841385 ], [ 44.4162121, -18.9841507 ], [ 44.416149, -18.9841647 ], [ 44.416097, -18.9841822 ], [ 44.416002, -18.9842472 ], [ 44.4159561, -18.9842772 ], [ 44.4158871, -18.9843374 ], [ 44.415856, -18.9843794 ], [ 44.415816100000015, -18.9844134 ], [ 44.41574, -18.9844583 ], [ 44.4156971, -18.9844996 ], [ 44.4156311, -18.9845554 ], [ 44.415577, -18.9845977 ], [ 44.415516, -18.9846444 ], [ 44.4154501, -18.9846996 ], [ 44.415347, -18.9847787 ], [ 44.4152931, -18.9847956 ], [ 44.415243, -18.9848046 ], [ 44.415174, -18.9847875 ], [ 44.415135, -18.9847266 ], [ 44.4151, -18.9846494 ], [ 44.415088099999984, -18.9845957 ], [ 44.415083, -18.9845284 ], [ 44.41509, -18.9844477 ], [ 44.415082, -18.9843917 ], [ 44.41508, -18.9843336 ], [ 44.4150751, -18.9842765 ], [ 44.415091, -18.9842236 ], [ 44.415121, -18.9841832 ], [ 44.415167, -18.9841442 ], [ 44.415188, -18.9840784 ], [ 44.41515, -18.9840226 ], [ 44.4150929, -18.9839796 ], [ 44.415084, -18.9839107 ], [ 44.415109, -18.9838313 ], [ 44.415137, -18.9837865 ], [ 44.41517, -18.9837055 ], [ 44.415219, -18.9836547 ], [ 44.415267, -18.9835682 ], [ 44.415307, -18.9835145 ], [ 44.415311, -18.9834637 ], [ 44.415323099999988, -18.9834136 ], [ 44.415326099999987, -18.9833357 ], [ 44.4153201, -18.9832707 ], [ 44.41531, -18.9832084 ], [ 44.4152881, -18.9831433 ], [ 44.4153061, -18.9830915 ], [ 44.4147918, -18.9820451 ], [ 44.418382199999989, -18.9809132 ], [ 44.4188643, -18.9807615 ], [ 44.4207353, -18.9801723 ], [ 44.4215927, -18.9799023 ], [ 44.4226644, -18.9795646 ], [ 44.4276226, -18.9780156 ], [ 44.4308989, -18.9769674 ], [ 44.435295099999983, -18.9755972 ], [ 44.4329, -18.9667991 ], [ 44.4315419, -18.9617524 ], [ 44.3976971, -18.968463 ], [ 44.397131099999989, -18.9692173 ], [ 44.3961971, -18.9696524 ], [ 44.3951671, -18.970048 ], [ 44.394461, -18.9703173 ], [ 44.394305, -18.9704449 ], [ 44.394185, -18.9705441 ], [ 44.394076, -18.9706281 ], [ 44.393974, -18.9707981 ], [ 44.3939499, -18.970957 ], [ 44.393986, -18.9711031 ], [ 44.3939909, -18.9712319 ], [ 44.3940029, -18.9713749 ], [ 44.3940439, -18.971468 ], [ 44.3941819, -18.971587 ], [ 44.394294, -18.9716312 ], [ 44.3944639, -18.9717494 ], [ 44.394563, -18.97186 ], [ 44.3946829, -18.9720263 ], [ 44.394892, -18.9724594 ], [ 44.3949761, -18.9726083 ], [ 44.395031, -18.9727383 ], [ 44.39505, -18.9728695 ], [ 44.395044, -18.9730213 ], [ 44.39503, -18.9731284 ], [ 44.394989, -18.9732262 ], [ 44.394953, -18.9733241 ], [ 44.394935, -18.9734323 ], [ 44.394953, -18.9735392 ], [ 44.395, -18.9736521 ], [ 44.395039, -18.973744 ], [ 44.39506, -18.973851 ], [ 44.395113, -18.9739323 ], [ 44.395181, -18.9739884 ], [ 44.395288, -18.9740235 ], [ 44.395469, -18.9740972 ], [ 44.395554, -18.9742281 ], [ 44.395616, -18.9744575 ], [ 44.395639, -18.9747485 ], [ 44.395647, -18.9750462 ], [ 44.395549, -18.975341 ], [ 44.395436, -18.9755904 ], [ 44.395331, -18.9757875 ], [ 44.395139, -18.9761512 ], [ 44.394804, -18.9765473 ], [ 44.394648, -18.9766884 ], [ 44.394547, -18.9768375 ], [ 44.394468, -18.9769783 ], [ 44.394405, -18.9771351 ], [ 44.394341, -18.9773575 ], [ 44.3943289, -18.9775533 ], [ 44.394306, -18.977719 ], [ 44.39428, -18.9778865 ], [ 44.394242, -18.9780583 ], [ 44.3941869, -18.9782231 ], [ 44.3941129, -18.9783792 ], [ 44.3940209, -18.9785324 ], [ 44.3938989, -18.9786552 ], [ 44.393773, -18.9787475 ], [ 44.393668, -18.9788283 ], [ 44.394052, -18.9807225 ], [ 44.394757, -18.9829202 ], [ 44.394785, -18.9831035 ], [ 44.3947609, -18.9833223 ], [ 44.394719, -18.9834732 ], [ 44.3946849, -18.9835863 ], [ 44.394659, -18.9836775 ], [ 44.394645, -18.9837812 ], [ 44.394675, -18.9839075 ], [ 44.394687, -18.9840324 ], [ 44.394734, -18.9841803 ], [ 44.394763, -18.9842834 ], [ 44.3947859, -18.9843802 ], [ 44.394757, -18.9844663 ], [ 44.3946919, -18.9845774 ], [ 44.394697, -18.9846633 ], [ 44.394708, -18.9847577 ], [ 44.3947499, -18.9848796 ], [ 44.394906, -18.9850643 ], [ 44.395068, -18.9852507 ], [ 44.395293, -18.9854464 ], [ 44.395553, -18.9856537 ], [ 44.395755, -18.9858186 ], [ 44.395892, -18.9859127 ], [ 44.396005, -18.9859512 ], [ 44.396187, -18.9859606 ], [ 44.396397, -18.9859313 ], [ 44.3965621, -18.9859027 ], [ 44.396678099999988, -18.9858955 ], [ 44.3968601, -18.9859393 ], [ 44.397018, -18.9859705 ], [ 44.3971551, -18.9860115 ], [ 44.3972841, -18.9860536 ], [ 44.3975411, -18.9860723 ], [ 44.39769, -18.9860966 ], [ 44.3977862, -18.9861225 ], [ 44.3979141, -18.9861443 ], [ 44.3979971, -18.9861565 ], [ 44.3981551, -18.9861317 ], [ 44.3983881, -18.9861185 ], [ 44.3985952, -18.9861174 ], [ 44.3987711, -18.9861307 ], [ 44.3989542, -18.9861627 ], [ 44.3991702, -18.9861882 ], [ 44.3993572, -18.9861993 ], [ 44.3995412, -18.9862144 ], [ 44.3997382, -18.9862307 ], [ 44.3999252, -18.9862746 ], [ 44.4001323, -18.9863407 ], [ 44.4002993, -18.9863877 ], [ 44.4004132, -18.9864404 ], [ 44.4005092, -18.9864866 ], [ 44.4006193, -18.9865167 ], [ 44.4071606, -18.9844613 ], [ 44.413533, -18.9824422 ], [ 44.4134989, -18.9825356 ], [ 44.4134809, -18.9825873 ], [ 44.4134519, -18.9826774 ], [ 44.413429, -18.9827703 ], [ 44.4134119, -18.9828633 ], [ 44.4134, -18.9829574 ], [ 44.4133949, -18.9830517 ], [ 44.4133499, -18.9831404 ], [ 44.413311, -18.9832315 ], [ 44.4132769, -18.9833237 ], [ 44.4132489, -18.9834182 ], [ 44.4132249, -18.9835134 ], [ 44.4132079, -18.9836103 ], [ 44.4131959, -18.9837085 ], [ 44.4131849, -18.9838896 ], [ 44.4131939, -18.9840506 ], [ 44.4131758, -18.9842554 ], [ 44.4131818, -18.9844204 ], [ 44.4131889, -18.9845114 ], [ 44.4131879, -18.9846486 ], [ 44.4131929, -18.9847164 ], [ 44.413205, -18.9848323 ], [ 44.413233, -18.9849833 ], [ 44.4132449, -18.9850377 ], [ 44.4132919, -18.9852014 ], [ 44.4133069, -18.9852467 ], [ 44.4133789, -18.9854265 ], [ 44.413475, -18.9856044 ], [ 44.4135109, -18.9856635 ], [ 44.413539, -18.9857067 ], [ 44.4136249, -18.9858325 ], [ 44.413694, -18.9859196 ], [ 44.4137679, -18.9860023 ], [ 44.413848, -18.9860806 ], [ 44.413932, -18.9861543 ], [ 44.4140209, -18.9862237 ], [ 44.4141399, -18.9863057 ], [ 44.414236, -18.9863627 ], [ 44.4143349, -18.9864146 ], [ 44.4144369, -18.9864603 ], [ 44.414541, -18.9865016 ], [ 44.414648, -18.9865355 ], [ 44.4147569, -18.9865633 ], [ 44.4148671, -18.9865854 ], [ 44.414979099999989, -18.9866013 ], [ 44.415092, -18.9866105 ], [ 44.415204, -18.9866134 ], [ 44.415317, -18.9866107 ], [ 44.415617, -18.9865768 ], [ 44.415667, -18.9865666 ], [ 44.415766, -18.9865423 ], [ 44.415774, -18.9866655 ], [ 44.415795, -18.9867877 ], [ 44.4158301, -18.9869337 ], [ 44.4158641, -18.9870386 ], [ 44.415903, -18.9871418 ], [ 44.415949, -18.9872422 ], [ 44.416002, -18.9873394 ], [ 44.41606, -18.9874343 ], [ 44.4161241, -18.9875254 ], [ 44.4161941, -18.9876126 ], [ 44.416269, -18.9876964 ], [ 44.4163491, -18.9877758 ], [ 44.416248, -18.9878255 ], [ 44.4161501, -18.9878814 ], [ 44.416056, -18.9879436 ], [ 44.415966, -18.9880104 ], [ 44.4158801, -18.9880817 ], [ 44.415799, -18.9881588 ], [ 44.4157221, -18.9882387 ], [ 44.415651, -18.9883237 ], [ 44.415618, -18.9883657 ], [ 44.415503, -18.9885304 ], [ 44.415429100000011, -18.9886555 ], [ 44.415385, -18.9887426 ], [ 44.415345, -18.9888313 ], [ 44.4153109, -18.9889224 ], [ 44.4152821, -18.9890153 ], [ 44.415258, -18.9891093 ], [ 44.41523, -18.9892513 ], [ 44.4152159, -18.9893607 ], [ 44.415209, -18.9894685 ], [ 44.415209, -18.9895775 ], [ 44.415216, -18.9896865 ], [ 44.4152301, -18.9897945 ], [ 44.41525, -18.9899015 ], [ 44.41528, -18.9900215 ], [ 44.415297, -18.9900838 ], [ 44.415391, -18.9903316 ], [ 44.415456, -18.9905068 ], [ 44.4154781, -18.9905568 ], [ 44.415524, -18.9906555 ], [ 44.415576, -18.9907504 ], [ 44.4156341, -18.9908425 ], [ 44.415697, -18.9909313 ], [ 44.415767, -18.9910168 ], [ 44.4159361, -18.9911954 ], [ 44.415972, -18.9912286 ], [ 44.416034, -18.9912823 ], [ 44.416142099999988, -18.9913716 ], [ 44.416224, -18.9914347 ], [ 44.4163101, -18.9914926 ], [ 44.4163991, -18.9915467 ], [ 44.4164911, -18.9915946 ], [ 44.416586, -18.9916374 ], [ 44.416683, -18.9916758 ], [ 44.416837, -18.9917277 ], [ 44.4169511, -18.9917578 ], [ 44.4170671, -18.9917805 ], [ 44.417184, -18.9917976 ], [ 44.417302, -18.9918069 ], [ 44.4174202, -18.9918087 ], [ 44.4175382, -18.9918044 ], [ 44.4176562, -18.9917927 ], [ 44.4177612, -18.9918938 ], [ 44.4178561, -18.9919926 ], [ 44.4178472, -18.9920947 ], [ 44.4178242, -18.9921898 ], [ 44.417806100000014, -18.9922393 ], [ 44.4177901, -18.9923075 ], [ 44.4177501, -18.9924098 ], [ 44.4177162, -18.9925145 ], [ 44.4176891, -18.9926209 ], [ 44.4176692, -18.9927285 ], [ 44.4176561, -18.9928368 ], [ 44.417650099999989, -18.9929457 ], [ 44.4176511, -18.9930558 ], [ 44.4176591, -18.9931644 ], [ 44.4176741, -18.9932724 ], [ 44.4176961, -18.9933799 ], [ 44.4177242, -18.9934858 ], [ 44.4177602, -18.9935895 ], [ 44.4178021, -18.9936917 ], [ 44.4178502, -18.9937904 ], [ 44.417905099999984, -18.9938865 ], [ 44.4179661, -18.9939798 ], [ 44.4180321, -18.9940686 ], [ 44.4181171, -18.9941706 ], [ 44.418186099999986, -18.9942436 ], [ 44.4182591, -18.9943139 ], [ 44.4183361, -18.9943797 ], [ 44.4184171, -18.9944416 ], [ 44.4185022, -18.9944984 ], [ 44.4185891, -18.9945519 ], [ 44.4186852, -18.9946077 ], [ 44.4187832, -18.9946596 ], [ 44.4188852, -18.9947054 ], [ 44.4189903, -18.9947455 ], [ 44.4190963, -18.9947789 ], [ 44.4192051, -18.9948066 ], [ 44.4193612, -18.9948388 ], [ 44.4194772, -18.9948548 ], [ 44.4195933, -18.9948634 ], [ 44.4197093, -18.9948658 ], [ 44.4198253, -18.9948609 ], [ 44.4199413, -18.9948498 ], [ 44.4200562, -18.9948318 ], [ 44.4201692, -18.9948065 ], [ 44.4202813, -18.9947745 ], [ 44.4203913, -18.9947379 ], [ 44.4204972, -18.9946927 ], [ 44.4206013, -18.9946425 ], [ 44.4207012, -18.9945866 ], [ 44.4207923, -18.9945266 ], [ 44.4208723, -18.9945805 ], [ 44.4209563, -18.9946289 ], [ 44.4210433, -18.9946728 ], [ 44.4211334, -18.9947099 ], [ 44.4212253, -18.9947414 ], [ 44.4212983, -18.9947795 ], [ 44.4215543, -18.9948738 ], [ 44.421613300000011, -18.9948908 ], [ 44.4216933, -18.9949137 ], [ 44.4217793, -18.9949367 ], [ 44.4219963, -18.9949815 ], [ 44.4220113, -18.9950517 ], [ 44.4220303, -18.9951479 ], [ 44.4220533, -18.9953045 ], [ 44.4220673, -18.9953747 ], [ 44.4221014, -18.9955129 ], [ 44.4221343, -18.9956137 ], [ 44.4221733, -18.9957124 ], [ 44.4222183, -18.9958095 ], [ 44.4222694, -18.9959038 ], [ 44.4223263, -18.9959948 ], [ 44.4223883, -18.9960824 ], [ 44.4223393, -18.9961677 ], [ 44.4221743, -18.9963714 ], [ 44.4220413, -18.996597 ], [ 44.4219434, -18.9968376 ], [ 44.4218833, -18.9970887 ], [ 44.4218603, -18.997346 ], [ 44.4218714, -18.9975178 ], [ 44.4218493, -18.9975729 ], [ 44.4218174, -18.9976854 ], [ 44.4217843, -18.9978285 ], [ 44.4217683, -18.9979367 ], [ 44.4217593, -18.9980456 ], [ 44.4217563, -18.9981546 ], [ 44.4217614, -18.9982636 ], [ 44.4217723, -18.9983716 ], [ 44.4217903, -18.9984797 ], [ 44.4218153, -18.9985867 ], [ 44.4218473, -18.9986909 ], [ 44.4218853, -18.9987935 ], [ 44.4219373, -18.9989127 ], [ 44.4219843, -18.9990047 ], [ 44.4220363, -18.9990928 ], [ 44.4220943, -18.9991776 ], [ 44.4221573, -18.9992596 ], [ 44.4222254, -18.9993377 ], [ 44.42229840000001, -18.9994119 ], [ 44.4223673, -18.9994895 ], [ 44.4224414, -18.9995637 ], [ 44.4225193, -18.9996329 ], [ 44.4226024, -18.9996987 ], [ 44.4226893, -18.999759 ], [ 44.4227603, -18.9998049 ], [ 44.4228863, -18.9998775 ], [ 44.4229813, -18.999926 ], [ 44.4230793, -18.9999688 ], [ 44.4231794, -19.0000055 ], [ 44.4232814, -19.0000377 ], [ 44.4233843, -19.0000637 ], [ 44.4235434, -19.0000937 ], [ 44.423663399999988, -19.0001097 ], [ 44.4237835, -19.0001189 ], [ 44.4239044, -19.0001236 ], [ 44.4239355, -19.0002019 ], [ 44.4239694, -19.0002808 ], [ 44.4239935, -19.0003245 ], [ 44.4240064, -19.0003845 ], [ 44.4240335, -19.0004887 ], [ 44.4241014, -19.0006769 ], [ 44.4241605, -19.000808 ], [ 44.4242154, -19.000908 ], [ 44.4242755, -19.0010047 ], [ 44.424342499999987, -19.0010969 ], [ 44.4244355, -19.001212 ], [ 44.4245134, -19.0012947 ], [ 44.4245965, -19.0013736 ], [ 44.4246855, -19.001448 ], [ 44.4247774, -19.0015167 ], [ 44.4249134, -19.0016097 ], [ 44.4249764, -19.0017121 ], [ 44.4249635, -19.0018616 ], [ 44.4249715, -19.0019859 ], [ 44.4249294, -19.0020848 ], [ 44.4248945, -19.0021866 ], [ 44.4248655, -19.0022908 ], [ 44.4248434, -19.002395 ], [ 44.4248274, -19.002501 ], [ 44.424818400000014, -19.0026076 ], [ 44.4248165, -19.0027149 ], [ 44.4248204, -19.0028216 ], [ 44.4248314, -19.002929 ], [ 44.424848499999989, -19.0030348 ], [ 44.4248725, -19.003139 ], [ 44.4249024, -19.0032415 ], [ 44.4249395, -19.0033436 ], [ 44.4249814, -19.0034429 ], [ 44.4250065, -19.0034917 ], [ 44.4250575, -19.0035917 ], [ 44.4251135, -19.0036877 ], [ 44.4251765, -19.0037816 ], [ 44.4252445, -19.003871 ], [ 44.4253195, -19.0039559 ], [ 44.4253985, -19.004037 ], [ 44.4254835, -19.004113 ], [ 44.4255724, -19.004184 ], [ 44.4256654, -19.0042489 ], [ 44.4257636, -19.0043087 ], [ 44.4258646, -19.0043629 ], [ 44.4259585, -19.004408 ], [ 44.4259916, -19.0044518 ], [ 44.4260016, -19.004531 ], [ 44.4259995, -19.0045908 ], [ 44.4260025, -19.004793 ], [ 44.4260065, -19.004871 ], [ 44.4260136, -19.0049569 ], [ 44.4260296, -19.0051547 ], [ 44.4260436, -19.005235 ], [ 44.4260565, -19.0053329 ], [ 44.4260776, -19.0054297 ], [ 44.4261045, -19.005526 ], [ 44.4261366, -19.00562 ], [ 44.4261755, -19.0057119 ], [ 44.4262206, -19.0058011 ], [ 44.4262715, -19.0058881 ], [ 44.4262576, -19.0060178 ], [ 44.4262506, -19.0060917 ], [ 44.4262495, -19.0061916 ], [ 44.4261965, -19.0062396 ], [ 44.426117499999989, -19.0063099 ], [ 44.4260425, -19.0063847 ], [ 44.4259725, -19.006463 ], [ 44.4259076, -19.0065447 ], [ 44.4258466, -19.0066299 ], [ 44.4257915, -19.0067179 ], [ 44.4257426, -19.0068089 ], [ 44.425715499999988, -19.0068628 ], [ 44.4256135, -19.0071118 ], [ 44.4255805, -19.0072249 ], [ 44.4255475, -19.0073737 ], [ 44.4255315, -19.0074791 ], [ 44.4255214, -19.0075857 ], [ 44.42551850000001, -19.0076918 ], [ 44.4255226, -19.0077992 ], [ 44.4255254, -19.0078788 ], [ 44.4255274, -19.0079709 ], [ 44.4253495, -19.0080192 ], [ 44.4252526, -19.0080446 ], [ 44.4251554, -19.0080757 ], [ 44.4250615, -19.008112 ], [ 44.424969499999989, -19.0081528 ], [ 44.4248354, -19.0081981 ], [ 44.4246035, -19.0083147 ], [ 44.4243374, -19.008497 ], [ 44.4242894, -19.0085337 ], [ 44.4241325, -19.0086399 ], [ 44.4239614, -19.0087769 ], [ 44.4238894, -19.0088422 ], [ 44.4238215, -19.0089109 ], [ 44.4237584, -19.0089841 ], [ 44.4236984, -19.0090597 ], [ 44.4236444, -19.0091387 ], [ 44.4235924, -19.0092071 ], [ 44.4235274, -19.0093057 ], [ 44.4234994, -19.0093528 ], [ 44.423430299999985, -19.0094757 ], [ 44.4233354, -19.0096379 ], [ 44.4232714, -19.0097857 ], [ 44.4232333, -19.0098688 ], [ 44.4232024, -19.0099549 ], [ 44.4231773, -19.0100421 ], [ 44.4231584, -19.0100877 ], [ 44.4231373, -19.0101439 ], [ 44.4231074, -19.0102232 ], [ 44.4230824, -19.0103031 ], [ 44.4230633, -19.0103848 ], [ 44.4230504, -19.0104682 ], [ 44.4230424, -19.0105511 ], [ 44.4230253, -19.0106249 ], [ 44.4230123, -19.0106931 ], [ 44.4230064, -19.010758 ], [ 44.4228984, -19.0110188 ], [ 44.4228643, -19.0111212 ], [ 44.4228453, -19.0111978 ], [ 44.4228214, -19.0112579 ], [ 44.4228004, -19.011326 ], [ 44.4227654, -19.0114572 ], [ 44.4227444, -19.0115597 ], [ 44.4227304, -19.0116641 ], [ 44.4227233, -19.0117679 ], [ 44.4227213, -19.0118729 ], [ 44.4227264, -19.0119768 ], [ 44.4227494, -19.0121691 ], [ 44.4227693, -19.012267 ], [ 44.422782299999987, -19.0123219 ], [ 44.4228074, -19.0124182 ], [ 44.4229064, -19.0126841 ], [ 44.4229474, -19.0128009 ], [ 44.4229854, -19.0128888 ], [ 44.4230293, -19.012974 ], [ 44.4230814, -19.0130571 ], [ 44.4231384, -19.013135 ], [ 44.4231864, -19.0132208 ], [ 44.4232374, -19.013305 ], [ 44.4232923, -19.0133869 ], [ 44.4233514, -19.0134672 ], [ 44.4234194, -19.0135538 ], [ 44.4234925, -19.013637 ], [ 44.4235713, -19.0137158 ], [ 44.4236553, -19.013789 ], [ 44.4237434, -19.0138577 ], [ 44.4238364, -19.0139209 ], [ 44.4239334, -19.013979 ], [ 44.4240334, -19.0140298 ], [ 44.4241064, -19.0140713 ], [ 44.4241534, -19.0140949 ], [ 44.4242805, -19.0141562 ], [ 44.4243324, -19.0141782 ], [ 44.4245334, -19.014251 ], [ 44.4244825, -19.0143148 ], [ 44.4243555, -19.0145291 ], [ 44.4243174, -19.0146089 ], [ 44.4242914, -19.0146498 ], [ 44.4242625, -19.0146953 ], [ 44.4242375, -19.0147379 ], [ 44.424172299999988, -19.0148552 ], [ 44.4241474, -19.0149052 ], [ 44.4240464, -19.0151508 ], [ 44.4240254, -19.015224 ], [ 44.4240114, -19.015273 ], [ 44.4239914, -19.0153541 ], [ 44.4239474, -19.0154801 ], [ 44.4238025, -19.0157433 ], [ 44.4236375, -19.0158008 ], [ 44.423545399999988, -19.0158269 ], [ 44.4234913, -19.0158438 ], [ 44.4232164, -19.0158961 ], [ 44.4229873, -19.0159489 ], [ 44.4228663, -19.0159899 ], [ 44.4227563, -19.0160259 ], [ 44.4226664, -19.0160611 ], [ 44.4225413, -19.0161071 ], [ 44.4224403, -19.0161512 ], [ 44.422342299999983, -19.0162021 ], [ 44.4222474, -19.0162569 ], [ 44.4221564, -19.016318 ], [ 44.4220683, -19.0163831 ], [ 44.421985399999983, -19.0164539 ], [ 44.4219062, -19.0165293 ], [ 44.4218322, -19.0166081 ], [ 44.4217632, -19.016692 ], [ 44.4216992, -19.0167788 ], [ 44.4216323, -19.0168171 ], [ 44.4215462, -19.0168641 ], [ 44.4214623, -19.0169168 ], [ 44.4213813, -19.016973 ], [ 44.4213043, -19.0170342 ], [ 44.4212303, -19.0170989 ], [ 44.4211613, -19.0171682 ], [ 44.4210472, -19.0172759 ], [ 44.4209683, -19.0173682 ], [ 44.4208602, -19.0175082 ], [ 44.4207892, -19.017622 ], [ 44.4206942, -19.0177881 ], [ 44.420610300000014, -19.0178058 ], [ 44.4205272, -19.0178303 ], [ 44.4204473, -19.0178582 ], [ 44.4203682, -19.0178923 ], [ 44.4202922, -19.017931 ], [ 44.4202202, -19.0179748 ], [ 44.4201872, -19.017874 ], [ 44.420148199999986, -19.0177758 ], [ 44.4201032, -19.0176799 ], [ 44.4200522, -19.0175873 ], [ 44.4199953, -19.017498 ], [ 44.4199333, -19.0174109 ], [ 44.4198652, -19.0173289 ], [ 44.4197921, -19.0172501 ], [ 44.4195922, -19.0170571 ], [ 44.419540199999986, -19.0170141 ], [ 44.4194552, -19.0169483 ], [ 44.4193661, -19.0168869 ], [ 44.4192732, -19.0168299 ], [ 44.4191782, -19.0167792 ], [ 44.4190792, -19.0167329 ], [ 44.4189782, -19.0166928 ], [ 44.4188751, -19.0166589 ], [ 44.4188151, -19.0166413 ], [ 44.4187231, -19.0166109 ], [ 44.4186292, -19.0165873 ], [ 44.4185341, -19.016571 ], [ 44.4184382, -19.0165598 ], [ 44.4183412, -19.016557 ], [ 44.418244, -19.0165599 ], [ 44.418262, -19.0164601 ], [ 44.418278, -19.016305 ], [ 44.4182811, -19.0161921 ], [ 44.4182761, -19.0160791 ], [ 44.4182651, -19.0159672 ], [ 44.4182451, -19.0158557 ], [ 44.4182191, -19.0157459 ], [ 44.4181851, -19.0156371 ], [ 44.4181242, -19.0154778 ], [ 44.4180301, -19.0152283 ], [ 44.417995200000014, -19.0151149 ], [ 44.4179032, -19.0148722 ], [ 44.4178481, -19.0147271 ], [ 44.4178021, -19.0146362 ], [ 44.417712, -19.0144822 ], [ 44.4176821, -19.014426 ], [ 44.417553, -19.0141919 ], [ 44.417481, -19.0141092 ], [ 44.417438, -19.0140477 ], [ 44.4173921, -19.0139902 ], [ 44.417342, -19.0139337 ], [ 44.4172901, -19.0138812 ], [ 44.4172571, -19.0138249 ], [ 44.4172521, -19.0136939 ], [ 44.4172511, -19.0136001 ], [ 44.4172382, -19.0134453 ], [ 44.417233, -19.0133842 ], [ 44.4172201, -19.0132999 ], [ 44.4171681, -19.0130599 ], [ 44.417085, -19.0128371 ], [ 44.4170391, -19.0127349 ], [ 44.4169401, -19.0125571 ], [ 44.41697, -19.012488 ], [ 44.4170421, -19.0123357 ], [ 44.4170641, -19.0122812 ], [ 44.417108, -19.0121597 ], [ 44.417153, -19.0119908 ], [ 44.4172581, -19.0117848 ], [ 44.417282, -19.0117342 ], [ 44.4173021, -19.0116898 ], [ 44.417376, -19.0114998 ], [ 44.4174151, -19.011359 ], [ 44.4174271, -19.0113061 ], [ 44.417449, -19.0111968 ], [ 44.4174581, -19.0110969 ], [ 44.4174901, -19.0109618 ], [ 44.417496, -19.010898 ], [ 44.4175061, -19.0108417 ], [ 44.4175151, -19.0107819 ], [ 44.4175251, -19.0106939 ], [ 44.417524, -19.010625 ], [ 44.417611, -19.0105842 ], [ 44.41766, -19.0105599 ], [ 44.4177611, -19.0105068 ], [ 44.4178591, -19.010448 ], [ 44.4179531, -19.010383 ], [ 44.4180431, -19.0103129 ], [ 44.4181281, -19.0102381 ], [ 44.418207100000011, -19.0101577 ], [ 44.418282100000013, -19.0100738 ], [ 44.4183511, -19.0099848 ], [ 44.4184152, -19.0098929 ], [ 44.4184411, -19.0098508 ], [ 44.4185281, -19.009679 ], [ 44.4186062, -19.009602 ], [ 44.4187042, -19.009537 ], [ 44.4188271, -19.0094406 ], [ 44.4188692, -19.0094061 ], [ 44.4189542, -19.0093297 ], [ 44.4190332, -19.0092487 ], [ 44.4191082, -19.0091637 ], [ 44.4191772, -19.0090741 ], [ 44.4192401, -19.008981 ], [ 44.4192962, -19.008884 ], [ 44.4193472, -19.008784 ], [ 44.4193901, -19.0086812 ], [ 44.4194282, -19.008576 ], [ 44.4194582, -19.008469 ], [ 44.4194812, -19.0083597 ], [ 44.4195032, -19.0082188 ], [ 44.4195122, -19.0081088 ], [ 44.4195143, -19.0079982 ], [ 44.4195092, -19.007888 ], [ 44.4194972, -19.0077777 ], [ 44.41947420000001, -19.0076431 ], [ 44.4194482, -19.0075366 ], [ 44.4194162, -19.0074329 ], [ 44.4193771, -19.0073309 ], [ 44.4193311, -19.0072321 ], [ 44.4192792, -19.007135 ], [ 44.4192221, -19.0070417 ], [ 44.4191582, -19.0069518 ], [ 44.4190892, -19.0068658 ], [ 44.4190141, -19.0067836 ], [ 44.4189342, -19.006706 ], [ 44.4188502, -19.0066327 ], [ 44.4187612, -19.0065657 ], [ 44.4186682, -19.0065031 ], [ 44.4185712, -19.0064461 ], [ 44.4184702, -19.0063948 ], [ 44.4183671, -19.006349 ], [ 44.4184241, -19.0062751 ], [ 44.4184592, -19.0061998 ], [ 44.4184821, -19.0061481 ], [ 44.4185161, -19.0060587 ], [ 44.4185751, -19.0059797 ], [ 44.4186302, -19.0058979 ], [ 44.4186802, -19.0058126 ], [ 44.4187241, -19.005725 ], [ 44.4187631, -19.0056351 ], [ 44.4187972, -19.0055429 ], [ 44.4188181, -19.0054787 ], [ 44.4188491, -19.0053746 ], [ 44.4188732, -19.0052699 ], [ 44.4188901, -19.0051639 ], [ 44.4189012, -19.0050567 ], [ 44.4189052, -19.00495 ], [ 44.4189022, -19.0048416 ], [ 44.4188931, -19.0047348 ], [ 44.4188772, -19.0046279 ], [ 44.4188542, -19.0045226 ], [ 44.4188252, -19.0044189 ], [ 44.4188062, -19.00436 ], [ 44.4187732, -19.0042636 ], [ 44.4187341, -19.0041706 ], [ 44.4186901, -19.0040786 ], [ 44.4186402, -19.00399 ], [ 44.4185851, -19.0039041 ], [ 44.4185251, -19.0038215 ], [ 44.4184602, -19.0037418 ], [ 44.4183902, -19.003667 ], [ 44.4181961, -19.0034768 ], [ 44.4179551, -19.003298 ], [ 44.4177751, -19.0032017 ], [ 44.4177071, -19.0031518 ], [ 44.4176681, -19.0031135 ], [ 44.4174461, -19.002953 ], [ 44.417396, -19.0029219 ], [ 44.4172951, -19.0028638 ], [ 44.41719, -19.0028118 ], [ 44.417082099999988, -19.002766 ], [ 44.4169711, -19.0027269 ], [ 44.416858, -19.0026941 ], [ 44.4167431, -19.0026691 ], [ 44.416687, -19.0026577 ], [ 44.4166011, -19.0026426 ], [ 44.4165301, -19.0026379 ], [ 44.4164211, -19.0025977 ], [ 44.4163541, -19.0025637 ], [ 44.4162221, -19.0025108 ], [ 44.4161621, -19.0024887 ], [ 44.416063, -19.002456 ], [ 44.415962, -19.0024289 ], [ 44.41586, -19.0024057 ], [ 44.4157569, -19.0023888 ], [ 44.415652, -19.002378 ], [ 44.415548, -19.0023718 ], [ 44.4154789, -19.0023688 ], [ 44.415385, -19.0023688 ], [ 44.4152899, -19.0023729 ], [ 44.415196, -19.0023809 ], [ 44.4151019, -19.0023939 ], [ 44.415046, -19.0024029 ], [ 44.4149349, -19.0024237 ], [ 44.4148259, -19.0024507 ], [ 44.414719, -19.002484 ], [ 44.414614, -19.0025229 ], [ 44.414512, -19.0025675 ], [ 44.4144119, -19.0026189 ], [ 44.4143159, -19.0026749 ], [ 44.414223, -19.0026637 ], [ 44.4141649, -19.0026489 ], [ 44.4139499, -19.0026087 ], [ 44.413902, -19.0025698 ], [ 44.413837, -19.0025205 ], [ 44.41373, -19.0024228 ], [ 44.413647, -19.0023535 ], [ 44.4135588, -19.002291 ], [ 44.4134669, -19.0022318 ], [ 44.4133708, -19.0021788 ], [ 44.4132729, -19.002132 ], [ 44.4130378, -19.0020068 ], [ 44.4128828, -19.0019509 ], [ 44.4128219, -19.0018745 ], [ 44.4127198, -19.0017729 ], [ 44.41265880000001, -19.0017028 ], [ 44.4125939, -19.0016365 ], [ 44.4125249, -19.0015737 ], [ 44.4124508, -19.0015158 ], [ 44.4123738, -19.001463 ], [ 44.4122938, -19.0014135 ], [ 44.4122098, -19.0013697 ], [ 44.4121218, -19.001284 ], [ 44.4120188, -19.0012027 ], [ 44.4118788, -19.0011057 ], [ 44.4118048, -19.0010659 ], [ 44.4117348, -19.0010279 ], [ 44.4116519, -19.000975 ], [ 44.4115668, -19.0009266 ], [ 44.4114788, -19.0008827 ], [ 44.4113878, -19.0008439 ], [ 44.4112958, -19.0008095 ], [ 44.4112427, -19.000792 ], [ 44.4111558, -19.0007639 ], [ 44.4109267, -19.0007117 ], [ 44.410795799999988, -19.0006905 ], [ 44.4107067, -19.0006816 ], [ 44.4106168, -19.0006778 ], [ 44.4105267, -19.0006796 ], [ 44.4104367, -19.0006859 ], [ 44.4103657, -19.0006309 ], [ 44.4103037, -19.0005868 ], [ 44.4102077, -19.000523 ], [ 44.4101087, -19.0004649 ], [ 44.4100058, -19.0004129 ], [ 44.4099007, -19.0003666 ], [ 44.4097916, -19.000327 ], [ 44.4096807, -19.0002935 ], [ 44.4095677, -19.0002669 ], [ 44.4094537, -19.000247 ], [ 44.4093147, -19.0002268 ], [ 44.4090537, -19.000207 ], [ 44.4089227, -19.0002078 ], [ 44.4088107, -19.000215 ], [ 44.4085977, -19.0001957 ], [ 44.4084397, -19.00019 ], [ 44.4082356, -19.0001928 ], [ 44.4081147, -19.0002016 ], [ 44.4079967, -19.0002138 ], [ 44.4077936, -19.0002155 ], [ 44.4076385, -19.0002279 ], [ 44.4074576, -19.0002507 ], [ 44.4073675, -19.0002548 ], [ 44.4071855, -19.0002438 ], [ 44.4070492, -19.0002518 ], [ 44.406906600000013, -19.000261 ], [ 44.4068206, -19.0002719 ], [ 44.4065655, -19.0003238 ], [ 44.406475600000014, -19.0003477 ], [ 44.4062276, -19.0004336 ], [ 44.4060346, -19.0005268 ], [ 44.4059355, -19.0005828 ], [ 44.4058365, -19.0006415 ], [ 44.405742499999988, -19.000706 ], [ 44.405652499999988, -19.0007756 ], [ 44.4055675, -19.0008497 ], [ 44.4054875, -19.0009296 ], [ 44.4054125, -19.001014 ], [ 44.4053424, -19.0011019 ], [ 44.4052785, -19.0011938 ], [ 44.4052215, -19.0012897 ], [ 44.4051694, -19.0013885 ], [ 44.4051245, -19.0014908 ], [ 44.4051025, -19.0015436 ], [ 44.4050675, -19.0016386 ], [ 44.4050375, -19.0017349 ], [ 44.4050134, -19.0018328 ], [ 44.4049954, -19.001932 ], [ 44.4049825, -19.0020318 ], [ 44.404976499999989, -19.0021317 ], [ 44.4049754, -19.0022328 ], [ 44.4049765, -19.002291 ], [ 44.4049824, -19.0024 ], [ 44.4049955, -19.002508 ], [ 44.4050155, -19.0026155 ], [ 44.4050415, -19.0027225 ], [ 44.4050745, -19.0028268 ], [ 44.4051145, -19.00293 ], [ 44.4051615, -19.0030299 ], [ 44.4052134, -19.0031271 ], [ 44.4052725, -19.0032209 ], [ 44.4053364, -19.0033119 ], [ 44.4053735, -19.0033598 ], [ 44.4054664, -19.00348 ], [ 44.4055765, -19.0036128 ], [ 44.4056846, -19.0038206 ], [ 44.4057365, -19.0039155 ], [ 44.4057955, -19.0040077 ], [ 44.4058595, -19.004097 ], [ 44.4059295, -19.0041808 ], [ 44.4060045, -19.0042607 ], [ 44.4060855, -19.0043356 ], [ 44.4061705, -19.0044066 ], [ 44.4062595, -19.0044719 ], [ 44.4062495, -19.004548 ], [ 44.4062316, -19.00468 ], [ 44.4062195, -19.0047826 ], [ 44.4062145, -19.004887 ], [ 44.4062145, -19.0049909 ], [ 44.4062224, -19.0050949 ], [ 44.4062356, -19.0051978 ], [ 44.4062555, -19.0052997 ], [ 44.4062806, -19.005401 ], [ 44.4063144, -19.0055177 ], [ 44.40634750000001, -19.0056186 ], [ 44.4063865, -19.0057179 ], [ 44.4064314, -19.0058149 ], [ 44.4064825, -19.0059098 ], [ 44.4065396, -19.0060008 ], [ 44.4066025, -19.006089 ], [ 44.4066696, -19.0061728 ], [ 44.4067425, -19.0062526 ], [ 44.4068205, -19.0063297 ], [ 44.4069026, -19.0064007 ], [ 44.4069886, -19.0064677 ], [ 44.4070795, -19.0065297 ], [ 44.4071735, -19.0065867 ], [ 44.4072286, -19.0066189 ], [ 44.4073565, -19.0066847 ], [ 44.4074645, -19.0067356 ], [ 44.4075646, -19.0067796 ], [ 44.4076676, -19.006818 ], [ 44.4077725, -19.0068508 ], [ 44.4078786, -19.0068768 ], [ 44.4079866, -19.0068978 ], [ 44.408095599999989, -19.0069126 ], [ 44.4082056, -19.0069217 ], [ 44.4083206, -19.0069281 ], [ 44.4083796, -19.0069299 ], [ 44.4084636, -19.0069466 ], [ 44.4085807, -19.0069688 ], [ 44.4086987, -19.0069837 ], [ 44.4088176, -19.0069929 ], [ 44.4089366, -19.0069936 ], [ 44.40905570000001, -19.0069876 ], [ 44.4092237, -19.0069737 ], [ 44.4094676, -19.0069566 ], [ 44.4097198, -19.0069227 ], [ 44.4098047, -19.0069056 ], [ 44.4098918, -19.0069839 ], [ 44.4099578, -19.0070361 ], [ 44.4100257, -19.0070848 ], [ 44.4100978, -19.0071297 ], [ 44.4101718, -19.0071706 ], [ 44.4103737, -19.0072829 ], [ 44.4102887, -19.0073898 ], [ 44.4102527, -19.007442 ], [ 44.4101927, -19.0075356 ], [ 44.4101377, -19.0076327 ], [ 44.4100906, -19.0077327 ], [ 44.4100487, -19.0078361 ], [ 44.4100146, -19.0079396 ], [ 44.4099868, -19.0080466 ], [ 44.4099297, -19.0081979 ], [ 44.4098947, -19.0083432 ], [ 44.4098427, -19.008311 ], [ 44.4097696, -19.0082757 ], [ 44.4096787, -19.0082346 ], [ 44.4094256, -19.008142 ], [ 44.4093296, -19.0081161 ], [ 44.4091616, -19.0080769 ], [ 44.4090676, -19.0080601 ], [ 44.4089506, -19.0080402 ], [ 44.4086957, -19.0080119 ], [ 44.4086286, -19.0080089 ], [ 44.4084346, -19.0079971 ], [ 44.4081997, -19.0080086 ], [ 44.4080716, -19.0080219 ], [ 44.407961599999986, -19.0080371 ], [ 44.407853599999989, -19.0080579 ], [ 44.4077456, -19.0080849 ], [ 44.407639599999989, -19.0081176 ], [ 44.4075136, -19.0081608 ], [ 44.4073895, -19.0082091 ], [ 44.4071866, -19.0083079 ], [ 44.4070996, -19.0083578 ], [ 44.4070146, -19.0084077 ], [ 44.4069336, -19.0084627 ], [ 44.4068545, -19.0085216 ], [ 44.4067795, -19.0085846 ], [ 44.4066976, -19.0086577 ], [ 44.4065395, -19.0088152 ], [ 44.4064506, -19.0089141 ], [ 44.4063146, -19.0090876 ], [ 44.4062155, -19.009248 ], [ 44.4061865, -19.0093008 ], [ 44.4061225, -19.0092939 ], [ 44.4060095, -19.0092841 ], [ 44.4058695, -19.0092781 ], [ 44.4057375, -19.0092811 ], [ 44.4055924, -19.0092891 ], [ 44.4054634, -19.0093001 ], [ 44.4053255, -19.0093172 ], [ 44.405143499999987, -19.0093479 ], [ 44.4050344, -19.009371 ], [ 44.4049404, -19.009362 ], [ 44.4047755, -19.0093528 ], [ 44.4045715, -19.009298 ], [ 44.4044275, -19.009157 ], [ 44.4043853, -19.0091187 ], [ 44.4043325, -19.009074 ], [ 44.4043675, -19.0089067 ], [ 44.4043955, -19.0085987 ], [ 44.4043864, -19.0082892 ], [ 44.4043404, -19.0079831 ], [ 44.4042574, -19.0076841 ], [ 44.4041394, -19.0073959 ], [ 44.4039874, -19.007122 ], [ 44.4038034, -19.0068659 ], [ 44.4035903, -19.0066331 ], [ 44.4033513, -19.0064226 ], [ 44.4030884, -19.0062407 ], [ 44.4028044, -19.006089 ], [ 44.4025053, -19.0059688 ], [ 44.4021923, -19.0058817 ], [ 44.4018723, -19.005829 ], [ 44.401547299999983, -19.0058107 ], [ 44.4012222, -19.0058285 ], [ 44.4009022, -19.005882 ], [ 44.4005902, -19.0059689 ], [ 44.4002902, -19.0060886 ], [ 44.4000073, -19.0062407 ], [ 44.3997432, -19.006423 ], [ 44.3995042, -19.0066326 ], [ 44.3992912, -19.0068657 ], [ 44.39910720000001, -19.0071217 ], [ 44.3989551, -19.0073956 ], [ 44.3988371, -19.007684 ], [ 44.3987551, -19.0079829 ], [ 44.3987081, -19.008289 ], [ 44.398699099999988, -19.0085989 ], [ 44.3987272, -19.0089069 ], [ 44.3987911, -19.0092098 ], [ 44.3988921, -19.0095051 ], [ 44.3990271, -19.0097861 ], [ 44.3991951, -19.0100511 ], [ 44.3992701, -19.0101429 ], [ 44.3992512, -19.0102082 ], [ 44.3992321, -19.0102887 ], [ 44.3991861, -19.0104519 ], [ 44.3991261, -19.0106997 ], [ 44.3991081, -19.0108537 ], [ 44.3991032, -19.0109208 ], [ 44.3991002, -19.0109919 ], [ 44.3990471, -19.0110851 ], [ 44.3990002, -19.0111811 ], [ 44.3989592, -19.01128 ], [ 44.3989251, -19.0113807 ], [ 44.3988961, -19.0114832 ], [ 44.3988741, -19.0115868 ], [ 44.3988591, -19.0116917 ], [ 44.3988501, -19.0117978 ], [ 44.398848199999989, -19.0119039 ], [ 44.3988521, -19.0120101 ], [ 44.3988631, -19.0121147 ], [ 44.3988241, -19.0122108 ], [ 44.3987911, -19.0123081 ], [ 44.398764, -19.0124067 ], [ 44.3987441, -19.0125081 ], [ 44.3987301, -19.012609 ], [ 44.3987232, -19.0127111 ], [ 44.3987231, -19.0128128 ], [ 44.39871010000001, -19.012956 ], [ 44.3987401, -19.013647 ], [ 44.3978181, -19.0145588 ], [ 44.397921, -19.0146271 ], [ 44.3980051, -19.0147009 ], [ 44.3980931, -19.0147781 ], [ 44.3981401, -19.0148758 ], [ 44.398255, -19.0150058 ], [ 44.398293, -19.0151378 ], [ 44.3983432, -19.0153202 ], [ 44.3983582, -19.0154389 ], [ 44.3983651, -19.015561 ], [ 44.3983361, -19.015673 ], [ 44.398288, -19.0157459 ], [ 44.3982381, -19.015821 ], [ 44.3981991, -19.0158669 ], [ 44.3981581, -19.0159189 ], [ 44.3981301, -19.0159751 ], [ 44.3981161, -19.0160342 ], [ 44.3981231, -19.0161038 ], [ 44.3981321, -19.0161688 ], [ 44.398159100000015, -19.0162318 ], [ 44.3981941, -19.0162982 ], [ 44.3982461, -19.016353 ], [ 44.3983131, -19.0163792 ], [ 44.398392199999989, -19.01641 ], [ 44.3984851, -19.016411 ], [ 44.3985631, -19.0163933 ], [ 44.39862, -19.0163708 ], [ 44.3986961, -19.0163423 ], [ 44.3987511, -19.0162898 ], [ 44.3988041, -19.0162401 ], [ 44.3988581, -19.016204 ], [ 44.3989211, -19.016198 ], [ 44.3990282, -19.0162409 ], [ 44.3991222, -19.016321 ], [ 44.3991731, -19.016377 ], [ 44.3992321, -19.016455 ], [ 44.3992441, -19.0165048 ], [ 44.3992741, -19.0166051 ], [ 44.3993311, -19.0167091 ], [ 44.3993711, -19.0167993 ], [ 44.3994021, -19.0168838 ], [ 44.3994272, -19.016984 ], [ 44.3994331, -19.0170642 ], [ 44.3994452, -19.0171598 ], [ 44.3994542, -19.0172457 ], [ 44.3994802, -19.017342 ], [ 44.3995372, -19.0174731 ], [ 44.3996012, -19.0176003 ], [ 44.3996561, -19.0176958 ], [ 44.3997251, -19.0178163 ], [ 44.3997862, -19.0179062 ], [ 44.3998721, -19.0180173 ], [ 44.3999782, -19.0181528 ], [ 44.4000732, -19.0182493 ], [ 44.4001492, -19.0183179 ], [ 44.4002152, -19.018383 ], [ 44.4003022, -19.0184433 ], [ 44.4004182, -19.018487 ], [ 44.4005363, -19.0185272 ], [ 44.4006283, -19.0185413 ], [ 44.4007233, -19.0185508 ], [ 44.4008742, -19.0185672 ], [ 44.4009552, -19.0185901 ], [ 44.4010292, -19.0186073 ], [ 44.4011092, -19.0186302 ], [ 44.4011693, -19.0186591 ], [ 44.4012292, -19.018666 ], [ 44.4013003, -19.0186668 ], [ 44.4014032, -19.0186741 ], [ 44.4014922, -19.0186859 ], [ 44.4015463, -19.0186938 ], [ 44.4016412, -19.0186791 ], [ 44.4017103, -19.018651 ], [ 44.4017752, -19.018593 ], [ 44.4018173, -19.0185393 ], [ 44.4018413, -19.0184752 ], [ 44.4018453, -19.0184109 ], [ 44.4018433, -19.0183611 ], [ 44.4018492, -19.018311 ], [ 44.4018712, -19.018248 ], [ 44.401924199999989, -19.0181881 ], [ 44.4020102, -19.0181112 ], [ 44.4021023, -19.0180439 ], [ 44.4021523, -19.0179891 ], [ 44.4022103, -19.0179282 ], [ 44.4022842, -19.0178573 ], [ 44.4023443, -19.0177992 ], [ 44.4023773, -19.0177601 ], [ 44.4024454, -19.0176942 ], [ 44.4024583, -19.0176452 ], [ 44.4025013, -19.0175898 ], [ 44.4025734, -19.0175319 ], [ 44.4026143, -19.0174601 ], [ 44.4026553, -19.0174103 ], [ 44.4027153, -19.0173353 ], [ 44.4027693, -19.017276 ], [ 44.4028093, -19.0172279 ], [ 44.4028424, -19.0171662 ], [ 44.4028713, -19.0170998 ], [ 44.4028823, -19.0170249 ], [ 44.4028883, -19.016956 ], [ 44.402887299999989, -19.0168967 ], [ 44.4028263, -19.0168311 ], [ 44.4027694, -19.0168158 ], [ 44.4027202, -19.0167441 ], [ 44.4027133, -19.0166819 ], [ 44.4027314, -19.0166002 ], [ 44.4027583, -19.016513 ], [ 44.4027643, -19.0164459 ], [ 44.4027572, -19.0163797 ], [ 44.402724299999988, -19.0163342 ], [ 44.4026693, -19.0162658 ], [ 44.4026143, -19.016202 ], [ 44.4025823, -19.0161231 ], [ 44.4025664, -19.0160557 ], [ 44.4025803, -19.0160062 ], [ 44.4025863, -19.015956 ], [ 44.4025884, -19.0158962 ], [ 44.4025803, -19.0158402 ], [ 44.4025612, -19.0157858 ], [ 44.4025382, -19.0157369 ], [ 44.4025233, -19.0156831 ], [ 44.4025183, -19.0156323 ], [ 44.4024953, -19.0155761 ], [ 44.4024913, -19.0155202 ], [ 44.4024743, -19.0154658 ], [ 44.4024554, -19.015404 ], [ 44.4024274, -19.0153529 ], [ 44.4024104, -19.0152872 ], [ 44.4023953, -19.0152362 ], [ 44.4023843, -19.0151468 ], [ 44.4023683, -19.0150981 ], [ 44.4023472, -19.015051 ], [ 44.4023293, -19.0149847 ], [ 44.4023113, -19.0149179 ], [ 44.4022924, -19.0148657 ], [ 44.4022784, -19.0148102 ], [ 44.4022533, -19.0147207 ], [ 44.4021962, -19.0146461 ], [ 44.4021533, -19.0146101 ], [ 44.4020923, -19.0145778 ], [ 44.4020283, -19.0145432 ], [ 44.4019913, -19.0145089 ], [ 44.4019562, -19.0144678 ], [ 44.4019222, -19.014394 ], [ 44.4018902, -19.0143282 ], [ 44.4018563, -19.0142742 ], [ 44.4018323, -19.0142248 ], [ 44.4018173, -19.0141772 ], [ 44.4018092, -19.0140771 ], [ 44.4018312, -19.0139978 ], [ 44.4017872, -19.0139447 ], [ 44.4017222, -19.0139192 ], [ 44.4016653, -19.0139039 ], [ 44.4015723, -19.0138531 ], [ 44.4015223, -19.013852 ], [ 44.4014733, -19.0138611 ], [ 44.4014292, -19.0138882 ], [ 44.4013823, -19.0139261 ], [ 44.401293199999984, -19.0139991 ], [ 44.4012502, -19.0140291 ], [ 44.4011983, -19.0140398 ], [ 44.4011402, -19.0140459 ], [ 44.40108330000001, -19.0140402 ], [ 44.4010022, -19.0140099 ], [ 44.4009233, -19.0139797 ], [ 44.4008462, -19.0139331 ], [ 44.4007722, -19.0138719 ], [ 44.4006972, -19.0138129 ], [ 44.4006503, -19.0137457 ], [ 44.4006252, -19.0136822 ], [ 44.4005981, -19.013591 ], [ 44.4005812, -19.0135089 ], [ 44.4005722, -19.0134427 ], [ 44.4005692, -19.0133512 ], [ 44.4006012, -19.013294 ], [ 44.4006012, -19.0132432 ], [ 44.4006021, -19.0131827 ], [ 44.4006032, -19.0131189 ], [ 44.4006052, -19.0130642 ], [ 44.4006252, -19.0130102 ], [ 44.4006433, -19.012941 ], [ 44.4006362, -19.0128889 ], [ 44.4006231, -19.0128289 ], [ 44.4006223, -19.0127781 ], [ 44.400651300000014, -19.0127389 ], [ 44.4007072, -19.0127169 ], [ 44.4007612, -19.0127057 ], [ 44.4008473, -19.0127202 ], [ 44.400938200000013, -19.0127449 ], [ 44.4010362, -19.0127822 ], [ 44.4011673, -19.0128147 ], [ 44.4012862, -19.0128239 ], [ 44.4013902, -19.0128042 ], [ 44.4014783, -19.0127577 ], [ 44.4015273, -19.012699 ], [ 44.4015602, -19.0126299 ], [ 44.4015903, -19.0125602 ], [ 44.4016172, -19.012495 ], [ 44.4016383, -19.012436 ], [ 44.4016822, -19.0123399 ], [ 44.4016993, -19.0122452 ], [ 44.4016603, -19.0121821 ], [ 44.40158430000001, -19.0121897 ], [ 44.4015103, -19.0122341 ], [ 44.4014402, -19.0122508 ], [ 44.4013842, -19.0122547 ], [ 44.4013033, -19.0122702 ], [ 44.4012292, -19.0122851 ], [ 44.4011713, -19.0122839 ], [ 44.4011142, -19.0122912 ], [ 44.4010642, -19.0123127 ], [ 44.4009953, -19.0123198 ], [ 44.4009333, -19.0123039 ], [ 44.4008762, -19.0122659 ], [ 44.400836199999986, -19.012222 ], [ 44.4008172, -19.0121467 ], [ 44.4008202, -19.0120739 ], [ 44.4008252, -19.012009 ], [ 44.4008102, -19.0119332 ], [ 44.400749300000015, -19.01188 ], [ 44.4008132, -19.0118581 ], [ 44.4008592, -19.0118151 ], [ 44.400920199999987, -19.0117548 ], [ 44.4009743, -19.0116911 ], [ 44.4010232, -19.0116448 ], [ 44.4010672, -19.0116187 ], [ 44.4011433, -19.0116337 ], [ 44.4011823, -19.0116719 ], [ 44.4012213, -19.0117119 ], [ 44.4012662, -19.0117378 ], [ 44.4013373, -19.0117499 ], [ 44.4014083, -19.0117332 ], [ 44.4014612, -19.0117022 ], [ 44.4015003, -19.0116552 ] ] ], [ [ [ 44.4560029, -19.0713303 ], [ 44.456201, -19.0715753 ], [ 44.456428, -19.0717968 ], [ 44.45668, -19.0719933 ], [ 44.456954, -19.07216 ], [ 44.457246, -19.072297 ], [ 44.457553, -19.0724009 ], [ 44.4578701, -19.072471 ], [ 44.458193, -19.0725061 ], [ 44.4585181, -19.0725062 ], [ 44.458842, -19.0724714 ], [ 44.459159100000015, -19.0724008 ], [ 44.4594651, -19.0722969 ], [ 44.4597571, -19.07216 ], [ 44.4600311, -19.071993 ], [ 44.4602831, -19.071797 ], [ 44.4605101, -19.0715753 ], [ 44.4607092, -19.0713301 ], [ 44.4608772, -19.0710648 ], [ 44.4610121, -19.0707828 ], [ 44.4611122, -19.0704891 ], [ 44.4611773, -19.070186 ], [ 44.4612052, -19.069878 ], [ 44.4611961, -19.0695679 ], [ 44.4611492, -19.0692619 ], [ 44.461067299999989, -19.0689628 ], [ 44.4609482, -19.0686741 ], [ 44.4607973, -19.0684009 ], [ 44.4606133, -19.0681453 ], [ 44.4604002, -19.0679109 ], [ 44.4601602, -19.0677022 ], [ 44.4598971, -19.0675198 ], [ 44.4596131, -19.0673682 ], [ 44.4593142, -19.067248 ], [ 44.4590011, -19.0671599 ], [ 44.4586812, -19.0671079 ], [ 44.4583561, -19.0670902 ], [ 44.4580311, -19.0671081 ], [ 44.4577101, -19.06716 ], [ 44.457398, -19.0672481 ], [ 44.457098, -19.0673679 ], [ 44.4568151, -19.0675201 ], [ 44.456551, -19.0677019 ], [ 44.4563119, -19.0679111 ], [ 44.456098, -19.0681448 ], [ 44.455914899999989, -19.0684008 ], [ 44.4557629, -19.0686742 ], [ 44.4556449, -19.0689632 ], [ 44.4555619, -19.0692621 ], [ 44.4555159, -19.0695682 ], [ 44.4555059, -19.0698781 ], [ 44.455534, -19.0701862 ], [ 44.4555989, -19.070489 ], [ 44.4556989, -19.0707832 ], [ 44.4558349, -19.0710653 ], [ 44.4560029, -19.0713303 ] ] ], [ [ [ 44.472033800000013, -19.0253144 ], [ 44.4717768, -19.0252693 ], [ 44.4718769, -19.0250332 ], [ 44.4719118, -19.0249054 ], [ 44.4719258, -19.0248502 ], [ 44.4719498, -19.0247273 ], [ 44.4719679, -19.0245824 ], [ 44.4719718, -19.0245265 ], [ 44.4700598, -19.0245053 ], [ 44.4700288, -19.0245553 ], [ 44.4699757, -19.0245965 ], [ 44.4699058, -19.0246245 ], [ 44.4698418, -19.0246735 ], [ 44.4697687, -19.0247162 ], [ 44.4696988, -19.0247652 ], [ 44.4696377, -19.0248255 ], [ 44.4695507, -19.0248895 ], [ 44.4694937, -19.0249374 ], [ 44.4694197, -19.0249903 ], [ 44.4693767, -19.0250412 ], [ 44.4693338, -19.0250921 ], [ 44.4693126, -19.0251456 ], [ 44.4692757, -19.0251813 ], [ 44.469232700000013, -19.0252062 ], [ 44.4691937, -19.025238 ], [ 44.4691186, -19.0253185 ], [ 44.4691157, -19.0254122 ], [ 44.4691178, -19.0254681 ], [ 44.4691367, -19.0255355 ], [ 44.4691577, -19.0256052 ], [ 44.4691697, -19.0256822 ], [ 44.4691547, -19.0257684 ], [ 44.4691368, -19.0258281 ], [ 44.4691448, -19.0258914 ], [ 44.4691588, -19.0259373 ], [ 44.4691877, -19.0259766 ], [ 44.4692258, -19.0260323 ], [ 44.4692567, -19.0260914 ], [ 44.4692927, -19.0261804 ], [ 44.469321799999989, -19.0262203 ], [ 44.4693498, -19.0262635 ], [ 44.4694167, -19.0263015 ], [ 44.4694718, -19.0262744 ], [ 44.4695337, -19.0262474 ], [ 44.4696048, -19.0262504 ], [ 44.4696587, -19.0262753 ], [ 44.4697067, -19.0263515 ], [ 44.469745700000011, -19.0264185 ], [ 44.4697998, -19.0264886 ], [ 44.4698408, -19.0265353 ], [ 44.4698707, -19.0265786 ], [ 44.4699188, -19.0266096 ], [ 44.4699738, -19.0266373 ], [ 44.4700418, -19.0266984 ], [ 44.4700858, -19.0267271 ], [ 44.4701198, -19.0267676 ], [ 44.4701887, -19.0268355 ], [ 44.4702428, -19.0268576 ], [ 44.4702918, -19.0268711 ], [ 44.4703458, -19.0268751 ], [ 44.4704497, -19.0268965 ], [ 44.4705378, -19.0269522 ], [ 44.4705738, -19.0269955 ], [ 44.4706288, -19.0270272 ], [ 44.4706657, -19.0270671 ], [ 44.470734799999988, -19.0270854 ], [ 44.4708108, -19.0270975 ], [ 44.4709008, -19.0270985 ], [ 44.4709818, -19.0270971 ], [ 44.4710438, -19.0270814 ], [ 44.4711208, -19.0270602 ], [ 44.4711698, -19.0270432 ], [ 44.4712259, -19.0270331 ], [ 44.4713068, -19.0270323 ], [ 44.4713998, -19.0270361 ], [ 44.4714648, -19.0270475 ], [ 44.4715329, -19.0270573 ], [ 44.4715928, -19.0270732 ], [ 44.4716558, -19.0270902 ], [ 44.4717189, -19.0271062 ], [ 44.4717968, -19.0271206 ], [ 44.4718388, -19.0271532 ], [ 44.4718948, -19.0272413 ], [ 44.4719419, -19.0272881 ], [ 44.4720178, -19.0273206 ], [ 44.472088799999987, -19.0273146 ], [ 44.4721619, -19.0272866 ], [ 44.4722268, -19.0272325 ], [ 44.4723009, -19.0272034 ], [ 44.4724059, -19.0271655 ], [ 44.4724878, -19.0271506 ], [ 44.4725588, -19.0271474 ], [ 44.4726328, -19.0271533 ], [ 44.4726919, -19.0271765 ], [ 44.4727648, -19.0271886 ], [ 44.4728289, -19.0272062 ], [ 44.472887899999989, -19.0272645 ], [ 44.4728339, -19.0273051 ], [ 44.472725, -19.0273203 ], [ 44.4726569, -19.0273393 ], [ 44.4725839, -19.0273493 ], [ 44.4725039, -19.0273574 ], [ 44.4724269, -19.0273803 ], [ 44.4723519, -19.0274015 ], [ 44.472276799999989, -19.0274324 ], [ 44.4721839, -19.0274681 ], [ 44.4721099, -19.0275141 ], [ 44.4720308, -19.0275754 ], [ 44.4719728, -19.0276341 ], [ 44.4719039, -19.0277124 ], [ 44.4718409, -19.0277682 ], [ 44.4717708, -19.0278323 ], [ 44.4716918, -19.0279196 ], [ 44.4716248, -19.0279635 ], [ 44.4715798, -19.0279901 ], [ 44.4715298, -19.0280274 ], [ 44.4714719, -19.0280533 ], [ 44.4713819, -19.0280693 ], [ 44.4713358, -19.0281083 ], [ 44.4712839, -19.0281461 ], [ 44.4712358, -19.0281965 ], [ 44.4711938, -19.0282423 ], [ 44.4711598, -19.0283165 ], [ 44.4711438, -19.0284163 ], [ 44.4711398, -19.0284732 ], [ 44.4711427, -19.0285275 ], [ 44.4711279, -19.0285923 ], [ 44.4711158, -19.0286554 ], [ 44.4710988, -19.0287145 ], [ 44.4710868, -19.0288025 ], [ 44.4710848, -19.0288815 ], [ 44.4710848, -19.0289673 ], [ 44.4711088, -19.0290342 ], [ 44.4711228, -19.0291055 ], [ 44.4711397, -19.0291656 ], [ 44.4711578, -19.0292166 ], [ 44.4711858, -19.0292575 ], [ 44.4712179, -19.0293245 ], [ 44.4712239, -19.0293805 ], [ 44.4712678, -19.0294532 ], [ 44.4713169, -19.0295221 ], [ 44.4713369, -19.0295754 ], [ 44.4713528, -19.0296253 ], [ 44.4713599, -19.0296762 ], [ 44.4713378, -19.0297375 ], [ 44.4713108, -19.0297953 ], [ 44.471277799999989, -19.0298594 ], [ 44.4712478, -19.0299251 ], [ 44.4712348, -19.0299843 ], [ 44.4712358, -19.0300684 ], [ 44.4712368, -19.0301492 ], [ 44.4712498, -19.0302306 ], [ 44.4712778, -19.0302846 ], [ 44.4713177, -19.0303336 ], [ 44.4713508, -19.0303735 ], [ 44.4713948, -19.0304044 ], [ 44.4714318, -19.0304562 ], [ 44.4714638, -19.0305317 ], [ 44.4715288, -19.0305702 ], [ 44.4715849, -19.0305985 ], [ 44.4716448, -19.0306302 ], [ 44.4716978, -19.0306494 ], [ 44.4717558, -19.0306596 ], [ 44.4718179, -19.0306767 ], [ 44.4718868, -19.0306842 ], [ 44.47194480000001, -19.0306916 ], [ 44.4719958, -19.0306966 ], [ 44.4720458, -19.0307096 ], [ 44.4721179, -19.0307556 ], [ 44.4721578, -19.0307876 ], [ 44.4722169, -19.0308012 ], [ 44.4722689, -19.0308012 ], [ 44.4723679, -19.0307656 ], [ 44.4724209, -19.0307583 ], [ 44.4724729, -19.0307605 ], [ 44.4725198, -19.0307814 ], [ 44.4725889, -19.0308284 ], [ 44.4726749, -19.0308576 ], [ 44.4727469, -19.0309103 ], [ 44.4727969, -19.0309645 ], [ 44.4728238, -19.0310421 ], [ 44.4728998, -19.0311045 ], [ 44.4728419, -19.0311366 ], [ 44.4727878, -19.0311355 ], [ 44.4726889, -19.0310966 ], [ 44.4726218, -19.0310676 ], [ 44.4725579, -19.0310613 ], [ 44.4724898, -19.0310696 ], [ 44.4724409, -19.0310922 ], [ 44.4723549, -19.0310964 ], [ 44.4722728, -19.0311034 ], [ 44.4722159, -19.0311096 ], [ 44.4721268, -19.0311492 ], [ 44.4720608, -19.0311666 ], [ 44.4720079, -19.0311745 ], [ 44.4719558, -19.0311847 ], [ 44.4719028, -19.0311965 ], [ 44.4718249, -19.0312476 ], [ 44.4717499, -19.0312762 ], [ 44.4717008, -19.0312841 ], [ 44.4716188, -19.0312776 ], [ 44.471537799999986, -19.0312716 ], [ 44.4714878, -19.0312824 ], [ 44.4714349, -19.0313022 ], [ 44.4713858, -19.0313191 ], [ 44.4713278, -19.0313405 ], [ 44.4712707, -19.0313614 ], [ 44.4712219, -19.0313767 ], [ 44.4711637, -19.0313975 ], [ 44.471110800000012, -19.0314031 ], [ 44.4710558, -19.0314082 ], [ 44.4710068, -19.0313901 ], [ 44.4709088, -19.0313863 ], [ 44.4708448, -19.0314285 ], [ 44.470776699999981, -19.0314842 ], [ 44.4707277, -19.0315227 ], [ 44.4706127, -19.0315446 ], [ 44.470553800000012, -19.0315332 ], [ 44.4704828, -19.0315014 ], [ 44.4703907, -19.0314784 ], [ 44.4703237, -19.0314816 ], [ 44.4702688, -19.0314934 ], [ 44.4702008, -19.0315113 ], [ 44.4701398, -19.0315457 ], [ 44.4701108, -19.0315883 ], [ 44.4700878, -19.0316355 ], [ 44.4700317, -19.0317105 ], [ 44.4699927, -19.0317423 ], [ 44.4699917, -19.0318146 ], [ 44.4700017, -19.0318954 ], [ 44.4699378, -19.0319422 ], [ 44.4698657, -19.0319764 ], [ 44.4697807, -19.0319783 ], [ 44.4697248, -19.0319291 ], [ 44.4696317, -19.0319383 ], [ 44.4695787, -19.0319422 ], [ 44.4694936, -19.0319165 ], [ 44.4694076, -19.0319082 ], [ 44.4693377, -19.0319605 ], [ 44.4692937, -19.0320143 ], [ 44.469245699999981, -19.0320352 ], [ 44.4691637, -19.0320592 ], [ 44.4691166, -19.0320762 ], [ 44.4690326, -19.0320866 ], [ 44.4689816, -19.0320826 ], [ 44.4689016, -19.0320547 ], [ 44.4688167, -19.0320345 ], [ 44.4687577, -19.0320384 ], [ 44.4687057, -19.0320503 ], [ 44.4686497, -19.0321186 ], [ 44.4686186, -19.0321606 ], [ 44.4685386, -19.0321987 ], [ 44.4684546, -19.0321944 ], [ 44.4684076, -19.0322153 ], [ 44.4683597, -19.0322775 ], [ 44.4682807, -19.0323156 ], [ 44.468233600000012, -19.0323326 ], [ 44.4681576, -19.0323696 ], [ 44.4680977, -19.0323622 ], [ 44.4680157, -19.0323562 ], [ 44.4679386, -19.0323447 ], [ 44.4678806, -19.0323294 ], [ 44.4678297, -19.0323096 ], [ 44.4677756, -19.0322972 ], [ 44.4677035, -19.0322546 ], [ 44.4676686, -19.0322062 ], [ 44.4676046, -19.0321903 ], [ 44.467527700000012, -19.0321646 ], [ 44.4674535, -19.0321452 ], [ 44.4673807, -19.0321444 ], [ 44.4673126, -19.0321476 ], [ 44.4672567, -19.0321622 ], [ 44.4671905, -19.0321672 ], [ 44.4671397, -19.0321762 ], [ 44.4670845, -19.0321796 ], [ 44.4670306, -19.0321615 ], [ 44.4669686, -19.0321473 ], [ 44.4669076, -19.0321314 ], [ 44.4668456, -19.0321154 ], [ 44.4667876, -19.0320945 ], [ 44.4667336, -19.0320696 ], [ 44.4666505, -19.0320026 ], [ 44.4666136, -19.0319655 ], [ 44.4665796, -19.0319285 ], [ 44.4665385, -19.0318992 ], [ 44.4664726, -19.0318387 ], [ 44.4664436, -19.0317813 ], [ 44.4664265, -19.0317303 ], [ 44.4664036, -19.0316854 ], [ 44.4663715, -19.0316405 ], [ 44.466322500000011, -19.0315925 ], [ 44.4662815, -19.0315435 ], [ 44.4662156, -19.0314942 ], [ 44.4661595, -19.0314456 ], [ 44.4661086, -19.0314044 ], [ 44.4660725, -19.0313713 ], [ 44.4660266, -19.0313375 ], [ 44.4659765, -19.0313155 ], [ 44.4659195, -19.0312956 ], [ 44.4658755, -19.0312635 ], [ 44.4658145, -19.0312092 ], [ 44.4657635, -19.0311816 ], [ 44.4657095, -19.0311516 ], [ 44.4656586, -19.0311296 ], [ 44.4656125, -19.0310975 ], [ 44.4655676, -19.0310654 ], [ 44.4655105, -19.0310445 ], [ 44.4654446, -19.0310121 ], [ 44.4653966, -19.0309664 ], [ 44.4653535, -19.0308784 ], [ 44.4653335, -19.0308172 ], [ 44.4653085, -19.0307622 ], [ 44.4652785, -19.0307116 ], [ 44.4651995, -19.0306492 ], [ 44.4651415, -19.0306215 ], [ 44.465087499999989, -19.0305983 ], [ 44.4649925, -19.0305814 ], [ 44.4649464, -19.0305634 ], [ 44.4648934, -19.0305623 ], [ 44.4648305, -19.0305594 ], [ 44.4647775, -19.0305633 ], [ 44.4647225, -19.0305576 ], [ 44.4646574, -19.0305513 ], [ 44.4645775, -19.0305453 ], [ 44.4645034, -19.0305564 ], [ 44.4643904, -19.0305574 ], [ 44.4643005, -19.0305084 ], [ 44.4642564, -19.0304803 ], [ 44.4642104, -19.0304561 ], [ 44.4641664, -19.0304336 ], [ 44.4641144, -19.0304031 ], [ 44.4640554, -19.0303725 ], [ 44.4639934, -19.0303515 ], [ 44.4638894, -19.0303165 ], [ 44.4638125, -19.0303061 ], [ 44.4637524, -19.0303032 ], [ 44.4636905, -19.0303155 ], [ 44.4636345, -19.0303431 ], [ 44.4635904, -19.0303771 ], [ 44.4635434, -19.0304144 ], [ 44.4635034, -19.0304563 ], [ 44.463451500000012, -19.0305026 ], [ 44.4634104, -19.0305462 ], [ 44.4633744, -19.0305905 ], [ 44.4633303, -19.0306385 ], [ 44.4632924, -19.0306952 ], [ 44.4632674, -19.0307542 ], [ 44.4632373, -19.0308324 ], [ 44.4632034, -19.0308924 ], [ 44.4631623, -19.0309462 ], [ 44.4631084, -19.0310004 ], [ 44.4630534, -19.0310466 ], [ 44.4629934, -19.0310946 ], [ 44.4629303, -19.0311311 ], [ 44.4628834, -19.0311583 ], [ 44.4628414, -19.0311923 ], [ 44.4628014, -19.0312365 ], [ 44.4627694, -19.0312926 ], [ 44.4627494, -19.0313494 ], [ 44.4627304, -19.0314125 ], [ 44.4627214, -19.0314756 ], [ 44.4627123, -19.0315596 ], [ 44.4627044, -19.0316522 ], [ 44.462699400000012, -19.0317346 ], [ 44.4626874, -19.0318321 ], [ 44.4626723, -19.0319003 ], [ 44.4626363, -19.0319586 ], [ 44.4625963, -19.0320005 ], [ 44.4625724, -19.0320652 ], [ 44.462588300000014, -19.0321495 ], [ 44.4626144, -19.0321972 ], [ 44.4626543, -19.0322395 ], [ 44.4626843, -19.0322867 ], [ 44.4627003, -19.0323495 ], [ 44.4627034, -19.0324196 ], [ 44.4626974, -19.0324816 ], [ 44.4626724, -19.0325384 ], [ 44.4626463, -19.0325867 ], [ 44.4626104, -19.0326365 ], [ 44.4625394, -19.0327126 ], [ 44.4624904, -19.0327516 ], [ 44.4624614, -19.0327936 ], [ 44.4624294, -19.0328463 ], [ 44.4623904, -19.0328945 ], [ 44.4623454, -19.0329702 ], [ 44.4622923, -19.0330425 ], [ 44.4622323, -19.0331164 ], [ 44.4621693, -19.0331964 ], [ 44.4621133, -19.0332642 ], [ 44.4620533, -19.0333245 ], [ 44.4619993, -19.0333702 ], [ 44.4619544, -19.0333946 ], [ 44.4618963, -19.0334222 ], [ 44.46182730000001, -19.0334446 ], [ 44.4617614, -19.0334704 ], [ 44.4616643, -19.0334936 ], [ 44.4616053, -19.0335116 ], [ 44.4615143, -19.0335587 ], [ 44.4614473, -19.0336025 ], [ 44.4613653, -19.0336316 ], [ 44.4612863, -19.0336482 ], [ 44.4612353, -19.0336686 ], [ 44.4611723, -19.0336622 ], [ 44.4610613, -19.0336554 ], [ 44.4610063, -19.0336542 ], [ 44.4609513, -19.0336576 ], [ 44.4608633, -19.0336453 ], [ 44.4608043, -19.0336594 ], [ 44.4607422, -19.0336615 ], [ 44.4606683, -19.0336731 ], [ 44.4605912, -19.0336757 ], [ 44.4605083, -19.0336867 ], [ 44.4604393, -19.0336972 ], [ 44.4603653, -19.0337043 ], [ 44.4602903, -19.0337283 ], [ 44.4602243, -19.0337525 ], [ 44.4601592, -19.0337817 ], [ 44.460108299999987, -19.0338184 ], [ 44.4600482, -19.0338505 ], [ 44.4599743, -19.0338887 ], [ 44.4599362, -19.0339233 ], [ 44.4598622, -19.0340015 ], [ 44.4598782, -19.0340615 ], [ 44.4599172, -19.0341032 ], [ 44.4599622, -19.0341647 ], [ 44.4599972, -19.0342153 ], [ 44.4600453, -19.0342802 ], [ 44.4601012, -19.0343356 ], [ 44.4601422, -19.0344032 ], [ 44.4601942, -19.0344766 ], [ 44.4602532, -19.0345417 ], [ 44.4602872, -19.0346075 ], [ 44.4603402, -19.0346646 ], [ 44.4604192, -19.0347275 ], [ 44.4605273, -19.0348016 ], [ 44.4606213, -19.0348703 ], [ 44.4607272, -19.0349155 ], [ 44.4608183, -19.0349662 ], [ 44.4608653, -19.0350074 ], [ 44.4608982, -19.0350755 ], [ 44.4609363, -19.0351815 ], [ 44.4609652, -19.0352784 ], [ 44.4609792, -19.0353762 ], [ 44.4609952, -19.0354385 ], [ 44.4610313, -19.0355112 ], [ 44.4610824, -19.0355524 ], [ 44.4611482, -19.0355932 ], [ 44.4612523, -19.0356135 ], [ 44.4613383, -19.0356337 ], [ 44.4614602, -19.0356316 ], [ 44.4615202, -19.0356176 ], [ 44.4615903, -19.0356144 ], [ 44.4616653, -19.0355983 ], [ 44.4617484, -19.0355834 ], [ 44.4618102, -19.0355716 ], [ 44.4618722, -19.0355384 ], [ 44.4619403, -19.0354714 ], [ 44.4619693, -19.0354316 ], [ 44.4620053, -19.0353987 ], [ 44.462041399999983, -19.0353595 ], [ 44.462142400000012, -19.0353307 ], [ 44.4622134, -19.0353286 ], [ 44.4622793, -19.0353373 ], [ 44.4623674, -19.0353337 ], [ 44.4624673, -19.0353336 ], [ 44.4625613, -19.0353443 ], [ 44.4626603, -19.0353544 ], [ 44.4627454, -19.0353762 ], [ 44.4628014, -19.0354107 ], [ 44.4628573, -19.0354395 ], [ 44.4629103, -19.0354774 ], [ 44.4629514, -19.0355315 ], [ 44.4629853, -19.0355832 ], [ 44.4630283, -19.0356153 ], [ 44.4630833, -19.0356334 ], [ 44.4631554, -19.0356494 ], [ 44.4632614, -19.0356393 ], [ 44.4633154, -19.0356173 ], [ 44.4633914, -19.0356062 ], [ 44.4634524, -19.0356154 ], [ 44.4635334, -19.0356603 ], [ 44.4635664, -19.0357013 ], [ 44.4636114, -19.0357916 ], [ 44.4636114, -19.0358644 ], [ 44.4636044, -19.0359406 ], [ 44.4635774, -19.0360267 ], [ 44.4635353, -19.0361155 ], [ 44.4634944, -19.0361986 ], [ 44.463446399999988, -19.0362687 ], [ 44.4633994, -19.0363444 ], [ 44.4633073, -19.0364134 ], [ 44.4632574, -19.0364547 ], [ 44.4632173, -19.0364904 ], [ 44.4631583, -19.0365196 ], [ 44.4630914, -19.0365353 ], [ 44.4630184, -19.0365786 ], [ 44.4629374, -19.0366206 ], [ 44.4628624, -19.0366633 ], [ 44.4627974, -19.0367247 ], [ 44.4627313, -19.0367906 ], [ 44.4626943, -19.0368647 ], [ 44.4626384, -19.0369477 ], [ 44.4625953, -19.0370246 ], [ 44.4625613, -19.0370773 ], [ 44.4624923, -19.0371375 ], [ 44.4624383, -19.0371793 ], [ 44.4623864, -19.0372284 ], [ 44.4623443, -19.0372946 ], [ 44.4622924, -19.0373686 ], [ 44.4622423, -19.0374477 ], [ 44.4621673, -19.0375135 ], [ 44.4620874, -19.0375787 ], [ 44.4620083, -19.0376512 ], [ 44.4619733, -19.0377073 ], [ 44.4619294, -19.0377944 ], [ 44.4618823, -19.0378707 ], [ 44.4618233, -19.0379372 ], [ 44.4617434, -19.0380177 ], [ 44.4616833, -19.0380887 ], [ 44.4616483, -19.0381245 ], [ 44.4616083, -19.0381783 ], [ 44.4615784, -19.0382333 ], [ 44.4615632, -19.0382817 ], [ 44.4615324, -19.0383565 ], [ 44.4615062, -19.0384177 ], [ 44.4614553, -19.0384437 ], [ 44.4613912, -19.0384526 ], [ 44.4612972, -19.0384527 ], [ 44.4612004, -19.0384494 ], [ 44.4611223, -19.0384345 ], [ 44.461053299999989, -19.0384106 ], [ 44.4610133, -19.0383774 ], [ 44.4609702, -19.0383408 ], [ 44.4608932, -19.0383275 ], [ 44.4608333, -19.0383116 ], [ 44.4607752, -19.0383003 ], [ 44.4607043, -19.0382814 ], [ 44.4606072, -19.0382967 ], [ 44.4604883, -19.0382966 ], [ 44.4603533, -19.0383053 ], [ 44.4602392, -19.0383187 ], [ 44.4601502, -19.0383285 ], [ 44.4600013, -19.0383574 ], [ 44.4598832, -19.0383866 ], [ 44.459736199999988, -19.0384217 ], [ 44.4595791, -19.0384623 ], [ 44.4594393, -19.0384913 ], [ 44.4592892, -19.0385106 ], [ 44.4591911, -19.0385202 ], [ 44.4590792, -19.0385134 ], [ 44.4589691, -19.0384913 ], [ 44.4588592, -19.0384737 ], [ 44.4587481, -19.0384527 ], [ 44.4586222, -19.0384293 ], [ 44.4585437, -19.0384132 ], [ 44.4584701, -19.0383978 ], [ 44.4583482, -19.0383535 ], [ 44.4582501, -19.0383135 ], [ 44.4581971, -19.0382773 ], [ 44.4581291, -19.0382427 ], [ 44.458026, -19.0382185 ], [ 44.4579411, -19.0381944 ], [ 44.4578392, -19.0381673 ], [ 44.457726099999988, -19.0381423 ], [ 44.4576461, -19.0381336 ], [ 44.4575872, -19.0381386 ], [ 44.457492, -19.0381855 ], [ 44.4574541, -19.0382173 ], [ 44.457414, -19.0382536 ], [ 44.4573611, -19.0382937 ], [ 44.4573181, -19.0383333 ], [ 44.4572801, -19.0383645 ], [ 44.4572551, -19.0384094 ], [ 44.4572041, -19.0384913 ], [ 44.4571611, -19.0385315 ], [ 44.457113, -19.0385598 ], [ 44.457071, -19.0386056 ], [ 44.457021, -19.0386683 ], [ 44.456974, -19.0387333 ], [ 44.456946, -19.0387827 ], [ 44.4569341, -19.0388554 ], [ 44.456919, -19.0389298 ], [ 44.456923, -19.0390253 ], [ 44.45694, -19.0390797 ], [ 44.4569491, -19.0391667 ], [ 44.4569561, -19.0392413 ], [ 44.4569531, -19.0393294 ], [ 44.456942, -19.0394106 ], [ 44.4569091, -19.0394955 ], [ 44.456883, -19.0395754 ], [ 44.456844, -19.0396467 ], [ 44.45679, -19.0397557 ], [ 44.4567221, -19.0398487 ], [ 44.4566551, -19.0399507 ], [ 44.4566271, -19.0400306 ], [ 44.456613, -19.0400796 ], [ 44.4565871, -19.0401866 ], [ 44.456544, -19.0402996 ], [ 44.456515, -19.0403795 ], [ 44.456474, -19.0404536 ], [ 44.4564071, -19.0405133 ], [ 44.4563641, -19.0405597 ], [ 44.456305, -19.0405985 ], [ 44.4562321, -19.0406356 ], [ 44.456132, -19.0406853 ], [ 44.4560341, -19.0407464 ], [ 44.455937, -19.0408086 ], [ 44.4558511, -19.0408534 ], [ 44.455777, -19.0408876 ], [ 44.455723, -19.0409073 ], [ 44.4556629, -19.0409196 ], [ 44.4555539, -19.0409106 ], [ 44.455453, -19.0409083 ], [ 44.455388, -19.0409584 ], [ 44.455337, -19.0409635 ], [ 44.45526, -19.0409717 ], [ 44.455169, -19.0409826 ], [ 44.455078, -19.0409816 ], [ 44.454982, -19.0409924 ], [ 44.4548859, -19.0410185 ], [ 44.4547999, -19.0410486 ], [ 44.454709, -19.0411058 ], [ 44.45465, -19.0411706 ], [ 44.4545929, -19.0412513 ], [ 44.454545, -19.0413383 ], [ 44.454495900000012, -19.0414146 ], [ 44.454452, -19.0415028 ], [ 44.4544119, -19.0415887 ], [ 44.454387, -19.0416873 ], [ 44.4543569, -19.0417784 ], [ 44.454337, -19.0418804 ], [ 44.4543099, -19.0419807 ], [ 44.454302, -19.0420647 ], [ 44.454314, -19.0421625 ], [ 44.4543269, -19.0422513 ], [ 44.4543389, -19.0423774 ], [ 44.4543588, -19.0425058 ], [ 44.454385, -19.0426286 ], [ 44.454418, -19.0427498 ], [ 44.4544929, -19.0428398 ], [ 44.4545689, -19.0429135 ], [ 44.4546669, -19.0429694 ], [ 44.4547279, -19.0429887 ], [ 44.454852, -19.0429883 ], [ 44.4549279, -19.0429807 ], [ 44.4549919, -19.0429808 ], [ 44.455084, -19.0429914 ], [ 44.455155, -19.0430244 ], [ 44.4552459, -19.0430655 ], [ 44.4553569, -19.0431073 ], [ 44.4555059, -19.0431586 ], [ 44.4556509, -19.0432127 ], [ 44.455757, -19.0432387 ], [ 44.455815, -19.0432478 ], [ 44.4558751, -19.0432637 ], [ 44.455969, -19.0432636 ], [ 44.456034, -19.0432926 ], [ 44.456107, -19.0433176 ], [ 44.45617, -19.0433257 ], [ 44.456293, -19.0432993 ], [ 44.456366, -19.0432838 ], [ 44.456489, -19.0432574 ], [ 44.4565481, -19.0432677 ], [ 44.456621, -19.0432995 ], [ 44.4567041, -19.0433303 ], [ 44.456793, -19.0433793 ], [ 44.45686, -19.0434167 ], [ 44.4569271, -19.0434689 ], [ 44.456991, -19.0435435 ], [ 44.457066, -19.0435907 ], [ 44.457117, -19.0436206 ], [ 44.4571891, -19.0436485 ], [ 44.45726, -19.0436667 ], [ 44.4573451, -19.0436694 ], [ 44.457405, -19.0436446 ], [ 44.4574771, -19.0436228 ], [ 44.457519, -19.0435837 ], [ 44.4575831, -19.0435308 ], [ 44.4576421, -19.0435184 ], [ 44.4577101, -19.0435197 ], [ 44.457792100000013, -19.0435387 ], [ 44.4578671, -19.0435643 ], [ 44.457944200000014, -19.0435878 ], [ 44.458033, -19.0436277 ], [ 44.458080099999989, -19.0436768 ], [ 44.4581521, -19.0437177 ], [ 44.4582221, -19.0437568 ], [ 44.458290200000015, -19.0437886 ], [ 44.4583791, -19.0438127 ], [ 44.4584541, -19.0438305 ], [ 44.4585402, -19.0438348 ], [ 44.4586092, -19.0438378 ], [ 44.4586902, -19.0438155 ], [ 44.4587492, -19.0438134 ], [ 44.4588272, -19.0437967 ], [ 44.4588962, -19.0437737 ], [ 44.458939099999988, -19.0437358 ], [ 44.4589851, -19.0436736 ], [ 44.4590332, -19.0436256 ], [ 44.4590882, -19.0435844 ], [ 44.4591402, -19.0435195 ], [ 44.4592152, -19.0435005 ], [ 44.4593132, -19.0434767 ], [ 44.4594182, -19.0434344 ], [ 44.4595282, -19.0433887 ], [ 44.4596682, -19.0433467 ], [ 44.4597543, -19.0433268 ], [ 44.4597952, -19.0432917 ], [ 44.4598342, -19.0432554 ], [ 44.4599322, -19.0432468 ], [ 44.4599883, -19.0432604 ], [ 44.4600422, -19.0432345 ], [ 44.4601142, -19.0432099 ], [ 44.4601642, -19.0432217 ], [ 44.4602232, -19.0432195 ], [ 44.4602712, -19.0431986 ], [ 44.4603482, -19.0431508 ], [ 44.4604243, -19.0431008 ], [ 44.460458200000012, -19.0430447 ], [ 44.4605023, -19.0429967 ], [ 44.4605652, -19.0429714 ], [ 44.4606333, -19.0429377 ], [ 44.4607033, -19.0429107 ], [ 44.46082830000001, -19.0428969 ], [ 44.4609063, -19.0429124 ], [ 44.4609542, -19.0429417 ], [ 44.4609832, -19.0430007 ], [ 44.4609812, -19.0430527 ], [ 44.4609673, -19.0431135 ], [ 44.4609522, -19.0431794 ], [ 44.4609413, -19.0432397 ], [ 44.4609342, -19.0433074 ], [ 44.4609312, -19.0433723 ], [ 44.4609172, -19.0434665 ], [ 44.4609073, -19.0435268 ], [ 44.460886200000012, -19.0436005 ], [ 44.4608672, -19.0436574 ], [ 44.4608322, -19.0437214 ], [ 44.4607832, -19.0437705 ], [ 44.4607123, -19.0438014 ], [ 44.4606462, -19.0438187 ], [ 44.4605812, -19.0438429 ], [ 44.4604823, -19.0438587 ], [ 44.4604062, -19.0439008 ], [ 44.4603402, -19.0439334 ], [ 44.4602602, -19.0439766 ], [ 44.4601962, -19.0440075 ], [ 44.4601432, -19.0440437 ], [ 44.4601002, -19.0440776 ], [ 44.4600822, -19.0441316 ], [ 44.4600472, -19.0442007 ], [ 44.4600342, -19.0442576 ], [ 44.460040199999987, -19.0443277 ], [ 44.4600562, -19.0443764 ], [ 44.4600842, -19.0444315 ], [ 44.4601373, -19.0445247 ], [ 44.4602072, -19.0445514 ], [ 44.4602943, -19.0445688 ], [ 44.4603632, -19.0445774 ], [ 44.4604372, -19.0445856 ], [ 44.4604903, -19.0445777 ], [ 44.4605702, -19.0445927 ], [ 44.4606452, -19.0446155 ], [ 44.4607102, -19.0446309 ], [ 44.4607622, -19.0446806 ], [ 44.4608132, -19.0447336 ], [ 44.4608762, -19.0447914 ], [ 44.4609573, -19.0448487 ], [ 44.461044300000012, -19.0449095 ], [ 44.4611233, -19.0449454 ], [ 44.4612162, -19.0449944 ], [ 44.4613373, -19.0450245 ], [ 44.4614533, -19.0450608 ], [ 44.4615932, -19.0451137 ], [ 44.4617023, -19.0451634 ], [ 44.4618022, -19.0452018 ], [ 44.4618923, -19.0452406 ], [ 44.4619763, -19.0452968 ], [ 44.4620222, -19.0453369 ], [ 44.4621073, -19.0453965 ], [ 44.4622053, -19.0454315 ], [ 44.4622803, -19.0454667 ], [ 44.4623593, -19.0455015 ], [ 44.4624433, -19.0455317 ], [ 44.4625214, -19.0455574 ], [ 44.4625914, -19.0455627 ], [ 44.462664400000016, -19.0455646 ], [ 44.4627193, -19.0455686 ], [ 44.4627723, -19.0455816 ], [ 44.4628283, -19.0456104 ], [ 44.4628763, -19.0456347 ], [ 44.4629473, -19.0456524 ], [ 44.463012299999988, -19.0456587 ], [ 44.4630783, -19.0456476 ], [ 44.4631384, -19.0456409 ], [ 44.4631894, -19.0456449 ], [ 44.4631763, -19.0456967 ], [ 44.4631283, -19.0457125 ], [ 44.4630674, -19.0457215 ], [ 44.4630134, -19.0457248 ], [ 44.4629133, -19.0457514 ], [ 44.4628614, -19.0457746 ], [ 44.4628004, -19.0457999 ], [ 44.462728299999988, -19.0458189 ], [ 44.4626773, -19.0458256 ], [ 44.4626224, -19.0458126 ], [ 44.4625563, -19.0458526 ], [ 44.4625014, -19.0458988 ], [ 44.4624443, -19.0459445 ], [ 44.4623873, -19.0459885 ], [ 44.4623004, -19.0460378 ], [ 44.4622024, -19.0460995 ], [ 44.4620924, -19.0461626 ], [ 44.4620263, -19.0462455 ], [ 44.4620193, -19.0463087 ], [ 44.4620233, -19.0463776 ], [ 44.4620392, -19.0464325 ], [ 44.4620563, -19.0464824 ], [ 44.4620783, -19.0465408 ], [ 44.4620733, -19.0466136 ], [ 44.4620564, -19.0467004 ], [ 44.4620224, -19.0467757 ], [ 44.4619583, -19.0468298 ], [ 44.4618883, -19.0468866 ], [ 44.4618293, -19.0469385 ], [ 44.4618033, -19.0469794 ], [ 44.4618003, -19.0470319 ], [ 44.4618153, -19.0471275 ], [ 44.4618083, -19.0472296 ], [ 44.4617853, -19.0472717 ], [ 44.4617333, -19.0473068 ], [ 44.4616533, -19.0473194 ], [ 44.4616032, -19.0473234 ], [ 44.4615283, -19.0473209 ], [ 44.4614613, -19.0473208 ], [ 44.4613803, -19.0473295 ], [ 44.4612822, -19.0473374 ], [ 44.4611932, -19.0473325 ], [ 44.4610642, -19.0473447 ], [ 44.4609773, -19.0473499 ], [ 44.4608773, -19.0473336 ], [ 44.4607883, -19.0473055 ], [ 44.4607073, -19.0472855 ], [ 44.4606372, -19.0472887 ], [ 44.4605632, -19.0472974 ], [ 44.4604903, -19.0473215 ], [ 44.4603933, -19.0473397 ], [ 44.4602673, -19.0473355 ], [ 44.460168300000014, -19.0473344 ], [ 44.4600272, -19.0472967 ], [ 44.4579668, -19.048184 ], [ 44.4580081, -19.0482585 ], [ 44.4581061, -19.0483538 ], [ 44.458198, -19.0484266 ], [ 44.4582691, -19.0484798 ], [ 44.4583921, -19.0485636 ], [ 44.4586081, -19.0486806 ], [ 44.4587221, -19.0487327 ], [ 44.4588221, -19.0487795 ], [ 44.4589801, -19.0488456 ], [ 44.4591341, -19.0489026 ], [ 44.4591811, -19.0489229 ], [ 44.4593191, -19.0489758 ], [ 44.4594161, -19.0490079 ], [ 44.4595692, -19.0490524 ], [ 44.4596842, -19.0490819 ], [ 44.459876199999989, -19.0491196 ], [ 44.4601442, -19.0491417 ], [ 44.4602252, -19.0491426 ], [ 44.4603713, -19.0491464 ], [ 44.4606452, -19.0491308 ], [ 44.4607613, -19.0491456 ], [ 44.4608773, -19.0491547 ], [ 44.4609932, -19.0491566 ], [ 44.4611102, -19.0491528 ], [ 44.4611973, -19.0491469 ], [ 44.4612753, -19.0491399 ], [ 44.4614352, -19.0491388 ], [ 44.4615343, -19.0491246 ], [ 44.4616183, -19.0491266 ], [ 44.4617023, -19.0491247 ], [ 44.4617863, -19.0491194 ], [ 44.4619023, -19.0491117 ], [ 44.4619773, -19.0490978 ], [ 44.4620563, -19.049084 ], [ 44.4621503, -19.0490635 ], [ 44.4622433, -19.0490397 ], [ 44.4623354, -19.0490108 ], [ 44.4624253, -19.0489784 ], [ 44.4625123, -19.0489477 ], [ 44.4625983, -19.048912 ], [ 44.4626813, -19.0488716 ], [ 44.4627623, -19.0488257 ], [ 44.4628394, -19.0487757 ], [ 44.4628913, -19.0487395 ], [ 44.4629794, -19.0486767 ], [ 44.463063299999988, -19.0486087 ], [ 44.4631423, -19.0485356 ], [ 44.4632173, -19.0484585 ], [ 44.4632873, -19.0483779 ], [ 44.4633523, -19.0482928 ], [ 44.4634124, -19.0482048 ], [ 44.4634664, -19.0481127 ], [ 44.4634893, -19.0480706 ], [ 44.4635334, -19.0479875 ], [ 44.4635724, -19.0479027 ], [ 44.4636064, -19.0478144 ], [ 44.4636343, -19.0477255 ], [ 44.4637614, -19.0475015 ], [ 44.4638064, -19.0474004 ], [ 44.4639084, -19.0473637 ], [ 44.4640073, -19.0473218 ], [ 44.4641044, -19.0472737 ], [ 44.4641974, -19.0472205 ], [ 44.4642875, -19.0471628 ], [ 44.4643745, -19.0470999 ], [ 44.4644565, -19.0470325 ], [ 44.4645344, -19.0469605 ], [ 44.4646085, -19.0468845 ], [ 44.4647044, -19.0467715 ], [ 44.4647724, -19.0466835 ], [ 44.4648335, -19.0465916 ], [ 44.4648894, -19.0464968 ], [ 44.4649394, -19.0463985 ], [ 44.4649825, -19.0462979 ], [ 44.4650195, -19.0461949 ], [ 44.4650494, -19.0460897 ], [ 44.4650734, -19.0459838 ], [ 44.4650904, -19.0458755 ], [ 44.4651005, -19.0457666 ], [ 44.4651034, -19.0456588 ], [ 44.4650995, -19.0455498 ], [ 44.4650885, -19.0454418 ], [ 44.4650714, -19.0453338 ], [ 44.4650474, -19.0452279 ], [ 44.4650165, -19.0451225 ], [ 44.4649785, -19.0450194 ], [ 44.4649344, -19.0449184 ], [ 44.4648844, -19.0448218 ], [ 44.4648275, -19.0447269 ], [ 44.4647655, -19.0446359 ], [ 44.4646994, -19.0445476 ], [ 44.4646274, -19.0444638 ], [ 44.4645514, -19.0443845 ], [ 44.4644695, -19.0443097 ], [ 44.4643835, -19.0442398 ], [ 44.4642934, -19.0441734 ], [ 44.4641994, -19.0441136 ], [ 44.4641014, -19.0440595 ], [ 44.4640004, -19.0440104 ], [ 44.463896399999989, -19.0439675 ], [ 44.4637894, -19.0439307 ], [ 44.4636814, -19.0438996 ], [ 44.4635703, -19.0438747 ], [ 44.4634583, -19.0438554 ], [ 44.4633464, -19.0438435 ], [ 44.4632654, -19.0438364 ], [ 44.4632074, -19.0438217 ], [ 44.4630174, -19.0437846 ], [ 44.4629374, -19.0437318 ], [ 44.4628123, -19.0436288 ], [ 44.4628343, -19.0434556 ], [ 44.4628594, -19.0433294 ], [ 44.4628803, -19.0431089 ], [ 44.4628824, -19.0430575 ], [ 44.4628823, -19.0429513 ], [ 44.4628763, -19.0428468 ], [ 44.4628633, -19.0427416 ], [ 44.4628444, -19.0426375 ], [ 44.4628193, -19.0425356 ], [ 44.4627873, -19.0424336 ], [ 44.4627493, -19.0423344 ], [ 44.4627053, -19.0422373 ], [ 44.4626763, -19.0421789 ], [ 44.4626244, -19.0420795 ], [ 44.4625644, -19.0419828 ], [ 44.4624993, -19.0418895 ], [ 44.4624284, -19.0418018 ], [ 44.4623513, -19.0417168 ], [ 44.4622694, -19.0416374 ], [ 44.4621814, -19.0415625 ], [ 44.4620893, -19.0414926 ], [ 44.4619933, -19.0414294 ], [ 44.4619383, -19.0413955 ], [ 44.4618403, -19.0413386 ], [ 44.4617383, -19.0412878 ], [ 44.4616333, -19.0412426 ], [ 44.4615252, -19.0412036 ], [ 44.4614164, -19.0411713 ], [ 44.4613043, -19.0411458 ], [ 44.4612262, -19.0411297 ], [ 44.460977299999989, -19.0410943 ], [ 44.4608642, -19.0410863 ], [ 44.4607513, -19.0410845 ], [ 44.4606383, -19.0410895 ], [ 44.4605253, -19.0411007 ], [ 44.4604132, -19.0411187 ], [ 44.4603032, -19.0411423 ], [ 44.4602272, -19.0411607 ], [ 44.4599882, -19.0412366 ], [ 44.4599183, -19.0412635 ], [ 44.4597452, -19.0413395 ], [ 44.4594712, -19.0414806 ], [ 44.4593702, -19.0415004 ], [ 44.4592902, -19.0415238 ], [ 44.4592412, -19.0415385 ], [ 44.459065200000012, -19.0416038 ], [ 44.4589072, -19.0416828 ], [ 44.4587702, -19.0417316 ], [ 44.4586992, -19.0417613 ], [ 44.4586271, -19.0417808 ], [ 44.4584451, -19.0418427 ], [ 44.4582411, -19.0417823 ], [ 44.4581591, -19.0417633 ], [ 44.4580021, -19.0417345 ], [ 44.4578271, -19.0417196 ], [ 44.4579021, -19.0416437 ], [ 44.4579731, -19.0415625 ], [ 44.4580391, -19.0414786 ], [ 44.4580981, -19.0413905 ], [ 44.4581531, -19.0412997 ], [ 44.4581942, -19.0412256 ], [ 44.4582341, -19.0411498 ], [ 44.4583071, -19.0409795 ], [ 44.4583351, -19.0409035 ], [ 44.4583762, -19.0407944 ], [ 44.4584052, -19.0407004 ], [ 44.4585041, -19.0405344 ], [ 44.4585452, -19.0404524 ], [ 44.4585701, -19.0404075 ], [ 44.458602200000016, -19.0403446 ], [ 44.4586271, -19.0402697 ], [ 44.4586951, -19.0402835 ], [ 44.4589491, -19.0403167 ], [ 44.4590611, -19.0403236 ], [ 44.4591691, -19.0403276 ], [ 44.4593971, -19.0403176 ], [ 44.4595382, -19.0403028 ], [ 44.4596882, -19.0402835 ], [ 44.4598502, -19.0402553 ], [ 44.4599903, -19.0402264 ], [ 44.4600802, -19.0402053 ], [ 44.4602202, -19.0401684 ], [ 44.4603532, -19.0401366 ], [ 44.4604283, -19.0401188 ], [ 44.4604852, -19.0401363 ], [ 44.4607292, -19.0402016 ], [ 44.4608083, -19.0402177 ], [ 44.4609083, -19.0402358 ], [ 44.4611522, -19.0402565 ], [ 44.4612833, -19.0402596 ], [ 44.4613773, -19.0402595 ], [ 44.4616393, -19.0402443 ], [ 44.4616923, -19.0402364 ], [ 44.461756300000012, -19.0402275 ], [ 44.4618574, -19.0402094 ], [ 44.4619564, -19.0401856 ], [ 44.462054400000014, -19.0401573 ], [ 44.4621513, -19.0401245 ], [ 44.4622454, -19.0400865 ], [ 44.4623374, -19.0400435 ], [ 44.4623893, -19.0400175 ], [ 44.4624893, -19.0399638 ], [ 44.4625874, -19.0399044 ], [ 44.4626803, -19.0398394 ], [ 44.4627683, -19.0397686 ], [ 44.4628524, -19.0396927 ], [ 44.4629314, -19.0396123 ], [ 44.4630053, -19.0395278 ], [ 44.4630733, -19.0394388 ], [ 44.4631353, -19.0393462 ], [ 44.4631914, -19.0392497 ], [ 44.4632404, -19.0391503 ], [ 44.4632814, -19.0390965 ], [ 44.4633404, -19.0390283 ], [ 44.4634684, -19.0388648 ], [ 44.4635264, -19.0387785 ], [ 44.4636024, -19.0387093 ], [ 44.4636733, -19.0386366 ], [ 44.4637405, -19.0385594 ], [ 44.4638024, -19.0384793 ], [ 44.4638594, -19.0383952 ], [ 44.4639835, -19.0382763 ], [ 44.4641524, -19.0380653 ], [ 44.4642545, -19.0380054 ], [ 44.4643524, -19.0379392 ], [ 44.4644464, -19.0378685 ], [ 44.4645354, -19.0377927 ], [ 44.4646194, -19.0377287 ], [ 44.4647004, -19.0376612 ], [ 44.4647765, -19.0375898 ], [ 44.4648475, -19.0375137 ], [ 44.4649145, -19.0374343 ], [ 44.4649775, -19.0373514 ], [ 44.4650344, -19.0372645 ], [ 44.4650645, -19.0372157 ], [ 44.4650945, -19.0371714 ], [ 44.4652106, -19.0369716 ], [ 44.4652645, -19.0368632 ], [ 44.4653075, -19.0367745 ], [ 44.4653986, -19.0365445 ], [ 44.465425599999989, -19.0364584 ], [ 44.4654825, -19.0362184 ], [ 44.4654985, -19.0360842 ], [ 44.4655046, -19.0360086 ], [ 44.4655104, -19.0358652 ], [ 44.4655106, -19.0357924 ], [ 44.4655085, -19.0356935 ], [ 44.4654996, -19.0355952 ], [ 44.4654855, -19.0354973 ], [ 44.4654655, -19.0354006 ], [ 44.4654405, -19.0353054 ], [ 44.4654105, -19.0352114 ], [ 44.4653585, -19.0350815 ], [ 44.4652775, -19.0349157 ], [ 44.4652484, -19.0348612 ], [ 44.4651755, -19.0347413 ], [ 44.4650845, -19.0346143 ], [ 44.4650515, -19.0345733 ], [ 44.4649834, -19.0344924 ], [ 44.464804399999984, -19.0343177 ], [ 44.4647655, -19.0342845 ], [ 44.4646855, -19.0342193 ], [ 44.4646014, -19.0341596 ], [ 44.4645135, -19.0341033 ], [ 44.4644234, -19.0340527 ], [ 44.4643294, -19.0340065 ], [ 44.4642334, -19.0339653 ], [ 44.4641354, -19.0339293 ], [ 44.4640884, -19.0339124 ], [ 44.4639825, -19.0338853 ], [ 44.4640525, -19.0338132 ], [ 44.464094499999987, -19.0337634 ], [ 44.4641735, -19.0336637 ], [ 44.4642094, -19.0336133 ], [ 44.4643254, -19.0334327 ], [ 44.4643514, -19.0333844 ], [ 44.4644285, -19.0332283 ], [ 44.464453399999989, -19.0331715 ], [ 44.4644944, -19.0330663 ], [ 44.4645294, -19.0329594 ], [ 44.4645564, -19.0328513 ], [ 44.4645775, -19.0327414 ], [ 44.4646124, -19.0326373 ], [ 44.4647205, -19.0326972 ], [ 44.4647745, -19.0327373 ], [ 44.4648615, -19.0327964 ], [ 44.4649325, -19.0328904 ], [ 44.4650085, -19.0329816 ], [ 44.4650885, -19.0330694 ], [ 44.4651885, -19.0331704 ], [ 44.465279599999988, -19.0332533 ], [ 44.4653145, -19.0332875 ], [ 44.4654245, -19.0333876 ], [ 44.465563499999988, -19.0334947 ], [ 44.4656125, -19.0335285 ], [ 44.465687399999986, -19.0335784 ], [ 44.4658945, -19.0336902 ], [ 44.4659485, -19.0337162 ], [ 44.4661305, -19.0337905 ], [ 44.4661895, -19.0338103 ], [ 44.4663466, -19.0338583 ], [ 44.4664036, -19.0338736 ], [ 44.466495599999988, -19.0338966 ], [ 44.466595500000011, -19.0339243 ], [ 44.466696600000013, -19.0339474 ], [ 44.466798499999989, -19.0339654 ], [ 44.4669026, -19.0339784 ], [ 44.4670056, -19.0339863 ], [ 44.4671106, -19.0339897 ], [ 44.4671596, -19.0340066 ], [ 44.4672916, -19.0340436 ], [ 44.4673996, -19.0340787 ], [ 44.4674586, -19.0340923 ], [ 44.4676176, -19.0341256 ], [ 44.4676946, -19.0341372 ], [ 44.4679166, -19.0341616 ], [ 44.4680317, -19.0341724 ], [ 44.4681467, -19.0341765 ], [ 44.4682627, -19.0341733 ], [ 44.4683777, -19.0341643 ], [ 44.4684917, -19.0341486 ], [ 44.4686047, -19.0341256 ], [ 44.4687157, -19.0340963 ], [ 44.4688257, -19.0340613 ], [ 44.4689326, -19.0340196 ], [ 44.4690107, -19.0339837 ], [ 44.4690946, -19.0339535 ], [ 44.4692188, -19.0338905 ], [ 44.4693228, -19.0338826 ], [ 44.4694267, -19.0338673 ], [ 44.4695288, -19.0338476 ], [ 44.4696287, -19.0338204 ], [ 44.4697277, -19.0337876 ], [ 44.4698418, -19.0337916 ], [ 44.4699557, -19.0337884 ], [ 44.4700688, -19.0337783 ], [ 44.4701807, -19.0337614 ], [ 44.4703327, -19.0337286 ], [ 44.4704207, -19.0337053 ], [ 44.4705068, -19.0336785 ], [ 44.470590800000011, -19.0336473 ], [ 44.4707168, -19.0335933 ], [ 44.4708518, -19.0335264 ], [ 44.470914699999987, -19.0334926 ], [ 44.4710048, -19.0334422 ], [ 44.4710909, -19.0333872 ], [ 44.471171800000015, -19.0333254 ], [ 44.4712488, -19.0332596 ], [ 44.4715007, -19.0331726 ], [ 44.4716789, -19.0331367 ], [ 44.4718298, -19.0330892 ], [ 44.4719008, -19.0330854 ], [ 44.47206090000001, -19.0330583 ], [ 44.4721839, -19.0330354 ], [ 44.4723028, -19.0330073 ], [ 44.4725459, -19.0329246 ], [ 44.4727498, -19.0329415 ], [ 44.4728119, -19.0329422 ], [ 44.4730908, -19.0329277 ], [ 44.4732288, -19.0329055 ], [ 44.4733409, -19.0328824 ], [ 44.473452, -19.0328537 ], [ 44.4735609, -19.0328176 ], [ 44.4736679, -19.0327752 ], [ 44.4737709, -19.0327272 ], [ 44.473872, -19.0326747 ], [ 44.4739689, -19.0326142 ], [ 44.474061, -19.0325496 ], [ 44.47415, -19.0324795 ], [ 44.474234, -19.0324047 ], [ 44.474313, -19.0323242 ], [ 44.474386, -19.0322392 ], [ 44.474454, -19.0321513 ], [ 44.474517, -19.0320593 ], [ 44.4745729, -19.0319634 ], [ 44.4746339, -19.0318415 ], [ 44.474679, -19.0317375 ], [ 44.474717, -19.0316323 ], [ 44.474748, -19.0315242 ], [ 44.474772, -19.0314155 ], [ 44.474789099999988, -19.0313044 ], [ 44.474798, -19.0311933 ], [ 44.4748, -19.0310815 ], [ 44.474795, -19.0309702 ], [ 44.474782, -19.0308594 ], [ 44.474762, -19.0307496 ], [ 44.4747349, -19.0306403 ], [ 44.474701, -19.0305332 ], [ 44.4746599, -19.0304295 ], [ 44.474612, -19.0303273 ], [ 44.474558, -19.0302285 ], [ 44.4744969, -19.0301324 ], [ 44.47443, -19.0300413 ], [ 44.4743729, -19.0299486 ], [ 44.47431, -19.0298582 ], [ 44.474241, -19.0297733 ], [ 44.474166, -19.0296923 ], [ 44.474087, -19.0296152 ], [ 44.4740019, -19.0295443 ], [ 44.4739139, -19.0294773 ], [ 44.473787, -19.0293923 ], [ 44.47372, -19.0293481 ], [ 44.473472900000012, -19.0292184 ], [ 44.4733489, -19.0291566 ], [ 44.473292, -19.0291295 ], [ 44.4731539, -19.0290811 ], [ 44.473257, -19.0290636 ], [ 44.4733579, -19.0290404 ], [ 44.473458, -19.0290104 ], [ 44.4735559, -19.0289753 ], [ 44.4736519, -19.0289351 ], [ 44.473777, -19.0288732 ], [ 44.4738699, -19.0288223 ], [ 44.4739589, -19.0287662 ], [ 44.474044, -19.0287056 ], [ 44.4741259, -19.0286404 ], [ 44.474204, -19.0285701 ], [ 44.4743049, -19.0284684 ], [ 44.474382, -19.0283811 ], [ 44.474453, -19.0282893 ], [ 44.474517, -19.0281934 ], [ 44.474576, -19.0280941 ], [ 44.4746269, -19.0279913 ], [ 44.474672, -19.0278862 ], [ 44.474709, -19.0277782 ], [ 44.47474, -19.0276684 ], [ 44.474763, -19.0275563 ], [ 44.474778, -19.0274435 ], [ 44.4747861, -19.0273301 ], [ 44.474787, -19.0272166 ], [ 44.47478, -19.0271036 ], [ 44.474766099999989, -19.0269905 ], [ 44.4747439, -19.0268784 ], [ 44.4747139, -19.0267686 ], [ 44.474664, -19.0266235 ], [ 44.474622, -19.0265202 ], [ 44.4745731, -19.0264192 ], [ 44.4745169, -19.0263215 ], [ 44.474455, -19.0262271 ], [ 44.4743879, -19.0261365 ], [ 44.474314, -19.0260505 ], [ 44.4742349, -19.0259683 ], [ 44.474151, -19.02589 ], [ 44.474062, -19.0258185 ], [ 44.473968, -19.0257514 ], [ 44.473871, -19.0256905 ], [ 44.473769, -19.0256352 ], [ 44.473724, -19.0256121 ], [ 44.4736339, -19.0255694 ], [ 44.4735419, -19.0255311 ], [ 44.4734479, -19.0254973 ], [ 44.4733519, -19.0254681 ], [ 44.473288, -19.025451 ], [ 44.4732209, -19.0254362 ], [ 44.4731188, -19.0254074 ], [ 44.4730139, -19.0253843 ], [ 44.4729089, -19.0253662 ], [ 44.4728029, -19.0253543 ], [ 44.4727278, -19.0253473 ], [ 44.4724839, -19.0253424 ], [ 44.4724139, -19.0253445 ], [ 44.4722298, -19.0253606 ], [ 44.4720939, -19.0253303 ], [ 44.472033800000013, -19.0253144 ] ] ], [ [ [ 44.4172271, -19.0349386 ], [ 44.417286, -19.0351064 ], [ 44.4173611, -19.0353032 ], [ 44.417498, -19.0354063 ], [ 44.417635, -19.0354784 ], [ 44.4178241, -19.0355342 ], [ 44.4180441, -19.0356016 ], [ 44.418313, -19.0356435 ], [ 44.418481, -19.0356934 ], [ 44.4185871, -19.0357143 ], [ 44.4186321, -19.0356335 ], [ 44.4186331, -19.0355804 ], [ 44.418635, -19.0355076 ], [ 44.4186312, -19.0354596 ], [ 44.4186521, -19.0353581 ], [ 44.4186801, -19.0352681 ], [ 44.418648, -19.0352226 ], [ 44.4186341, -19.0351496 ], [ 44.4186151, -19.0350652 ], [ 44.4185841, -19.0350022 ], [ 44.4185631, -19.0349545 ], [ 44.418578, -19.0349022 ], [ 44.4185691, -19.0348513 ], [ 44.4185671, -19.0347976 ], [ 44.4185581, -19.0347461 ], [ 44.4184621, -19.0346694 ], [ 44.418391100000015, -19.0346042 ], [ 44.4183461, -19.0345783 ], [ 44.4182952, -19.0345461 ], [ 44.418231, -19.0345115 ], [ 44.418169, -19.0344453 ], [ 44.4181071, -19.0344102 ], [ 44.4180541, -19.0343616 ], [ 44.4179921, -19.0343242 ], [ 44.417926, -19.0342642 ], [ 44.4178771, -19.0342462 ], [ 44.4177611, -19.0341574 ], [ 44.417701, -19.0341313 ], [ 44.417639, -19.0340741 ], [ 44.4175861, -19.0340363 ], [ 44.4174981, -19.0339845 ], [ 44.4174341, -19.0339504 ], [ 44.417361, -19.0341941 ], [ 44.417295, -19.0343961 ], [ 44.417221, -19.0346003 ], [ 44.417214, -19.0347713 ], [ 44.4172271, -19.0349386 ] ] ], [ [ [ 44.46409340000001, -19.0239964 ], [ 44.4640424, -19.0240145 ], [ 44.4639845, -19.0240591 ], [ 44.4639555, -19.0241135 ], [ 44.463984399999987, -19.0241641 ], [ 44.4640264, -19.024199 ], [ 44.4641304, -19.024243 ], [ 44.4641785, -19.024304 ], [ 44.4642455, -19.0243471 ], [ 44.464334500000014, -19.0243283 ], [ 44.4644115, -19.024311 ], [ 44.4645005, -19.0242764 ], [ 44.4645714, -19.024254 ], [ 44.4646335, -19.0242231 ], [ 44.4647095, -19.0241855 ], [ 44.4647955, -19.0241514 ], [ 44.4648836, -19.024132 ], [ 44.4649765, -19.0241065 ], [ 44.4650694, -19.0240923 ], [ 44.4651715, -19.0240821 ], [ 44.4652885, -19.0240534 ], [ 44.4653695, -19.0240334 ], [ 44.4654785, -19.0240171 ], [ 44.4655895, -19.0239974 ], [ 44.4656595, -19.023988 ], [ 44.4657316, -19.0239673 ], [ 44.4657796, -19.023952 ], [ 44.4658156, -19.0238965 ], [ 44.4658695, -19.0238694 ], [ 44.4659185, -19.0238423 ], [ 44.4659715, -19.0238163 ], [ 44.4660256, -19.0237644 ], [ 44.4660065, -19.0237184 ], [ 44.4659945, -19.0236325 ], [ 44.4659835, -19.0235793 ], [ 44.4659476, -19.023519 ], [ 44.4658916, -19.0234495 ], [ 44.4658076, -19.0233842 ], [ 44.4657325, -19.0233332 ], [ 44.4656315, -19.023292 ], [ 44.4655335, -19.0232683 ], [ 44.4654435, -19.02326 ], [ 44.4653776, -19.023261 ], [ 44.4653075, -19.0232873 ], [ 44.4652475, -19.0232935 ], [ 44.4651795, -19.0232922 ], [ 44.4651215, -19.0232893 ], [ 44.4650534, -19.0232823 ], [ 44.4649905, -19.0232935 ], [ 44.4649254, -19.023312 ], [ 44.4648705, -19.0233413 ], [ 44.4648085, -19.023357 ], [ 44.4647465, -19.0233643 ], [ 44.4646915, -19.023388 ], [ 44.4646155, -19.0234374 ], [ 44.4645634, -19.0234843 ], [ 44.4645145, -19.023556 ], [ 44.464464399999983, -19.0236334 ], [ 44.4644184, -19.0237182 ], [ 44.4643735, -19.023786 ], [ 44.4643214, -19.0238504 ], [ 44.4642694, -19.023904 ], [ 44.4642035, -19.02394 ], [ 44.4641534, -19.0239722 ], [ 44.46409340000001, -19.0239964 ] ] ], [ [ [ 44.4495197, -19.0403027 ], [ 44.4495706, -19.0402123 ], [ 44.4496047, -19.0401432 ], [ 44.4496467, -19.0400793 ], [ 44.4496617, -19.0400196 ], [ 44.4496576, -19.0399637 ], [ 44.4496627, -19.0398853 ], [ 44.4496786, -19.0398115 ], [ 44.4496914, -19.0397218 ], [ 44.4496917, -19.0395654 ], [ 44.4496887, -19.0394846 ], [ 44.4496906, -19.0394067 ], [ 44.4497017, -19.0393537 ], [ 44.4497026, -19.0392866 ], [ 44.4496937, -19.0392306 ], [ 44.4496906, -19.0391746 ], [ 44.4496997, -19.0390827 ], [ 44.4497216, -19.0389796 ], [ 44.4497226, -19.0388836 ], [ 44.4497187, -19.0387938 ], [ 44.4497196, -19.0387153 ], [ 44.4497187, -19.0386085 ], [ 44.4497257, -19.0385205 ], [ 44.4497576, -19.0384187 ], [ 44.4498047, -19.0383305 ], [ 44.4498607, -19.0382645 ], [ 44.4499207, -19.0381923 ], [ 44.4499707, -19.0381093 ], [ 44.4500197, -19.0380116 ], [ 44.4500657, -19.0379104 ], [ 44.4500847, -19.0378095 ], [ 44.4501027, -19.0377115 ], [ 44.4501127, -19.0376207 ], [ 44.4501137, -19.0375507 ], [ 44.4501346, -19.0374752 ], [ 44.4501667, -19.0374016 ], [ 44.4502018, -19.0373246 ], [ 44.4502238, -19.0372746 ], [ 44.450248699999989, -19.0372167 ], [ 44.4502756, -19.0371447 ], [ 44.4503177, -19.0370526 ], [ 44.4503497, -19.0369744 ], [ 44.4503527, -19.0369084 ], [ 44.4503417, -19.0368354 ], [ 44.4503138, -19.0367775 ], [ 44.4503067, -19.0367244 ], [ 44.4503358, -19.0366654 ], [ 44.4503817, -19.0366315 ], [ 44.4504347, -19.0366134 ], [ 44.4504738, -19.0365805 ], [ 44.450504699999989, -19.0365385 ], [ 44.4505377, -19.0364756 ], [ 44.4505647, -19.0364273 ], [ 44.4505868, -19.0363813 ], [ 44.4506278, -19.0363422 ], [ 44.4506857, -19.0363174 ], [ 44.4507358, -19.0362846 ], [ 44.4507757, -19.0362405 ], [ 44.4508037, -19.0361702 ], [ 44.4507617, -19.0360941 ], [ 44.45072, -19.0360191 ], [ 44.450684700000011, -19.0359554 ], [ 44.450644599999983, -19.0358997 ], [ 44.450609799999988, -19.0358513 ], [ 44.4506247, -19.0357837 ], [ 44.450577699999982, -19.0357216 ], [ 44.4505587, -19.0356356 ], [ 44.4505747, -19.0355742 ], [ 44.450580699999989, -19.0354986 ], [ 44.4505957, -19.0353864 ], [ 44.4505938, -19.0353355 ], [ 44.4505967, -19.0352656 ], [ 44.4506567, -19.0352363 ], [ 44.4506797, -19.0351885 ], [ 44.4506948, -19.0351294 ], [ 44.4507688, -19.0351257 ], [ 44.4508007, -19.0350735 ], [ 44.4508057, -19.0350182 ], [ 44.4508448, -19.0349193 ], [ 44.4508737, -19.0348174 ], [ 44.4508957, -19.0347437 ], [ 44.4509118, -19.0346772 ], [ 44.4509237, -19.0346146 ], [ 44.4509227, -19.0345096 ], [ 44.4509257, -19.0344357 ], [ 44.4509788, -19.0343877 ], [ 44.4510048, -19.0343016 ], [ 44.4510327, -19.0342516 ], [ 44.4511298, -19.0342177 ], [ 44.4512008, -19.0342365 ], [ 44.4512877, -19.0341923 ], [ 44.4513488, -19.0341732 ], [ 44.4514267, -19.0341853 ], [ 44.4514868, -19.0342046 ], [ 44.4515658, -19.0342235 ], [ 44.4516608, -19.0342285 ], [ 44.4517388, -19.0342057 ], [ 44.4518128, -19.0341647 ], [ 44.4518798, -19.0341112 ], [ 44.4519318, -19.0340423 ], [ 44.4519818, -19.0339841 ], [ 44.4520358, -19.0339136 ], [ 44.4520838, -19.0338492 ], [ 44.4521258, -19.0337875 ], [ 44.4521649, -19.0337365 ], [ 44.4522069, -19.0336884 ], [ 44.4522698, -19.0336513 ], [ 44.4523108, -19.0336133 ], [ 44.4523869, -19.0335673 ], [ 44.4524468, -19.0334974 ], [ 44.4524809, -19.0334554 ], [ 44.4525159, -19.0334185 ], [ 44.4525848, -19.0333673 ], [ 44.4526368, -19.0333153 ], [ 44.4526978, -19.0332296 ], [ 44.4527248, -19.0331537 ], [ 44.4527368, -19.0331075 ], [ 44.4527558, -19.0330614 ], [ 44.4527859, -19.0329753 ], [ 44.4528218, -19.0329012 ], [ 44.4528358, -19.0328494 ], [ 44.4528428, -19.0327862 ], [ 44.4528549, -19.0326745 ], [ 44.4528619, -19.0325583 ], [ 44.4528639, -19.0324663 ], [ 44.4528588, -19.0323696 ], [ 44.4528538, -19.0322792 ], [ 44.4528479, -19.0321933 ], [ 44.4528428, -19.0321086 ], [ 44.4528299, -19.0320373 ], [ 44.4528089, -19.0319653 ], [ 44.4527748, -19.0318656 ], [ 44.4527589, -19.0318202 ], [ 44.4527349, -19.0317782 ], [ 44.4526988, -19.0317411 ], [ 44.4526549, -19.0317005 ], [ 44.4526038, -19.0316554 ], [ 44.4525478, -19.0316316 ], [ 44.452501900000016, -19.0316113 ], [ 44.4524139, -19.0315731 ], [ 44.4523868, -19.0315033 ], [ 44.4523449, -19.0314475 ], [ 44.4523208, -19.0313665 ], [ 44.4523278, -19.0313005 ], [ 44.4523308, -19.0312362 ], [ 44.452334799999988, -19.0311645 ], [ 44.4523658, -19.0310824 ], [ 44.4524158, -19.0310175 ], [ 44.4524388, -19.0309471 ], [ 44.4524438, -19.0308783 ], [ 44.4524548, -19.0308225 ], [ 44.4524699, -19.0307205 ], [ 44.4525038, -19.0305932 ], [ 44.4525429, -19.0305372 ], [ 44.4525818, -19.0304992 ], [ 44.4525588, -19.0304334 ], [ 44.4525738, -19.0303743 ], [ 44.4525878, -19.0303174 ], [ 44.4525598, -19.0302324 ], [ 44.4525239, -19.0301535 ], [ 44.452468799999984, -19.0300824 ], [ 44.4524039, -19.0300376 ], [ 44.4523468, -19.0299974 ], [ 44.452291900000013, -19.0299731 ], [ 44.4522229, -19.0299571 ], [ 44.4521698, -19.0299413 ], [ 44.4520779, -19.0298912 ], [ 44.4520229, -19.0298245 ], [ 44.4519939, -19.0297683 ], [ 44.4519758, -19.0297065 ], [ 44.4519498, -19.0296453 ], [ 44.4519109, -19.0295856 ], [ 44.4518569, -19.0295336 ], [ 44.4518158, -19.0294891 ], [ 44.4517578, -19.0294241 ], [ 44.4516949, -19.0293551 ], [ 44.4516449, -19.0293156 ], [ 44.4515989, -19.0292761 ], [ 44.4515747, -19.0292222 ], [ 44.4515339, -19.0291641 ], [ 44.4514968, -19.0291101 ], [ 44.4514487, -19.0290734 ], [ 44.451394799999989, -19.0290141 ], [ 44.4513839, -19.028962 ], [ 44.4513748, -19.0289106 ], [ 44.4513688, -19.0288563 ], [ 44.4513729, -19.0287914 ], [ 44.4513658, -19.0287394 ], [ 44.4513478, -19.0286883 ], [ 44.4512927, -19.0286296 ], [ 44.4512539, -19.0285902 ], [ 44.4512228, -19.0285452 ], [ 44.4511838, -19.0284912 ], [ 44.4511488, -19.0284394 ], [ 44.4510677, -19.0283674 ], [ 44.4510068, -19.0283373 ], [ 44.4509468, -19.0283265 ], [ 44.4508838, -19.0283202 ], [ 44.4508237, -19.0283161 ], [ 44.4507738, -19.0283212 ], [ 44.4507188, -19.0283274 ], [ 44.4506667, -19.0283393 ], [ 44.4505698, -19.0283354 ], [ 44.4504928, -19.0282995 ], [ 44.4504197, -19.0282513 ], [ 44.4503288, -19.0282215 ], [ 44.4502218, -19.0281695 ], [ 44.4501828, -19.0281313 ], [ 44.4501478, -19.0280801 ], [ 44.4501088, -19.0280266 ], [ 44.4500788, -19.0279782 ], [ 44.4500277, -19.0279043 ], [ 44.4499367, -19.0278525 ], [ 44.4498797, -19.0278213 ], [ 44.4497996, -19.0277742 ], [ 44.4497167, -19.027732 ], [ 44.4496607, -19.0276304 ], [ 44.4496196, -19.0275734 ], [ 44.4495607, -19.0275231 ], [ 44.4495067, -19.0274734 ], [ 44.449475799999988, -19.0274296 ], [ 44.4494037, -19.0273571 ], [ 44.4493406, -19.0272745 ], [ 44.4493037, -19.0271482 ], [ 44.4492906, -19.0270503 ], [ 44.4492957, -19.0269713 ], [ 44.4492997, -19.0268923 ], [ 44.4492957, -19.0268172 ], [ 44.4492766, -19.0267085 ], [ 44.4492577, -19.0265683 ], [ 44.4492557, -19.0264644 ], [ 44.4492317, -19.0263574 ], [ 44.4491847, -19.0262462 ], [ 44.4491197, -19.0261551 ], [ 44.449042600000013, -19.0260865 ], [ 44.4489726, -19.0260203 ], [ 44.4489117, -19.0259795 ], [ 44.4488617, -19.0259281 ], [ 44.448822700000015, -19.0258515 ], [ 44.4487986, -19.0257761 ], [ 44.4488097, -19.0257085 ], [ 44.4488487, -19.0256383 ], [ 44.4488867, -19.0255873 ], [ 44.4489487, -19.0255101 ], [ 44.4490287, -19.0254104 ], [ 44.4490767, -19.0253161 ], [ 44.4491116, -19.025251 ], [ 44.4491187, -19.0251675 ], [ 44.4491187, -19.0250935 ], [ 44.4490976, -19.0250362 ], [ 44.449058699999988, -19.0249895 ], [ 44.4490017, -19.0249262 ], [ 44.4489086, -19.0248315 ], [ 44.4488277, -19.0247961 ], [ 44.4487206, -19.024765 ], [ 44.4486146, -19.024739 ], [ 44.4485177, -19.0247261 ], [ 44.4484267, -19.0247155 ], [ 44.4483406, -19.0247005 ], [ 44.4482697, -19.0246901 ], [ 44.4482116, -19.0246804 ], [ 44.448129599999987, -19.0246231 ], [ 44.4481016, -19.0245804 ], [ 44.4480917, -19.024508 ], [ 44.4480466, -19.024464 ], [ 44.4480447, -19.0244053 ], [ 44.4480367, -19.0243391 ], [ 44.4481127, -19.0243304 ], [ 44.4481277, -19.0242774 ], [ 44.4481396, -19.0242222 ], [ 44.4481226, -19.0241684 ], [ 44.448129599999987, -19.0241064 ], [ 44.4481626, -19.0240412 ], [ 44.4481947, -19.0239902 ], [ 44.4482127, -19.0239362 ], [ 44.4482336, -19.0238794 ], [ 44.4482466, -19.023823 ], [ 44.4482656, -19.0237741 ], [ 44.4482757, -19.023724 ], [ 44.4483006, -19.0236361 ], [ 44.4483006, -19.0235752 ], [ 44.4482987, -19.0235271 ], [ 44.4482806, -19.023436 ], [ 44.4482687, -19.0233693 ], [ 44.4482116, -19.0233144 ], [ 44.4481347, -19.023256 ], [ 44.4480977, -19.0232234 ], [ 44.4480626, -19.0231874 ], [ 44.4480056, -19.023114 ], [ 44.4479606, -19.0230463 ], [ 44.4479417, -19.0229874 ], [ 44.4479667, -19.0229233 ], [ 44.4479696, -19.0228482 ], [ 44.4479736, -19.022794 ], [ 44.4479786, -19.0227071 ], [ 44.4479576, -19.0226442 ], [ 44.4478967, -19.0226334 ], [ 44.4478077, -19.0226172 ], [ 44.4477317, -19.0225813 ], [ 44.4476726, -19.0225564 ], [ 44.4475937, -19.0225391 ], [ 44.4475576, -19.0224795 ], [ 44.4474836, -19.0224465 ], [ 44.4474176, -19.0224531 ], [ 44.4473546, -19.0224383 ], [ 44.4472687, -19.0224001 ], [ 44.4471847, -19.0223382 ], [ 44.4471295, -19.0222941 ], [ 44.4470335, -19.0222659 ], [ 44.4469595, -19.0222132 ], [ 44.4469196, -19.0221292 ], [ 44.4468906, -19.0220594 ], [ 44.4468386, -19.0220464 ], [ 44.4467766, -19.0220344 ], [ 44.4466856, -19.0220221 ], [ 44.4466016, -19.0220353 ], [ 44.4465155, -19.0220784 ], [ 44.4464745, -19.0221452 ], [ 44.4464646, -19.0221931 ], [ 44.4464356, -19.0222334 ], [ 44.4463805, -19.0222932 ], [ 44.4463226, -19.0223711 ], [ 44.4462836, -19.0224091 ], [ 44.4462256, -19.0224762 ], [ 44.4462015, -19.0225804 ], [ 44.4461855, -19.022626 ], [ 44.4461195, -19.0226834 ], [ 44.4460855, -19.0227181 ], [ 44.4460216, -19.0228009 ], [ 44.4459775, -19.022853 ], [ 44.4459305, -19.0228959 ], [ 44.4458495, -19.022951 ], [ 44.4457954, -19.0229554 ], [ 44.445744500000011, -19.0229413 ], [ 44.4456965, -19.0229244 ], [ 44.4456475, -19.022912 ], [ 44.4455925, -19.0229092 ], [ 44.445509400000013, -19.0229292 ], [ 44.4454245, -19.0229553 ], [ 44.4453395, -19.0229352 ], [ 44.4452675, -19.0228994 ], [ 44.4452245, -19.0228752 ], [ 44.4451825, -19.0228392 ], [ 44.4451264, -19.0228115 ], [ 44.4450795, -19.0227912 ], [ 44.4450264, -19.022768 ], [ 44.4449735, -19.022737 ], [ 44.4448965, -19.0227 ], [ 44.4448484, -19.022674 ], [ 44.4448035, -19.0226431 ], [ 44.4447675, -19.022563 ], [ 44.4447804, -19.0225152 ], [ 44.4448054, -19.0224742 ], [ 44.4448724, -19.0224304 ], [ 44.4449324, -19.0223921 ], [ 44.4450104, -19.0223731 ], [ 44.4450875, -19.0223345 ], [ 44.4451285, -19.0222971 ], [ 44.4451715, -19.0222642 ], [ 44.4452075, -19.02222 ], [ 44.4452715, -19.0221812 ], [ 44.4453285, -19.022201 ], [ 44.4453754, -19.0222264 ], [ 44.4454525, -19.0222453 ], [ 44.4455085, -19.022216 ], [ 44.4454926, -19.0221514 ], [ 44.4454455, -19.0220922 ], [ 44.445381499999989, -19.0220169 ], [ 44.4453435, -19.0219821 ], [ 44.4452724, -19.0219299 ], [ 44.4452205, -19.0219051 ], [ 44.4451565, -19.0218953 ], [ 44.4451005, -19.0218445 ], [ 44.445070500000014, -19.0218035 ], [ 44.4450145, -19.0217509 ], [ 44.4450145, -19.021669 ], [ 44.4450435, -19.021601 ], [ 44.4450545, -19.0215413 ], [ 44.4450615, -19.0214894 ], [ 44.4450736, -19.021437 ], [ 44.4451054, -19.0213803 ], [ 44.4451704, -19.0213054 ], [ 44.4452094, -19.021273 ], [ 44.445244500000015, -19.0212362 ], [ 44.4452784, -19.0212004 ], [ 44.4453395, -19.0211542 ], [ 44.4453866, -19.0211332 ], [ 44.4453635, -19.0210664 ], [ 44.4453015, -19.0209991 ], [ 44.4452475, -19.0209313 ], [ 44.4452144, -19.0208959 ], [ 44.4451825, -19.0208481 ], [ 44.4451675, -19.0207983 ], [ 44.4451515, -19.0207512 ], [ 44.4451055, -19.0206829 ], [ 44.4450764, -19.0206222 ], [ 44.4450595, -19.0205751 ], [ 44.4450445, -19.0205253 ], [ 44.4450386, -19.02044 ], [ 44.4450704, -19.0203703 ], [ 44.4450824, -19.020284 ], [ 44.4450854, -19.0202101 ], [ 44.4450955, -19.0201582 ], [ 44.4451164, -19.020111 ], [ 44.4451415, -19.0200181 ], [ 44.4451574, -19.019963 ], [ 44.4451875, -19.019878 ], [ 44.4452115, -19.0198269 ], [ 44.4452264, -19.0197779 ], [ 44.4452415, -19.0196889 ], [ 44.4452575, -19.0196049 ], [ 44.4452515, -19.0195574 ], [ 44.4452675, -19.0194622 ], [ 44.4452814, -19.0193782 ], [ 44.4453164, -19.0193334 ], [ 44.4453485, -19.0192722 ], [ 44.4454095, -19.0192203 ], [ 44.4454565, -19.0191853 ], [ 44.4455005, -19.0192179 ], [ 44.4455565, -19.0192084 ], [ 44.4455716, -19.0191374 ], [ 44.4456215, -19.0191052 ], [ 44.4456885, -19.0190681 ], [ 44.4457585, -19.0190124 ], [ 44.4457876, -19.0189619 ], [ 44.4458165, -19.0189232 ], [ 44.4458555, -19.0188909 ], [ 44.4459146, -19.0188311 ], [ 44.4459686, -19.0187843 ], [ 44.4459955, -19.018714 ], [ 44.4460486, -19.0186999 ], [ 44.4461225, -19.0186843 ], [ 44.4461805, -19.0186522 ], [ 44.4462515, -19.0185982 ], [ 44.4462865, -19.0185619 ], [ 44.4463706, -19.0185199 ], [ 44.4464175, -19.0184939 ], [ 44.4465036, -19.0184733 ], [ 44.4465636, -19.0184819 ], [ 44.4466195, -19.0184933 ], [ 44.4466955, -19.018493 ], [ 44.4467766, -19.0184752 ], [ 44.4468545, -19.0184659 ], [ 44.4469155, -19.0184163 ], [ 44.4469146, -19.0183632 ], [ 44.4468776, -19.0183171 ], [ 44.4467916, -19.018293 ], [ 44.446737500000012, -19.0182263 ], [ 44.4466695, -19.0181753 ], [ 44.4466156, -19.0181561 ], [ 44.4465986, -19.018061 ], [ 44.4465736, -19.0180173 ], [ 44.4465216, -19.0179264 ], [ 44.4465115, -19.0178641 ], [ 44.4465206, -19.0178112 ], [ 44.4465586, -19.017741 ], [ 44.4465926, -19.0176792 ], [ 44.4466585, -19.0176139 ], [ 44.4467456, -19.0175691 ], [ 44.4467886, -19.0175453 ], [ 44.4468615, -19.017506 ], [ 44.446918600000011, -19.0174722 ], [ 44.4469266, -19.0174141 ], [ 44.4469016, -19.0173602 ], [ 44.4469105, -19.0172812 ], [ 44.4468766, -19.0172131 ], [ 44.4468746, -19.017134 ], [ 44.4468606, -19.0170881 ], [ 44.4468475, -19.0170309 ], [ 44.4468126, -19.0169368 ], [ 44.4468105, -19.016886 ], [ 44.4468046, -19.0168091 ], [ 44.4468046, -19.016725 ], [ 44.4468336, -19.0166812 ], [ 44.4468965, -19.0166481 ], [ 44.4469956, -19.0166271 ], [ 44.447039599999989, -19.016596 ], [ 44.4471145, -19.0165403 ], [ 44.4472076, -19.0165142 ], [ 44.4472926, -19.0165214 ], [ 44.4473746, -19.0165578 ], [ 44.4474756, -19.0165821 ], [ 44.4475797, -19.0165793 ], [ 44.4476886, -19.0166042 ], [ 44.4477627, -19.0166022 ], [ 44.4478327, -19.0166199 ], [ 44.4479046, -19.0166399 ], [ 44.4479607, -19.0166631 ], [ 44.4480286, -19.01674 ], [ 44.4481216, -19.0167698 ], [ 44.4481916, -19.0167181 ], [ 44.4482596, -19.0166641 ], [ 44.4483616, -19.0166019 ], [ 44.4484067, -19.0165561 ], [ 44.4484606, -19.016516 ], [ 44.4485167, -19.0164811 ], [ 44.4485717, -19.0164393 ], [ 44.4486346, -19.0164112 ], [ 44.4486937, -19.0163859 ], [ 44.4487417, -19.016357 ], [ 44.4488056, -19.0163233 ], [ 44.4488527, -19.0162871 ], [ 44.4489076, -19.0162482 ], [ 44.4489697, -19.0161822 ], [ 44.4490226, -19.0161642 ], [ 44.4491257, -19.0161308 ], [ 44.4491877, -19.0160869 ], [ 44.4492437, -19.0160593 ], [ 44.4493047, -19.0160153 ], [ 44.449353699999989, -19.0159831 ], [ 44.4494187, -19.0159522 ], [ 44.4494737, -19.0159172 ], [ 44.4495217, -19.0158794 ], [ 44.4495577, -19.0158442 ], [ 44.4495917, -19.0157598 ], [ 44.4496018, -19.0157091 ], [ 44.4496238, -19.0156213 ], [ 44.4496267, -19.0155473 ], [ 44.4496067, -19.015459 ], [ 44.4495898, -19.015412 ], [ 44.4495547, -19.0153681 ], [ 44.4495008, -19.015284 ], [ 44.4494638, -19.0152378 ], [ 44.4494288, -19.0152002 ], [ 44.449403700000012, -19.0151293 ], [ 44.4493678, -19.0150538 ], [ 44.4493377, -19.0150139 ], [ 44.4493026, -19.0149633 ], [ 44.4492868, -19.014914 ], [ 44.4492666, -19.0148223 ], [ 44.449220799999985, -19.014749 ], [ 44.4492148, -19.0146698 ], [ 44.4492177, -19.0146202 ], [ 44.4492007, -19.0145223 ], [ 44.4491958, -19.0144709 ], [ 44.4491867, -19.0144211 ], [ 44.4491808, -19.0143611 ], [ 44.4491707, -19.0143102 ], [ 44.4491406, -19.0142551 ], [ 44.4491307, -19.0141951 ], [ 44.449113699999984, -19.0141402 ], [ 44.4490897, -19.0140953 ], [ 44.4490777, -19.0140252 ], [ 44.4490598, -19.0139713 ], [ 44.4490447, -19.0139181 ], [ 44.4490396, -19.0138672 ], [ 44.4490717, -19.013784 ], [ 44.4490947, -19.0136978 ], [ 44.4490968, -19.0136352 ], [ 44.449100800000011, -19.0135748 ], [ 44.4490917, -19.0135103 ], [ 44.4490907, -19.0134623 ], [ 44.4490856, -19.0134131 ], [ 44.4491008, -19.0133659 ], [ 44.4491156, -19.0132881 ], [ 44.4491206, -19.0132311 ], [ 44.4491287, -19.0131753 ], [ 44.4491467, -19.0131219 ], [ 44.4491747, -19.0130809 ], [ 44.4492227, -19.013047 ], [ 44.4492978, -19.0129908 ], [ 44.4493258, -19.0129329 ], [ 44.4493257, -19.0128561 ], [ 44.4493766, -19.0127889 ], [ 44.4494518, -19.012761 ], [ 44.449539699999988, -19.0127348 ], [ 44.4496098, -19.0127079 ], [ 44.4496617, -19.0126752 ], [ 44.4496958, -19.0126388 ], [ 44.4497368, -19.0125851 ], [ 44.4497807, -19.012537 ], [ 44.4498317, -19.0124669 ], [ 44.4498727, -19.0124019 ], [ 44.4499557, -19.012326 ], [ 44.4500097, -19.0123063 ], [ 44.4500668, -19.0122973 ], [ 44.4501698, -19.0122961 ], [ 44.4502288, -19.0122928 ], [ 44.4502788, -19.012281 ], [ 44.4503758, -19.012286 ], [ 44.4504588, -19.0122982 ], [ 44.4505088, -19.01231 ], [ 44.4505678, -19.0123202 ], [ 44.4506248, -19.0123271 ], [ 44.4506898, -19.0123329 ], [ 44.4507518, -19.012329 ], [ 44.4512368, -19.0132519 ], [ 44.4513179, -19.013407 ], [ 44.4513218, -19.0134849 ], [ 44.4513208, -19.0135668 ], [ 44.4513108, -19.0136249 ], [ 44.4513288, -19.0137041 ], [ 44.4513469, -19.013758 ], [ 44.4513458, -19.0138082 ], [ 44.4513569, -19.0138913 ], [ 44.4513808, -19.013974 ], [ 44.4513928, -19.0140278 ], [ 44.4514048, -19.0141002 ], [ 44.4514069, -19.0141742 ], [ 44.4514218, -19.0142438 ], [ 44.4514248, -19.0143111 ], [ 44.4514118, -19.0143809 ], [ 44.4513948, -19.014453 ], [ 44.4513788, -19.0145082 ], [ 44.4513498, -19.014579 ], [ 44.4513188, -19.0146493 ], [ 44.4512987, -19.0147112 ], [ 44.4512658, -19.0147871 ], [ 44.4512418, -19.014854 ], [ 44.4512187, -19.0149209 ], [ 44.4512029, -19.0149829 ], [ 44.4511877, -19.0150669 ], [ 44.4512337, -19.0151413 ], [ 44.4512629, -19.0152122 ], [ 44.4512318, -19.0152808 ], [ 44.4511988, -19.0153442 ], [ 44.4511679, -19.0154122 ], [ 44.4511628, -19.0154619 ], [ 44.4511748, -19.0155111 ], [ 44.4511948, -19.0155661 ], [ 44.4512218, -19.0156161 ], [ 44.4512648, -19.0156663 ], [ 44.4512999, -19.0157259 ], [ 44.4513338, -19.015802 ], [ 44.4513468, -19.0158563 ], [ 44.4513508, -19.0159112 ], [ 44.4513878, -19.0159912 ], [ 44.4514268, -19.0160351 ], [ 44.4514879, -19.0161154 ], [ 44.4515769, -19.016144 ], [ 44.4516528, -19.0161341 ], [ 44.451740899999983, -19.0161543 ], [ 44.4518138, -19.0161539 ], [ 44.4518859, -19.0161191 ], [ 44.4519609, -19.0161041 ], [ 44.4520389, -19.0161219 ], [ 44.4520899, -19.0161773 ], [ 44.4521158, -19.0162193 ], [ 44.4521359, -19.0162732 ], [ 44.4521508, -19.016331 ], [ 44.452185899999989, -19.0163731 ], [ 44.4522429, -19.016415 ], [ 44.4522868, -19.0164601 ], [ 44.4523499, -19.016502 ], [ 44.4524139, -19.0165343 ], [ 44.4524678, -19.0165693 ], [ 44.4525219, -19.0165891 ], [ 44.4525869, -19.0166 ], [ 44.4526379, -19.0166209 ], [ 44.4527178, -19.0166731 ], [ 44.4527018, -19.0167452 ], [ 44.4526379, -19.0168174 ], [ 44.4525839, -19.0168258 ], [ 44.4525229, -19.0168269 ], [ 44.4524449, -19.0168334 ], [ 44.4523598, -19.0168352 ], [ 44.4522759, -19.0168389 ], [ 44.4521818, -19.0168593 ], [ 44.4520998, -19.0168793 ], [ 44.4520458, -19.0168798 ], [ 44.4519878, -19.0168899 ], [ 44.4519129, -19.0168959 ], [ 44.4518368, -19.0169171 ], [ 44.4517868, -19.016938 ], [ 44.4517428, -19.0169691 ], [ 44.4516859, -19.0170143 ], [ 44.451608799999988, -19.0170202 ], [ 44.4515498, -19.0170099 ], [ 44.4514968, -19.0170133 ], [ 44.4514448, -19.0170263 ], [ 44.4513788, -19.0170629 ], [ 44.4513328, -19.0170991 ], [ 44.4512649, -19.0171779 ], [ 44.4513068, -19.017249 ], [ 44.4513718, -19.0173062 ], [ 44.4514318, -19.0173339 ], [ 44.4514758, -19.0173593 ], [ 44.4515239, -19.0174021 ], [ 44.4515818, -19.0174259 ], [ 44.4516388, -19.0174463 ], [ 44.4517068, -19.017473 ], [ 44.4517598, -19.0174792 ], [ 44.4518218, -19.0174839 ], [ 44.4518718, -19.0175121 ], [ 44.4519509, -19.0175773 ], [ 44.4520008, -19.0176174 ], [ 44.452042899999988, -19.0176523 ], [ 44.4520979, -19.017706 ], [ 44.4521459, -19.0177731 ], [ 44.4520839, -19.017821 ], [ 44.4520028, -19.017858 ], [ 44.4519489, -19.0178658 ], [ 44.4518458, -19.0178913 ], [ 44.451785900000012, -19.0178923 ], [ 44.4517149, -19.0178949 ], [ 44.4516778, -19.0179442 ], [ 44.4516269, -19.0179933 ], [ 44.4515949, -19.018076 ], [ 44.4515668, -19.0181339 ], [ 44.4515278, -19.0181939 ], [ 44.4515068, -19.0182614 ], [ 44.4514968, -19.01832 ], [ 44.4514908, -19.018386 ], [ 44.4514828, -19.0184452 ], [ 44.4514608, -19.018493 ], [ 44.4514298, -19.018544 ], [ 44.4513938, -19.0185894 ], [ 44.4513658, -19.0186331 ], [ 44.4512918, -19.0186792 ], [ 44.4512148, -19.0186964 ], [ 44.4511528, -19.0187341 ], [ 44.4510818, -19.018765 ], [ 44.4510308, -19.0187904 ], [ 44.4509848, -19.0188153 ], [ 44.4509408, -19.018838 ], [ 44.4508868, -19.018895 ], [ 44.4508618, -19.0189393 ], [ 44.4508458, -19.018986 ], [ 44.4508328, -19.0190373 ], [ 44.4507707, -19.0191044 ], [ 44.4506917, -19.0191193 ], [ 44.4506407, -19.0191001 ], [ 44.4505838, -19.0190933 ], [ 44.4505268, -19.0190712 ], [ 44.4504547, -19.0190162 ], [ 44.4503918, -19.018967 ], [ 44.4503408, -19.0189653 ], [ 44.4502847, -19.0189601 ], [ 44.4502347, -19.0189692 ], [ 44.4501757, -19.019016 ], [ 44.4501788, -19.0190889 ], [ 44.4501838, -19.0191539 ], [ 44.4501137, -19.0192073 ], [ 44.4500878, -19.0192499 ], [ 44.4500358, -19.0193194 ], [ 44.4500027, -19.0193563 ], [ 44.4499707, -19.0193972 ], [ 44.4499347, -19.0194651 ], [ 44.4499368, -19.019516 ], [ 44.4499398, -19.019573 ], [ 44.4499257, -19.019674 ], [ 44.4498818, -19.0197802 ], [ 44.4498497, -19.0198171 ], [ 44.4498338, -19.019909 ], [ 44.4498218, -19.019967 ], [ 44.4497817, -19.0200541 ], [ 44.4497337, -19.0200722 ], [ 44.4496807, -19.0200711 ], [ 44.4495717, -19.020088 ], [ 44.4495077, -19.0200912 ], [ 44.4494277, -19.0201129 ], [ 44.44935670000001, -19.0201692 ], [ 44.4493317, -19.0202463 ], [ 44.4493157, -19.0202969 ], [ 44.4492987, -19.0203854 ], [ 44.4492927, -19.0204542 ], [ 44.4492786, -19.0205009 ], [ 44.4492617, -19.0205894 ], [ 44.4492418, -19.0206784 ], [ 44.4492217, -19.0207324 ], [ 44.4492037, -19.0207813 ], [ 44.4492048, -19.0208293 ], [ 44.4492128, -19.0208803 ], [ 44.4492127, -19.0209373 ], [ 44.4492157, -19.021026 ], [ 44.4492808, -19.0211114 ], [ 44.4493136, -19.0211682 ], [ 44.4493497, -19.0212014 ], [ 44.4493948, -19.0212352 ], [ 44.4494607, -19.0212709 ], [ 44.4495357, -19.0212994 ], [ 44.4495867, -19.0213293 ], [ 44.4496547, -19.021369 ], [ 44.4497238, -19.021424 ], [ 44.4497877, -19.0214665 ], [ 44.4498398, -19.021493 ], [ 44.4498797, -19.0215324 ], [ 44.4499627, -19.0215853 ], [ 44.4500418, -19.0216302 ], [ 44.4500878, -19.021664 ], [ 44.4501497, -19.0217031 ], [ 44.4501957, -19.0217403 ], [ 44.450261800000014, -19.021776 ], [ 44.4503137, -19.0218014 ], [ 44.4503618, -19.0218369 ], [ 44.4504178, -19.0218714 ], [ 44.4504778, -19.0219082 ], [ 44.4505317, -19.0219489 ], [ 44.4505698, -19.0219939 ], [ 44.4505988, -19.0220485 ], [ 44.4506327, -19.0220934 ], [ 44.4506668, -19.0221384 ], [ 44.4506898, -19.022185 ], [ 44.4507237, -19.0222294 ], [ 44.4507537, -19.0223133 ], [ 44.4507668, -19.022371 ], [ 44.4507757, -19.022457 ], [ 44.4507758, -19.0225242 ], [ 44.4507987, -19.022582 ], [ 44.4508258, -19.0226393 ], [ 44.450840799999987, -19.022696 ], [ 44.4508547, -19.0227645 ], [ 44.4508818, -19.0228432 ], [ 44.4509047, -19.0229011 ], [ 44.450929699999989, -19.022955 ], [ 44.4509638, -19.023013 ], [ 44.4510068, -19.0230603 ], [ 44.451035700000013, -19.0231143 ], [ 44.4510748, -19.023183 ], [ 44.451111800000014, -19.0232354 ], [ 44.4511447, -19.0232713 ], [ 44.4512048, -19.0232974 ], [ 44.4512458, -19.0233244 ], [ 44.4513328, -19.0233711 ], [ 44.4514068, -19.0234142 ], [ 44.4514528, -19.0234514 ], [ 44.4515089, -19.023478 ], [ 44.4515607, -19.0235079 ], [ 44.4516388, -19.0235353 ], [ 44.4517048, -19.02354 ], [ 44.4517919, -19.0235325 ], [ 44.4518468, -19.0235291 ], [ 44.4519178, -19.0235164 ], [ 44.4519799, -19.0235012 ], [ 44.4520448, -19.0234923 ], [ 44.4521019, -19.0234783 ], [ 44.4521638, -19.0234501 ], [ 44.4522269, -19.0234271 ], [ 44.4523059, -19.0233992 ], [ 44.4523798, -19.0233593 ], [ 44.4524308, -19.023326 ], [ 44.4524778, -19.0233073 ], [ 44.4525429, -19.0232871 ], [ 44.4525948, -19.0232803 ], [ 44.45266980000001, -19.0233004 ], [ 44.452703899999989, -19.0233544 ], [ 44.4527758, -19.023371 ], [ 44.4528959, -19.0234124 ], [ 44.4529619, -19.023425 ], [ 44.4530109, -19.023434 ], [ 44.4530649, -19.0234543 ], [ 44.4531318, -19.0235262 ], [ 44.4531759, -19.0235521 ], [ 44.453210899999988, -19.0236022 ], [ 44.453263899999989, -19.023666 ], [ 44.4532978, -19.0237443 ], [ 44.4533199, -19.02381 ], [ 44.4533499, -19.0238725 ], [ 44.4533819, -19.0239293 ], [ 44.4534019, -19.0240035 ], [ 44.4534219, -19.0240923 ], [ 44.4534278, -19.0241675 ], [ 44.4534269, -19.0242161 ], [ 44.4534459, -19.0242682 ], [ 44.4534599, -19.0243152 ], [ 44.4534629, -19.0243734 ], [ 44.4534489, -19.0244371 ], [ 44.4534268, -19.024521 ], [ 44.4534209, -19.0245734 ], [ 44.4534329, -19.024621 ], [ 44.4534409, -19.0246934 ], [ 44.4534388, -19.0247453 ], [ 44.45344, -19.0247995 ], [ 44.453449, -19.0248544 ], [ 44.4534609, -19.0249584 ], [ 44.4534819, -19.0250134 ], [ 44.453547, -19.025096 ], [ 44.4536099, -19.0251074 ], [ 44.4536669, -19.025099 ], [ 44.453755, -19.0250554 ], [ 44.453849, -19.0250383 ], [ 44.453954, -19.0249971 ], [ 44.454007, -19.024961 ], [ 44.454055, -19.0249305 ], [ 44.454109, -19.024896 ], [ 44.4541859, -19.0248833 ], [ 44.4542899, -19.0248715 ], [ 44.4543389, -19.0248471 ], [ 44.454394, -19.0248212 ], [ 44.4544459, -19.0248494 ], [ 44.45445, -19.0249302 ], [ 44.4544509, -19.0250251 ], [ 44.4544469, -19.0251233 ], [ 44.454416, -19.0252252 ], [ 44.454404, -19.0252753 ], [ 44.4543729, -19.0253365 ], [ 44.454346, -19.0253803 ], [ 44.4543099, -19.0254285 ], [ 44.4542769, -19.0254693 ], [ 44.4542529, -19.0255154 ], [ 44.454225, -19.0255715 ], [ 44.454195, -19.0256215 ], [ 44.4541929, -19.025692 ], [ 44.454191, -19.0257891 ], [ 44.4541969, -19.0258423 ], [ 44.4542309, -19.0259375 ], [ 44.4543149, -19.0260135 ], [ 44.4543799, -19.0260792 ], [ 44.454398, -19.0261274 ], [ 44.4544099, -19.0261744 ], [ 44.4544599, -19.0262291 ], [ 44.4545209, -19.0262513 ], [ 44.454565, -19.0262743 ], [ 44.4546619, -19.026303 ], [ 44.4547519, -19.0263735 ], [ 44.454811, -19.0263984 ], [ 44.454877, -19.0264505 ], [ 44.454965, -19.0264893 ], [ 44.455025, -19.0264996 ], [ 44.455079, -19.0265171 ], [ 44.455127, -19.0265453 ], [ 44.4551979, -19.0265974 ], [ 44.455243, -19.0266284 ], [ 44.455293, -19.0266425 ], [ 44.4554, -19.0266663 ], [ 44.4554539, -19.0266753 ], [ 44.455507, -19.0266674 ], [ 44.45561, -19.0266544 ], [ 44.455661, -19.0266482 ], [ 44.4557161, -19.0266403 ], [ 44.4557981, -19.0266333 ], [ 44.455861, -19.0266075 ], [ 44.455928, -19.0265805 ], [ 44.455998, -19.0265372 ], [ 44.456066, -19.0265193 ], [ 44.456117, -19.0265052 ], [ 44.456203, -19.0265084 ], [ 44.456292, -19.026515 ], [ 44.456343, -19.0265224 ], [ 44.456436, -19.0265245 ], [ 44.4565151, -19.0265513 ], [ 44.456584, -19.0266131 ], [ 44.456615, -19.0266761 ], [ 44.456656, -19.0267324 ], [ 44.4566961, -19.0267673 ], [ 44.4567701, -19.0267913 ], [ 44.4568241, -19.0267913 ], [ 44.4569161, -19.0268454 ], [ 44.4569801, -19.0269133 ], [ 44.4570261, -19.0269556 ], [ 44.4570591, -19.0269966 ], [ 44.4571361, -19.0270482 ], [ 44.457188199999983, -19.0271301 ], [ 44.4572761, -19.0271983 ], [ 44.4573231, -19.0272242 ], [ 44.457354099999989, -19.0272912 ], [ 44.4573641, -19.0273404 ], [ 44.45741, -19.0273804 ], [ 44.4574531, -19.0274125 ], [ 44.457495, -19.0274576 ], [ 44.4575341, -19.0274953 ], [ 44.457582, -19.0275314 ], [ 44.4576531, -19.0275705 ], [ 44.457719099999984, -19.0276023 ], [ 44.4577641, -19.0276254 ], [ 44.4578172, -19.0276531 ], [ 44.4578692, -19.0276853 ], [ 44.4579642, -19.0277236 ], [ 44.4580241, -19.0277372 ], [ 44.4580771, -19.027727 ], [ 44.4581561, -19.0277262 ], [ 44.4582422, -19.0277384 ], [ 44.4583271, -19.0277332 ], [ 44.4584442, -19.0277243 ], [ 44.4585231, -19.0277082 ], [ 44.4586182, -19.0276962 ], [ 44.4587201, -19.0276804 ], [ 44.4587881, -19.0276664 ], [ 44.4588672, -19.0276594 ], [ 44.4589422, -19.0276512 ], [ 44.4590023, -19.0276332 ], [ 44.4590922, -19.0276065 ], [ 44.4591412, -19.0275952 ], [ 44.4592191, -19.02757 ], [ 44.4592933, -19.0275533 ], [ 44.4593502, -19.0275342 ], [ 44.4593962, -19.0275093 ], [ 44.459498200000013, -19.0275053 ], [ 44.4595672, -19.0274756 ], [ 44.4596213, -19.0273943 ], [ 44.459632299999988, -19.0272961 ], [ 44.4596012, -19.0272105 ], [ 44.4595692, -19.027174 ], [ 44.4595253, -19.027134 ], [ 44.4594632, -19.0270972 ], [ 44.4594092, -19.0270125 ], [ 44.4593892, -19.0269321 ], [ 44.4593482, -19.0268611 ], [ 44.4593101, -19.0268025 ], [ 44.4592732, -19.0267292 ], [ 44.4592412, -19.0266832 ], [ 44.4592271, -19.0266062 ], [ 44.459203200000012, -19.0265591 ], [ 44.4591893, -19.0265104 ], [ 44.4591851, -19.0264584 ], [ 44.4591722, -19.0263645 ], [ 44.4591703, -19.0263001 ], [ 44.459157200000014, -19.0262412 ], [ 44.4591471, -19.0261361 ], [ 44.4591442, -19.0260474 ], [ 44.4591532, -19.0260001 ], [ 44.4591482, -19.0259452 ], [ 44.4591442, -19.0258893 ], [ 44.4591452, -19.0258023 ], [ 44.4591652, -19.0257404 ], [ 44.4591471, -19.0256905 ], [ 44.4591802, -19.025609 ], [ 44.4592282, -19.0255802 ], [ 44.4592582, -19.025537 ], [ 44.4592862, -19.0254933 ], [ 44.4593132, -19.0254495 ], [ 44.4593432, -19.0253471 ], [ 44.4593432, -19.0252821 ], [ 44.4593352, -19.0252335 ], [ 44.4593212, -19.0251763 ], [ 44.4593023, -19.025132 ], [ 44.4592823, -19.0250443 ], [ 44.4592712, -19.0249973 ], [ 44.459263199999988, -19.0249402 ], [ 44.4592582, -19.024843 ], [ 44.4592102, -19.0247685 ], [ 44.4591853, -19.024727 ], [ 44.4591462, -19.0246295 ], [ 44.4591332, -19.0245384 ], [ 44.4591122, -19.024493 ], [ 44.4591113, -19.0244371 ], [ 44.4591032, -19.0243433 ], [ 44.4591031, -19.0242874 ], [ 44.459085099999989, -19.0242403 ], [ 44.4590662, -19.0241893 ], [ 44.4590002, -19.0241434 ], [ 44.4589291, -19.0241155 ], [ 44.4589082, -19.024069 ], [ 44.4588742, -19.0239935 ], [ 44.4588253, -19.0239534 ], [ 44.4587572, -19.023951 ], [ 44.4587092, -19.0239104 ], [ 44.4586862, -19.023848 ], [ 44.4586882, -19.0237871 ], [ 44.4586612, -19.0237122 ], [ 44.4586082, -19.0236874 ], [ 44.4585811, -19.0236283 ], [ 44.458632099999988, -19.023595 ], [ 44.4586912, -19.0235962 ], [ 44.4587451, -19.0235545 ], [ 44.4587391, -19.0234725 ], [ 44.4586991, -19.0233812 ], [ 44.4587292, -19.0233222 ], [ 44.4587972, -19.0232704 ], [ 44.4588651, -19.0232531 ], [ 44.458957299999987, -19.0232072 ], [ 44.4590032, -19.0231863 ], [ 44.4590611, -19.0231474 ], [ 44.4591462, -19.0231325 ], [ 44.4592132, -19.0231174 ], [ 44.4592902, -19.0231114 ], [ 44.4594002, -19.0231109 ], [ 44.4594722, -19.0231304 ], [ 44.4595552, -19.023151 ], [ 44.45962020000001, -19.023176 ], [ 44.4596682, -19.0232031 ], [ 44.4597222, -19.0232285 ], [ 44.4598072, -19.0233192 ], [ 44.4598192, -19.0233815 ], [ 44.4597972, -19.0234682 ], [ 44.4597802, -19.0235634 ], [ 44.4598433, -19.0236155 ], [ 44.4599123, -19.023605 ], [ 44.4599872, -19.023547 ], [ 44.460054199999988, -19.023467 ], [ 44.4601553, -19.0234145 ], [ 44.4602253, -19.0233853 ], [ 44.4602802, -19.023356 ], [ 44.4603253, -19.0233282 ], [ 44.4603763, -19.023283 ], [ 44.4604203, -19.0232485 ], [ 44.4604693, -19.0232022 ], [ 44.4605103, -19.0231704 ], [ 44.4605373, -19.0231244 ], [ 44.4605683, -19.0230361 ], [ 44.4605673, -19.022983 ], [ 44.4605383, -19.0228912 ], [ 44.4604713, -19.022821 ], [ 44.460396300000014, -19.0227541 ], [ 44.4603713, -19.0227064 ], [ 44.4603502, -19.0226582 ], [ 44.4603252, -19.022615 ], [ 44.4602933, -19.022526 ], [ 44.4603102, -19.0224279 ], [ 44.4603633, -19.0223472 ], [ 44.4603793, -19.0223022 ], [ 44.4603842, -19.0222492 ], [ 44.4603803, -19.0222011 ], [ 44.4603502, -19.02215 ], [ 44.4603343, -19.0221024 ], [ 44.4603223, -19.0220559 ], [ 44.4602893, -19.0219714 ], [ 44.4602762, -19.0218832 ], [ 44.4602923, -19.0217942 ], [ 44.4603292, -19.0217624 ], [ 44.4603733, -19.0216844 ], [ 44.4603803, -19.0216212 ], [ 44.4603363, -19.0215789 ], [ 44.4602553, -19.0215521 ], [ 44.4601552, -19.021529 ], [ 44.4600933, -19.0215181 ], [ 44.4600423, -19.0215012 ], [ 44.4599873, -19.0214684 ], [ 44.4599303, -19.0214322 ], [ 44.4598722, -19.0213972 ], [ 44.4598342, -19.0213634 ], [ 44.4597913, -19.0213302 ], [ 44.4597263, -19.0212764 ], [ 44.4596963, -19.021192 ], [ 44.4596712, -19.0211143 ], [ 44.4596413, -19.0210632 ], [ 44.4595952, -19.021022 ], [ 44.4595602, -19.0209804 ], [ 44.4595182, -19.0209291 ], [ 44.4594712, -19.0208874 ], [ 44.4594302, -19.0208503 ], [ 44.4594012, -19.0208053 ], [ 44.4593932, -19.0207459 ], [ 44.4594013, -19.020693 ], [ 44.4594163, -19.020631 ], [ 44.4594452, -19.0205833 ], [ 44.4594652, -19.0205254 ], [ 44.4594902, -19.0204641 ], [ 44.4594952, -19.020406 ], [ 44.4594913, -19.0203303 ], [ 44.4594862, -19.0202591 ], [ 44.4594673, -19.0202013 ], [ 44.4594512, -19.0201452 ], [ 44.4594283, -19.0200862 ], [ 44.4594092, -19.020034 ], [ 44.459404199999987, -19.0199679 ], [ 44.4594033, -19.0198951 ], [ 44.4593872, -19.0198079 ], [ 44.4593671, -19.0197253 ], [ 44.4593452, -19.0196494 ], [ 44.4593112, -19.0195722 ], [ 44.4592842, -19.0195109 ], [ 44.4592523, -19.0194643 ], [ 44.4592253, -19.0194143 ], [ 44.4591532, -19.0193553 ], [ 44.4590562, -19.0193283 ], [ 44.4590042, -19.0193323 ], [ 44.4589503, -19.0193373 ], [ 44.4588901, -19.0193502 ], [ 44.4588482, -19.0193791 ], [ 44.4587992, -19.0194063 ], [ 44.45872820000001, -19.0194591 ], [ 44.4586612, -19.01952 ], [ 44.4586051, -19.0195493 ], [ 44.4585542, -19.019577 ], [ 44.4585011, -19.0195962 ], [ 44.4584522, -19.0196154 ], [ 44.4583962, -19.0196323 ], [ 44.4583111, -19.0196353 ], [ 44.4582621, -19.0196252 ], [ 44.4581792, -19.0195819 ], [ 44.4581202, -19.0195152 ], [ 44.4580931, -19.0194449 ], [ 44.4580582, -19.0193994 ], [ 44.4580212, -19.019351 ], [ 44.4579871, -19.0193099 ], [ 44.4579362, -19.0192862 ], [ 44.4578862, -19.0192501 ], [ 44.457833199999989, -19.0192264 ], [ 44.4577871, -19.019205 ], [ 44.4577411, -19.0191779 ], [ 44.457661199999983, -19.0191353 ], [ 44.4576151, -19.0190772 ], [ 44.4576301, -19.0190062 ], [ 44.4576811, -19.018935 ], [ 44.4577261, -19.018909 ], [ 44.457768199999983, -19.0188773 ], [ 44.4578262, -19.0188542 ], [ 44.4578811, -19.018831 ], [ 44.4579662, -19.0188263 ], [ 44.4580541, -19.0188233 ], [ 44.4581191, -19.0187732 ], [ 44.4581841, -19.0187253 ], [ 44.4582202, -19.018689 ], [ 44.4582701, -19.0186122 ], [ 44.4582891, -19.0185593 ], [ 44.4583062, -19.0184743 ], [ 44.4583061, -19.0184042 ], [ 44.4583022, -19.0183494 ], [ 44.4582392, -19.0182674 ], [ 44.4581962, -19.0182291 ], [ 44.4581182, -19.0181831 ], [ 44.4580492, -19.0181451 ], [ 44.4580051, -19.0180853 ], [ 44.4579642, -19.0180583 ], [ 44.4579152, -19.0180312 ], [ 44.4578612, -19.0179934 ], [ 44.4578232, -19.017958 ], [ 44.4577851, -19.0179231 ], [ 44.4577451, -19.0178803 ], [ 44.4576942, -19.0178453 ], [ 44.4576221, -19.017831 ], [ 44.457546199999989, -19.017824 ], [ 44.4574611, -19.0178163 ], [ 44.4574211, -19.0177859 ], [ 44.457385099999989, -19.0177431 ], [ 44.4573421, -19.0176772 ], [ 44.4573741, -19.017638 ], [ 44.4574252, -19.0176391 ], [ 44.4574951, -19.0176371 ], [ 44.4575441, -19.0175969 ], [ 44.4575331, -19.0175499 ], [ 44.457487099999987, -19.017528 ], [ 44.4574372, -19.0174704 ], [ 44.4573991, -19.0174389 ], [ 44.4573292, -19.0173902 ], [ 44.4572791, -19.0173422 ], [ 44.4572321, -19.017279 ], [ 44.4572012, -19.0172352 ], [ 44.4571441, -19.0171533 ], [ 44.4571151, -19.0171089 ], [ 44.4570871, -19.0170572 ], [ 44.457074099999986, -19.0170028 ], [ 44.4570762, -19.0169532 ], [ 44.4570991, -19.0169071 ], [ 44.4571291, -19.01686 ], [ 44.4571871, -19.0168093 ], [ 44.4572561, -19.0167671 ], [ 44.457313099999986, -19.0167553 ], [ 44.4574081, -19.0167659 ], [ 44.4574912, -19.0167922 ], [ 44.4575782, -19.0168259 ], [ 44.4576631, -19.0168511 ], [ 44.4577191, -19.0168308 ], [ 44.4578082, -19.016855 ], [ 44.4578842, -19.0168552 ], [ 44.4579572, -19.0168724 ], [ 44.4580331, -19.0168981 ], [ 44.4580572, -19.0169723 ], [ 44.4581172, -19.0170193 ], [ 44.4582112, -19.0170152 ], [ 44.4582642, -19.0170011 ], [ 44.4583472, -19.0169579 ], [ 44.4584391, -19.016933 ], [ 44.4585112, -19.016901 ], [ 44.4585362, -19.0168239 ], [ 44.4585781, -19.0167673 ], [ 44.4586222, -19.0167159 ], [ 44.4586502, -19.0166461 ], [ 44.4586481, -19.0165738 ], [ 44.4586782, -19.0165183 ], [ 44.4587092, -19.0164463 ], [ 44.458704100000013, -19.0163712 ], [ 44.4586471, -19.016322 ], [ 44.4585822, -19.0162772 ], [ 44.4585433, -19.0162209 ], [ 44.4585392, -19.016139 ], [ 44.4585302, -19.016057 ], [ 44.4584792, -19.0159904 ], [ 44.4584122, -19.0159512 ], [ 44.4583501, -19.015928 ], [ 44.4582792, -19.0158781 ], [ 44.4582202, -19.015843 ], [ 44.4581641, -19.0158192 ], [ 44.4580822, -19.0157551 ], [ 44.4580451, -19.015718 ], [ 44.4579562, -19.0156702 ], [ 44.4579101, -19.0156482 ], [ 44.4578701, -19.0156161 ], [ 44.4578192, -19.0155958 ], [ 44.4577722, -19.0155631 ], [ 44.4577251, -19.0155293 ], [ 44.4576801, -19.0154961 ], [ 44.4576392, -19.0154679 ], [ 44.457585099999989, -19.0154352 ], [ 44.4575461, -19.0153692 ], [ 44.4575662, -19.0153169 ], [ 44.4575872, -19.0152601 ], [ 44.4575861, -19.0151878 ], [ 44.4575732, -19.0151041 ], [ 44.4575782, -19.0150319 ], [ 44.4576401, -19.014971 ], [ 44.4577231, -19.0149392 ], [ 44.4577991, -19.014905 ], [ 44.457836199999988, -19.0148721 ], [ 44.4578401, -19.014801 ], [ 44.4578421, -19.0147129 ], [ 44.4579131, -19.014682 ], [ 44.4579752, -19.0147431 ], [ 44.4580462, -19.0147609 ], [ 44.4581101, -19.014713 ], [ 44.4581842, -19.0146748 ], [ 44.4582592, -19.0146819 ], [ 44.4583432, -19.0147003 ], [ 44.4584281, -19.0146961 ], [ 44.4584991, -19.0146653 ], [ 44.4585042, -19.0146162 ], [ 44.4585052, -19.0145671 ], [ 44.4584982, -19.0145122 ], [ 44.4584942, -19.014458 ], [ 44.4584582, -19.0143638 ], [ 44.4584332, -19.0142952 ], [ 44.4584062, -19.0142351 ], [ 44.458377200000015, -19.0141653 ], [ 44.4583692, -19.0141178 ], [ 44.4583892, -19.0140593 ], [ 44.4584131, -19.0140138 ], [ 44.458441199999989, -19.0139622 ], [ 44.4585042, -19.0138883 ], [ 44.4585712, -19.013845 ], [ 44.4586172, -19.0137721 ], [ 44.4587062, -19.0137408 ], [ 44.4587901, -19.0136932 ], [ 44.4588612, -19.0136561 ], [ 44.4589152, -19.0136093 ], [ 44.458973199999988, -19.0135608 ], [ 44.4590172, -19.0135229 ], [ 44.4590623, -19.0134782 ], [ 44.4590972, -19.0134272 ], [ 44.4591392, -19.013383 ], [ 44.4591762, -19.013345 ], [ 44.4592112, -19.0133098 ], [ 44.4592692, -19.0132551 ], [ 44.4593012, -19.013186 ], [ 44.4593462, -19.0131323 ], [ 44.4594353, -19.013092 ], [ 44.4595222, -19.0130992 ], [ 44.4595993, -19.0131412 ], [ 44.4596732, -19.0132058 ], [ 44.4596882, -19.013254 ], [ 44.4597082, -19.0133322 ], [ 44.4597693, -19.013374 ], [ 44.459803199999989, -19.0134303 ], [ 44.4598042, -19.0134789 ], [ 44.4597952, -19.0135268 ], [ 44.4597693, -19.0135818 ], [ 44.4597393, -19.0136239 ], [ 44.4596912, -19.0137171 ], [ 44.4596492, -19.0137833 ], [ 44.4596132, -19.0138399 ], [ 44.4595603, -19.0138919 ], [ 44.4595052, -19.0139601 ], [ 44.4594662, -19.0139942 ], [ 44.4594262, -19.0140383 ], [ 44.4593983, -19.014086 ], [ 44.4593582, -19.0141313 ], [ 44.4592873, -19.0141961 ], [ 44.4592593, -19.0142641 ], [ 44.4592633, -19.0143393 ], [ 44.4592772, -19.0143942 ], [ 44.4592932, -19.014457 ], [ 44.459331299999981, -19.0145134 ], [ 44.4593632, -19.0145961 ], [ 44.4593923, -19.0146473 ], [ 44.4594182, -19.0146933 ], [ 44.4594712, -19.0147379 ], [ 44.4594863, -19.014807 ], [ 44.4595692, -19.014831 ], [ 44.4596423, -19.014855 ], [ 44.4597103, -19.014876 ], [ 44.4597512, -19.014903 ], [ 44.4598473, -19.0149509 ], [ 44.4598923, -19.0149842 ], [ 44.459949299999984, -19.0150113 ], [ 44.4600003, -19.0150283 ], [ 44.4600632, -19.0150408 ], [ 44.4601373, -19.0150371 ], [ 44.4601883, -19.0150173 ], [ 44.4602483, -19.0149931 ], [ 44.4603342, -19.0149421 ], [ 44.4603803, -19.0149093 ], [ 44.4604713, -19.0148758 ], [ 44.4605283, -19.0148493 ], [ 44.4605813, -19.0148189 ], [ 44.4606462, -19.0147682 ], [ 44.4606933, -19.0147252 ], [ 44.4607433, -19.0146698 ], [ 44.4607893, -19.0146093 ], [ 44.4608234, -19.0145651 ], [ 44.4608473, -19.0144908 ], [ 44.4608913, -19.0143981 ], [ 44.4609214, -19.0143121 ], [ 44.4609563, -19.0142198 ], [ 44.4609973, -19.014135 ], [ 44.4610343, -19.014058 ], [ 44.4610143, -19.0140059 ], [ 44.4609843, -19.0139333 ], [ 44.4609564, -19.0138821 ], [ 44.4609343, -19.013826 ], [ 44.4608823, -19.013756 ], [ 44.4608423, -19.0137171 ], [ 44.4607863, -19.013703 ], [ 44.4607474, -19.0136732 ], [ 44.4606823, -19.0136279 ], [ 44.460641300000013, -19.0135941 ], [ 44.4605753, -19.013568 ], [ 44.4605092, -19.0135052 ], [ 44.460459299999989, -19.0134843 ], [ 44.460372299999989, -19.0134619 ], [ 44.4602962, -19.0134069 ], [ 44.4602723, -19.013358 ], [ 44.4602482, -19.0133109 ], [ 44.4602073, -19.0132743 ], [ 44.4601242, -19.0132311 ], [ 44.4600732, -19.0132153 ], [ 44.4600193, -19.0132068 ], [ 44.4599633, -19.0132101 ], [ 44.4598893, -19.0131529 ], [ 44.4599132, -19.013078 ], [ 44.4599592, -19.0130542 ], [ 44.4600102, -19.0130463 ], [ 44.4600702, -19.0130673 ], [ 44.4601243, -19.0131001 ], [ 44.4601742, -19.0131198 ], [ 44.4602443, -19.0131443 ], [ 44.4603112, -19.0131591 ], [ 44.4603613, -19.0131698 ], [ 44.4604672, -19.0131953 ], [ 44.4605253, -19.0132038 ], [ 44.4605883, -19.0131988 ], [ 44.4606342, -19.0131801 ], [ 44.4606904, -19.0131418 ], [ 44.4607352, -19.0130988 ], [ 44.4607972, -19.0130531 ], [ 44.4608963, -19.0130153 ], [ 44.4609494, -19.0130181 ], [ 44.4610063, -19.013021 ], [ 44.4610633, -19.0130312 ], [ 44.4611573, -19.01307 ], [ 44.4611964, -19.0131021 ], [ 44.4612454, -19.0131371 ], [ 44.4612814, -19.0131798 ], [ 44.4613103, -19.0132292 ], [ 44.461386399999981, -19.0132843 ], [ 44.4614554, -19.013272 ], [ 44.4615144, -19.0132332 ], [ 44.461532299999988, -19.013134 ], [ 44.4615164, -19.0130751 ], [ 44.4615443, -19.012998 ], [ 44.4615983, -19.0129291 ], [ 44.4616733, -19.0128588 ], [ 44.4617303, -19.0127871 ], [ 44.4617594, -19.0127169 ], [ 44.4617434, -19.0126393 ], [ 44.4616553, -19.01257 ], [ 44.4615973, -19.0124909 ], [ 44.4615303, -19.0124253 ], [ 44.4614994, -19.0123509 ], [ 44.4614664, -19.0122681 ], [ 44.4614193, -19.0121999 ], [ 44.4613903, -19.0121278 ], [ 44.4613523, -19.0120518 ], [ 44.4613113, -19.0119802 ], [ 44.4612363, -19.0119082 ], [ 44.4611713, -19.0118651 ], [ 44.4611093, -19.0118182 ], [ 44.4609833, -19.0117479 ], [ 44.4608793, -19.0117321 ], [ 44.4608223, -19.011732 ], [ 44.4607154, -19.0116981 ], [ 44.4606732, -19.0116463 ], [ 44.4606244, -19.0115769 ], [ 44.4605843, -19.011516 ], [ 44.4605543, -19.0114073 ], [ 44.4605483, -19.011344 ], [ 44.4605373, -19.0112241 ], [ 44.4605364, -19.0111179 ], [ 44.4605243, -19.0110438 ], [ 44.4605073, -19.0109448 ], [ 44.4604793, -19.010822 ], [ 44.4604633, -19.0107089 ], [ 44.460441300000014, -19.0106392 ], [ 44.4604322, -19.0105781 ], [ 44.4604613, -19.0104779 ], [ 44.460495300000012, -19.0104218 ], [ 44.4605083, -19.0103372 ], [ 44.4604963, -19.0102338 ], [ 44.4604724, -19.0101409 ], [ 44.4604533, -19.0100481 ], [ 44.4604893, -19.0100027 ], [ 44.4605323, -19.0099688 ], [ 44.4605803, -19.0099049 ], [ 44.4606103, -19.0098601 ], [ 44.4606284, -19.0097818 ], [ 44.4606933, -19.009761 ], [ 44.4607694, -19.0097308 ], [ 44.4608264, -19.0097048 ], [ 44.46088839999998, -19.0097202 ], [ 44.4609844, -19.0097992 ], [ 44.4610473, -19.0098128 ], [ 44.4611033, -19.0098428 ], [ 44.4611553, -19.009849 ], [ 44.4612203, -19.0098379 ], [ 44.4613023, -19.0098732 ], [ 44.4613843, -19.0099272 ], [ 44.4614003, -19.009977 ], [ 44.4614304, -19.0100231 ], [ 44.4614934, -19.0100673 ], [ 44.4615443, -19.0100757 ], [ 44.4616263, -19.0100811 ], [ 44.4617053, -19.010043 ], [ 44.4617553, -19.0099798 ], [ 44.4617793, -19.0098998 ], [ 44.4617923, -19.009813 ], [ 44.4617804, -19.009735 ], [ 44.4617984, -19.0096533 ], [ 44.4618284, -19.0095779 ], [ 44.4618714, -19.0095208 ], [ 44.4619113, -19.0094461 ], [ 44.4619363, -19.0094029 ], [ 44.4619674, -19.009362 ], [ 44.4620183, -19.0092869 ], [ 44.4620643, -19.0092371 ], [ 44.4620904, -19.0091708 ], [ 44.4621184, -19.0091191 ], [ 44.4621774, -19.0090509 ], [ 44.4622374, -19.0090019 ], [ 44.4623434, -19.0089369 ], [ 44.4624023, -19.008911 ], [ 44.4624674, -19.0088897 ], [ 44.4625465, -19.0088719 ], [ 44.4626334, -19.0088362 ], [ 44.4626805, -19.008774 ], [ 44.4627384, -19.0087599 ], [ 44.4627824, -19.0087141 ], [ 44.4627815, -19.0086068 ], [ 44.462772399999984, -19.0085373 ], [ 44.4627364, -19.008481 ], [ 44.4627014, -19.0083778 ], [ 44.4626845, -19.0082929 ], [ 44.4626644, -19.0082317 ], [ 44.4626184, -19.0081188 ], [ 44.4625834, -19.0080439 ], [ 44.4625414, -19.0079847 ], [ 44.4625234, -19.0079111 ], [ 44.4625294, -19.0078417 ], [ 44.4625334, -19.0077718 ], [ 44.4625184, -19.0076959 ], [ 44.4624985, -19.0076122 ], [ 44.4624705, -19.0075582 ], [ 44.4623995, -19.0074637 ], [ 44.4623284, -19.0074031 ], [ 44.4622614, -19.0073182 ], [ 44.4622214, -19.0072461 ], [ 44.4621724, -19.0071608 ], [ 44.4621164, -19.007084 ], [ 44.4620664, -19.0070281 ], [ 44.4619673, -19.0069638 ], [ 44.4619153, -19.0069192 ], [ 44.4618094, -19.0069858 ], [ 44.4617614, -19.0070417 ], [ 44.4617314, -19.0071052 ], [ 44.4616894, -19.007142 ], [ 44.4616114, -19.0071649 ], [ 44.4615444, -19.0071659 ], [ 44.4614813, -19.0071821 ], [ 44.4614733, -19.0071278 ], [ 44.4614783, -19.007072 ], [ 44.4614834, -19.0070099 ], [ 44.4615133, -19.0069007 ], [ 44.4615824, -19.0067721 ], [ 44.4615923, -19.006722 ], [ 44.4616224, -19.006654 ], [ 44.4616514, -19.0066131 ], [ 44.4616903, -19.00657 ], [ 44.4617394, -19.0065288 ], [ 44.4617853, -19.0064959 ], [ 44.4618404, -19.0064062 ], [ 44.4618594, -19.0063228 ], [ 44.4618793, -19.0062412 ], [ 44.4619094, -19.0061878 ], [ 44.4619363, -19.0061057 ], [ 44.4620124, -19.0060099 ], [ 44.4620324, -19.0059407 ], [ 44.4620574, -19.0058647 ], [ 44.4620813, -19.0057961 ], [ 44.4620954, -19.0057268 ], [ 44.4620693, -19.00567 ], [ 44.4620803, -19.0055821 ], [ 44.4621314, -19.0055228 ], [ 44.4621884, -19.0054539 ], [ 44.4622714, -19.0053701 ], [ 44.4622944, -19.0053207 ], [ 44.4622894, -19.0052642 ], [ 44.4622503, -19.0051932 ], [ 44.4621793, -19.0051602 ], [ 44.4621094, -19.0051611 ], [ 44.4620504, -19.0051402 ], [ 44.4620124, -19.0050799 ], [ 44.4620244, -19.0050072 ], [ 44.4620174, -19.004941 ], [ 44.4620273, -19.0048768 ], [ 44.4620404, -19.0048171 ], [ 44.462037400000014, -19.0047526 ], [ 44.462039399999988, -19.0046651 ], [ 44.4620653, -19.0045779 ], [ 44.4621293, -19.0045136 ], [ 44.4621734, -19.0044401 ], [ 44.4622113, -19.004396 ], [ 44.4622434, -19.0043477 ], [ 44.4622584, -19.0042988 ], [ 44.4622854, -19.0042567 ], [ 44.4623324, -19.0041748 ], [ 44.4623584, -19.0041271 ], [ 44.4623983, -19.0040727 ], [ 44.462436399999987, -19.0040161 ], [ 44.4624493, -19.0039417 ], [ 44.4624453, -19.003866 ], [ 44.4624474, -19.0037802 ], [ 44.4624804, -19.0036682 ], [ 44.4625274, -19.0036049 ], [ 44.4626294, -19.003493 ], [ 44.4626903, -19.003435 ], [ 44.4627864, -19.0033919 ], [ 44.4628744, -19.0033731 ], [ 44.4629624, -19.0033701 ], [ 44.463051400000012, -19.0033976 ], [ 44.4631135, -19.0034248 ], [ 44.4631784, -19.0034798 ], [ 44.4632535, -19.0035297 ], [ 44.4632994, -19.0035889 ], [ 44.4633645, -19.0036438 ], [ 44.4634125, -19.003698 ], [ 44.4634505, -19.0037459 ], [ 44.4634894, -19.0037937 ], [ 44.4635184, -19.0038629 ], [ 44.4635244, -19.0039319 ], [ 44.4635205, -19.00399 ], [ 44.4635234, -19.004042 ], [ 44.4635154, -19.0041509 ], [ 44.4635334, -19.0042488 ], [ 44.4635675, -19.0043248 ], [ 44.4636144, -19.0044128 ], [ 44.4636365, -19.0044887 ], [ 44.4636395, -19.004574 ], [ 44.4636234, -19.0046501 ], [ 44.4636214, -19.0046981 ], [ 44.4636125, -19.0047979 ], [ 44.4636174, -19.0048691 ], [ 44.4635944, -19.004957 ], [ 44.4635274, -19.0049992 ], [ 44.4634674, -19.0050369 ], [ 44.4634105, -19.0050798 ], [ 44.4632445, -19.0051288 ], [ 44.4631314, -19.0051897 ], [ 44.4630804, -19.0052558 ], [ 44.4630734, -19.0053421 ], [ 44.4630864, -19.0054478 ], [ 44.4630905, -19.0055332 ], [ 44.4630994, -19.0055892 ], [ 44.4630744, -19.0056341 ], [ 44.4630104, -19.0056712 ], [ 44.4629744, -19.005755 ], [ 44.4629845, -19.005842 ], [ 44.4630104, -19.0059112 ], [ 44.4630604, -19.0059851 ], [ 44.4630874, -19.006047 ], [ 44.4630724, -19.0061231 ], [ 44.4630364, -19.0062187 ], [ 44.4630315, -19.0062937 ], [ 44.463058499999988, -19.0063431 ], [ 44.4630815, -19.0064309 ], [ 44.4631054, -19.0065571 ], [ 44.463115400000014, -19.0066238 ], [ 44.4631245, -19.0066821 ], [ 44.4631444, -19.006741 ], [ 44.4631604, -19.006809 ], [ 44.4631525, -19.006884 ], [ 44.4631355, -19.006929 ], [ 44.4631104, -19.0069897 ], [ 44.4630635, -19.0070327 ], [ 44.4630104, -19.0070897 ], [ 44.4629805, -19.0071588 ], [ 44.4629474, -19.007202 ], [ 44.4629334, -19.0072961 ], [ 44.4629414, -19.0073589 ], [ 44.4629874, -19.0074362 ], [ 44.4630114, -19.0074788 ], [ 44.4630824, -19.0075462 ], [ 44.4631835, -19.0075958 ], [ 44.4632824, -19.007637 ], [ 44.4633294, -19.007681 ], [ 44.4633605, -19.0077508 ], [ 44.4634144, -19.0078287 ], [ 44.46348039999998, -19.007908 ], [ 44.4635245, -19.0079869 ], [ 44.4635635, -19.0080517 ], [ 44.4636235, -19.008145 ], [ 44.463684500000014, -19.0081959 ], [ 44.4637315, -19.0082218 ], [ 44.4637775, -19.0082601 ], [ 44.4638235, -19.0082861 ], [ 44.4638394, -19.0083828 ], [ 44.4638624, -19.008431 ], [ 44.4639495, -19.0084738 ], [ 44.4640135, -19.0084999 ], [ 44.4640805, -19.0085401 ], [ 44.4640855, -19.008678 ], [ 44.4640464, -19.0087481 ], [ 44.4640195, -19.0087992 ], [ 44.4639924, -19.0088802 ], [ 44.4639935, -19.0089678 ], [ 44.463981499999989, -19.0090399 ], [ 44.4639625, -19.0091148 ], [ 44.4639255, -19.0091811 ], [ 44.4639145, -19.0093069 ], [ 44.4639584, -19.0093762 ], [ 44.4639695, -19.0094599 ], [ 44.4639425, -19.009528 ], [ 44.4639335, -19.0095793 ], [ 44.4639244, -19.0096272 ], [ 44.4639475, -19.009707 ], [ 44.4639635, -19.0097569 ], [ 44.4639285, -19.0098062 ], [ 44.4638984, -19.0098528 ], [ 44.4638774, -19.0099101 ], [ 44.4638805, -19.0099711 ], [ 44.4638785, -19.0100507 ], [ 44.4638874, -19.0101011 ], [ 44.4638985, -19.0101712 ], [ 44.4639705, -19.010246 ], [ 44.4640634, -19.0103148 ], [ 44.4641114, -19.0103622 ], [ 44.4641515, -19.0104123 ], [ 44.4641935, -19.0104861 ], [ 44.4642075, -19.0105648 ], [ 44.4642295, -19.0106288 ], [ 44.4642295, -19.0107231 ], [ 44.4642474, -19.0108159 ], [ 44.4642595, -19.0108838 ], [ 44.4642786, -19.0109309 ], [ 44.4642925, -19.0110321 ], [ 44.4642946, -19.0111321 ], [ 44.4642965, -19.0112151 ], [ 44.4642875, -19.0112783 ], [ 44.4642764, -19.0113329 ], [ 44.4642445, -19.011406 ], [ 44.4642095, -19.0114649 ], [ 44.4641705, -19.0115249 ], [ 44.4641455, -19.0116212 ], [ 44.4641445, -19.0116749 ], [ 44.4641655, -19.0117592 ], [ 44.464234499999989, -19.0118469 ], [ 44.4642575, -19.0118963 ], [ 44.4642965, -19.0119379 ], [ 44.4643405, -19.0119819 ], [ 44.4643944, -19.0120271 ], [ 44.4644515, -19.012056 ], [ 44.4645535, -19.0121169 ], [ 44.4646084, -19.0121271 ], [ 44.4646895, -19.012128 ], [ 44.4647445, -19.0120958 ], [ 44.4648125, -19.0120582 ], [ 44.4648696, -19.0120469 ], [ 44.4649265, -19.0120662 ], [ 44.46498960000001, -19.0121058 ], [ 44.4651585, -19.0120811 ], [ 44.4652396, -19.0120498 ], [ 44.4653116, -19.0120483 ], [ 44.4654035, -19.012103 ], [ 44.465495600000011, -19.0121621 ], [ 44.4655235, -19.0122618 ], [ 44.4654625, -19.0123131 ], [ 44.4653936, -19.0123129 ], [ 44.4653476, -19.0123401 ], [ 44.4653086, -19.012386 ], [ 44.4652716, -19.0124618 ], [ 44.4652785, -19.0125398 ], [ 44.4652806, -19.0126059 ], [ 44.4652875, -19.0127082 ], [ 44.4653566, -19.012788 ], [ 44.4654325, -19.01283 ], [ 44.4654775, -19.0128672 ], [ 44.4655285, -19.0129073 ], [ 44.4655065, -19.0129901 ], [ 44.4654605, -19.0130359 ], [ 44.4654296, -19.0131033 ], [ 44.4653825, -19.0131762 ], [ 44.4653235, -19.0131869 ], [ 44.4652375, -19.0131052 ], [ 44.4651505, -19.0130342 ], [ 44.4650216, -19.012978 ], [ 44.4649395, -19.012919 ], [ 44.4648514, -19.0128571 ], [ 44.464771399999989, -19.0128201 ], [ 44.4646434, -19.012787 ], [ 44.4645464, -19.0128193 ], [ 44.4645125, -19.0128669 ], [ 44.4644255, -19.0129253 ], [ 44.4643495, -19.0129792 ], [ 44.4642695, -19.0130258 ], [ 44.4642124, -19.0130709 ], [ 44.4641614, -19.0131528 ], [ 44.4641385, -19.01327 ], [ 44.4641155, -19.0133432 ], [ 44.4640825, -19.01344 ], [ 44.4640555, -19.013499 ], [ 44.4639944, -19.0135791 ], [ 44.4639375, -19.013662 ], [ 44.4638575, -19.0137679 ], [ 44.4637985, -19.0138158 ], [ 44.4637375, -19.0138891 ], [ 44.4636554, -19.0139368 ], [ 44.4635675, -19.0139579 ], [ 44.46348840000001, -19.013966 ], [ 44.4634014, -19.013964 ], [ 44.4633304, -19.0139209 ], [ 44.4632524, -19.0139019 ], [ 44.4631304, -19.013895 ], [ 44.4630403, -19.0138872 ], [ 44.4629345, -19.013855 ], [ 44.4628173, -19.0138312 ], [ 44.4627404, -19.0138478 ], [ 44.4626594, -19.0138803 ], [ 44.4625835, -19.013928 ], [ 44.4625344, -19.0139608 ], [ 44.4624844, -19.013997 ], [ 44.4624394, -19.0140433 ], [ 44.4623844, -19.014093 ], [ 44.4623714, -19.0141431 ], [ 44.4623854, -19.0142291 ], [ 44.4623943, -19.0142789 ], [ 44.4624224, -19.0143283 ], [ 44.4624794, -19.0144142 ], [ 44.4625075, -19.0144608 ], [ 44.4625503, -19.0145008 ], [ 44.4626114, -19.0145201 ], [ 44.4626973, -19.0145199 ], [ 44.4627504, -19.0145171 ], [ 44.4628364, -19.0145203 ], [ 44.4628994, -19.0145244 ], [ 44.4629874, -19.01454 ], [ 44.4630523, -19.0145712 ], [ 44.4631024, -19.0145932 ], [ 44.4631904, -19.0146071 ], [ 44.46325250000001, -19.0146151 ], [ 44.4633085, -19.0146389 ], [ 44.4633155, -19.0147 ], [ 44.4633064, -19.0147648 ], [ 44.4633674, -19.0148202 ], [ 44.4634164, -19.0148739 ], [ 44.4634824, -19.0149164 ], [ 44.4635485, -19.0149103 ], [ 44.4636194, -19.0149111 ], [ 44.4636825, -19.014901 ], [ 44.4637495, -19.01493 ], [ 44.4638105, -19.014969 ], [ 44.4638695, -19.0150391 ], [ 44.4639385, -19.015111 ], [ 44.4639805, -19.0151392 ], [ 44.4640675, -19.0151248 ], [ 44.4641504, -19.0151043 ], [ 44.4642455, -19.0150861 ], [ 44.4642955, -19.0150889 ], [ 44.4643635, -19.0150959 ], [ 44.4644505, -19.0151442 ], [ 44.4645035, -19.015181 ], [ 44.4645666, -19.0152319 ], [ 44.4646396, -19.0152959 ], [ 44.4646885, -19.0153253 ], [ 44.4647214, -19.0153623 ], [ 44.4647955, -19.0153851 ], [ 44.4648345, -19.0154251 ], [ 44.4649105, -19.0154801 ], [ 44.4649605, -19.0155292 ], [ 44.4649945, -19.0155759 ], [ 44.4650095, -19.015689 ], [ 44.4650116, -19.0157749 ], [ 44.4650476, -19.0158441 ], [ 44.4650825, -19.0159151 ], [ 44.4651225, -19.0159799 ], [ 44.4651435, -19.0160513 ], [ 44.4651465, -19.0161309 ], [ 44.4651835, -19.0162211 ], [ 44.4651936, -19.0162692 ], [ 44.4652215, -19.016317 ], [ 44.4652405, -19.0163929 ], [ 44.4652356, -19.0164453 ], [ 44.4652126, -19.0165044 ], [ 44.465179600000013, -19.016548 ], [ 44.4650945, -19.0166081 ], [ 44.4650106, -19.0166151 ], [ 44.4649455, -19.0166251 ], [ 44.4648865, -19.0166364 ], [ 44.4648394, -19.0166522 ], [ 44.4647575, -19.0167072 ], [ 44.464735399999988, -19.0167742 ], [ 44.4647125, -19.0168519 ], [ 44.4646546, -19.0169083 ], [ 44.4645735, -19.0169582 ], [ 44.4645214, -19.0169684 ], [ 44.4644395, -19.016998 ], [ 44.4643485, -19.017045 ], [ 44.4642955, -19.0170619 ], [ 44.4642055, -19.0170711 ], [ 44.4641054, -19.0170672 ], [ 44.46405450000001, -19.0170639 ], [ 44.4639954, -19.017057 ], [ 44.4639185, -19.0170189 ], [ 44.4638745, -19.0169874 ], [ 44.4638405, -19.0169509 ], [ 44.463803399999989, -19.0169121 ], [ 44.4637574, -19.0168382 ], [ 44.4637504, -19.0167771 ], [ 44.4637714, -19.0167333 ], [ 44.4638154, -19.0166564 ], [ 44.4638555, -19.0166201 ], [ 44.4639115, -19.0165541 ], [ 44.4639345, -19.0165052 ], [ 44.4639475, -19.0164302 ], [ 44.4639335, -19.0163499 ], [ 44.463899499999989, -19.0162784 ], [ 44.4638345, -19.0162111 ], [ 44.4637954, -19.0161688 ], [ 44.4637435, -19.0160892 ], [ 44.4637155, -19.0160494 ], [ 44.4636884, -19.0160073 ], [ 44.4636525, -19.0159431 ], [ 44.4635724, -19.0159281 ], [ 44.4635104, -19.0159579 ], [ 44.4634514, -19.0160143 ], [ 44.4633674, -19.016027 ], [ 44.4633154, -19.01604 ], [ 44.4632264, -19.0160599 ], [ 44.4631424, -19.016085 ], [ 44.4630714, -19.0161079 ], [ 44.4630145, -19.0160858 ], [ 44.4630005, -19.0160174 ], [ 44.4629984, -19.0159293 ], [ 44.4629994, -19.015835 ], [ 44.462971499999988, -19.0157838 ], [ 44.4629454, -19.0157169 ], [ 44.4628964, -19.015621 ], [ 44.4628705, -19.0155682 ], [ 44.4628194, -19.0155823 ], [ 44.4627964, -19.0156391 ], [ 44.4627534, -19.0157013 ], [ 44.4627114, -19.0157279 ], [ 44.4626203, -19.0157569 ], [ 44.4625283, -19.0157559 ], [ 44.4624784, -19.0157621 ], [ 44.4624343, -19.0157854 ], [ 44.4623923, -19.0158194 ], [ 44.4623463, -19.0158448 ], [ 44.4622903, -19.015873 ], [ 44.4622383, -19.0159013 ], [ 44.4621864, -19.0159131 ], [ 44.4621284, -19.0159249 ], [ 44.4620724, -19.0159243 ], [ 44.4620194, -19.0159119 ], [ 44.4619203, -19.0158718 ], [ 44.4618594, -19.0158181 ], [ 44.4617973, -19.0157593 ], [ 44.4617124, -19.0157431 ], [ 44.4616524, -19.0157882 ], [ 44.4615623, -19.0158313 ], [ 44.4614743, -19.0158563 ], [ 44.4614223, -19.015871 ], [ 44.4613583, -19.0159132 ], [ 44.461303300000012, -19.015973 ], [ 44.4612854, -19.016053 ], [ 44.4612973, -19.0161034 ], [ 44.4613223, -19.016181 ], [ 44.4613233, -19.0162352 ], [ 44.4613323, -19.016289 ], [ 44.4613373, -19.0163432 ], [ 44.4613434, -19.016393 ], [ 44.4613444, -19.0164433 ], [ 44.4613313, -19.0164951 ], [ 44.461346299999988, -19.0165794 ], [ 44.461412300000013, -19.016645 ], [ 44.4614703, -19.0166971 ], [ 44.4615393, -19.0167469 ], [ 44.4616294, -19.0167541 ], [ 44.4617234, -19.0167613 ], [ 44.4617903, -19.0167372 ], [ 44.4618823, -19.0167004 ], [ 44.4619313, -19.0166874 ], [ 44.4619843, -19.0167004 ], [ 44.4619834, -19.0167512 ], [ 44.4619583, -19.016835 ], [ 44.4619394, -19.0168834 ], [ 44.4618983, -19.016927 ], [ 44.4618094, -19.0169633 ], [ 44.4617094, -19.0169893 ], [ 44.4616484, -19.0169994 ], [ 44.4615663, -19.0170132 ], [ 44.4615004, -19.0170249 ], [ 44.4614263, -19.0170614 ], [ 44.4613443, -19.0170689 ], [ 44.4612603, -19.0171059 ], [ 44.4611963, -19.0171871 ], [ 44.4611643, -19.017237 ], [ 44.4611494, -19.0172842 ], [ 44.4611593, -19.0173809 ], [ 44.4612103, -19.01746 ], [ 44.4612534, -19.0174864 ], [ 44.4613113, -19.017509 ], [ 44.4614063, -19.0175451 ], [ 44.461453299999988, -19.0175642 ], [ 44.461509299999989, -19.0175682 ], [ 44.461571299999989, -19.0176361 ], [ 44.4615934, -19.017686 ], [ 44.4616153, -19.01778 ], [ 44.4616403, -19.0178351 ], [ 44.4616503, -19.0178922 ], [ 44.4616573, -19.0179403 ], [ 44.4616464, -19.0179972 ], [ 44.4616314, -19.018045 ], [ 44.4616053, -19.018095 ], [ 44.4615693, -19.018146 ], [ 44.461508299999984, -19.0182069 ], [ 44.4614623, -19.0182679 ], [ 44.4614493, -19.0183181 ], [ 44.4614323, -19.0183704 ], [ 44.4614323, -19.01845 ], [ 44.4614444, -19.0185049 ], [ 44.4614704, -19.0185532 ], [ 44.4614963, -19.018641 ], [ 44.4614993, -19.0186924 ], [ 44.4615283, -19.0187334 ], [ 44.4615943, -19.0187872 ], [ 44.4616553, -19.0188251 ], [ 44.4616684, -19.0188964 ], [ 44.4616563, -19.0189782 ], [ 44.4616304, -19.0190219 ], [ 44.4615643, -19.0190884 ], [ 44.4614903, -19.0191051 ], [ 44.4614143, -19.019093 ], [ 44.4613373, -19.019095 ], [ 44.461303300000012, -19.0191533 ], [ 44.4613414, -19.0192102 ], [ 44.4614024, -19.019234 ], [ 44.4614524, -19.0192611 ], [ 44.4615604, -19.0193024 ], [ 44.4616164, -19.0192973 ], [ 44.4616733, -19.0192782 ], [ 44.4617234, -19.0192652 ], [ 44.4618244, -19.0192702 ], [ 44.4618783, -19.0192793 ], [ 44.461956399999984, -19.0192773 ], [ 44.4620343, -19.0192782 ], [ 44.4621133, -19.019288 ], [ 44.4621973, -19.0193019 ], [ 44.4622603, -19.0193213 ], [ 44.4623273, -19.0193542 ], [ 44.4623984, -19.0193871 ], [ 44.4624354, -19.0194282 ], [ 44.4624463, -19.019478 ], [ 44.462454300000012, -19.01953 ], [ 44.4624494, -19.0195842 ], [ 44.4624113, -19.0196634 ], [ 44.4623794, -19.0197099 ], [ 44.4623753, -19.0198042 ], [ 44.4624173, -19.019882 ], [ 44.4624634, -19.0199113 ], [ 44.4625053, -19.0199434 ], [ 44.4625524, -19.0199812 ], [ 44.4625835, -19.0200261 ], [ 44.4626194, -19.0200881 ], [ 44.4626404, -19.0201414 ], [ 44.4626774, -19.020192 ], [ 44.4627054, -19.020242 ], [ 44.4627194, -19.0203032 ], [ 44.462766399999985, -19.0203923 ], [ 44.4627845, -19.020445 ], [ 44.4627985, -19.0204909 ], [ 44.4627964, -19.0205479 ], [ 44.4627944, -19.0205982 ], [ 44.4628183, -19.0206402 ], [ 44.4628924, -19.0206653 ], [ 44.4629854, -19.0206601 ], [ 44.4630354, -19.0206392 ], [ 44.463099399999983, -19.0205834 ], [ 44.4631255, -19.0205012 ], [ 44.4631255, -19.0204403 ], [ 44.4631224, -19.0203871 ], [ 44.4631285, -19.0203369 ], [ 44.4631394, -19.0202891 ], [ 44.4631774, -19.0202522 ], [ 44.4632435, -19.0202049 ], [ 44.4633244, -19.0201883 ], [ 44.4633735, -19.0202052 ], [ 44.4634585, -19.0202214 ], [ 44.4635114, -19.0202293 ], [ 44.4635675, -19.0202305 ], [ 44.4636435, -19.0201912 ], [ 44.4636785, -19.0201323 ], [ 44.4636934, -19.0200861 ], [ 44.4637085, -19.0199694 ], [ 44.4636924, -19.019915 ], [ 44.4636655, -19.0198662 ], [ 44.4636794, -19.0197703 ], [ 44.4636764, -19.019702 ], [ 44.4636804, -19.0196043 ], [ 44.4636785, -19.0195523 ], [ 44.4636954, -19.0194994 ], [ 44.4637185, -19.0194573 ], [ 44.4637525, -19.0194052 ], [ 44.4638074, -19.0193922 ], [ 44.463804499999981, -19.0193312 ], [ 44.463864400000013, -19.0192703 ], [ 44.4639114, -19.0192381 ], [ 44.4639555, -19.0192013 ], [ 44.4640064, -19.01916 ], [ 44.464030500000014, -19.0191134 ], [ 44.4640554, -19.0190623 ], [ 44.464093499999983, -19.0190271 ], [ 44.4641465, -19.0189893 ], [ 44.4641825, -19.0189479 ], [ 44.464222500000012, -19.0189133 ], [ 44.4642615, -19.0188703 ], [ 44.4643095, -19.018829 ], [ 44.4643635, -19.0188019 ], [ 44.4644304, -19.0187439 ], [ 44.4644836, -19.0186841 ], [ 44.4645174, -19.0186184 ], [ 44.4645395, -19.0185571 ], [ 44.4645205, -19.0185004 ], [ 44.4645135, -19.0184472 ], [ 44.4645095, -19.018367 ], [ 44.4645305, -19.0182961 ], [ 44.4645494, -19.0182144 ], [ 44.4645765, -19.018126 ], [ 44.4645715, -19.018078 ], [ 44.4645495, -19.0179953 ], [ 44.4645354, -19.0179212 ], [ 44.4645515, -19.017853 ], [ 44.4645595, -19.0177854 ], [ 44.4645865, -19.0177201 ], [ 44.4646035, -19.017626 ], [ 44.4646715, -19.0175782 ], [ 44.4647185, -19.0175589 ], [ 44.4647615, -19.0174984 ], [ 44.4648205, -19.017455 ], [ 44.4648605, -19.0174261 ], [ 44.464905399999985, -19.017352 ], [ 44.464910499999988, -19.0173024 ], [ 44.464902599999988, -19.0172441 ], [ 44.4648915, -19.0171859 ], [ 44.4649485, -19.0171153 ], [ 44.4649925, -19.0170701 ], [ 44.4650425, -19.0170249 ], [ 44.4651035, -19.0169849 ], [ 44.4651515, -19.016969 ], [ 44.4652016, -19.0169532 ], [ 44.465273499999988, -19.0169472 ], [ 44.4653445, -19.0169383 ], [ 44.4654355, -19.0169173 ], [ 44.4655225, -19.0169041 ], [ 44.4655655, -19.0168651 ], [ 44.4655866, -19.016819 ], [ 44.4655876, -19.016745 ], [ 44.465583599999988, -19.0166958 ], [ 44.4656475, -19.0166649 ], [ 44.4657166, -19.0166843 ], [ 44.4657735, -19.016751 ], [ 44.4657856, -19.0168093 ], [ 44.4657826, -19.0168584 ], [ 44.4657645, -19.016957 ], [ 44.4657595, -19.0170179 ], [ 44.4657566, -19.0170749 ], [ 44.4657566, -19.0171263 ], [ 44.4657576, -19.0171873 ], [ 44.4657465, -19.0172369 ], [ 44.4656986, -19.0173081 ], [ 44.4657035, -19.0173669 ], [ 44.4657535, -19.0174312 ], [ 44.4658185, -19.0174449 ], [ 44.4658796, -19.0174749 ], [ 44.4659405, -19.0174959 ], [ 44.4660025, -19.0175079 ], [ 44.4660596, -19.0175181 ], [ 44.4661476, -19.0175433 ], [ 44.4662265, -19.017595 ], [ 44.4662675, -19.0176293 ], [ 44.4663166, -19.0176604 ], [ 44.4663836, -19.0176944 ], [ 44.4664335, -19.0177119 ], [ 44.4664936, -19.0177041 ], [ 44.4665696, -19.017675 ], [ 44.4666386, -19.0176413 ], [ 44.4667196, -19.0175851 ], [ 44.4667947, -19.0175244 ], [ 44.4668656, -19.0174839 ], [ 44.4669365, -19.0174632 ], [ 44.4670077, -19.01746 ], [ 44.4670616, -19.0174691 ], [ 44.4671556, -19.0174882 ], [ 44.4672096, -19.0175142 ], [ 44.4672836, -19.0175703 ], [ 44.4673257, -19.0176272 ], [ 44.4673486, -19.0176981 ], [ 44.4673817, -19.0177752 ], [ 44.4674267, -19.0178203 ], [ 44.4674826, -19.017852 ], [ 44.4675807, -19.017866 ], [ 44.4676606, -19.017881 ], [ 44.4677126, -19.0178889 ], [ 44.4677657, -19.017907 ], [ 44.4678157, -19.0179233 ], [ 44.4678777, -19.0179652 ], [ 44.4679346, -19.018033 ], [ 44.4679526, -19.018127 ], [ 44.4679617, -19.0181779 ], [ 44.4679837, -19.018247 ], [ 44.4680126, -19.0183004 ], [ 44.4680426, -19.0183623 ], [ 44.468068599999988, -19.0184202 ], [ 44.4680787, -19.0184864 ], [ 44.4681057, -19.018568 ], [ 44.4681197, -19.0186319 ], [ 44.4681367, -19.0186891 ], [ 44.4681507, -19.018735 ], [ 44.4681676, -19.0187911 ], [ 44.4681717, -19.0188482 ], [ 44.4681687, -19.0189052 ], [ 44.468177700000012, -19.0189533 ], [ 44.468203699999989, -19.0190021 ], [ 44.4682256, -19.0190583 ], [ 44.4682497, -19.0191003 ], [ 44.4682657, -19.019157 ], [ 44.4682767, -19.0192209 ], [ 44.4682857, -19.0193243 ], [ 44.4701847, -19.019346 ], [ 44.4701838, -19.0192533 ], [ 44.4701768, -19.0191522 ], [ 44.4701698, -19.0190764 ], [ 44.4701528, -19.018939 ], [ 44.4701418, -19.018874 ], [ 44.4700988, -19.0186821 ], [ 44.4700797, -19.0186181 ], [ 44.4700428, -19.018516 ], [ 44.4699988, -19.0183123 ], [ 44.4699828, -19.0182551 ], [ 44.4699628, -19.0181893 ], [ 44.46992070000001, -19.018037 ], [ 44.4698978, -19.0179311 ], [ 44.4698117, -19.0177021 ], [ 44.4697797, -19.0175871 ], [ 44.4697397, -19.0174669 ], [ 44.4696718, -19.0173013 ], [ 44.4695417, -19.017069 ], [ 44.4695107, -19.0170223 ], [ 44.4693567, -19.0168241 ], [ 44.4693147, -19.0167802 ], [ 44.4692417, -19.0167009 ], [ 44.4691638, -19.0166272 ], [ 44.4690818, -19.0165569 ], [ 44.4689957, -19.0164922 ], [ 44.4689057, -19.0164319 ], [ 44.4688117, -19.0163772 ], [ 44.4687146, -19.0163271 ], [ 44.4686147, -19.0162831 ], [ 44.4685707, -19.0162402 ], [ 44.4684527, -19.0161469 ], [ 44.468254599999987, -19.0160053 ], [ 44.4680756, -19.0159062 ], [ 44.4680216, -19.0158791 ], [ 44.4679246, -19.0158352 ], [ 44.4678256, -19.0157974 ], [ 44.4677247, -19.0157641 ], [ 44.4676226, -19.0157359 ], [ 44.4675727, -19.0157241 ], [ 44.467406599999983, -19.0156912 ], [ 44.4673076, -19.0156783 ], [ 44.4672476, -19.0155952 ], [ 44.467181599999989, -19.015516 ], [ 44.4671106, -19.0154424 ], [ 44.4670326, -19.0153732 ], [ 44.4669506, -19.0153091 ], [ 44.4668646, -19.0152511 ], [ 44.4668316, -19.015118 ], [ 44.4668026, -19.0150223 ], [ 44.4667676, -19.0149282 ], [ 44.4667276, -19.0148363 ], [ 44.4666817, -19.014746 ], [ 44.4666306, -19.0146579 ], [ 44.4665757, -19.0145732 ], [ 44.4666557, -19.0145114 ], [ 44.4667326, -19.014445 ], [ 44.4668045, -19.014374 ], [ 44.4668717, -19.014298 ], [ 44.4669336, -19.014219 ], [ 44.4669907, -19.0141372 ], [ 44.467038599999988, -19.0140649 ], [ 44.4670636, -19.01402 ], [ 44.4672227, -19.0137653 ], [ 44.4672446, -19.0137209 ], [ 44.4672906, -19.013622 ], [ 44.4673296, -19.0135203 ], [ 44.4673626, -19.0134161 ], [ 44.4673887, -19.0133108 ], [ 44.4674076, -19.0132043 ], [ 44.4674206, -19.013096 ], [ 44.4674267, -19.0129882 ], [ 44.4674276, -19.0129369 ], [ 44.4674116, -19.0126702 ], [ 44.4673917, -19.0125779 ], [ 44.4674086, -19.0124781 ], [ 44.4674187, -19.012376 ], [ 44.4674236, -19.012275 ], [ 44.4674207, -19.0121733 ], [ 44.4674176, -19.0121089 ], [ 44.4674077, -19.0119959 ], [ 44.467390599999987, -19.0118833 ], [ 44.4673657, -19.0117718 ], [ 44.4673346, -19.0116619 ], [ 44.4672946, -19.0115553 ], [ 44.4672487, -19.0114492 ], [ 44.4671956, -19.011347 ], [ 44.4671356, -19.0112492 ], [ 44.4671086, -19.0112072 ], [ 44.4670537, -19.0111252 ], [ 44.4669936, -19.0110461 ], [ 44.4669286, -19.0109709 ], [ 44.466858699999989, -19.0109001 ], [ 44.466784699999984, -19.0108332 ], [ 44.4667056, -19.0107702 ], [ 44.4666236, -19.0107118 ], [ 44.4665465, -19.0106499 ], [ 44.4664656, -19.0105909 ], [ 44.4663817, -19.0105369 ], [ 44.4662945, -19.0104868 ], [ 44.4662045, -19.0104418 ], [ 44.4661126, -19.0104019 ], [ 44.4660586, -19.0101393 ], [ 44.4660246, -19.0100101 ], [ 44.4659926, -19.009907 ], [ 44.4659546, -19.0098072 ], [ 44.4659096, -19.0097091 ], [ 44.4658576, -19.0096142 ], [ 44.4658686, -19.009481 ], [ 44.4658596, -19.009311 ], [ 44.4658956, -19.0092171 ], [ 44.4659256, -19.0091203 ], [ 44.4659496, -19.0090223 ], [ 44.4659676, -19.0089231 ], [ 44.4659785, -19.0088232 ], [ 44.4659846, -19.0087228 ], [ 44.4659875, -19.0086071 ], [ 44.4659716, -19.008337 ], [ 44.4659426, -19.0081819 ], [ 44.4659075, -19.0080449 ], [ 44.465873599999988, -19.007944 ], [ 44.4658335, -19.0078447 ], [ 44.4657876, -19.0077477 ], [ 44.4657356, -19.007654 ], [ 44.4656776, -19.007563 ], [ 44.4656146, -19.0074748 ], [ 44.465545499999983, -19.0073921 ], [ 44.4654715, -19.0073117 ], [ 44.4653925, -19.0072369 ], [ 44.4653095, -19.007166 ], [ 44.4652726, -19.0071181 ], [ 44.4650786, -19.0069297 ], [ 44.4650586, -19.0068047 ], [ 44.4650566, -19.0067081 ], [ 44.4650486, -19.0066109 ], [ 44.4650346, -19.0065147 ], [ 44.4650155, -19.0064202 ], [ 44.4649996, -19.0063517 ], [ 44.4649865, -19.0063058 ], [ 44.4649736, -19.0062278 ], [ 44.4650505, -19.0061151 ], [ 44.4651205, -19.0060317 ], [ 44.4651846, -19.005946 ], [ 44.465242499999981, -19.0058557 ], [ 44.4652956, -19.005762 ], [ 44.4653235, -19.0057087 ], [ 44.4653675, -19.0056188 ], [ 44.4654066, -19.0055272 ], [ 44.4654405, -19.0054327 ], [ 44.4654675, -19.0053369 ], [ 44.4654896, -19.0052401 ], [ 44.4655056, -19.0051408 ], [ 44.4655155, -19.0050421 ], [ 44.4655195, -19.0049428 ], [ 44.4655176, -19.0048439 ], [ 44.4655366, -19.0046601 ], [ 44.4655386, -19.0045308 ], [ 44.4655356, -19.004446 ], [ 44.4655205, -19.0042522 ], [ 44.4654655, -19.003998 ], [ 44.4654425, -19.0039221 ], [ 44.4654185, -19.0038581 ], [ 44.4654176, -19.0037846 ], [ 44.4654116, -19.0037168 ], [ 44.4653995, -19.0036111 ], [ 44.4653806, -19.0035058 ], [ 44.4653545, -19.0034017 ], [ 44.4653235, -19.0032997 ], [ 44.4652855, -19.0031999 ], [ 44.4652565, -19.0031307 ], [ 44.4652126, -19.0030336 ], [ 44.4651635, -19.0029399 ], [ 44.4651085, -19.0028479 ], [ 44.4650475, -19.0027597 ], [ 44.4649815, -19.0026748 ], [ 44.4649395, -19.002623 ], [ 44.4648675, -19.0025358 ], [ 44.4648166, -19.0024788 ], [ 44.4647285, -19.002392 ], [ 44.4646656, -19.0023207 ], [ 44.4645986, -19.0022528 ], [ 44.46452750000001, -19.0021888 ], [ 44.4644525, -19.0021287 ], [ 44.4643745, -19.0020731 ], [ 44.4641594, -19.001916 ], [ 44.4639134, -19.0017857 ], [ 44.4638426, -19.001755 ], [ 44.4636444, -19.0016806 ], [ 44.4635554, -19.0016531 ], [ 44.4634485, -19.0016226 ], [ 44.4633404, -19.0015988 ], [ 44.463231400000012, -19.0015807 ], [ 44.463120499999981, -19.0015688 ], [ 44.4630105, -19.0015631 ], [ 44.4628994, -19.0015636 ], [ 44.4628114, -19.0015666 ], [ 44.4626254, -19.0015809 ], [ 44.4624524, -19.0016107 ], [ 44.4623644, -19.0016301 ], [ 44.4622654, -19.0016538 ], [ 44.4621665, -19.0016838 ], [ 44.4620703, -19.0017178 ], [ 44.4619764, -19.0017569 ], [ 44.4618804, -19.001801 ], [ 44.4617823, -19.0018479 ], [ 44.4616864, -19.0019011 ], [ 44.4615953, -19.0019589 ], [ 44.4615064, -19.0020217 ], [ 44.4614224, -19.0020891 ], [ 44.4613424, -19.0021617 ], [ 44.461281299999989, -19.0022197 ], [ 44.4611973, -19.0023069 ], [ 44.4610943, -19.0024187 ], [ 44.4609824, -19.0025547 ], [ 44.4609343, -19.002618 ], [ 44.4608733, -19.0027049 ], [ 44.4608173, -19.0027946 ], [ 44.4607674, -19.0028867 ], [ 44.4607223, -19.0029828 ], [ 44.4606833, -19.0030806 ], [ 44.4606513, -19.0031796 ], [ 44.4606182, -19.0032917 ], [ 44.4605773, -19.0034601 ], [ 44.4605123, -19.0035407 ], [ 44.4604523, -19.0036259 ], [ 44.4603973, -19.0037128 ], [ 44.4603482, -19.0038037 ], [ 44.4603053, -19.003897 ], [ 44.4602683, -19.003992 ], [ 44.4602363, -19.0040899 ], [ 44.4602103, -19.0041766 ], [ 44.4601623, -19.0043867 ], [ 44.4601403, -19.0046237 ], [ 44.4601373, -19.0046818 ], [ 44.4601183, -19.004921 ], [ 44.4601212, -19.0049741 ], [ 44.4601142, -19.005074 ], [ 44.4601153, -19.005174 ], [ 44.4601243, -19.0052729 ], [ 44.4601393, -19.0053719 ], [ 44.4601613, -19.0054698 ], [ 44.4601393, -19.0055226 ], [ 44.4600832, -19.0055938 ], [ 44.4600534, -19.0056347 ], [ 44.4600013, -19.0057081 ], [ 44.4599543, -19.0057838 ], [ 44.4599133, -19.005863 ], [ 44.4598782, -19.0059439 ], [ 44.459838200000014, -19.0060378 ], [ 44.4598092, -19.0060911 ], [ 44.4597303, -19.0062772 ], [ 44.4596892, -19.006393 ], [ 44.4596612, -19.0064791 ], [ 44.4596373, -19.006567 ], [ 44.4596183, -19.0066548 ], [ 44.4596043, -19.0067439 ], [ 44.4595962, -19.0068257 ], [ 44.4595773, -19.0069288 ], [ 44.4595643, -19.0070332 ], [ 44.4595582, -19.007137 ], [ 44.4595593, -19.007242 ], [ 44.4595662, -19.0073472 ], [ 44.4595803, -19.0074501 ], [ 44.4596002, -19.0075531 ], [ 44.4596332, -19.0076731 ], [ 44.4594583, -19.007979 ], [ 44.4593403, -19.0082668 ], [ 44.4592399, -19.0085504 ], [ 44.4591363, -19.0086661 ], [ 44.4590682, -19.008754 ], [ 44.4590062, -19.0088471 ], [ 44.4589503, -19.0089431 ], [ 44.4588842, -19.0090287 ], [ 44.4588232, -19.009119 ], [ 44.4587682, -19.0092121 ], [ 44.4587201, -19.0093082 ], [ 44.4586772, -19.0094071 ], [ 44.4586403, -19.0095078 ], [ 44.458610199999988, -19.0096108 ], [ 44.4585861, -19.009715 ], [ 44.4585691, -19.009821 ], [ 44.4585592, -19.009927 ], [ 44.4585551, -19.0100343 ], [ 44.4585582, -19.010141 ], [ 44.4585671, -19.0102467 ], [ 44.4585501, -19.0103408 ], [ 44.4585392, -19.0104362 ], [ 44.4585332, -19.010531 ], [ 44.4585332, -19.0106258 ], [ 44.4585381, -19.0107208 ], [ 44.4585492, -19.0108157 ], [ 44.4585582, -19.0108768 ], [ 44.4585961, -19.0110591 ], [ 44.4586222, -19.0112022 ], [ 44.4586392, -19.0112781 ], [ 44.4586432, -19.0113538 ], [ 44.4586501, -19.0114442 ], [ 44.4585431, -19.0114927 ], [ 44.4583922, -19.0115702 ], [ 44.45828920000001, -19.0116312 ], [ 44.4581902, -19.011699 ], [ 44.4580951, -19.0117708 ], [ 44.4580051, -19.0118489 ], [ 44.4579201, -19.0119332 ], [ 44.4579211, -19.0118022 ], [ 44.457917199999983, -19.0116712 ], [ 44.4579072, -19.0115152 ], [ 44.4578961, -19.0114089 ], [ 44.4578832, -19.0113229 ], [ 44.4578642, -19.0112392 ], [ 44.4578411, -19.0111548 ], [ 44.4578132, -19.0110732 ], [ 44.4577761, -19.0109231 ], [ 44.4577402, -19.0108137 ], [ 44.4576981, -19.0107082 ], [ 44.4576481, -19.0106038 ], [ 44.4575922, -19.0105038 ], [ 44.4575292, -19.0104009 ], [ 44.4574791, -19.0103292 ], [ 44.4574231, -19.0102592 ], [ 44.457362100000012, -19.0101941 ], [ 44.4572982, -19.0101319 ], [ 44.4573722, -19.009839 ], [ 44.4573902, -19.0096868 ], [ 44.4573941, -19.0096332 ], [ 44.4573981, -19.0095372 ], [ 44.4573971, -19.0094412 ], [ 44.4573912, -19.009344 ], [ 44.4573791, -19.009249 ], [ 44.4573622, -19.009154 ], [ 44.4573431, -19.0090707 ], [ 44.4573471, -19.0090002 ], [ 44.4573211, -19.0087498 ], [ 44.4573642, -19.008552 ], [ 44.4573742, -19.0085002 ], [ 44.4574012, -19.0082882 ], [ 44.4574071, -19.0081527 ], [ 44.4574062, -19.0080589 ], [ 44.4573991, -19.0079657 ], [ 44.4573872, -19.0078718 ], [ 44.4573301, -19.0076041 ], [ 44.4572972, -19.0075168 ], [ 44.4572731, -19.0074318 ], [ 44.4572452, -19.0073491 ], [ 44.4572131, -19.0072668 ], [ 44.4571761, -19.0071857 ], [ 44.4571521, -19.007138 ], [ 44.4570401, -19.0069408 ], [ 44.456877100000014, -19.0067301 ], [ 44.4567731, -19.0066149 ], [ 44.4566901, -19.0065338 ], [ 44.4566021, -19.0064578 ], [ 44.4565091, -19.0063879 ], [ 44.4564111, -19.0063241 ], [ 44.4563101, -19.0062649 ], [ 44.456149, -19.0061841 ], [ 44.455988, -19.0061196 ], [ 44.4558681, -19.0060811 ], [ 44.455592, -19.0060222 ], [ 44.455537, -19.0060148 ], [ 44.4554241, -19.0060028 ], [ 44.455311099999982, -19.0059971 ], [ 44.4551971, -19.0059981 ], [ 44.455084, -19.0060048 ], [ 44.454972, -19.0060188 ], [ 44.45486, -19.0060391 ], [ 44.45475, -19.006065 ], [ 44.454635, -19.006088 ], [ 44.454404, -19.0061657 ], [ 44.454266, -19.0062257 ], [ 44.4541699, -19.0062749 ], [ 44.454077, -19.0063287 ], [ 44.453988, -19.0063887 ], [ 44.453903, -19.0064527 ], [ 44.4538219, -19.0065219 ], [ 44.4537449, -19.006595 ], [ 44.453672, -19.0066721 ], [ 44.453635, -19.0067101 ], [ 44.453515, -19.0066349 ], [ 44.4533929, -19.0065398 ], [ 44.4532499, -19.0064439 ], [ 44.4532049, -19.0064158 ], [ 44.45298, -19.0062959 ], [ 44.452924, -19.0062749 ], [ 44.4528659, -19.0062331 ], [ 44.4528239, -19.0061547 ], [ 44.4527999, -19.0060398 ], [ 44.4527869, -19.005986 ], [ 44.452762799999988, -19.0058892 ], [ 44.452732, -19.0057787 ], [ 44.4526939, -19.005671 ], [ 44.4526489, -19.0055649 ], [ 44.4525968, -19.0054622 ], [ 44.4525379, -19.0053627 ], [ 44.4524729, -19.0052671 ], [ 44.4524299, -19.0052012 ], [ 44.4524499, -19.0051059 ], [ 44.4524729, -19.0050441 ], [ 44.4525409, -19.0049692 ], [ 44.4526049, -19.0048908 ], [ 44.4526649, -19.0048101 ], [ 44.4527198, -19.004726 ], [ 44.4527699, -19.004639 ], [ 44.4527929, -19.0045969 ], [ 44.452834, -19.0045166 ], [ 44.4528709, -19.0044352 ], [ 44.4529029, -19.0043508 ], [ 44.4529309, -19.0042647 ], [ 44.4529529, -19.0041921 ], [ 44.452979, -19.0040947 ], [ 44.4529999, -19.0039978 ], [ 44.4530138, -19.0038991 ], [ 44.4530229, -19.0037998 ], [ 44.4530259, -19.0036999 ], [ 44.453024, -19.0036 ], [ 44.4530209, -19.0035457 ], [ 44.4530119, -19.0034428 ], [ 44.452997, -19.003341 ], [ 44.4529759, -19.0032397 ], [ 44.4529489, -19.0031389 ], [ 44.452916, -19.0030409 ], [ 44.4528769, -19.002945 ], [ 44.452846, -19.0028758 ], [ 44.452801, -19.0027799 ], [ 44.4527498, -19.0026867 ], [ 44.4526929, -19.002598 ], [ 44.4526309, -19.0025109 ], [ 44.4525639, -19.0024277 ], [ 44.452492, -19.002349 ], [ 44.452458, -19.0023137 ], [ 44.4523198, -19.0021851 ], [ 44.4521558, -19.0020619 ], [ 44.4520709, -19.0020051 ], [ 44.4518239, -19.0018748 ], [ 44.4517169, -19.001825 ], [ 44.4516059, -19.001782 ], [ 44.4514928, -19.0017458 ], [ 44.4513779, -19.0017157 ], [ 44.4512609, -19.001693 ], [ 44.4511428, -19.0016776 ], [ 44.4510228, -19.001669 ], [ 44.4509038, -19.0016677 ], [ 44.4507849, -19.0016737 ], [ 44.4506488, -19.0016869 ], [ 44.4505138, -19.0017131 ], [ 44.450440799999988, -19.001666 ], [ 44.4503428, -19.0016096 ], [ 44.4502419, -19.0015599 ], [ 44.4501378, -19.0015159 ], [ 44.4500308, -19.001478 ], [ 44.4499318, -19.0014498 ], [ 44.4497277, -19.001403 ], [ 44.4496698, -19.0013837 ], [ 44.4496108, -19.0013769 ], [ 44.4494757, -19.001363 ], [ 44.4493737, -19.0013591 ], [ 44.4492717, -19.0013596 ], [ 44.4491707, -19.0013659 ], [ 44.449068800000013, -19.0013778 ], [ 44.4489687, -19.0013936 ], [ 44.4488297, -19.0014248 ], [ 44.4487158, -19.0014451 ], [ 44.4484377, -19.0015256 ], [ 44.4482147, -19.0016186 ], [ 44.4480426, -19.001711 ], [ 44.4478196, -19.0018656 ], [ 44.4477796, -19.001899 ], [ 44.4476917, -19.0019749 ], [ 44.447615, -19.0020497 ], [ 44.4475597, -19.002105 ], [ 44.4473896, -19.002316 ], [ 44.4473556, -19.0023659 ], [ 44.4472956, -19.0024528 ], [ 44.4472406, -19.0025369 ], [ 44.4471906, -19.0026227 ], [ 44.4471456, -19.0027126 ], [ 44.4471056, -19.0028036 ], [ 44.4470716, -19.002897 ], [ 44.4470426, -19.0029921 ], [ 44.4470246, -19.0030557 ], [ 44.4469846, -19.0032377 ], [ 44.4469685, -19.0033606 ], [ 44.4469637, -19.003421 ], [ 44.4469586, -19.0034926 ], [ 44.4469546, -19.0035677 ], [ 44.4469536, -19.0036298 ], [ 44.4469636, -19.0038078 ], [ 44.4469177, -19.0038999 ], [ 44.446877600000015, -19.0039949 ], [ 44.4468446, -19.0040917 ], [ 44.4468175, -19.0041908 ], [ 44.446763600000011, -19.0043517 ], [ 44.4467175, -19.0045567 ], [ 44.4467086, -19.0046419 ], [ 44.4466826, -19.0047466 ], [ 44.4466626, -19.0048537 ], [ 44.4466496, -19.0049608 ], [ 44.4466435, -19.0050686 ], [ 44.446644600000013, -19.0051771 ], [ 44.4466625, -19.0054619 ], [ 44.4466946, -19.0056311 ], [ 44.4467077, -19.0056837 ], [ 44.4467327, -19.005776 ], [ 44.4467626, -19.0058661 ], [ 44.4467976, -19.0059552 ], [ 44.4468376, -19.0060431 ], [ 44.4468816, -19.0061278 ], [ 44.4469106, -19.0061789 ], [ 44.4469776, -19.0062892 ], [ 44.4470496, -19.0063831 ], [ 44.4470966, -19.0064667 ], [ 44.4471406, -19.0065298 ], [ 44.4472817, -19.0067087 ], [ 44.4473696, -19.0068017 ], [ 44.4474186, -19.0068496 ], [ 44.4474927, -19.0069165 ], [ 44.4475446, -19.0069617 ], [ 44.4475796, -19.007053 ], [ 44.4476436, -19.0071847 ], [ 44.4476956, -19.0072762 ], [ 44.4477547, -19.0073638 ], [ 44.4478176, -19.0074492 ], [ 44.4478856, -19.0075301 ], [ 44.4479597, -19.0076072 ], [ 44.4480376, -19.0076797 ], [ 44.4481196, -19.0077478 ], [ 44.448140699999989, -19.0078192 ], [ 44.4481696, -19.0079082 ], [ 44.4482457, -19.0080987 ], [ 44.4483217, -19.008243 ], [ 44.4483937, -19.0083657 ], [ 44.4484507, -19.0084477 ], [ 44.4485117, -19.0085251 ], [ 44.4485797, -19.0085982 ], [ 44.4486517, -19.0086667 ], [ 44.4487087, -19.0087407 ], [ 44.4488307, -19.0088657 ], [ 44.4488708, -19.0089029 ], [ 44.448946699999986, -19.0089698 ], [ 44.4490267, -19.0090328 ], [ 44.4491097, -19.0090907 ], [ 44.4491957, -19.0091447 ], [ 44.4492708, -19.0091992 ], [ 44.4493657, -19.009255 ], [ 44.4494698, -19.0093719 ], [ 44.4496327, -19.009586 ], [ 44.4497537, -19.009707 ], [ 44.4498108, -19.0097619 ], [ 44.4497288, -19.009962 ], [ 44.4496458, -19.0102609 ], [ 44.4496038, -19.0105423 ], [ 44.4494947, -19.0105659 ], [ 44.4493037, -19.0106282 ], [ 44.4492497, -19.0106491 ], [ 44.4491577, -19.010687 ], [ 44.4490677, -19.010729 ], [ 44.4489807, -19.010776 ], [ 44.4488957, -19.010827 ], [ 44.4488137, -19.0108821 ], [ 44.4487347, -19.0109422 ], [ 44.4486797, -19.0109862 ], [ 44.4484826, -19.0111693 ], [ 44.4484307, -19.0112257 ], [ 44.4483677, -19.0112578 ], [ 44.4482907, -19.0113072 ], [ 44.4481627, -19.011395 ], [ 44.4480776, -19.011463 ], [ 44.4479966, -19.011535 ], [ 44.4479207, -19.0116121 ], [ 44.4478486, -19.011692 ], [ 44.4477826, -19.0117771 ], [ 44.4477216, -19.0118651 ], [ 44.4476666, -19.011956 ], [ 44.4476167, -19.0120498 ], [ 44.4475866, -19.0120901 ], [ 44.4475566, -19.0121338 ], [ 44.4474287, -19.0123521 ], [ 44.4473515, -19.0125348 ], [ 44.4473246, -19.0126101 ], [ 44.4472916, -19.0127142 ], [ 44.4472656, -19.012819 ], [ 44.4472466, -19.0129261 ], [ 44.4472387, -19.0129819 ], [ 44.4472336, -19.013031 ], [ 44.4472125, -19.013116 ], [ 44.4471976, -19.0132011 ], [ 44.447188700000012, -19.0132868 ], [ 44.4471866, -19.0133738 ], [ 44.4471895, -19.0134602 ], [ 44.4471656, -19.0135712 ], [ 44.4471496, -19.0136828 ], [ 44.4471416, -19.0137951 ], [ 44.4471406, -19.013908 ], [ 44.4471466, -19.014021 ], [ 44.4471516, -19.0140719 ], [ 44.4471607, -19.014155 ], [ 44.4472107, -19.014391 ], [ 44.4472256, -19.0144432 ], [ 44.4472606, -19.0145853 ], [ 44.4472976, -19.0146811 ], [ 44.4470997, -19.01471 ], [ 44.4469506, -19.0147242 ], [ 44.4468416, -19.0147411 ], [ 44.4467336, -19.0147642 ], [ 44.4466275, -19.0147952 ], [ 44.4465295, -19.0148212 ], [ 44.4464325, -19.0148529 ], [ 44.4463386, -19.0148909 ], [ 44.4462466, -19.0149339 ], [ 44.4461586, -19.0149832 ], [ 44.4460575, -19.0150233 ], [ 44.445959599999981, -19.0150691 ], [ 44.4458645, -19.0151212 ], [ 44.4457735, -19.0151783 ], [ 44.4456865, -19.0152401 ], [ 44.4455715, -19.0153303 ], [ 44.4454925, -19.0154011 ], [ 44.4454175, -19.015476 ], [ 44.4453475, -19.0155548 ], [ 44.4452826, -19.0156371 ], [ 44.4452225, -19.0157229 ], [ 44.445193599999989, -19.0157683 ], [ 44.4451385, -19.0158564 ], [ 44.4450905, -19.0159462 ], [ 44.4450464, -19.01604 ], [ 44.4450085, -19.016135 ], [ 44.4449764, -19.0162324 ], [ 44.4449505, -19.0163309 ], [ 44.4449295, -19.0164312 ], [ 44.4449155, -19.016531 ], [ 44.4448994, -19.0167448 ], [ 44.4449045, -19.0168279 ], [ 44.4448175, -19.017002 ], [ 44.4447605, -19.0171279 ], [ 44.4447034, -19.017282 ], [ 44.4446684, -19.0174273 ], [ 44.4445734, -19.0175149 ], [ 44.4444765, -19.0176364 ], [ 44.4444214, -19.017664 ], [ 44.4441944, -19.017823 ], [ 44.4441295, -19.0178703 ], [ 44.4440674, -19.017921 ], [ 44.4440094, -19.0179763 ], [ 44.4439544, -19.0180338 ], [ 44.4439044, -19.018096 ], [ 44.4438384, -19.018163 ], [ 44.4437785, -19.0182341 ], [ 44.443723399999989, -19.0183103 ], [ 44.4436743, -19.0183882 ], [ 44.4436305, -19.0184702 ], [ 44.4435944, -19.0185551 ], [ 44.4435453, -19.0186483 ], [ 44.4435034, -19.0187432 ], [ 44.4434675, -19.0188411 ], [ 44.4434375, -19.0189401 ], [ 44.4434144, -19.0190421 ], [ 44.4433974, -19.0191441 ], [ 44.4433904, -19.019196 ], [ 44.4433744, -19.01928 ], [ 44.4433674, -19.0193584 ], [ 44.4433304, -19.0194703 ], [ 44.4433134, -19.0195261 ], [ 44.4432783, -19.019629 ], [ 44.4432244, -19.0198441 ], [ 44.4432004, -19.0199692 ], [ 44.4431953, -19.0200223 ], [ 44.4431733, -19.0201124 ], [ 44.4431574, -19.0202042 ], [ 44.4431454, -19.020295 ], [ 44.4431405, -19.0203881 ], [ 44.4431393, -19.0204802 ], [ 44.4431504, -19.0206723 ], [ 44.4431613, -19.0207611 ], [ 44.4432194, -19.0210254 ], [ 44.4431994, -19.0211342 ], [ 44.4431693, -19.02124 ], [ 44.4431274, -19.0214304 ], [ 44.4431004, -19.0216842 ], [ 44.4430584, -19.0217611 ], [ 44.4430203, -19.0218403 ], [ 44.4429874, -19.0219202 ], [ 44.4429584, -19.0220034 ], [ 44.4429344, -19.0220862 ], [ 44.4429224, -19.022134 ], [ 44.4428993, -19.0222354 ], [ 44.4428834, -19.0223375 ], [ 44.4428724, -19.0224401 ], [ 44.4428684, -19.022544 ], [ 44.4428703, -19.0226473 ], [ 44.4428784, -19.0227502 ], [ 44.4428924, -19.0228531 ], [ 44.4429133, -19.0229544 ], [ 44.4429394, -19.0230541 ], [ 44.4429534, -19.0231022 ], [ 44.4430443, -19.023341 ], [ 44.4431644, -19.023558 ], [ 44.4432493, -19.023682 ], [ 44.4433123, -19.0237635 ], [ 44.4433804, -19.023841 ], [ 44.4434534, -19.0239152 ], [ 44.4435304, -19.0239849 ], [ 44.4436114, -19.0240502 ], [ 44.4436964, -19.0241121 ], [ 44.4437415, -19.024142 ], [ 44.4439245, -19.024253 ], [ 44.4439724, -19.0242783 ], [ 44.4440325, -19.0243084 ], [ 44.4441744, -19.0243805 ], [ 44.4442204, -19.0244081 ], [ 44.4443045, -19.0244604 ], [ 44.4443924, -19.0245094 ], [ 44.4444824, -19.0245533 ], [ 44.4445744, -19.0245921 ], [ 44.4446685, -19.0246265 ], [ 44.4448094, -19.0246743 ], [ 44.4449235, -19.0247055 ], [ 44.4450394, -19.0247293 ], [ 44.4451575, -19.0247464 ], [ 44.4452755, -19.0247562 ], [ 44.4454036, -19.0247621 ], [ 44.4455965, -19.0247512 ], [ 44.4456905, -19.0247613 ], [ 44.4457856, -19.0247674 ], [ 44.4458806, -19.0247662 ], [ 44.4459755, -19.024761 ], [ 44.4460696, -19.0247502 ], [ 44.4461636, -19.0247332 ], [ 44.4461816, -19.024831 ], [ 44.4462065, -19.0249273 ], [ 44.4462365, -19.0250225 ], [ 44.4462725, -19.0251155 ], [ 44.4463145, -19.0252063 ], [ 44.4463505, -19.0252733 ], [ 44.4464745, -19.0255124 ], [ 44.4465016, -19.0255551 ], [ 44.4465655, -19.0256484 ], [ 44.446634599999989, -19.0257384 ], [ 44.4467106, -19.0258245 ], [ 44.4467905, -19.0259055 ], [ 44.4468766, -19.025981 ], [ 44.4469145, -19.026013 ], [ 44.4469695, -19.0262655 ], [ 44.4470055, -19.0263783 ], [ 44.4470856, -19.0265824 ], [ 44.4471086, -19.0266312 ], [ 44.4471487, -19.026709 ], [ 44.4472516, -19.026888 ], [ 44.4473936, -19.0270725 ], [ 44.4474046, -19.027268 ], [ 44.4474186, -19.0273755 ], [ 44.4474735, -19.0276353 ], [ 44.4475116, -19.0277622 ], [ 44.4475446, -19.0278631 ], [ 44.4475836, -19.0279634 ], [ 44.4476296, -19.0280605 ], [ 44.4476806, -19.0281542 ], [ 44.447737700000012, -19.0282452 ], [ 44.447800600000015, -19.0283334 ], [ 44.4478635, -19.0284165 ], [ 44.4479586, -19.0285311 ], [ 44.44799660000001, -19.0285733 ], [ 44.4480343, -19.0286127 ], [ 44.4481077, -19.0286925 ], [ 44.4481646, -19.0287745 ], [ 44.4482267, -19.0288531 ], [ 44.4482926, -19.0289295 ], [ 44.4483637, -19.0290014 ], [ 44.448438599999989, -19.0290694 ], [ 44.4485166, -19.0291335 ], [ 44.4485986, -19.0291931 ], [ 44.4487077, -19.0292666 ], [ 44.4488206, -19.0293904 ], [ 44.4488586, -19.0294286 ], [ 44.4489407, -19.0295035 ], [ 44.4490267, -19.0295733 ], [ 44.4491166, -19.0296392 ], [ 44.4492107, -19.0296995 ], [ 44.4493086, -19.0297531 ], [ 44.4493716, -19.0297866 ], [ 44.4494947, -19.0298455 ], [ 44.4495427, -19.0298664 ], [ 44.4497177, -19.0299541 ], [ 44.449793799999988, -19.0299854 ], [ 44.4499447, -19.0301825 ], [ 44.4500308, -19.0302963 ], [ 44.4500917, -19.0303766 ], [ 44.4501577, -19.0304536 ], [ 44.4502287, -19.0305266 ], [ 44.450303700000013, -19.0305941 ], [ 44.4503518, -19.0306855 ], [ 44.450380700000011, -19.0307361 ], [ 44.4504417, -19.0308344 ], [ 44.4504398, -19.0310456 ], [ 44.4504247, -19.0311375 ], [ 44.4504157, -19.0312311 ], [ 44.4504128, -19.0313243 ], [ 44.4504148, -19.0314175 ], [ 44.4504227, -19.0315113 ], [ 44.4504367, -19.0316035 ], [ 44.4504528, -19.0317132 ], [ 44.4504757, -19.0318213 ], [ 44.4505068, -19.0319273 ], [ 44.4505438, -19.0320321 ], [ 44.4505868, -19.0321342 ], [ 44.4506088, -19.0321802 ], [ 44.4506497, -19.0322575 ], [ 44.4507497, -19.0324472 ], [ 44.4506478, -19.0324653 ], [ 44.4505457, -19.0324901 ], [ 44.4504468, -19.0325207 ], [ 44.4503487, -19.0325552 ], [ 44.4502527, -19.0325953 ], [ 44.4501607, -19.0326412 ], [ 44.4500708, -19.0326922 ], [ 44.4500207, -19.0327221 ], [ 44.4499287, -19.0327804 ], [ 44.4498417, -19.0328444 ], [ 44.4497577, -19.0329124 ], [ 44.4496777, -19.0329844 ], [ 44.4496027, -19.0330615 ], [ 44.4495327, -19.0331426 ], [ 44.4494677, -19.0332271 ], [ 44.4494077, -19.0333151 ], [ 44.4493536, -19.0334066 ], [ 44.449325699999989, -19.0334565 ], [ 44.4492857, -19.0335335 ], [ 44.4492377, -19.0336131 ], [ 44.4491947, -19.0336957 ], [ 44.4491567, -19.0337805 ], [ 44.4491227, -19.0338677 ], [ 44.4490947, -19.0339555 ], [ 44.4490716, -19.0340444 ], [ 44.4490446, -19.0342023 ], [ 44.4490146, -19.0342652 ], [ 44.4489576, -19.0343526 ], [ 44.4489056, -19.0344424 ], [ 44.4488586, -19.0345345 ], [ 44.4488186, -19.0346295 ], [ 44.4487926, -19.0346993 ], [ 44.4485686, -19.0346624 ], [ 44.4483535, -19.034651 ], [ 44.4482447, -19.0346453 ], [ 44.4479196, -19.0346626 ], [ 44.4475985, -19.0347156 ], [ 44.4472866, -19.0348025 ], [ 44.4469865, -19.0349235 ], [ 44.4467035, -19.0350757 ], [ 44.4464405, -19.0352574 ], [ 44.4462005, -19.0354666 ], [ 44.4459874, -19.0357003 ], [ 44.4458035, -19.0359552 ], [ 44.4456515, -19.0362297 ], [ 44.4455334, -19.0365175 ], [ 44.4454505, -19.0368176 ], [ 44.4454045, -19.0371237 ], [ 44.4453954, -19.0374325 ], [ 44.4454235, -19.0377406 ], [ 44.4454875, -19.0380445 ], [ 44.4455884, -19.0383387 ], [ 44.4457235, -19.0386202 ], [ 44.4458915, -19.0388852 ], [ 44.4460905, -19.0391308 ], [ 44.4463175, -19.0393512 ], [ 44.4465686, -19.0395477 ], [ 44.4468425, -19.0397155 ], [ 44.4471345, -19.0398514 ], [ 44.4474416, -19.0399553 ], [ 44.4475856, -19.0399874 ], [ 44.4475286, -19.0401934 ], [ 44.4475106, -19.0402757 ], [ 44.4474026, -19.0404055 ], [ 44.4473175, -19.0405277 ], [ 44.4472606, -19.0406214 ], [ 44.4472095, -19.0407196 ], [ 44.4471655, -19.0408196 ], [ 44.4471275, -19.0409226 ], [ 44.4470965, -19.0410267 ], [ 44.4470715, -19.0411337 ], [ 44.4470536, -19.0412408 ], [ 44.4470346, -19.0414603 ], [ 44.4470275, -19.0416008 ], [ 44.4470455, -19.0418698 ], [ 44.4470136, -19.0419688 ], [ 44.4469865, -19.0420696 ], [ 44.4469656, -19.0421716 ], [ 44.4469505, -19.0422748 ], [ 44.4469416, -19.0423774 ], [ 44.4469245, -19.0424975 ], [ 44.446913599999981, -19.0425646 ], [ 44.4468906, -19.0428247 ], [ 44.4468975, -19.0429416 ], [ 44.4468796, -19.0431436 ], [ 44.4468886, -19.0433436 ], [ 44.4469006, -19.0434476 ], [ 44.4469426, -19.0436548 ], [ 44.4469595, -19.0437165 ], [ 44.4468726, -19.0437624 ], [ 44.4467875, -19.0438123 ], [ 44.4467065, -19.0438668 ], [ 44.4466285, -19.0439258 ], [ 44.4465545, -19.0439888 ], [ 44.4464934, -19.0440423 ], [ 44.4464084, -19.0441227 ], [ 44.4463305, -19.0442066 ], [ 44.4462566, -19.0442967 ], [ 44.4461895, -19.0443897 ], [ 44.4461285, -19.0444867 ], [ 44.4460674, -19.0446024 ], [ 44.4463935, -19.0444998 ], [ 44.4467255, -19.0444125 ], [ 44.4470875, -19.0443927 ], [ 44.4472655, -19.0444777 ], [ 44.4474105, -19.0446368 ], [ 44.4475476, -19.0448557 ], [ 44.4478685, -19.0449524 ], [ 44.4482236, -19.0449325 ], [ 44.4485236, -19.0448585 ], [ 44.4491257, -19.0446409 ], [ 44.4490487, -19.0446135 ], [ 44.448997700000014, -19.0445858 ], [ 44.448973699999982, -19.0445443 ], [ 44.4489506, -19.0445017 ], [ 44.4489586, -19.0444516 ], [ 44.4489586, -19.0443928 ], [ 44.4489587, -19.0443335 ], [ 44.4489626, -19.0442794 ], [ 44.4489467, -19.0442216 ], [ 44.4489527, -19.0441556 ], [ 44.4489566, -19.0441014 ], [ 44.448964599999989, -19.0440535 ], [ 44.4489917, -19.0439748 ], [ 44.4490087, -19.0439055 ], [ 44.4489977, -19.0438336 ], [ 44.4489927, -19.0437805 ], [ 44.4489797, -19.0437284 ], [ 44.4489726, -19.0436713 ], [ 44.4489577, -19.0436158 ], [ 44.4489227, -19.0435533 ], [ 44.4488957, -19.0434886 ], [ 44.4488607, -19.0434126 ], [ 44.4488426, -19.0433395 ], [ 44.4488006, -19.0432713 ], [ 44.44877970000001, -19.0431638 ], [ 44.4487936, -19.0431047 ], [ 44.4488067, -19.0430427 ], [ 44.4488046, -19.0429805 ], [ 44.4487996, -19.0429178 ], [ 44.448790700000011, -19.0428443 ], [ 44.4488006, -19.0427806 ], [ 44.4488177, -19.0427108 ], [ 44.448827600000016, -19.0426358 ], [ 44.4488346, -19.0425585 ], [ 44.4488397, -19.0424733 ], [ 44.4488806, -19.0424037 ], [ 44.4489026, -19.0423497 ], [ 44.4489166, -19.0422844 ], [ 44.4489446, -19.0422288 ], [ 44.4489846, -19.0421767 ], [ 44.4490087, -19.0421244 ], [ 44.4490157, -19.0420613 ], [ 44.4490207, -19.0420026 ], [ 44.4490097, -19.0419415 ], [ 44.4490017, -19.0418765 ], [ 44.4490096, -19.0418037 ], [ 44.4490116, -19.0417428 ], [ 44.448994600000013, -19.0416788 ], [ 44.4489526, -19.0416376 ], [ 44.4489296, -19.0415883 ], [ 44.4489316, -19.0415137 ], [ 44.4489607, -19.0414407 ], [ 44.4490326, -19.0414307 ], [ 44.4490957, -19.0414698 ], [ 44.449187599999988, -19.0414663 ], [ 44.4492307, -19.0414396 ], [ 44.4492597, -19.0413513 ], [ 44.4492947, -19.0413144 ], [ 44.4493606, -19.0412417 ], [ 44.4493957, -19.0412043 ], [ 44.4494026, -19.0411185 ], [ 44.4494047, -19.0410073 ], [ 44.4493976, -19.0409174 ], [ 44.4493767, -19.0408686 ], [ 44.4493867, -19.0407745 ], [ 44.4493867, -19.0407135 ], [ 44.4493697, -19.0406495 ], [ 44.4493906, -19.0405497 ], [ 44.4494216, -19.0404688 ], [ 44.4494817, -19.0403723 ], [ 44.4495197, -19.0403027 ] ] ], [ [ [ 44.433969800000014, -19.0267634 ], [ 44.4340519, -19.0267682 ], [ 44.4341199, -19.0267752 ], [ 44.4341619, -19.0267401 ], [ 44.4342249, -19.0267442 ], [ 44.4343479, -19.0267884 ], [ 44.4343959, -19.026829 ], [ 44.4344399, -19.0269091 ], [ 44.434452, -19.0269595 ], [ 44.4344639, -19.0270291 ], [ 44.43449, -19.0271164 ], [ 44.434536, -19.0272163 ], [ 44.4345689, -19.0272663 ], [ 44.434592, -19.0273225 ], [ 44.4346379, -19.0274054 ], [ 44.4346569, -19.0274864 ], [ 44.434673, -19.0275442 ], [ 44.434637, -19.0276251 ], [ 44.4346059, -19.0277044 ], [ 44.4346149, -19.0277784 ], [ 44.434628899999986, -19.0278413 ], [ 44.43465, -19.0279013 ], [ 44.4347489, -19.0279041 ], [ 44.4347719, -19.0279704 ], [ 44.4347719, -19.0280405 ], [ 44.4347649, -19.028094 ], [ 44.434759, -19.0281646 ], [ 44.434733, -19.0282625 ], [ 44.434727, -19.0283522 ], [ 44.4347269, -19.0284104 ], [ 44.4347189, -19.0284962 ], [ 44.434700899999989, -19.0285581 ], [ 44.434643, -19.0286692 ], [ 44.4345979, -19.028706 ], [ 44.4345169, -19.0287463 ], [ 44.4344679, -19.0288141 ], [ 44.434481, -19.0288962 ], [ 44.434442, -19.0289403 ], [ 44.4343639, -19.028931 ], [ 44.434312, -19.0289621 ], [ 44.4343059, -19.0290134 ], [ 44.434324, -19.0290621 ], [ 44.4344489, -19.0291042 ], [ 44.4344629, -19.029176 ], [ 44.4344259, -19.0292632 ], [ 44.4343859, -19.0292221 ], [ 44.4343249, -19.0291706 ], [ 44.434304, -19.0291201 ], [ 44.4342539, -19.0291331 ], [ 44.4341899, -19.0291245 ], [ 44.4341318, -19.0291645 ], [ 44.434061, -19.0291462 ], [ 44.4339729, -19.0291023 ], [ 44.433928, -19.0290245 ], [ 44.4339139, -19.0289712 ], [ 44.433861899999989, -19.0289413 ], [ 44.4338379, -19.0288891 ], [ 44.4337889, -19.0288795 ], [ 44.4337449, -19.028831 ], [ 44.4336969, -19.0287774 ], [ 44.4336558, -19.0287363 ], [ 44.4335929, -19.0287012 ], [ 44.4335349, -19.0286684 ], [ 44.4334639, -19.0285501 ], [ 44.4334348, -19.0285012 ], [ 44.4333468, -19.0284365 ], [ 44.4332998, -19.0283862 ], [ 44.4332248, -19.0284114 ], [ 44.4331779, -19.0284662 ], [ 44.4331389, -19.028507 ], [ 44.4331389, -19.0285573 ], [ 44.4331089, -19.0285953 ], [ 44.433139900000015, -19.0287193 ], [ 44.4331938, -19.0288013 ], [ 44.4332258, -19.0288434 ], [ 44.4332589, -19.0288822 ], [ 44.4333059, -19.0289103 ], [ 44.4333939, -19.0289153 ], [ 44.4334498, -19.028952 ], [ 44.4334748, -19.0290105 ], [ 44.4334578, -19.0290763 ], [ 44.4334359, -19.0291196 ], [ 44.4335068, -19.0291582 ], [ 44.4335709, -19.0292001 ], [ 44.4336148, -19.029165 ], [ 44.4336779, -19.0291934 ], [ 44.4337538, -19.0291965 ], [ 44.4338228, -19.0291989 ], [ 44.4338148, -19.0292931 ], [ 44.4338559, -19.0293563 ], [ 44.4339249, -19.0293825 ], [ 44.433995, -19.0293985 ], [ 44.4340939, -19.0294425 ], [ 44.4341769, -19.0294756 ], [ 44.4342829, -19.0294745 ], [ 44.4343509, -19.0295114 ], [ 44.434415, -19.0295375 ], [ 44.4344979, -19.0295644 ], [ 44.434579, -19.0296251 ], [ 44.4346459, -19.0296513 ], [ 44.4347129, -19.0297073 ], [ 44.4347439, -19.0297551 ], [ 44.434781, -19.0298205 ], [ 44.434844, -19.0299042 ], [ 44.4349139, -19.0300111 ], [ 44.434943, -19.0300622 ], [ 44.434962, -19.0301093 ], [ 44.4350069, -19.0302256 ], [ 44.4350259, -19.0302721 ], [ 44.435042, -19.0303321 ], [ 44.4350949, -19.0304112 ], [ 44.4351709, -19.0304583 ], [ 44.4352229, -19.0304905 ], [ 44.435284, -19.0305341 ], [ 44.4353319, -19.03056 ], [ 44.435342, -19.0306223 ], [ 44.435377, -19.0306656 ], [ 44.435405, -19.0307071 ], [ 44.4354259, -19.0307514 ], [ 44.4354959, -19.0308205 ], [ 44.435562, -19.0309251 ], [ 44.435578, -19.0309992 ], [ 44.435593, -19.0310841 ], [ 44.4356, -19.0311734 ], [ 44.435615, -19.0312464 ], [ 44.4356529, -19.0313835 ], [ 44.435668, -19.0314734 ], [ 44.4356719, -19.0315542 ], [ 44.435686, -19.0316222 ], [ 44.435698, -19.0317194 ], [ 44.435707, -19.0317963 ], [ 44.4357159, -19.0318794 ], [ 44.4357129, -19.0319556 ], [ 44.435729, -19.0320224 ], [ 44.435722, -19.0320912 ], [ 44.435723, -19.0321556 ], [ 44.4357179, -19.0322036 ], [ 44.43574, -19.0322603 ], [ 44.4357709, -19.0323143 ], [ 44.435802, -19.0323812 ], [ 44.435822, -19.0324566 ], [ 44.435905, -19.0325473 ], [ 44.436001, -19.0325822 ], [ 44.4360749, -19.0325706 ], [ 44.436131, -19.0325345 ], [ 44.4362139, -19.0324806 ], [ 44.4363001, -19.0324404 ], [ 44.4363919, -19.0324414 ], [ 44.436448, -19.0324843 ], [ 44.436482, -19.0325395 ], [ 44.4364951, -19.0325916 ], [ 44.436494, -19.0326904 ], [ 44.436480100000011, -19.0327501 ], [ 44.436488, -19.0328095 ], [ 44.436519, -19.0328736 ], [ 44.436533, -19.0329285 ], [ 44.436547, -19.0329982 ], [ 44.436549, -19.0330524 ], [ 44.4365941, -19.0331161 ], [ 44.436646, -19.0331455 ], [ 44.4367051, -19.0331924 ], [ 44.4367681, -19.0332485 ], [ 44.436803, -19.0332935 ], [ 44.436865, -19.0333952 ], [ 44.436897, -19.0334492 ], [ 44.436904, -19.0335114 ], [ 44.43691, -19.0335634 ], [ 44.436906, -19.0336374 ], [ 44.436897, -19.0336954 ], [ 44.4369, -19.0337672 ], [ 44.436905, -19.0338333 ], [ 44.436876, -19.0339053 ], [ 44.4368511, -19.0339705 ], [ 44.436826, -19.0340205 ], [ 44.436775, -19.0340702 ], [ 44.4367281, -19.0340973 ], [ 44.436681, -19.0341256 ], [ 44.4366351, -19.0341522 ], [ 44.436549, -19.0341902 ], [ 44.436475, -19.0342165 ], [ 44.436398, -19.0342981 ], [ 44.436359, -19.0343581 ], [ 44.436327, -19.0344255 ], [ 44.436301, -19.0344902 ], [ 44.436267, -19.0345536 ], [ 44.436232, -19.0346216 ], [ 44.4362209, -19.0346785 ], [ 44.436166, -19.0347614 ], [ 44.43615710000001, -19.0348155 ], [ 44.436134, -19.0349203 ], [ 44.436091, -19.0350396 ], [ 44.4360649, -19.0351172 ], [ 44.436038, -19.0351852 ], [ 44.436004, -19.0352436 ], [ 44.435939, -19.0353886 ], [ 44.435917, -19.0354572 ], [ 44.435866, -19.0355583 ], [ 44.43583, -19.0356296 ], [ 44.43578, -19.0357222 ], [ 44.4357529, -19.0358236 ], [ 44.435727, -19.0358843 ], [ 44.4356909, -19.0359686 ], [ 44.4356449, -19.0360742 ], [ 44.4355689, -19.0361875 ], [ 44.435537, -19.0362436 ], [ 44.4354919, -19.0363024 ], [ 44.435446, -19.0363713 ], [ 44.4353979, -19.0364295 ], [ 44.435347, -19.0365035 ], [ 44.435316, -19.0365772 ], [ 44.435278, -19.0366603 ], [ 44.435226900000011, -19.0367693 ], [ 44.4351899, -19.0368615 ], [ 44.435168900000015, -19.0369595 ], [ 44.435135, -19.0370653 ], [ 44.4350979, -19.0371705 ], [ 44.4350739, -19.0372775 ], [ 44.4350389, -19.0373624 ], [ 44.435033, -19.0374454 ], [ 44.4350199, -19.0375333 ], [ 44.4349849, -19.0376142 ], [ 44.434954, -19.0377065 ], [ 44.434944, -19.0377736 ], [ 44.4349279, -19.0378626 ], [ 44.4348999, -19.0379284 ], [ 44.4348839, -19.0379892 ], [ 44.4348539, -19.0380493 ], [ 44.4348259, -19.0381077 ], [ 44.4347869, -19.0381734 ], [ 44.4347429, -19.0382643 ], [ 44.4347239, -19.0383387 ], [ 44.434706, -19.0384463 ], [ 44.4346759, -19.0385533 ], [ 44.4346369, -19.0386246 ], [ 44.434651, -19.0386863 ], [ 44.4346568, -19.0387394 ], [ 44.4346549, -19.0387885 ], [ 44.4346739, -19.0388396 ], [ 44.4347169, -19.0389276 ], [ 44.4347319, -19.0389994 ], [ 44.4348049, -19.0390607 ], [ 44.4348449, -19.0391187 ], [ 44.4348789, -19.0391948 ], [ 44.434913, -19.0392595 ], [ 44.434957, -19.0392905 ], [ 44.4350239, -19.0393206 ], [ 44.4351019, -19.0392983 ], [ 44.435151, -19.0392683 ], [ 44.4351759, -19.0392167 ], [ 44.435207, -19.0391775 ], [ 44.435257, -19.0391707 ], [ 44.435332, -19.0391195 ], [ 44.4353729, -19.0390872 ], [ 44.4354339, -19.0391077 ], [ 44.4354979, -19.0390694 ], [ 44.435566, -19.0390126 ], [ 44.435539, -19.0389654 ], [ 44.4355939, -19.0389265 ], [ 44.435647, -19.0388875 ], [ 44.435735, -19.0388885 ], [ 44.4357609, -19.0389385 ], [ 44.435822, -19.0389216 ], [ 44.435877, -19.0388895 ], [ 44.435938, -19.0388343 ], [ 44.435997, -19.0388005 ], [ 44.4360289, -19.0387534 ], [ 44.436098, -19.0386886 ], [ 44.4361341, -19.0386523 ], [ 44.436178, -19.0385777 ], [ 44.436201, -19.0385034 ], [ 44.4362619, -19.0385007 ], [ 44.436288, -19.0385507 ], [ 44.436292, -19.0386196 ], [ 44.436286, -19.0387026 ], [ 44.436269, -19.0387577 ], [ 44.436221, -19.0388272 ], [ 44.436179, -19.0388764 ], [ 44.436129, -19.0389358 ], [ 44.436093, -19.0389777 ], [ 44.436056, -19.0390315 ], [ 44.436006, -19.0390863 ], [ 44.435951, -19.0391648 ], [ 44.4358699, -19.0392435 ], [ 44.435791, -19.0393002 ], [ 44.4357379, -19.0393533 ], [ 44.435695, -19.0393963 ], [ 44.4356329, -19.0394594 ], [ 44.4355569, -19.0395405 ], [ 44.435511, -19.0395863 ], [ 44.435445, -19.0396657 ], [ 44.4353759, -19.0397034 ], [ 44.4353269, -19.0397446 ], [ 44.4352709, -19.0397954 ], [ 44.435238, -19.0398543 ], [ 44.435213, -19.0399173 ], [ 44.4351699, -19.0399716 ], [ 44.4350959, -19.0400837 ], [ 44.435046, -19.0401526 ], [ 44.4350009, -19.0402204 ], [ 44.4349529, -19.0402764 ], [ 44.434915, -19.0403262 ], [ 44.4348759, -19.0403823 ], [ 44.434831, -19.0404235 ], [ 44.4347699, -19.0404867 ], [ 44.4347119, -19.0405194 ], [ 44.4346389, -19.0405445 ], [ 44.434550800000011, -19.0405594 ], [ 44.4344539, -19.0405933 ], [ 44.434403, -19.0406346 ], [ 44.4343509, -19.0406803 ], [ 44.4342978, -19.0407237 ], [ 44.434240800000012, -19.0407706 ], [ 44.4342018, -19.0408153 ], [ 44.4341469, -19.0408695 ], [ 44.4340949, -19.0409333 ], [ 44.4340589, -19.0409826 ], [ 44.4340249, -19.0410223 ], [ 44.4340018, -19.0410644 ], [ 44.4339748, -19.0411138 ], [ 44.4339319, -19.0412025 ], [ 44.43389590000001, -19.0412575 ], [ 44.4338548, -19.0413107 ], [ 44.4338208, -19.0413617 ], [ 44.4337798, -19.0414465 ], [ 44.4337698, -19.0415023 ], [ 44.4338099, -19.0415784 ], [ 44.433812800000013, -19.0416292 ], [ 44.4338018, -19.0417037 ], [ 44.4337869, -19.0417577 ], [ 44.433720799999989, -19.0418326 ], [ 44.4336258, -19.0418316 ], [ 44.4335258, -19.0418254 ], [ 44.4334668, -19.0418332 ], [ 44.4334338, -19.0418865 ], [ 44.4333898, -19.0419273 ], [ 44.4333358, -19.0419843 ], [ 44.4332838, -19.0420503 ], [ 44.4332349, -19.0421034 ], [ 44.4331939, -19.0421566 ], [ 44.4331728, -19.0422083 ], [ 44.4331708, -19.0422614 ], [ 44.4331998, -19.0423284 ], [ 44.4332308, -19.0423688 ], [ 44.4332718, -19.0424246 ], [ 44.4332828, -19.0424846 ], [ 44.4332979, -19.0425773 ], [ 44.4332788, -19.0426404 ], [ 44.4332538, -19.0426937 ], [ 44.4331988, -19.0427558 ], [ 44.4331718, -19.0427967 ], [ 44.4331748, -19.0428465 ], [ 44.4332188, -19.0428746 ], [ 44.4332589, -19.0429027 ], [ 44.4332888, -19.0429465 ], [ 44.4332928, -19.0429957 ], [ 44.4332699, -19.0430734 ], [ 44.4332199, -19.0430694 ], [ 44.4331698, -19.0430474 ], [ 44.4331128, -19.0430237 ], [ 44.4330928, -19.0430788 ], [ 44.4330858, -19.0431436 ], [ 44.4330508, -19.0432127 ], [ 44.4331008, -19.0432296 ], [ 44.4331609, -19.0432444 ], [ 44.4332089, -19.0432664 ], [ 44.4332278, -19.0433225 ], [ 44.4332318, -19.0433835 ], [ 44.4332058, -19.0434725 ], [ 44.4331598, -19.0434923 ], [ 44.4330409, -19.0435328 ], [ 44.4330228, -19.0435907 ], [ 44.4329859, -19.0436485 ], [ 44.4329398, -19.0437604 ], [ 44.4328948, -19.0438576 ], [ 44.4328608, -19.0439707 ], [ 44.4328918, -19.0440207 ], [ 44.4328838, -19.0440686 ], [ 44.4328718, -19.0441617 ], [ 44.4329458, -19.0442195 ], [ 44.4329899, -19.0442584 ], [ 44.4330099, -19.0443337 ], [ 44.432959900000014, -19.0444405 ], [ 44.4328998, -19.0445126 ], [ 44.4328128, -19.0445738 ], [ 44.432738799999989, -19.0445668 ], [ 44.4326789, -19.0445266 ], [ 44.4326128, -19.0445264 ], [ 44.4325438, -19.0445725 ], [ 44.4325728, -19.0446163 ], [ 44.4325449, -19.0446556 ], [ 44.4324967, -19.0447087 ], [ 44.4324348, -19.0447605 ], [ 44.4324017, -19.0448166 ], [ 44.4323608, -19.0448636 ], [ 44.432343700000011, -19.0449227 ], [ 44.4323458, -19.0449944 ], [ 44.4323748, -19.0450885 ], [ 44.4324457, -19.0451294 ], [ 44.4325468, -19.0451446 ], [ 44.4325867, -19.0451784 ], [ 44.432642799999989, -19.0452174 ], [ 44.4327288, -19.0452917 ], [ 44.4327668, -19.0453294 ], [ 44.4328078, -19.0453705 ], [ 44.4328548, -19.0454298 ], [ 44.4329028, -19.0454845 ], [ 44.4329548, -19.0455274 ], [ 44.4330069, -19.0455698 ], [ 44.4330899, -19.0455916 ], [ 44.4331598, -19.0456138 ], [ 44.4332518, -19.0456306 ], [ 44.4333588, -19.0456177 ], [ 44.4334088, -19.0455968 ], [ 44.4334938, -19.0455768 ], [ 44.4335258, -19.0456235 ], [ 44.4335659, -19.0456973 ], [ 44.4336088, -19.0457577 ], [ 44.433619900000011, -19.0458064 ], [ 44.4336699, -19.0459074 ], [ 44.4336929, -19.0460048 ], [ 44.4337389, -19.0460347 ], [ 44.4337848, -19.0460866 ], [ 44.4338368, -19.0461216 ], [ 44.4339009, -19.0461618 ], [ 44.4339938, -19.0462108 ], [ 44.4340808, -19.0462468 ], [ 44.4341689, -19.0462845 ], [ 44.4342139, -19.0463245 ], [ 44.4342939, -19.0463926 ], [ 44.4343088, -19.0464588 ], [ 44.4362089, -19.0464775 ], [ 44.436208, -19.0463798 ], [ 44.4362, -19.0462735 ], [ 44.4361849, -19.0461677 ], [ 44.436163, -19.0460636 ], [ 44.436148, -19.0459968 ], [ 44.436119, -19.0458914 ], [ 44.436084, -19.0457889 ], [ 44.4360429, -19.0456868 ], [ 44.435995, -19.0455885 ], [ 44.435942, -19.0454925 ], [ 44.4358819, -19.0454004 ], [ 44.4358159, -19.0453116 ], [ 44.435746, -19.0452267 ], [ 44.435669, -19.0451468 ], [ 44.435552, -19.0450376 ], [ 44.435494, -19.0449895 ], [ 44.4354299, -19.0449324 ], [ 44.4352049, -19.0447707 ], [ 44.435108, -19.0446228 ], [ 44.435074899999989, -19.0445767 ], [ 44.4349439, -19.0444098 ], [ 44.4349069, -19.0443698 ], [ 44.4349079, -19.0442778 ], [ 44.4349559, -19.0441863 ], [ 44.4349989, -19.0440947 ], [ 44.4350359, -19.0439997 ], [ 44.435066899999988, -19.0439023 ], [ 44.4350909, -19.0438038 ], [ 44.43511, -19.0437046 ], [ 44.4351229, -19.0436037 ], [ 44.435129900000014, -19.0434767 ], [ 44.4351679, -19.0433196 ], [ 44.4351909, -19.0430815 ], [ 44.4351899, -19.0429923 ], [ 44.43534, -19.0428053 ], [ 44.4353969, -19.0427173 ], [ 44.4354299, -19.0426635 ], [ 44.4354769, -19.0425827 ], [ 44.4355189, -19.0424984 ], [ 44.4355569, -19.0424136 ], [ 44.43559, -19.0423264 ], [ 44.435618, -19.0422386 ], [ 44.435633, -19.0421846 ], [ 44.435655, -19.0420843 ], [ 44.4357049, -19.0420595 ], [ 44.4357699, -19.0420218 ], [ 44.435997, -19.0418656 ], [ 44.436153, -19.0417244 ], [ 44.4361949, -19.0416825 ], [ 44.436297, -19.0415803 ], [ 44.436467, -19.0413704 ], [ 44.436606100000013, -19.0411868 ], [ 44.436633, -19.0411464 ], [ 44.436682, -19.0410786 ], [ 44.436711, -19.0410298 ], [ 44.436762, -19.0409626 ], [ 44.4368671, -19.0408644 ], [ 44.436927, -19.0407973 ], [ 44.43698, -19.0407374 ], [ 44.43704, -19.0406737 ], [ 44.437097, -19.0406235 ], [ 44.437229, -19.0405064 ], [ 44.43731, -19.0404276 ], [ 44.4373721, -19.0403634 ], [ 44.4375471, -19.0401456 ], [ 44.4376181, -19.0400578 ], [ 44.437655, -19.0400136 ], [ 44.4377071, -19.0399498 ], [ 44.4378201, -19.0398047 ], [ 44.4378671, -19.0397347 ], [ 44.437988100000013, -19.0395265 ], [ 44.4380851, -19.0392864 ], [ 44.4381032, -19.0392313 ], [ 44.4381641, -19.0389796 ], [ 44.4381831, -19.0388092 ], [ 44.4381881, -19.0387263 ], [ 44.4381891, -19.0385337 ], [ 44.4381861, -19.0384637 ], [ 44.438177, -19.0383557 ], [ 44.4381611, -19.0382477 ], [ 44.4381391, -19.0381407 ], [ 44.4381091, -19.0380354 ], [ 44.4380731, -19.0379316 ], [ 44.4380311, -19.0378307 ], [ 44.4379821, -19.0377313 ], [ 44.4379561, -19.0376825 ], [ 44.437872, -19.0375415 ], [ 44.4377091, -19.0373296 ], [ 44.4376351, -19.0372475 ], [ 44.4375561, -19.0371704 ], [ 44.437472, -19.0370972 ], [ 44.437383, -19.0370296 ], [ 44.4373091, -19.0369463 ], [ 44.4374011, -19.0367633 ], [ 44.4374521, -19.0366486 ], [ 44.4374851, -19.0365682 ], [ 44.437505, -19.0365222 ], [ 44.4375791, -19.0363383 ], [ 44.437632, -19.0362333 ], [ 44.437708, -19.0360506 ], [ 44.437737, -19.0359843 ], [ 44.4378101, -19.0358366 ], [ 44.4378381, -19.0357674 ], [ 44.4378902, -19.0356212 ], [ 44.4379121, -19.0355621 ], [ 44.4379421, -19.0354862 ], [ 44.43800310000001, -19.0354496 ], [ 44.438141, -19.0353264 ], [ 44.4381911, -19.0352772 ], [ 44.4382611, -19.0352046 ], [ 44.4383271, -19.0351285 ], [ 44.4383881, -19.0350495 ], [ 44.4384441, -19.0349671 ], [ 44.4384962, -19.0348825 ], [ 44.4385431, -19.0347954 ], [ 44.4385681, -19.0347443 ], [ 44.4386021, -19.0346673 ], [ 44.438646100000014, -19.0345763 ], [ 44.4386851, -19.0344836 ], [ 44.4387181, -19.0343885 ], [ 44.4387462, -19.0342911 ], [ 44.4387741, -19.0341565 ], [ 44.4387911, -19.0340545 ], [ 44.4388011, -19.0339512 ], [ 44.438805099999989, -19.0338485 ], [ 44.4388021, -19.0337451 ], [ 44.4388071, -19.0336661 ], [ 44.4388101, -19.0335843 ], [ 44.4388002, -19.0333775 ], [ 44.4387911, -19.0332961 ], [ 44.4387811, -19.0332231 ], [ 44.4387651, -19.0331202 ], [ 44.438743099999989, -19.0330183 ], [ 44.4387131, -19.0329175 ], [ 44.4386771, -19.0328182 ], [ 44.4386352, -19.0327212 ], [ 44.4385871, -19.0326275 ], [ 44.4384572, -19.0323935 ], [ 44.438396, -19.0323064 ], [ 44.4383591, -19.0322574 ], [ 44.438343, -19.0321725 ], [ 44.4383302, -19.0321204 ], [ 44.4383011, -19.0320174 ], [ 44.4382651, -19.0319164 ], [ 44.4382231, -19.0318166 ], [ 44.4381752, -19.0317201 ], [ 44.438121099999982, -19.0316263 ], [ 44.438088, -19.0315712 ], [ 44.4380271, -19.0314802 ], [ 44.4379621, -19.0313925 ], [ 44.4378901, -19.0313081 ], [ 44.437814, -19.0312282 ], [ 44.4377332, -19.0311534 ], [ 44.437647, -19.0310835 ], [ 44.4375911, -19.0310394 ], [ 44.437502099999989, -19.0309775 ], [ 44.437479, -19.0308835 ], [ 44.437465, -19.0307766 ], [ 44.43745, -19.0306912 ], [ 44.4374391, -19.0306385 ], [ 44.4374231, -19.0305644 ], [ 44.437399, -19.0304664 ], [ 44.4373701, -19.0303695 ], [ 44.4373341, -19.0302743 ], [ 44.4372931, -19.0301812 ], [ 44.437247, -19.0300915 ], [ 44.4371951, -19.0300023 ], [ 44.4371061, -19.0298612 ], [ 44.437031, -19.029761 ], [ 44.4369811, -19.0296662 ], [ 44.436924, -19.0295752 ], [ 44.4368611, -19.0294881 ], [ 44.436792, -19.0294055 ], [ 44.436718, -19.0293273 ], [ 44.436638, -19.029253 ], [ 44.4366101, -19.0291962 ], [ 44.436581, -19.0291451 ], [ 44.436534, -19.0290322 ], [ 44.436552, -19.0289703 ], [ 44.436596099999988, -19.0287731 ], [ 44.4366121, -19.0286502 ], [ 44.4366191, -19.0285645 ], [ 44.436622, -19.0285063 ], [ 44.436636, -19.0284421 ], [ 44.4366551, -19.0282786 ], [ 44.436672, -19.0280455 ], [ 44.4366721, -19.0279755 ], [ 44.436656, -19.0277342 ], [ 44.4366111, -19.0275135 ], [ 44.436592, -19.0274461 ], [ 44.436559, -19.0273593 ], [ 44.436556, -19.0273073 ], [ 44.436506, -19.0270702 ], [ 44.436491, -19.0270102 ], [ 44.436467, -19.0269173 ], [ 44.436437, -19.0268272 ], [ 44.436403, -19.0267382 ], [ 44.436364, -19.0266502 ], [ 44.4363201, -19.026565 ], [ 44.4362931, -19.0265122 ], [ 44.43627, -19.0264222 ], [ 44.4362411, -19.0263343 ], [ 44.436208, -19.0262481 ], [ 44.43617, -19.026163 ], [ 44.4361281, -19.0260801 ], [ 44.4360841, -19.026 ], [ 44.436006, -19.0258693 ], [ 44.436003, -19.0258201 ], [ 44.4360771, -19.0257842 ], [ 44.436223, -19.0257051 ], [ 44.436328, -19.0256791 ], [ 44.4364311, -19.0256475 ], [ 44.436532, -19.0256102 ], [ 44.436630099999981, -19.0255672 ], [ 44.4367261, -19.0255192 ], [ 44.4368191, -19.025466 ], [ 44.4369081, -19.0254071 ], [ 44.436993, -19.0253442 ], [ 44.4370751, -19.0252762 ], [ 44.4371521, -19.0252042 ], [ 44.437384099999989, -19.025126 ], [ 44.4374441, -19.0251013 ], [ 44.4375481, -19.025055 ], [ 44.4376481, -19.025003 ], [ 44.4377451, -19.0249465 ], [ 44.437837200000011, -19.024882 ], [ 44.4379262, -19.0248135 ], [ 44.4380091, -19.0247393 ], [ 44.4380882, -19.0246611 ], [ 44.4381612, -19.0245772 ], [ 44.4382801, -19.0244921 ], [ 44.438470099999989, -19.0243163 ], [ 44.4385101, -19.0242733 ], [ 44.4385592, -19.024219 ], [ 44.4386042, -19.024167 ], [ 44.4387311, -19.024003 ], [ 44.4387652, -19.0239519 ], [ 44.4389531, -19.0237773 ], [ 44.4391101, -19.0235853 ], [ 44.4391692, -19.0235012 ], [ 44.4392222, -19.0234143 ], [ 44.4392712, -19.0233239 ], [ 44.4393142, -19.0232323 ], [ 44.4393521, -19.0231373 ], [ 44.4393692, -19.0230912 ], [ 44.4394032, -19.0229894 ], [ 44.4394302, -19.0228841 ], [ 44.4394512, -19.0227793 ], [ 44.4394652, -19.0226721 ], [ 44.4394732, -19.0225649 ], [ 44.4394732, -19.0224571 ], [ 44.4394672, -19.0223503 ], [ 44.4394541, -19.0222434 ], [ 44.4394342, -19.022137 ], [ 44.4394072, -19.0220334 ], [ 44.4393732, -19.0219303 ], [ 44.4393482, -19.0218114 ], [ 44.4392912, -19.0216611 ], [ 44.4394592, -19.021628 ], [ 44.4396142, -19.0215794 ], [ 44.4396762, -19.0215569 ], [ 44.4397812, -19.0215163 ], [ 44.4398833, -19.0214694 ], [ 44.4399822, -19.0214174 ], [ 44.440078199999988, -19.0213592 ], [ 44.4401692, -19.0212952 ], [ 44.4402222, -19.0212563 ], [ 44.4404172, -19.0211201 ], [ 44.4405312, -19.0210214 ], [ 44.4405662, -19.0209873 ], [ 44.4406412, -19.0209153 ], [ 44.4407102, -19.0208381 ], [ 44.4407733, -19.0207569 ], [ 44.440830299999988, -19.0206723 ], [ 44.4408812, -19.0205842 ], [ 44.4409743, -19.020457 ], [ 44.4410192, -19.0203994 ], [ 44.4410633, -19.02034 ], [ 44.4410992, -19.0202913 ], [ 44.4411642, -19.0202073 ], [ 44.4412242, -19.0201193 ], [ 44.4412783, -19.0200284 ], [ 44.4413253, -19.019934 ], [ 44.4413663, -19.0198374 ], [ 44.4414013, -19.0197372 ], [ 44.4414293, -19.0196359 ], [ 44.4414493, -19.019552 ], [ 44.4415054, -19.0193069 ], [ 44.4415144, -19.0192393 ], [ 44.4415502, -19.0191561 ], [ 44.4415793, -19.0190723 ], [ 44.4416034, -19.0189861 ], [ 44.4416213, -19.0188994 ], [ 44.4416343, -19.0188109 ], [ 44.4416402, -19.0187223 ], [ 44.4416563, -19.0186552 ], [ 44.4416792, -19.0185793 ], [ 44.4416903, -19.0185331 ], [ 44.4417093, -19.0184379 ], [ 44.4417234, -19.018342 ], [ 44.4417314, -19.0182461 ], [ 44.4417353, -19.0181502 ], [ 44.4417324, -19.018053 ], [ 44.441730299999989, -19.0179993 ], [ 44.4417013, -19.0177652 ], [ 44.4416924, -19.0177143 ], [ 44.4416673, -19.0176039 ], [ 44.4416353, -19.0174963 ], [ 44.4415963, -19.0173891 ], [ 44.4415503, -19.0172859 ], [ 44.4414974, -19.0171853 ], [ 44.4414132, -19.0170483 ], [ 44.4413533, -19.016963 ], [ 44.4412893, -19.0168798 ], [ 44.4412203, -19.0168023 ], [ 44.4411462, -19.0167269 ], [ 44.4410683, -19.0166572 ], [ 44.4409852, -19.0165913 ], [ 44.4408993, -19.0165288 ], [ 44.4408492, -19.016495 ], [ 44.4407953, -19.0164599 ], [ 44.440698300000015, -19.0163832 ], [ 44.4405383, -19.0161753 ], [ 44.4404062, -19.0160412 ], [ 44.4403282, -19.0159709 ], [ 44.4402333, -19.0158902 ], [ 44.4402333, -19.015784 ], [ 44.4402262, -19.0156789 ], [ 44.4402122, -19.0155749 ], [ 44.4401922, -19.0154713 ], [ 44.4401653, -19.0153688 ], [ 44.4401322, -19.0152679 ], [ 44.4400933, -19.0151698 ], [ 44.4400482, -19.0150739 ], [ 44.4399972, -19.0149802 ], [ 44.439940299999989, -19.0148903 ], [ 44.4399092, -19.0148442 ], [ 44.4398532, -19.0147719 ], [ 44.4398232, -19.0147129 ], [ 44.4397752, -19.0146248 ], [ 44.4397213, -19.0145389 ], [ 44.4396632, -19.0144559 ], [ 44.4396002, -19.0143761 ], [ 44.4395323, -19.0143003 ], [ 44.4394603, -19.0142272 ], [ 44.4393843, -19.0141541 ], [ 44.4392982, -19.0140769 ], [ 44.4391212, -19.0139519 ], [ 44.439219199999989, -19.0138891 ], [ 44.4393132, -19.0138213 ], [ 44.4394023, -19.0137472 ], [ 44.4394872, -19.0136679 ], [ 44.439566199999987, -19.0135841 ], [ 44.439639199999988, -19.0134962 ], [ 44.4397062, -19.0134032 ], [ 44.4397672, -19.0133067 ], [ 44.4397992, -19.0132529 ], [ 44.4398482, -19.0131631 ], [ 44.4398933, -19.013071 ], [ 44.4399312, -19.0129759 ], [ 44.439964200000013, -19.0128797 ], [ 44.4399912, -19.0127818 ], [ 44.440021299999984, -19.012637 ], [ 44.4400382, -19.0125282 ], [ 44.4400472, -19.0124182 ], [ 44.4400502, -19.012307 ], [ 44.4400453, -19.0121968 ], [ 44.4400342, -19.0120871 ], [ 44.4400153, -19.0119779 ], [ 44.4399902, -19.0118709 ], [ 44.4399582, -19.011765 ], [ 44.4399193, -19.0116612 ], [ 44.4398742, -19.0115591 ], [ 44.4398222, -19.0114603 ], [ 44.4397642, -19.0113648 ], [ 44.4398073, -19.0112732 ], [ 44.4398452, -19.0111799 ], [ 44.4398773, -19.0110842 ], [ 44.4399032, -19.0109862 ], [ 44.4399233, -19.0108882 ], [ 44.4399373, -19.0107878 ], [ 44.439945300000012, -19.010688 ], [ 44.4400462, -19.0106168 ], [ 44.4401092, -19.010561 ], [ 44.4401983, -19.0104948 ], [ 44.4403282, -19.0103799 ], [ 44.440402299999988, -19.0103101 ], [ 44.44048930000001, -19.0102428 ], [ 44.4405722, -19.010172 ], [ 44.4406512, -19.0100972 ], [ 44.4407252, -19.0100172 ], [ 44.4407943, -19.0099327 ], [ 44.4408443, -19.0098672 ], [ 44.4409013, -19.0097887 ], [ 44.4409542, -19.009708 ], [ 44.4410023, -19.009625 ], [ 44.4410453, -19.009539 ], [ 44.4410833, -19.0094587 ], [ 44.4411193, -19.0094128 ], [ 44.4412913, -19.0091922 ], [ 44.441345299999988, -19.0091098 ], [ 44.4413833, -19.0090492 ], [ 44.4414224, -19.0089971 ], [ 44.4414894, -19.0088928 ], [ 44.4415194, -19.0088429 ], [ 44.4415633, -19.0087671 ], [ 44.4416033, -19.0086902 ], [ 44.4416374, -19.0086098 ], [ 44.4416673, -19.0085288 ], [ 44.4416923, -19.0084461 ], [ 44.4417113, -19.0083622 ], [ 44.4417703, -19.0082047 ], [ 44.4418273, -19.0080862 ], [ 44.4418753, -19.0079681 ], [ 44.4419523, -19.0077267 ], [ 44.4419673, -19.0076659 ], [ 44.4419943, -19.0075307 ], [ 44.442074399999989, -19.0074598 ], [ 44.4421504, -19.007385 ], [ 44.4422204, -19.007305 ], [ 44.4422864, -19.0072227 ], [ 44.4423474, -19.0071359 ], [ 44.4424034, -19.0070467 ], [ 44.4424673, -19.0069271 ], [ 44.4425644, -19.006695 ], [ 44.4425973, -19.0065971 ], [ 44.4426244, -19.0064969 ], [ 44.4426453, -19.006396 ], [ 44.4426593, -19.0062939 ], [ 44.4426684, -19.0061918 ], [ 44.4426704, -19.0060891 ], [ 44.4426705, -19.006036 ], [ 44.4426543, -19.00581 ], [ 44.442616500000014, -19.005617 ], [ 44.4425984, -19.0055502 ], [ 44.4425824, -19.005489 ], [ 44.4425193, -19.0053031 ], [ 44.4425053, -19.0051968 ], [ 44.4424854, -19.005091 ], [ 44.4424584, -19.0049868 ], [ 44.4424254, -19.0048836 ], [ 44.4423853, -19.0047838 ], [ 44.4423393, -19.0046856 ], [ 44.4422874, -19.0045907 ], [ 44.4422304, -19.0044986 ], [ 44.4422333, -19.0043586 ], [ 44.4422334, -19.0043016 ], [ 44.4422234, -19.0041569 ], [ 44.4422584, -19.0040551 ], [ 44.4422863, -19.0039509 ], [ 44.4423063, -19.0038461 ], [ 44.4423204, -19.003739 ], [ 44.4423253, -19.003686 ], [ 44.4423314, -19.0035098 ], [ 44.4423494, -19.0033226 ], [ 44.4423513, -19.0032396 ], [ 44.4423514, -19.003134 ], [ 44.4423444, -19.0030277 ], [ 44.442331399999986, -19.0029226 ], [ 44.4423194, -19.0027847 ], [ 44.4422894, -19.00262 ], [ 44.4422653, -19.0025221 ], [ 44.4422363, -19.0024269 ], [ 44.4422014, -19.0023316 ], [ 44.4421623, -19.0022397 ], [ 44.442116399999989, -19.00215 ], [ 44.442059300000011, -19.0020438 ], [ 44.4420064, -19.0019528 ], [ 44.4419484, -19.0018647 ], [ 44.4418853, -19.0017798 ], [ 44.4418164, -19.0016989 ], [ 44.4417434, -19.0016207 ], [ 44.4416653, -19.0015476 ], [ 44.4416003, -19.0014899 ], [ 44.4414314, -19.001357 ], [ 44.4413553, -19.0013025 ], [ 44.4412673, -19.0012445 ], [ 44.4411753, -19.0011916 ], [ 44.4410813, -19.0011426 ], [ 44.4409844, -19.0010997 ], [ 44.4408843, -19.0010619 ], [ 44.4407823, -19.0010297 ], [ 44.4406794, -19.0010021 ], [ 44.4405442, -19.0009707 ], [ 44.4403852, -19.0009407 ], [ 44.4402633, -19.0009235 ], [ 44.4401683, -19.0009078 ], [ 44.4400683, -19.0008926 ], [ 44.4399662, -19.0008836 ], [ 44.4398653, -19.0008796 ], [ 44.4397632, -19.0008797 ], [ 44.4396613, -19.000887 ], [ 44.4395512, -19.000896 ], [ 44.4394772, -19.0009036 ], [ 44.4394172, -19.0009109 ], [ 44.4393463, -19.0009197 ], [ 44.4392803, -19.0009286 ], [ 44.4390433, -19.0009768 ], [ 44.4388612, -19.0010358 ], [ 44.4387902, -19.0010616 ], [ 44.4387152, -19.0010918 ], [ 44.4386682, -19.0011116 ], [ 44.4384852, -19.0012039 ], [ 44.4384242, -19.0012349 ], [ 44.4383232, -19.0012908 ], [ 44.4382272, -19.001353 ], [ 44.4381342, -19.0014197 ], [ 44.4380462, -19.0014916 ], [ 44.4379632, -19.0015697 ], [ 44.4378852, -19.0016519 ], [ 44.437812199999989, -19.0017381 ], [ 44.4377452, -19.0018288 ], [ 44.4376492, -19.0017656 ], [ 44.4375491, -19.0017081 ], [ 44.4374461, -19.0016567 ], [ 44.4373401, -19.001612 ], [ 44.437231, -19.0015736 ], [ 44.4371191, -19.0015419 ], [ 44.4370062, -19.0015158 ], [ 44.4368911, -19.0014976 ], [ 44.436776, -19.0014856 ], [ 44.436659, -19.0014798 ], [ 44.4365431, -19.0014819 ], [ 44.4364271, -19.0014908 ], [ 44.436312, -19.0015059 ], [ 44.436197, -19.0015289 ], [ 44.4360851, -19.0015571 ], [ 44.4360981, -19.0014256 ], [ 44.4361, -19.0013658 ], [ 44.436107, -19.0012659 ], [ 44.4361081, -19.0011648 ], [ 44.4361031, -19.0010637 ], [ 44.436093, -19.0009637 ], [ 44.4360761, -19.0008635 ], [ 44.436054, -19.0007656 ], [ 44.436019, -19.0006376 ], [ 44.4360061, -19.000564 ], [ 44.4359851, -19.000478 ], [ 44.4359411, -19.0002618 ], [ 44.4359871, -19.0001657 ], [ 44.4360261, -19.0000668 ], [ 44.4360591, -18.999966 ], [ 44.436086, -18.999863 ], [ 44.4361061, -18.9997588 ], [ 44.43612, -18.9996539 ], [ 44.4361271, -18.9995489 ], [ 44.4361281, -18.9994428 ], [ 44.4361261, -18.999371 ], [ 44.4361101, -18.9991766 ], [ 44.4361091, -18.99911 ], [ 44.436117, -18.9990446 ], [ 44.4361301, -18.9988589 ], [ 44.4361121, -18.9985899 ], [ 44.4361021, -18.9985249 ], [ 44.436045, -18.9982747 ], [ 44.4360231, -18.9981829 ], [ 44.4359951, -18.9980929 ], [ 44.4359621, -18.9980038 ], [ 44.4359241, -18.997917 ], [ 44.435881, -18.9978318 ], [ 44.4358341, -18.99775 ], [ 44.435807, -18.9977068 ], [ 44.4357551, -18.9976187 ], [ 44.435693, -18.9975299 ], [ 44.4356581, -18.9974838 ], [ 44.435598, -18.9974075 ], [ 44.435535, -18.9973356 ], [ 44.4354681, -18.9972666 ], [ 44.435396, -18.997202 ], [ 44.4353221, -18.9971396 ], [ 44.4352711, -18.9970995 ], [ 44.4351051, -18.9969825 ], [ 44.434999, -18.9969209 ], [ 44.4349519, -18.9968956 ], [ 44.434818, -18.9968297 ], [ 44.4347, -18.9967725 ], [ 44.43445, -18.9966789 ], [ 44.4344429, -18.9966229 ], [ 44.434427, -18.996551 ], [ 44.4343719, -18.9962867 ], [ 44.434357, -18.9962368 ], [ 44.4342649, -18.9959936 ], [ 44.4342079, -18.9958828 ], [ 44.434175, -18.9958237 ], [ 44.434134, -18.9957499 ], [ 44.434109, -18.9956937 ], [ 44.4340449, -18.9955208 ], [ 44.434026, -18.9954539 ], [ 44.434004, -18.9953509 ], [ 44.434002, -18.9951928 ], [ 44.433993, -18.9950927 ], [ 44.4339819, -18.9949904 ], [ 44.433964, -18.9948897 ], [ 44.433941, -18.9947895 ], [ 44.4339109, -18.9946915 ], [ 44.433876, -18.9945945 ], [ 44.433835, -18.9944998 ], [ 44.4337889, -18.9944078 ], [ 44.4337369, -18.9943174 ], [ 44.433761, -18.9942279 ], [ 44.4337919, -18.9940797 ], [ 44.4338139, -18.9938185 ], [ 44.433815, -18.9937288 ], [ 44.433798, -18.9934807 ], [ 44.433768, -18.9933205 ], [ 44.4337499, -18.9932435 ], [ 44.433726, -18.9931518 ], [ 44.433639, -18.9929205 ], [ 44.4336069, -18.9928506 ], [ 44.4335629, -18.9927576 ], [ 44.4335119, -18.9926689 ], [ 44.433456, -18.9925819 ], [ 44.4333939, -18.9924988 ], [ 44.4333269, -18.9924184 ], [ 44.4332539, -18.9923436 ], [ 44.433185900000012, -18.9922339 ], [ 44.4331989, -18.9921527 ], [ 44.433213, -18.9920467 ], [ 44.4332199, -18.9919395 ], [ 44.4332209, -18.9918328 ], [ 44.433215, -18.9917254 ], [ 44.4332019, -18.9916186 ], [ 44.433183, -18.9915133 ], [ 44.4331569, -18.9914086 ], [ 44.4331249, -18.9913066 ], [ 44.433085899999988, -18.9912057 ], [ 44.4330419, -18.9911075 ], [ 44.4329909, -18.9910115 ], [ 44.4329339, -18.9909194 ], [ 44.4328719, -18.9908306 ], [ 44.4328149, -18.9907537 ], [ 44.4327579, -18.9906848 ], [ 44.4327559, -18.9906068 ], [ 44.43274, -18.9904644 ], [ 44.4327309, -18.9904016 ], [ 44.4327189, -18.9903134 ], [ 44.4327, -18.9902256 ], [ 44.4326759, -18.9901395 ], [ 44.4326449, -18.9900556 ], [ 44.4326089, -18.9899728 ], [ 44.4325669, -18.9898938 ], [ 44.4325308, -18.9897946 ], [ 44.4324888, -18.9896976 ], [ 44.4324399, -18.9896045 ], [ 44.432384899999981, -18.9895135 ], [ 44.4323018, -18.9893934 ], [ 44.4322738, -18.9893525 ], [ 44.4321249, -18.9891594 ], [ 44.4320439, -18.9890744 ], [ 44.4319798, -18.9890104 ], [ 44.431911899999989, -18.9889464 ], [ 44.4318408, -18.9888835 ], [ 44.4317669, -18.9888234 ], [ 44.4316898, -18.9887678 ], [ 44.4316089, -18.9887155 ], [ 44.4315268, -18.9886666 ], [ 44.4314638, -18.9886326 ], [ 44.4313218, -18.9885627 ], [ 44.431205800000015, -18.9885163 ], [ 44.431122799999983, -18.9884753 ], [ 44.4308997, -18.9883904 ], [ 44.4309558, -18.9882984 ], [ 44.4310058, -18.9882024 ], [ 44.4310498, -18.9881046 ], [ 44.4310868, -18.9880045 ], [ 44.4311179, -18.9879015 ], [ 44.4311419, -18.9877973 ], [ 44.4311598, -18.9876914 ], [ 44.4311728, -18.9875486 ], [ 44.4311769, -18.9874453 ], [ 44.4311609, -18.9871837 ], [ 44.4311468, -18.9870876 ], [ 44.4311269, -18.9869925 ], [ 44.4311019, -18.9868985 ], [ 44.4310719, -18.9868055 ], [ 44.4310519, -18.9867505 ], [ 44.431010900000011, -18.9866467 ], [ 44.430963899999988, -18.9865457 ], [ 44.4309098, -18.9864474 ], [ 44.4308499, -18.9863525 ], [ 44.4307829, -18.9862614 ], [ 44.4307118, -18.9861736 ], [ 44.4306339, -18.9860903 ], [ 44.4305508, -18.9860126 ], [ 44.430493899999988, -18.9859617 ], [ 44.4304088, -18.9858908 ], [ 44.4303209, -18.9858243 ], [ 44.4302278, -18.9857634 ], [ 44.4301308, -18.9857087 ], [ 44.4300347, -18.9856563 ], [ 44.4299577, -18.9856153 ], [ 44.4298788, -18.9855783 ], [ 44.4297967, -18.9855452 ], [ 44.4297127, -18.9855178 ], [ 44.4296277, -18.9854943 ], [ 44.4295408, -18.9854764 ], [ 44.4294408, -18.9854182 ], [ 44.429336800000016, -18.9853657 ], [ 44.4292297, -18.9853193 ], [ 44.4291197, -18.9852797 ], [ 44.4289758, -18.9852386 ], [ 44.4288718, -18.9852138 ], [ 44.4287668, -18.9851945 ], [ 44.4286607, -18.9851815 ], [ 44.4285536, -18.9851747 ], [ 44.4284477, -18.9851724 ], [ 44.4283407, -18.9851763 ], [ 44.4282677, -18.9851817 ], [ 44.4280457, -18.9852075 ], [ 44.4279066, -18.9852365 ], [ 44.4277166, -18.9852784 ], [ 44.4276517, -18.9852963 ], [ 44.4274126, -18.9853795 ], [ 44.4272147, -18.9854773 ], [ 44.4271657, -18.9855044 ], [ 44.4270917, -18.9855465 ], [ 44.4270207, -18.9855915 ], [ 44.4269527, -18.9856416 ], [ 44.4268886, -18.9856956 ], [ 44.4267935, -18.9857793 ], [ 44.4267516, -18.9858144 ], [ 44.4266815, -18.9858746 ], [ 44.4266146, -18.9859382 ], [ 44.4265516, -18.9860053 ], [ 44.426492499999988, -18.9860764 ], [ 44.4264385, -18.9861497 ], [ 44.4263886, -18.9862266 ], [ 44.4263136, -18.9863308 ], [ 44.4262776, -18.9863642 ], [ 44.4262385, -18.9864033 ], [ 44.4262006, -18.9864413 ], [ 44.4261405, -18.9865045 ], [ 44.4260146, -18.9866606 ], [ 44.4258315, -18.9867874 ], [ 44.4257055, -18.9868995 ], [ 44.4256175, -18.9869866 ], [ 44.4254586, -18.9871904 ], [ 44.4254295, -18.9870314 ], [ 44.4253996, -18.9869424 ], [ 44.4253845, -18.9868773 ], [ 44.4253565, -18.9867714 ], [ 44.4253015, -18.9866144 ], [ 44.4252735, -18.9865457 ], [ 44.4252335, -18.9864532 ], [ 44.4251495, -18.9862253 ], [ 44.4251085, -18.9861317 ], [ 44.4250786, -18.9860534 ], [ 44.4250125, -18.9859347 ], [ 44.4249646, -18.9858145 ], [ 44.4248494, -18.9856042 ], [ 44.4248085, -18.9855406 ], [ 44.4247746, -18.9854894 ], [ 44.4247455, -18.9854506 ], [ 44.4246876, -18.9853467 ], [ 44.4246386, -18.9852755 ], [ 44.424572399999988, -18.9851856 ], [ 44.4245035, -18.9850967 ], [ 44.424429499999981, -18.9850073 ], [ 44.4243875, -18.9849594 ], [ 44.4242344, -18.9848052 ], [ 44.4241434, -18.9847246 ], [ 44.4239595, -18.9845803 ], [ 44.4238134, -18.9844437 ], [ 44.4237415, -18.9843887 ], [ 44.4236784, -18.9843287 ], [ 44.4235585, -18.9841715 ], [ 44.4235154, -18.9841247 ], [ 44.423348399999988, -18.9839495 ], [ 44.4232874, -18.9838885 ], [ 44.4232164, -18.9838205 ], [ 44.4231065, -18.9837204 ], [ 44.4230684, -18.9836765 ], [ 44.4230143, -18.9836104 ], [ 44.4229914, -18.9835475 ], [ 44.4229715, -18.9834993 ], [ 44.4229534, -18.9834522 ], [ 44.4228893, -18.9833103 ], [ 44.4228804, -18.9831956 ], [ 44.4228394, -18.9829874 ], [ 44.4228214, -18.9829205 ], [ 44.4228055, -18.9828633 ], [ 44.4227764, -18.9827642 ], [ 44.4227403, -18.9826672 ], [ 44.4226994, -18.9825713 ], [ 44.4226524, -18.9824793 ], [ 44.4226004, -18.9823895 ], [ 44.4225424, -18.9823025 ], [ 44.4224794, -18.9822182 ], [ 44.4224303, -18.9821573 ], [ 44.4223894, -18.9821077 ], [ 44.4223944, -18.9820016 ], [ 44.4223924, -18.9818943 ], [ 44.4223844, -18.9817886 ], [ 44.422368400000011, -18.9816834 ], [ 44.4223473, -18.9815787 ], [ 44.422318399999988, -18.9814756 ], [ 44.4222833, -18.9813741 ], [ 44.4222424, -18.9812754 ], [ 44.4221953, -18.9811795 ], [ 44.4221423, -18.9810852 ], [ 44.4220833, -18.9809942 ], [ 44.4220183, -18.9809082 ], [ 44.4219484, -18.9808255 ], [ 44.4218174, -18.9806914 ], [ 44.421733300000014, -18.9806153 ], [ 44.4216454, -18.9805444 ], [ 44.4215523, -18.9804784 ], [ 44.4214633, -18.9804226 ], [ 44.4214144, -18.9804955 ], [ 44.4213343, -18.9807244 ], [ 44.4213143, -18.9809636 ], [ 44.4213343, -18.9813416 ], [ 44.4212103, -18.9816266 ], [ 44.4208593, -18.9818124 ], [ 44.4204782, -18.9819725 ], [ 44.4204623, -18.9820525 ], [ 44.4204263, -18.9821205 ], [ 44.4203712, -18.9821695 ], [ 44.420324199999989, -18.9821882 ], [ 44.4202152, -18.9822203 ], [ 44.420173299999988, -18.9822763 ], [ 44.4201433, -18.9823522 ], [ 44.4201192, -18.9824762 ], [ 44.4201102, -18.9825292 ], [ 44.4201083, -18.9826545 ], [ 44.4201282, -18.9827202 ], [ 44.4201543, -18.9827634 ], [ 44.4202023, -18.9827815 ], [ 44.4202313, -18.9828642 ], [ 44.4202073, -18.9829515 ], [ 44.4202272, -18.9830342 ], [ 44.4202633, -18.9830685 ], [ 44.4203103, -18.9831006 ], [ 44.4203603, -18.9831593 ], [ 44.4204073, -18.9832157 ], [ 44.4204863, -18.9832776 ], [ 44.4205714, -18.9832667 ], [ 44.4206652, -18.9832717 ], [ 44.4207573, -18.9832653 ], [ 44.4208223, -18.9832322 ], [ 44.4208734, -18.9832282 ], [ 44.4209653, -18.9833083 ], [ 44.4209803, -18.9833655 ], [ 44.4209984, -18.9834312 ], [ 44.4209974, -18.9834865 ], [ 44.4209854, -18.9835355 ], [ 44.4210023, -18.9836097 ], [ 44.4210253, -18.9837183 ], [ 44.4210563, -18.9837814 ], [ 44.4210723, -18.9838634 ], [ 44.4210954, -18.9839337 ], [ 44.4211343, -18.9840296 ], [ 44.4211734, -18.9840836 ], [ 44.4211974, -18.9841455 ], [ 44.4212233, -18.9842084 ], [ 44.4212514, -18.9842923 ], [ 44.4212713, -18.9843637 ], [ 44.421323399999984, -18.9844614 ], [ 44.4213654, -18.9845234 ], [ 44.4213933, -18.9845824 ], [ 44.4214333, -18.9846455 ], [ 44.4214784, -18.9846974 ], [ 44.4215423, -18.9847484 ], [ 44.4215874, -18.9848116 ], [ 44.4216483, -18.9848766 ], [ 44.4217113, -18.9849547 ], [ 44.4217563, -18.9849924 ], [ 44.4218273, -18.9850576 ], [ 44.4219073, -18.9851296 ], [ 44.4219683, -18.9851913 ], [ 44.4221084, -18.9853385 ], [ 44.4221513, -18.9854073 ], [ 44.4222074, -18.9854926 ], [ 44.4223194, -18.9856017 ], [ 44.4224134, -18.9856745 ], [ 44.4224584, -18.9857315 ], [ 44.4225525, -18.9857946 ], [ 44.4226124, -18.9858574 ], [ 44.4226744, -18.9859106 ], [ 44.4227514, -18.9859775 ], [ 44.4228463, -18.9860457 ], [ 44.4229384, -18.9861264 ], [ 44.4230124, -18.9862153 ], [ 44.4230775, -18.9863058 ], [ 44.4231114, -18.9863965 ], [ 44.4231635, -18.9864457 ], [ 44.4231904, -18.9864877 ], [ 44.4232284, -18.9865458 ], [ 44.423262400000013, -18.9866483 ], [ 44.4232964, -18.9867148 ], [ 44.4233414, -18.9867847 ], [ 44.4233754, -18.9868715 ], [ 44.4233985, -18.9869254 ], [ 44.4234184, -18.9869945 ], [ 44.4234285, -18.9870573 ], [ 44.4234574, -18.9871175 ], [ 44.4235004, -18.9871914 ], [ 44.4235284, -18.9872606 ], [ 44.4235495, -18.9873557 ], [ 44.4235664, -18.9874174 ], [ 44.4235744, -18.9874694 ], [ 44.4236005, -18.9875205 ], [ 44.4235685, -18.9876128 ], [ 44.4235354, -18.9876565 ], [ 44.4235184, -18.9877026 ], [ 44.4234884, -18.9877655 ], [ 44.4234755, -18.9878518 ], [ 44.4234584, -18.9879346 ], [ 44.4234514, -18.9880006 ], [ 44.4234265, -18.9880494 ], [ 44.4234125, -18.9881357 ], [ 44.4234154, -18.9881877 ], [ 44.4233695, -18.9882916 ], [ 44.423387399999989, -18.9883697 ], [ 44.4234004, -18.9884258 ], [ 44.4233694, -18.9884785 ], [ 44.4233664, -18.9885293 ], [ 44.4233483, -18.9886138 ], [ 44.423345399999988, -18.9886855 ], [ 44.4233214, -18.9887406 ], [ 44.423266399999989, -18.9888134 ], [ 44.4232864, -18.9888768 ], [ 44.4232535, -18.9889465 ], [ 44.4232244, -18.9889964 ], [ 44.4231875, -18.9890395 ], [ 44.4231554, -18.9890798 ], [ 44.4231435, -18.9891424 ], [ 44.4231354, -18.9892078 ], [ 44.4231315, -18.9892998 ], [ 44.42313739999998, -18.9893495 ], [ 44.4231474, -18.9894016 ], [ 44.4231744, -18.9894668 ], [ 44.4232053, -18.9895338 ], [ 44.423224399999988, -18.9895797 ], [ 44.4232255, -18.9896475 ], [ 44.4232174, -18.9897265 ], [ 44.4232254, -18.9897898 ], [ 44.4232464, -18.9898815 ], [ 44.4232794, -18.9899497 ], [ 44.4233534, -18.9899996 ], [ 44.423392500000013, -18.9900435 ], [ 44.4234324, -18.9900908 ], [ 44.4234794, -18.9901348 ], [ 44.4235324, -18.9901778 ], [ 44.4236234, -18.9902714 ], [ 44.4236584, -18.9903277 ], [ 44.4236744, -18.9903894 ], [ 44.4237144, -18.9904288 ], [ 44.4237505, -18.9904648 ], [ 44.4237844, -18.9905064 ], [ 44.4238375, -18.9905984 ], [ 44.4239164, -18.9906456 ], [ 44.4239694, -18.9906908 ], [ 44.4240324, -18.9907096 ], [ 44.424105399999981, -18.9907104 ], [ 44.4242064, -18.9907166 ], [ 44.4243105, -18.9907409 ], [ 44.4244085, -18.9907798 ], [ 44.4244934, -18.9908168 ], [ 44.4245834, -18.9908687 ], [ 44.4246505, -18.9908965 ], [ 44.4247004, -18.9909247 ], [ 44.4247445, -18.9909523 ], [ 44.424834499999989, -18.9910058 ], [ 44.4249055, -18.9910467 ], [ 44.4249745, -18.9910847 ], [ 44.4250555, -18.9910997 ], [ 44.4251424, -18.9910787 ], [ 44.4251926, -18.9910555 ], [ 44.4252615, -18.9910134 ], [ 44.4252996, -18.9909726 ], [ 44.4253636, -18.9909078 ], [ 44.4254045, -18.9908755 ], [ 44.4254016, -18.9908195 ], [ 44.425428599999989, -18.9907504 ], [ 44.4254446, -18.9907014 ], [ 44.4254376, -18.9906313 ], [ 44.4254515, -18.9905327 ], [ 44.4254425, -18.9904687 ], [ 44.4254225, -18.9904166 ], [ 44.4254086, -18.9903554 ], [ 44.4253935, -18.9902745 ], [ 44.4253826, -18.9902264 ], [ 44.4253955, -18.9901785 ], [ 44.4254485, -18.9901594 ], [ 44.4255155, -18.9901516 ], [ 44.4255646, -18.9901708 ], [ 44.4255905, -18.9902225 ], [ 44.4255965, -18.9903287 ], [ 44.4256085, -18.9903768 ], [ 44.4256295, -18.9904335 ], [ 44.425646600000015, -18.9905037 ], [ 44.4256625, -18.9905598 ], [ 44.4257125, -18.9906366 ], [ 44.4257306, -18.9906978 ], [ 44.4257625, -18.9907975 ], [ 44.4258176, -18.9908653 ], [ 44.4258345, -18.9909237 ], [ 44.4258465, -18.9909984 ], [ 44.4258986, -18.9910368 ], [ 44.4259486, -18.9910757 ], [ 44.4259746, -18.9911257 ], [ 44.4260285, -18.9911534 ], [ 44.4261376, -18.9912015 ], [ 44.4262276, -18.9912233 ], [ 44.4263596, -18.9912395 ], [ 44.4264035, -18.9912648 ], [ 44.4264896, -18.9912799 ], [ 44.4265667, -18.9912864 ], [ 44.4266495, -18.9913037 ], [ 44.4267416, -18.9913137 ], [ 44.4268166, -18.9913168 ], [ 44.4269525, -18.9912827 ], [ 44.4270426, -18.9912685 ], [ 44.4271226, -18.9912389 ], [ 44.4272036, -18.9912234 ], [ 44.4272736, -18.9912044 ], [ 44.4273306, -18.9911796 ], [ 44.4273697, -18.9911247 ], [ 44.4273977, -18.9910697 ], [ 44.4274026, -18.9910036 ], [ 44.4274026, -18.9909545 ], [ 44.427419700000016, -18.9908598 ], [ 44.4274476, -18.9907438 ], [ 44.4274416, -18.9906935 ], [ 44.4274436, -18.9906246 ], [ 44.4274506, -18.9905649 ], [ 44.4274726, -18.9904708 ], [ 44.4275026, -18.9903876 ], [ 44.4275077, -18.9903357 ], [ 44.4274996, -18.9902887 ], [ 44.4274986, -18.9902113 ], [ 44.427490700000014, -18.9901107 ], [ 44.4274646, -18.9900353 ], [ 44.4274586, -18.9899675 ], [ 44.4274547, -18.9898997 ], [ 44.4274337, -18.9897944 ], [ 44.4274326, -18.9897024 ], [ 44.4274336, -18.9896454 ], [ 44.4274456, -18.9895806 ], [ 44.4274507, -18.9895078 ], [ 44.4274467, -18.9894213 ], [ 44.4274486, -18.9893694 ], [ 44.4274347, -18.9893105 ], [ 44.4274257, -18.9892573 ], [ 44.4274216, -18.9892025 ], [ 44.4274096, -18.9891527 ], [ 44.4273726, -18.9890958 ], [ 44.427344599999984, -18.9890407 ], [ 44.4273227, -18.9889908 ], [ 44.4273326, -18.9889158 ], [ 44.4273236, -18.9888163 ], [ 44.4273226, -18.9887288 ], [ 44.4273206, -18.9886475 ], [ 44.427315700000015, -18.9885785 ], [ 44.4273046, -18.9885214 ], [ 44.4272726, -18.9884307 ], [ 44.4272476, -18.9883875 ], [ 44.4272047, -18.9883463 ], [ 44.4271546, -18.9883147 ], [ 44.4270926, -18.9883033 ], [ 44.4270476, -18.9882667 ], [ 44.427035599999989, -18.9882163 ], [ 44.4270586, -18.9881663 ], [ 44.4271516, -18.9881204 ], [ 44.4272106, -18.9880906 ], [ 44.4272657, -18.9880534 ], [ 44.4273076, -18.9880098 ], [ 44.4273607, -18.9879516 ], [ 44.4273967, -18.9879074 ], [ 44.4274476, -18.9878577 ], [ 44.4274836, -18.9878237 ], [ 44.4275417, -18.9877504 ], [ 44.4275617, -18.9877037 ], [ 44.4276006, -18.9876623 ], [ 44.4276626, -18.9876026 ], [ 44.4277006, -18.9875697 ], [ 44.4277897, -18.9875176 ], [ 44.4278446, -18.9874527 ], [ 44.4278646, -18.9874044 ], [ 44.4278866, -18.9873527 ], [ 44.4279187, -18.9872943 ], [ 44.4279697, -18.9872344 ], [ 44.4280056, -18.9871716 ], [ 44.4280476, -18.9871365 ], [ 44.4281036, -18.9870964 ], [ 44.4281817, -18.9870318 ], [ 44.4282477, -18.9870133 ], [ 44.4283147, -18.9870016 ], [ 44.4283947, -18.9869833 ], [ 44.4284677, -18.9869796 ], [ 44.4285558, -18.9870235 ], [ 44.4286027, -18.9870567 ], [ 44.4287146, -18.9871026 ], [ 44.4287857, -18.9871395 ], [ 44.4288448, -18.9871757 ], [ 44.428976699999986, -18.9872116 ], [ 44.4290997, -18.9872294 ], [ 44.4291967, -18.9872818 ], [ 44.4292538, -18.9873327 ], [ 44.4292737, -18.9873877 ], [ 44.4292757, -18.9874617 ], [ 44.4292467, -18.9875015 ], [ 44.4291728, -18.9875498 ], [ 44.4290918, -18.9875873 ], [ 44.4289818, -18.9876267 ], [ 44.4289027, -18.9876484 ], [ 44.4288437, -18.9876664 ], [ 44.4287517, -18.9876874 ], [ 44.4286717, -18.9876956 ], [ 44.4286127, -18.9877147 ], [ 44.4285557, -18.9877265 ], [ 44.4284947, -18.9877586 ], [ 44.4284347, -18.9877895 ], [ 44.4283677, -18.9878103 ], [ 44.4282947, -18.9878428 ], [ 44.4282476, -18.9878688 ], [ 44.4282066, -18.9879124 ], [ 44.428170599999987, -18.9879527 ], [ 44.4281347, -18.9880065 ], [ 44.4281216, -18.9880555 ], [ 44.4280916, -18.9881037 ], [ 44.4280527, -18.9881445 ], [ 44.4280156, -18.9881904 ], [ 44.428004600000016, -18.9882806 ], [ 44.4280126, -18.9883287 ], [ 44.4280327, -18.9884328 ], [ 44.4280137, -18.9884947 ], [ 44.4280016, -18.9885607 ], [ 44.4280067, -18.9886426 ], [ 44.4280247, -18.9887168 ], [ 44.4280456, -18.9887864 ], [ 44.4280797, -18.9888506 ], [ 44.4280886, -18.9889518 ], [ 44.4280957, -18.9890484 ], [ 44.4281027, -18.9890988 ], [ 44.4280957, -18.9891715 ], [ 44.4280937, -18.9892664 ], [ 44.4280717, -18.9893525 ], [ 44.428073700000013, -18.9894424 ], [ 44.428073700000013, -18.9895383 ], [ 44.4280696, -18.9895976 ], [ 44.4280567, -18.9896477 ], [ 44.4280457, -18.9897097 ], [ 44.4280416, -18.9897746 ], [ 44.428075600000014, -18.9898574 ], [ 44.4280977, -18.9899113 ], [ 44.428115700000014, -18.9899708 ], [ 44.4281297, -18.9900235 ], [ 44.4281607, -18.9900735 ], [ 44.4281796, -18.9901177 ], [ 44.4282327, -18.9902064 ], [ 44.4282836, -18.9902555 ], [ 44.4283327, -18.9902934 ], [ 44.4283827, -18.9903216 ], [ 44.4284786, -18.9903029 ], [ 44.4285398, -18.9902787 ], [ 44.4285917, -18.9902527 ], [ 44.4286707, -18.9902107 ], [ 44.42871670000001, -18.9901734 ], [ 44.4288056, -18.9901246 ], [ 44.4289068, -18.9901066 ], [ 44.4289827, -18.9900865 ], [ 44.4290587, -18.9900727 ], [ 44.4291077, -18.9900467 ], [ 44.4291767, -18.9900135 ], [ 44.4292357, -18.9899944 ], [ 44.4292918, -18.9899685 ], [ 44.4293857, -18.9899554 ], [ 44.4294637, -18.9899495 ], [ 44.4295297, -18.9899536 ], [ 44.4296177, -18.9899676 ], [ 44.4296717, -18.9899913 ], [ 44.4297517, -18.9900136 ], [ 44.4298188, -18.9900257 ], [ 44.4299098, -18.9900487 ], [ 44.4299897, -18.9900524 ], [ 44.4300457, -18.9900496 ], [ 44.4301078, -18.9900486 ], [ 44.4301617, -18.9900667 ], [ 44.4302417, -18.9900868 ], [ 44.4303137, -18.9901096 ], [ 44.4303919, -18.9901534 ], [ 44.430513800000014, -18.9901965 ], [ 44.4305758, -18.9902316 ], [ 44.4306437, -18.9902956 ], [ 44.4307028, -18.9903686 ], [ 44.430732799999987, -18.9904163 ], [ 44.4307697, -18.9904659 ], [ 44.4308039, -18.9905888 ], [ 44.4308508, -18.9906627 ], [ 44.4308608, -18.9907255 ], [ 44.4308398, -18.9907964 ], [ 44.4308198, -18.9908786 ], [ 44.4308089, -18.9909468 ], [ 44.43078580000001, -18.9910025 ], [ 44.4308028, -18.9910586 ], [ 44.4308478, -18.9911359 ], [ 44.4308688, -18.9912027 ], [ 44.4308728, -18.9912824 ], [ 44.4308828, -18.9913977 ], [ 44.430892799999988, -18.9914515 ], [ 44.4309298, -18.9915304 ], [ 44.430985799999988, -18.9916004 ], [ 44.4310599, -18.9916735 ], [ 44.4311508, -18.9917417 ], [ 44.4312048, -18.9917745 ], [ 44.4312648, -18.9917989 ], [ 44.4313219, -18.9918757 ], [ 44.4313089, -18.9919563 ], [ 44.4312929, -18.9920177 ], [ 44.4312399, -18.9920538 ], [ 44.4311868, -18.9921018 ], [ 44.4311028, -18.9921336 ], [ 44.4310328, -18.9921786 ], [ 44.4309769, -18.9922034 ], [ 44.4309059, -18.9922326 ], [ 44.4308539, -18.9922518 ], [ 44.4307949, -18.9922697 ], [ 44.4307388, -18.9922878 ], [ 44.4306467, -18.9923449 ], [ 44.4306078, -18.9923885 ], [ 44.4305577, -18.9924275 ], [ 44.4305079, -18.9925015 ], [ 44.4304628, -18.9925366 ], [ 44.4304148, -18.9925835 ], [ 44.4303549, -18.9926235 ], [ 44.4303138, -18.9926569 ], [ 44.4302678, -18.9927315 ], [ 44.4302608, -18.9927885 ], [ 44.4302998, -18.9928295 ], [ 44.4303538, -18.9928409 ], [ 44.4304147, -18.9928127 ], [ 44.4304717, -18.9927885 ], [ 44.4305247, -18.9927727 ], [ 44.4305808, -18.9927524 ], [ 44.4306388, -18.9927695 ], [ 44.4307038, -18.9928018 ], [ 44.4307639, -18.9928668 ], [ 44.4307968, -18.9929406 ], [ 44.4308248, -18.9929838 ], [ 44.4308508, -18.9930858 ], [ 44.4308577, -18.9931525 ], [ 44.4308458, -18.9932235 ], [ 44.4308357, -18.9932894 ], [ 44.430796799999982, -18.9933398 ], [ 44.4307898, -18.9933934 ], [ 44.4307947, -18.9934516 ], [ 44.4308667, -18.9934744 ], [ 44.4308828, -18.9935356 ], [ 44.4309918, -18.9935729 ], [ 44.4311079, -18.9935878 ], [ 44.431266799999989, -18.9935839 ], [ 44.4313678, -18.9935675 ], [ 44.4314709, -18.9935596 ], [ 44.4315609, -18.9935425 ], [ 44.4316318, -18.9935297 ], [ 44.431704799999984, -18.9935237 ], [ 44.4318189, -18.9935487 ], [ 44.4318678, -18.9935769 ], [ 44.4318969, -18.9936405 ], [ 44.4319148, -18.9937175 ], [ 44.4319148, -18.9938027 ], [ 44.4318829, -18.9939148 ], [ 44.4318518, -18.9939895 ], [ 44.4318228, -18.9940457 ], [ 44.4317578, -18.9941167 ], [ 44.4317268, -18.9941638 ], [ 44.4317088, -18.9942325 ], [ 44.4317229, -18.9942829 ], [ 44.4317359, -18.9943355 ], [ 44.4317638, -18.9943906 ], [ 44.4317809, -18.9944518 ], [ 44.4317998, -18.9944989 ], [ 44.4317889, -18.994553 ], [ 44.4317558, -18.9945904 ], [ 44.4317578, -18.9946435 ], [ 44.4317798, -18.9947019 ], [ 44.4317959, -18.9947597 ], [ 44.4318169, -18.9948266 ], [ 44.431841899999988, -18.9948799 ], [ 44.4318809, -18.9949425 ], [ 44.4319169, -18.9949988 ], [ 44.4319598, -18.9950455 ], [ 44.4320138, -18.9951218 ], [ 44.4320758, -18.9951959 ], [ 44.4321078, -18.9953346 ], [ 44.4321018, -18.9954486 ], [ 44.4321159, -18.9955617 ], [ 44.4321269, -18.9956787 ], [ 44.4321639, -18.995787 ], [ 44.4321699, -18.9958418 ], [ 44.4321989, -18.9959477 ], [ 44.4322389, -18.9960899 ], [ 44.4322809, -18.996183 ], [ 44.4323009, -18.9962769 ], [ 44.432297899999988, -18.9963367 ], [ 44.4322898, -18.9963914 ], [ 44.432292799999985, -18.9964395 ], [ 44.4323379, -18.9964755 ], [ 44.4324029, -18.9965146 ], [ 44.432455800000014, -18.9965948 ], [ 44.4324959, -18.9966676 ], [ 44.4325278, -18.9967255 ], [ 44.4325429, -18.9967759 ], [ 44.4325498, -18.9968449 ], [ 44.4325649, -18.996914 ], [ 44.4325879, -18.9970119 ], [ 44.4325938, -18.9970955 ], [ 44.432587, -18.9971728 ], [ 44.4325859, -18.9972818 ], [ 44.4326129, -18.9973436 ], [ 44.4326219, -18.9974149 ], [ 44.4326299, -18.9975065 ], [ 44.4326288, -18.9975849 ], [ 44.4326129, -18.9976497 ], [ 44.4325929, -18.9977336 ], [ 44.4325699, -18.9978045 ], [ 44.4325509, -18.9978766 ], [ 44.4325289, -18.9979198 ], [ 44.4325029, -18.9979839 ], [ 44.4324879, -18.9980696 ], [ 44.4324708, -18.9981445 ], [ 44.4324549, -18.9982206 ], [ 44.4324559, -18.9983115 ], [ 44.4324539, -18.9983905 ], [ 44.4324569, -18.9984577 ], [ 44.4324669, -18.998542 ], [ 44.4324869, -18.9986275 ], [ 44.4325078, -18.9987006 ], [ 44.4325409, -18.9987376 ], [ 44.4325819, -18.9987708 ], [ 44.4326099, -18.9988107 ], [ 44.4326629, -18.998835 ], [ 44.4327439, -18.9988296 ], [ 44.432811899999983, -18.9988168 ], [ 44.4328979, -18.9987805 ], [ 44.432947899999988, -18.9987325 ], [ 44.4329878, -18.9986725 ], [ 44.4330239, -18.9986215 ], [ 44.4330558, -18.9985846 ], [ 44.4331109, -18.9985338 ], [ 44.4331749, -18.9984848 ], [ 44.4332269, -18.9984397 ], [ 44.4332839, -18.998407 ], [ 44.433342899999985, -18.9983946 ], [ 44.433418, -18.998387 ], [ 44.4334769, -18.9983735 ], [ 44.4335399, -18.9983539 ], [ 44.4336189, -18.9983429 ], [ 44.433708900000013, -18.9983495 ], [ 44.433759, -18.9983766 ], [ 44.4338119, -18.9983958 ], [ 44.4338909, -18.9984069 ], [ 44.4339369, -18.9984305 ], [ 44.4340129, -18.9984658 ], [ 44.4340599, -18.9984917 ], [ 44.4341109, -18.9985318 ], [ 44.434146, -18.9985779 ], [ 44.4341929, -18.9986598 ], [ 44.4342009, -18.9987096 ], [ 44.434222, -18.9987849 ], [ 44.43423, -18.9988375 ], [ 44.4342219, -18.9989029 ], [ 44.4341939, -18.9989845 ], [ 44.4341739, -18.9990786 ], [ 44.434129, -18.9991605 ], [ 44.43411, -18.9992235 ], [ 44.4341539, -18.9993087 ], [ 44.4342009, -18.9993618 ], [ 44.434227, -18.9994129 ], [ 44.4342289, -18.9994857 ], [ 44.434176, -18.9995405 ], [ 44.4340919, -18.9995627 ], [ 44.434028, -18.999597 ], [ 44.4339609, -18.9996398 ], [ 44.43391, -18.999694 ], [ 44.4338749, -18.9997557 ], [ 44.433854, -18.9998549 ], [ 44.4338529, -18.9999108 ], [ 44.4338669, -18.9999668 ], [ 44.433835, -19.000067 ], [ 44.433809900000014, -19.000139 ], [ 44.433842, -19.0001975 ], [ 44.433916, -19.0001989 ], [ 44.43394, -19.0002426 ], [ 44.433866, -19.0002757 ], [ 44.4339179, -19.0003135 ], [ 44.433951, -19.0003529 ], [ 44.4339509, -19.0004178 ], [ 44.4339559, -19.0004726 ], [ 44.4340439, -19.0005176 ], [ 44.434064, -19.0005749 ], [ 44.4340589, -19.0006296 ], [ 44.4341009, -19.0007125 ], [ 44.434109, -19.0007928 ], [ 44.434133900000013, -19.0008699 ], [ 44.434148, -19.0009468 ], [ 44.434158, -19.0010277 ], [ 44.4341859, -19.001107 ], [ 44.4342089, -19.0011959 ], [ 44.434203, -19.0012569 ], [ 44.434202, -19.001315 ], [ 44.434177, -19.0014508 ], [ 44.4341429, -19.0015216 ], [ 44.4341049, -19.0015957 ], [ 44.4340499, -19.0016166 ], [ 44.4339959, -19.0015736 ], [ 44.4339189, -19.0015598 ], [ 44.4338519, -19.0015788 ], [ 44.4337929, -19.0016109 ], [ 44.4337449, -19.0016279 ], [ 44.433702, -19.0016675 ], [ 44.4336599, -19.0017337 ], [ 44.4336389, -19.0018058 ], [ 44.4336159, -19.0018975 ], [ 44.433613799999989, -19.0019591 ], [ 44.4336119, -19.0020567 ], [ 44.4335899, -19.0021367 ], [ 44.4335779, -19.0021829 ], [ 44.4335209, -19.0022811 ], [ 44.4334589, -19.00236 ], [ 44.433414, -19.0024081 ], [ 44.4333839, -19.0024546 ], [ 44.4333339, -19.0025111 ], [ 44.4332829, -19.0025947 ], [ 44.4332479, -19.0026315 ], [ 44.4332159, -19.0026758 ], [ 44.4331629, -19.0027317 ], [ 44.4331239, -19.002781 ], [ 44.433081800000011, -19.0028228 ], [ 44.4330449, -19.0028789 ], [ 44.4330059, -19.0029287 ], [ 44.4329589, -19.0029728 ], [ 44.4329099, -19.0030378 ], [ 44.4328889, -19.0030906 ], [ 44.4328609, -19.0031609 ], [ 44.4327949, -19.003263 ], [ 44.4327539, -19.0032919 ], [ 44.4326948, -19.0033421 ], [ 44.4326549, -19.0033778 ], [ 44.4325949, -19.003433 ], [ 44.4325298, -19.003465 ], [ 44.4324608, -19.003501 ], [ 44.4323339, -19.0035606 ], [ 44.4322838, -19.0035911 ], [ 44.4321949, -19.003642 ], [ 44.4322479, -19.0036799 ], [ 44.4323209, -19.0037061 ], [ 44.4324169, -19.0037207 ], [ 44.4325109, -19.0037291 ], [ 44.4326318, -19.00374 ], [ 44.4327609, -19.0037437 ], [ 44.4328569, -19.0037329 ], [ 44.4329138, -19.0037267 ], [ 44.4329618, -19.0036849 ], [ 44.4330559, -19.0036848 ], [ 44.4330988, -19.0036588 ], [ 44.4331509, -19.0036119 ], [ 44.4332359, -19.0036128 ], [ 44.4332889, -19.0035688 ], [ 44.4333428, -19.0035598 ], [ 44.4333989, -19.0035378 ], [ 44.4334509, -19.0035237 ], [ 44.433519, -19.0035007 ], [ 44.433608, -19.0034808 ], [ 44.433675, -19.0034748 ], [ 44.433727, -19.003472 ], [ 44.433799, -19.0034807 ], [ 44.4338739, -19.0034838 ], [ 44.4339379, -19.0034777 ], [ 44.434013, -19.0034717 ], [ 44.4340819, -19.003468 ], [ 44.4341789, -19.0034606 ], [ 44.4342309, -19.0034549 ], [ 44.4343059, -19.0034631 ], [ 44.4343559, -19.0035111 ], [ 44.434382899999989, -19.0035848 ], [ 44.434427, -19.0036067 ], [ 44.43447, -19.0036377 ], [ 44.4345169, -19.0037071 ], [ 44.434563, -19.0037646 ], [ 44.4345929, -19.0038186 ], [ 44.43464, -19.0038728 ], [ 44.434681, -19.0039308 ], [ 44.43473, -19.0039957 ], [ 44.434776, -19.004029 ], [ 44.434844, -19.0040557 ], [ 44.434911, -19.004096 ], [ 44.435, -19.004128 ], [ 44.43507, -19.0041429 ], [ 44.435119, -19.0041547 ], [ 44.435185, -19.0041848 ], [ 44.435262099999989, -19.004215 ], [ 44.435352, -19.0042516 ], [ 44.435414, -19.0042686 ], [ 44.4354751, -19.0042851 ], [ 44.43558, -19.0043241 ], [ 44.435679, -19.0043608 ], [ 44.4357491, -19.0043937 ], [ 44.435828, -19.0044177 ], [ 44.435895, -19.004427 ], [ 44.4359581, -19.0044271 ], [ 44.4360681, -19.004474 ], [ 44.436114, -19.0044548 ], [ 44.436199, -19.0044721 ], [ 44.4362471, -19.0044461 ], [ 44.436299099999985, -19.0044088 ], [ 44.436374099999988, -19.0043148 ], [ 44.4363991, -19.0042281 ], [ 44.4363371, -19.0041867 ], [ 44.4363811, -19.0041296 ], [ 44.4364331, -19.0040788 ], [ 44.4364791, -19.0040279 ], [ 44.43655, -19.0040038 ], [ 44.4365881, -19.0039246 ], [ 44.436611, -19.0038481 ], [ 44.4366001, -19.0037277 ], [ 44.436571, -19.0036816 ], [ 44.4365491, -19.0036289 ], [ 44.436509, -19.0035296 ], [ 44.436497, -19.0034787 ], [ 44.436485, -19.0033809 ], [ 44.4365181, -19.003331 ], [ 44.4365851, -19.0033018 ], [ 44.4366771, -19.0033259 ], [ 44.436747, -19.0033899 ], [ 44.4367611, -19.0034398 ], [ 44.436785, -19.0034976 ], [ 44.4368191, -19.0035398 ], [ 44.4368731, -19.0035771 ], [ 44.4369361, -19.0036597 ], [ 44.4369521, -19.0037231 ], [ 44.4370102, -19.0037938 ], [ 44.4369971, -19.003858 ], [ 44.4370011, -19.0039501 ], [ 44.4369971, -19.0040099 ], [ 44.436967, -19.0040688 ], [ 44.4369301, -19.004108 ], [ 44.4368551, -19.0041698 ], [ 44.436852099999989, -19.00422 ], [ 44.4368491, -19.004277 ], [ 44.436883, -19.004339 ], [ 44.4369151, -19.0043868 ], [ 44.4369761, -19.0044241 ], [ 44.4370351, -19.0044547 ], [ 44.437100099999988, -19.0044577 ], [ 44.437164, -19.0044567 ], [ 44.4372351, -19.0044337 ], [ 44.4372551, -19.004386 ], [ 44.4373031, -19.004308 ], [ 44.4373341, -19.0042496 ], [ 44.4374061, -19.004177 ], [ 44.4374581, -19.0041606 ], [ 44.437516099999989, -19.0041517 ], [ 44.4375932, -19.0041689 ], [ 44.4376731, -19.0041991 ], [ 44.4377482, -19.0042271 ], [ 44.4377901, -19.0042569 ], [ 44.4378501, -19.0042508 ], [ 44.4379221, -19.0042137 ], [ 44.4380141, -19.0042159 ], [ 44.4380851, -19.0041957 ], [ 44.4381462, -19.004145 ], [ 44.4382132, -19.004135 ], [ 44.4382772, -19.004077 ], [ 44.4383312, -19.0040268 ], [ 44.4384091, -19.0039988 ], [ 44.4384672, -19.0039458 ], [ 44.4385222, -19.0038916 ], [ 44.4385921, -19.0038546 ], [ 44.4386392, -19.003806 ], [ 44.4386942, -19.0037981 ], [ 44.4387441, -19.003802 ], [ 44.4387932, -19.00378 ], [ 44.4388662, -19.0037746 ], [ 44.4389421, -19.0037268 ], [ 44.4390202, -19.0036938 ], [ 44.4391072, -19.003649 ], [ 44.4391592, -19.0036078 ], [ 44.439212199999986, -19.0035468 ], [ 44.4392602, -19.0034898 ], [ 44.4392842, -19.0034127 ], [ 44.4391992, -19.0034309 ], [ 44.4390942, -19.0034959 ], [ 44.4391263, -19.0033997 ], [ 44.4391742, -19.0033398 ], [ 44.4391902, -19.0032541 ], [ 44.4392003, -19.0031977 ], [ 44.4392293, -19.0031297 ], [ 44.4392382, -19.0030756 ], [ 44.4392262, -19.0030139 ], [ 44.4392632, -19.0029279 ], [ 44.4393173, -19.0028608 ], [ 44.4394003, -19.0027866 ], [ 44.4394872, -19.0027429 ], [ 44.4395572, -19.0027166 ], [ 44.439624299999984, -19.0027066 ], [ 44.4397222, -19.0026958 ], [ 44.4398323, -19.0026857 ], [ 44.4399273, -19.002702 ], [ 44.4400932, -19.0027258 ], [ 44.440227299999989, -19.0027578 ], [ 44.440304200000014, -19.0028106 ], [ 44.440369300000015, -19.0028689 ], [ 44.4404263, -19.0029746 ], [ 44.4404363, -19.003021 ], [ 44.4404382, -19.0031097 ], [ 44.4404522, -19.00319 ], [ 44.4404503, -19.003273 ], [ 44.4404403, -19.0033316 ], [ 44.4404312, -19.0033931 ], [ 44.4404332, -19.0035218 ], [ 44.4404283, -19.003576 ], [ 44.4403702, -19.003625 ], [ 44.4403132, -19.0036521 ], [ 44.4402673, -19.003708 ], [ 44.4402913, -19.003771 ], [ 44.4403003, -19.0038208 ], [ 44.4402732, -19.0039007 ], [ 44.440286300000011, -19.003972 ], [ 44.4402943, -19.004037 ], [ 44.4402833, -19.0040888 ], [ 44.4402913, -19.0041471 ], [ 44.4403152, -19.0042089 ], [ 44.4403343, -19.0042989 ], [ 44.4403343, -19.0043469 ], [ 44.4403083, -19.0044398 ], [ 44.4403063, -19.0045086 ], [ 44.4402992, -19.0045616 ], [ 44.4402982, -19.0046187 ], [ 44.4402963, -19.0046728 ], [ 44.4402573, -19.0047678 ], [ 44.4402692, -19.0048228 ], [ 44.440309299999988, -19.0048836 ], [ 44.4403052, -19.0049508 ], [ 44.4402963, -19.0049981 ], [ 44.4402533, -19.0050716 ], [ 44.4402403, -19.0051421 ], [ 44.4402223, -19.0052057 ], [ 44.4402493, -19.0052557 ], [ 44.4403222, -19.0052841 ], [ 44.4404103, -19.0053139 ], [ 44.4404883, -19.0053317 ], [ 44.440531299999989, -19.0053739 ], [ 44.4405793, -19.0054208 ], [ 44.4406273, -19.005467 ], [ 44.4406343, -19.0055377 ], [ 44.4406253, -19.0055941 ], [ 44.4406353, -19.0056467 ], [ 44.4406692, -19.0057041 ], [ 44.4406673, -19.0057521 ], [ 44.4406703, -19.0058097 ], [ 44.4406883, -19.0058647 ], [ 44.4407533, -19.0059778 ], [ 44.4407703, -19.0060457 ], [ 44.4407713, -19.0060999 ], [ 44.4407543, -19.0061449 ], [ 44.440673300000014, -19.0061999 ], [ 44.4405863, -19.0062396 ], [ 44.4404983, -19.0062658 ], [ 44.4404343, -19.0062769 ], [ 44.4403952, -19.006307 ], [ 44.4403143, -19.0063439 ], [ 44.4402593, -19.0063507 ], [ 44.4401822, -19.0063707 ], [ 44.4401252, -19.006382 ], [ 44.4400472, -19.0063868 ], [ 44.4399873, -19.0063991 ], [ 44.439999199999981, -19.0064788 ], [ 44.4399832, -19.0065289 ], [ 44.4399553, -19.0065919 ], [ 44.4399572, -19.0066608 ], [ 44.4399802, -19.0067147 ], [ 44.4400192, -19.0068038 ], [ 44.4400283, -19.0068711 ], [ 44.4400552, -19.0069436 ], [ 44.440100299999983, -19.0070181 ], [ 44.440106299999989, -19.0070769 ], [ 44.4401142, -19.0071668 ], [ 44.4401173, -19.0072577 ], [ 44.440102299999985, -19.0073191 ], [ 44.4400543, -19.0074372 ], [ 44.4400063, -19.0075247 ], [ 44.4399792, -19.0076069 ], [ 44.4399233, -19.0077508 ], [ 44.4398802, -19.0078238 ], [ 44.4398652, -19.0078727 ], [ 44.4398652, -19.0079529 ], [ 44.4398362, -19.0080028 ], [ 44.4397823, -19.0080672 ], [ 44.439737199999989, -19.008148 ], [ 44.4396842, -19.0082287 ], [ 44.4395802, -19.0083439 ], [ 44.439516199999986, -19.0084319 ], [ 44.4394533, -19.0085187 ], [ 44.4393902, -19.0086129 ], [ 44.439356200000013, -19.0086938 ], [ 44.4393132, -19.0087978 ], [ 44.4392622, -19.0088639 ], [ 44.4391842, -19.0089201 ], [ 44.4390932, -19.0089891 ], [ 44.4390481, -19.0090411 ], [ 44.4389702, -19.0091159 ], [ 44.4388811, -19.0091782 ], [ 44.4388182, -19.0092379 ], [ 44.4387331, -19.0092811 ], [ 44.4386442, -19.0093541 ], [ 44.4385912, -19.0094201 ], [ 44.4385441, -19.0094682 ], [ 44.4384582, -19.009531 ], [ 44.4384122, -19.0095672 ], [ 44.4383391, -19.0095941 ], [ 44.4382502, -19.0096219 ], [ 44.4381641, -19.0096458 ], [ 44.4380761, -19.009668 ], [ 44.4380032, -19.0096751 ], [ 44.4379181, -19.009677 ], [ 44.4378152, -19.0096702 ], [ 44.4377451, -19.0097451 ], [ 44.4376861, -19.009836 ], [ 44.4376562, -19.0098802 ], [ 44.4376311, -19.0099579 ], [ 44.437615099999988, -19.0100289 ], [ 44.4376232, -19.0101419 ], [ 44.4376401, -19.010207 ], [ 44.4376752, -19.0102961 ], [ 44.437727, -19.0103401 ], [ 44.4378161, -19.0103891 ], [ 44.4379231, -19.0104501 ], [ 44.4379931, -19.0104898 ], [ 44.4380422, -19.0105327 ], [ 44.4380491, -19.0105961 ], [ 44.4380092, -19.0106329 ], [ 44.4379452, -19.0106378 ], [ 44.4378281, -19.010662 ], [ 44.4377511, -19.010682 ], [ 44.4376711, -19.0106958 ], [ 44.437616, -19.0106941 ], [ 44.4375381, -19.0106712 ], [ 44.4374501, -19.0106911 ], [ 44.4374081, -19.0107302 ], [ 44.4373721, -19.0107761 ], [ 44.4372971, -19.0108481 ], [ 44.4372671, -19.010906 ], [ 44.4372162, -19.0109669 ], [ 44.437177, -19.0109987 ], [ 44.437141, -19.0110898 ], [ 44.4371291, -19.011141 ], [ 44.4371091, -19.0111928 ], [ 44.43709, -19.0112462 ], [ 44.43708010000001, -19.0113173 ], [ 44.437078, -19.0113901 ], [ 44.4370991, -19.011462 ], [ 44.4371201, -19.0115311 ], [ 44.4371471, -19.0115828 ], [ 44.4371681, -19.0116452 ], [ 44.4371821, -19.0116922 ], [ 44.4372302, -19.0117339 ], [ 44.4372831, -19.0117639 ], [ 44.4374091, -19.011811 ], [ 44.4375071, -19.011859 ], [ 44.43757, -19.0119048 ], [ 44.43757810000001, -19.0120212 ], [ 44.4375771, -19.0121042 ], [ 44.4376361, -19.0121642 ], [ 44.4377171, -19.0121639 ], [ 44.4378032, -19.0121649 ], [ 44.4378991, -19.012184 ], [ 44.4379901, -19.0122177 ], [ 44.438039100000012, -19.0122301 ], [ 44.4380941, -19.0122731 ], [ 44.4381511, -19.0123228 ], [ 44.4381101, -19.0124229 ], [ 44.4380202, -19.0124112 ], [ 44.4379562, -19.0124218 ], [ 44.4378982, -19.012459 ], [ 44.4378182, -19.0124959 ], [ 44.4377711, -19.0125321 ], [ 44.4376471, -19.0125658 ], [ 44.4375611, -19.0125942 ], [ 44.4374941, -19.0126081 ], [ 44.4374321, -19.0126052 ], [ 44.4373652, -19.012596 ], [ 44.4373031, -19.0125377 ], [ 44.4372731, -19.0124922 ], [ 44.437228, -19.012446 ], [ 44.4371812, -19.0124088 ], [ 44.4371301, -19.0123828 ], [ 44.4370631, -19.0123759 ], [ 44.4369991, -19.0123571 ], [ 44.436937, -19.0123451 ], [ 44.436886099999988, -19.0123203 ], [ 44.4368001, -19.0122928 ], [ 44.4367331, -19.0122728 ], [ 44.4366761, -19.0122468 ], [ 44.4366251, -19.0122203 ], [ 44.4365781, -19.0122011 ], [ 44.436512, -19.0121812 ], [ 44.4364521, -19.012176 ], [ 44.4363981, -19.0121658 ], [ 44.4363261, -19.0121532 ], [ 44.436221, -19.012152 ], [ 44.43615, -19.0121422 ], [ 44.436084, -19.0121308 ], [ 44.436007, -19.0121169 ], [ 44.4359141, -19.0121012 ], [ 44.4358301, -19.0120879 ], [ 44.435733, -19.0120942 ], [ 44.4356521, -19.0121063 ], [ 44.4355821, -19.0121388 ], [ 44.43553, -19.0121501 ], [ 44.43544, -19.0121892 ], [ 44.4353919, -19.0122118 ], [ 44.435337, -19.0122479 ], [ 44.435302, -19.0122859 ], [ 44.435238, -19.0123377 ], [ 44.435182, -19.0124021 ], [ 44.435117, -19.0124719 ], [ 44.4350829, -19.012515 ], [ 44.43503, -19.0125608 ], [ 44.434993, -19.0126089 ], [ 44.434946, -19.0126542 ], [ 44.4348979, -19.0127039 ], [ 44.4348369, -19.0127552 ], [ 44.4347709, -19.0128098 ], [ 44.434712, -19.0128583 ], [ 44.434668, -19.0128928 ], [ 44.4346319, -19.0129641 ], [ 44.434637, -19.0130347 ], [ 44.4346199, -19.0130989 ], [ 44.4346619, -19.0131338 ], [ 44.434764, -19.0131869 ], [ 44.434852, -19.013224 ], [ 44.4349609, -19.0132879 ], [ 44.4350649, -19.0133269 ], [ 44.4351621, -19.013359 ], [ 44.4352699, -19.0133839 ], [ 44.4353431, -19.0134141 ], [ 44.4353769, -19.0134839 ], [ 44.435339, -19.013567 ], [ 44.435298, -19.0136293 ], [ 44.4352469, -19.013714 ], [ 44.4352659, -19.0137628 ], [ 44.43531, -19.0137988 ], [ 44.435366, -19.0138209 ], [ 44.435504, -19.0187261 ], [ 44.435598, -19.0187989 ], [ 44.435597, -19.0188582 ], [ 44.435607, -19.018926 ], [ 44.4356489, -19.0189903 ], [ 44.435695, -19.0190569 ], [ 44.4357569, -19.0191293 ], [ 44.4358311, -19.0192103 ], [ 44.435918, -19.0192999 ], [ 44.435981, -19.0193813 ], [ 44.4360529, -19.0194561 ], [ 44.436126, -19.019554 ], [ 44.436165, -19.019638 ], [ 44.436197, -19.0197163 ], [ 44.4362121, -19.0197859 ], [ 44.4362231, -19.0198453 ], [ 44.4362081, -19.0199073 ], [ 44.4362011, -19.0199812 ], [ 44.436202099999988, -19.020084 ], [ 44.436213, -19.0201609 ], [ 44.436236, -19.0202114 ], [ 44.436294, -19.0202753 ], [ 44.436368, -19.0203501 ], [ 44.4364171, -19.0203969 ], [ 44.4365141, -19.020451 ], [ 44.436591, -19.0204812 ], [ 44.4366621, -19.020495 ], [ 44.4367301, -19.020485 ], [ 44.436744, -19.0207664 ], [ 44.4370671, -19.0212979 ], [ 44.436963, -19.0214843 ], [ 44.436864, -19.0214459 ], [ 44.4367751, -19.0214201 ], [ 44.4367151, -19.0214002 ], [ 44.436625, -19.0213721 ], [ 44.4365731, -19.0213603 ], [ 44.4364791, -19.0213513 ], [ 44.4364021, -19.0213623 ], [ 44.4363171, -19.0213942 ], [ 44.4362611, -19.021424 ], [ 44.436204, -19.0214652 ], [ 44.436147, -19.021499 ], [ 44.436066, -19.0215269 ], [ 44.436007, -19.0215381 ], [ 44.4359511, -19.0215522 ], [ 44.435894, -19.02156 ], [ 44.435814, -19.0215422 ], [ 44.4357369, -19.0215222 ], [ 44.435626, -19.0215153 ], [ 44.4355401, -19.0215274 ], [ 44.435474, -19.0215153 ], [ 44.435404, -19.0214773 ], [ 44.4353599, -19.0214503 ], [ 44.435291, -19.0214179 ], [ 44.43525, -19.021383 ], [ 44.435158, -19.0213323 ], [ 44.4351139, -19.0213053 ], [ 44.435068, -19.0212861 ], [ 44.434987, -19.0212344 ], [ 44.434922, -19.0211823 ], [ 44.4348599, -19.0211613 ], [ 44.434805, -19.0211421 ], [ 44.4347519, -19.0210969 ], [ 44.4346829, -19.0210594 ], [ 44.4346079, -19.0210383 ], [ 44.434541, -19.0210279 ], [ 44.434456, -19.0210699 ], [ 44.4344359, -19.0211222 ], [ 44.4344169, -19.0211841 ], [ 44.434359, -19.0211761 ], [ 44.4342589, -19.0211383 ], [ 44.434202899999988, -19.0210841 ], [ 44.4341309, -19.021063 ], [ 44.4340609, -19.0210673 ], [ 44.4339729, -19.0211041 ], [ 44.4339099, -19.0210831 ], [ 44.4338588, -19.0210831 ], [ 44.433777, -19.0211031 ], [ 44.4337409, -19.0211394 ], [ 44.4336858, -19.0211394 ], [ 44.4335959, -19.0211711 ], [ 44.4335459, -19.0212084 ], [ 44.4334608, -19.0212832 ], [ 44.4333668, -19.0213132 ], [ 44.4333149, -19.0212601 ], [ 44.4332119, -19.0212279 ], [ 44.4331619, -19.0212324 ], [ 44.4330728, -19.0212704 ], [ 44.4330959, -19.0213249 ], [ 44.4330508, -19.0213509 ], [ 44.4329789, -19.0213654 ], [ 44.4329188, -19.0213884 ], [ 44.4328659, -19.0214059 ], [ 44.4327828, -19.0214022 ], [ 44.4327019, -19.0213821 ], [ 44.4326418, -19.0213329 ], [ 44.432591799999983, -19.0213182 ], [ 44.4325248, -19.0213242 ], [ 44.4318128, -19.0231545 ], [ 44.4317148, -19.0231681 ], [ 44.4316538, -19.0231521 ], [ 44.4315907, -19.023178 ], [ 44.4315298, -19.0231852 ], [ 44.4314718, -19.0231953 ], [ 44.4313957, -19.0232205 ], [ 44.431312700000014, -19.023263 ], [ 44.431246800000011, -19.0232883 ], [ 44.4311957, -19.0233142 ], [ 44.4311117, -19.0233512 ], [ 44.4310267, -19.0233683 ], [ 44.4310188, -19.0234461 ], [ 44.4309867, -19.0235073 ], [ 44.4309857, -19.0235564 ], [ 44.4309947, -19.0236102 ], [ 44.4310008, -19.0236712 ], [ 44.4310248, -19.0237342 ], [ 44.4310497, -19.0238333 ], [ 44.4310818, -19.0239545 ], [ 44.4310967, -19.024023 ], [ 44.4311007, -19.0241083 ], [ 44.4311077, -19.024188 ], [ 44.4311027, -19.0242732 ], [ 44.4310657, -19.0243484 ], [ 44.4310587, -19.0244094 ], [ 44.4310358, -19.024478 ], [ 44.431021799999989, -19.0245315 ], [ 44.4309847, -19.0245864 ], [ 44.4309377, -19.0246474 ], [ 44.4308827, -19.0247101 ], [ 44.4308317, -19.0247914 ], [ 44.4307648, -19.0248675 ], [ 44.4306897, -19.0249841 ], [ 44.4306067, -19.025073 ], [ 44.4305048, -19.0251763 ], [ 44.4304277, -19.0252054 ], [ 44.4303707, -19.0252262 ], [ 44.4302897, -19.02524 ], [ 44.4301737, -19.0252602 ], [ 44.4300818, -19.0252722 ], [ 44.4299907, -19.0252813 ], [ 44.4299147, -19.0252833 ], [ 44.4298157, -19.0252924 ], [ 44.4297638, -19.025315 ], [ 44.4296957, -19.0253351 ], [ 44.4296467, -19.02536 ], [ 44.4296037, -19.0254182 ], [ 44.4295727, -19.0254721 ], [ 44.4295537, -19.0255374 ], [ 44.4295517, -19.0255944 ], [ 44.4295166, -19.0256544 ], [ 44.4295147, -19.025764 ], [ 44.4295106, -19.0258181 ], [ 44.4295157, -19.0259131 ], [ 44.4295357, -19.0260143 ], [ 44.4295697, -19.0261384 ], [ 44.4296007, -19.0262263 ], [ 44.4296878, -19.0263633 ], [ 44.4297426, -19.0264142 ], [ 44.4297827, -19.0264773 ], [ 44.4298356, -19.0265315 ], [ 44.4298818, -19.0265823 ], [ 44.4299366, -19.0266461 ], [ 44.4300517, -19.0267202 ], [ 44.4301507, -19.0268032 ], [ 44.4301906, -19.0268511 ], [ 44.4302697, -19.0269203 ], [ 44.4303297, -19.0269791 ], [ 44.4303787, -19.0270384 ], [ 44.4304307, -19.0270661 ], [ 44.430523699999988, -19.027119 ], [ 44.4305787, -19.0271552 ], [ 44.4306377, -19.0271615 ], [ 44.4306907, -19.0272073 ], [ 44.4307567, -19.0272735 ], [ 44.4308088, -19.0272842 ], [ 44.4308798, -19.0272963 ], [ 44.4309347, -19.0272924 ], [ 44.4309977, -19.0273004 ], [ 44.4310807, -19.0273115 ], [ 44.4311528, -19.0273163 ], [ 44.4312377, -19.0273245 ], [ 44.4312958, -19.0273483 ], [ 44.4313728, -19.0273232 ], [ 44.4314228, -19.0273311 ], [ 44.4315178, -19.0273372 ], [ 44.4315688, -19.0273361 ], [ 44.431627800000015, -19.0273892 ], [ 44.4317327, -19.0274124 ], [ 44.4317928, -19.0274012 ], [ 44.4318657, -19.0273755 ], [ 44.4319168, -19.0273631 ], [ 44.4320358, -19.0273531 ], [ 44.4321238, -19.0273433 ], [ 44.4322168, -19.0273235 ], [ 44.4322898, -19.0273051 ], [ 44.4323738, -19.0272964 ], [ 44.4324369, -19.0273061 ], [ 44.4325298, -19.027315 ], [ 44.4325828, -19.027328 ], [ 44.4326609, -19.0273554 ], [ 44.4327718, -19.0273872 ], [ 44.4328379, -19.0274105 ], [ 44.4329468, -19.0274484 ], [ 44.4330188, -19.0274622 ], [ 44.4330749, -19.0274272 ], [ 44.4331868, -19.0274392 ], [ 44.4332918, -19.027455 ], [ 44.4333508, -19.0274523 ], [ 44.433429899999986, -19.027452 ], [ 44.4334889, -19.0274442 ], [ 44.4335799, -19.0273735 ], [ 44.4335219, -19.0273474 ], [ 44.4335289, -19.0272803 ], [ 44.4335358, -19.027225 ], [ 44.4335369, -19.0271273 ], [ 44.4335349, -19.0270494 ], [ 44.4335459, -19.0269823 ], [ 44.4335579, -19.0269034 ], [ 44.4336228, -19.0268465 ], [ 44.4336658, -19.0267651 ], [ 44.4337239, -19.0267641 ], [ 44.433829900000013, -19.0267692 ], [ 44.4338898, -19.0267631 ], [ 44.433969800000014, -19.0267634 ] ] ], [ [ [ 44.5104939, -19.018686 ], [ 44.5106048, -19.0186183 ], [ 44.5201994, -19.012716 ], [ 44.533492, -19.0042722 ], [ 44.5306529, -19.0009588 ], [ 44.531553, -18.9937609 ], [ 44.5270537, -18.9865624 ], [ 44.5259078, -18.9854165 ], [ 44.5216546, -18.9811638 ], [ 44.5180553, -18.9748646 ], [ 44.5153552, -18.9685663 ], [ 44.5126561, -18.9622675 ], [ 44.510856, -18.9550689 ], [ 44.5088869, -18.9524432 ], [ 44.5073377, -18.9529023 ], [ 44.5051036, -18.9535942 ], [ 44.4965832, -18.9562952 ], [ 44.4891299, -18.958678 ], [ 44.4827986, -18.9606834 ], [ 44.4738381, -18.9635553 ], [ 44.4659467, -18.9659725 ], [ 44.4621815, -18.9671684 ], [ 44.454388, -18.9695884 ], [ 44.4490208, -18.9713161 ], [ 44.4483822, -18.9715136 ], [ 44.442124400000012, -18.9734471 ], [ 44.435295099999983, -18.9755972 ], [ 44.4363951, -18.9796225 ], [ 44.4376882, -18.9841603 ], [ 44.4383271, -18.9864944 ], [ 44.4405123, -18.9944335 ], [ 44.4416964, -18.9987985 ], [ 44.4477177, -18.9979585 ], [ 44.4481186, -18.997903 ], [ 44.4545081, -18.9969827 ], [ 44.4609913, -18.9961467 ], [ 44.4661877, -18.9954276 ], [ 44.4774252, -18.9938919 ], [ 44.4774342, -18.9939857 ], [ 44.4778072, -18.9978686 ], [ 44.4782592, -19.0032217 ], [ 44.4785843, -19.0073248 ], [ 44.4792612, -19.0156879 ], [ 44.479757199999987, -19.0221855 ], [ 44.4800392, -19.0254864 ], [ 44.4802793, -19.0282915 ], [ 44.4803153, -19.0285353 ], [ 44.4804632, -19.0309583 ], [ 44.4807012, -19.0339786 ], [ 44.4810082, -19.0374294 ], [ 44.4915389, -19.0308375 ], [ 44.5013914, -19.0244303 ], [ 44.5071667, -19.0207583 ], [ 44.5104939, -19.018686 ] ] ], [ [ [ 44.470171099999988, -18.8750545 ], [ 44.470092, -18.8750836 ], [ 44.4700131, -18.8751449 ], [ 44.4700421, -18.8750255 ], [ 44.4700601, -18.8749714 ], [ 44.4700751, -18.8748925 ], [ 44.470064, -18.8747913 ], [ 44.470043, -18.8747087 ], [ 44.47001, -18.8746304 ], [ 44.469944, -18.8745506 ], [ 44.46987, -18.8744318 ], [ 44.469865, -18.8743764 ], [ 44.469815, -18.8742686 ], [ 44.469741, -18.8741774 ], [ 44.469685, -18.8741435 ], [ 44.469591, -18.8740866 ], [ 44.469527, -18.8740679 ], [ 44.469403, -18.8740304 ], [ 44.469342, -18.8739868 ], [ 44.4692591, -18.8739244 ], [ 44.469205, -18.8738894 ], [ 44.469141, -18.8738616 ], [ 44.46906, -18.8738155 ], [ 44.4689669, -18.8737597 ], [ 44.468905, -18.8737077 ], [ 44.468824, -18.8736543 ], [ 44.468727, -18.8736115 ], [ 44.4686399, -18.8735976 ], [ 44.46857, -18.8736143 ], [ 44.4685009, -18.8736045 ], [ 44.4684379, -18.8734977 ], [ 44.468406, -18.8734403 ], [ 44.4683819, -18.8733836 ], [ 44.468385, -18.8733085 ], [ 44.468387, -18.8732323 ], [ 44.4683909, -18.8731505 ], [ 44.4683829, -18.8730758 ], [ 44.4683549, -18.8729818 ], [ 44.468321, -18.8729436 ], [ 44.4682519, -18.8729248 ], [ 44.4681899, -18.8729264 ], [ 44.468093, -18.8729366 ], [ 44.468029, -18.8729456 ], [ 44.4679569, -18.8729724 ], [ 44.4679, -18.8729944 ], [ 44.4678349, -18.8730434 ], [ 44.4677649, -18.8730794 ], [ 44.46772, -18.8731145 ], [ 44.4676749, -18.8731394 ], [ 44.4676169, -18.8731444 ], [ 44.4675539, -18.8731257 ], [ 44.467474, -18.8731005 ], [ 44.4673669, -18.8730847 ], [ 44.4673149, -18.8730836 ], [ 44.4672448, -18.8730523 ], [ 44.4672119, -18.8730028 ], [ 44.467188, -18.8729337 ], [ 44.4671759, -18.8728765 ], [ 44.4672609, -18.8728215 ], [ 44.4673079, -18.8727978 ], [ 44.4673449, -18.8727456 ], [ 44.4673769, -18.8726974 ], [ 44.4674389, -18.8726687 ], [ 44.4675559, -18.8726305 ], [ 44.467629, -18.8725974 ], [ 44.467682, -18.8725663 ], [ 44.467739, -18.8725274 ], [ 44.467804, -18.8724603 ], [ 44.4678419, -18.8724257 ], [ 44.4678939, -18.8723913 ], [ 44.4679449, -18.8723387 ], [ 44.4679769, -18.8722725 ], [ 44.468015, -18.8721995 ], [ 44.468042, -18.8721574 ], [ 44.468077, -18.8721086 ], [ 44.4681039, -18.8720654 ], [ 44.468123, -18.8720205 ], [ 44.468103, -18.8719683 ], [ 44.4680529, -18.8719023 ], [ 44.467997, -18.8718294 ], [ 44.4679399, -18.8717763 ], [ 44.467899, -18.8717126 ], [ 44.4678499, -18.8716736 ], [ 44.4677899, -18.8716346 ], [ 44.4677209, -18.8716254 ], [ 44.4675679, -18.8716226 ], [ 44.4674879, -18.8716167 ], [ 44.4674138, -18.8715555 ], [ 44.4674159, -18.8714815 ], [ 44.4674609, -18.8714176 ], [ 44.4674999, -18.8713277 ], [ 44.4675329, -18.8712614 ], [ 44.467543, -18.8711954 ], [ 44.467536, -18.8711355 ], [ 44.4675139, -18.8710624 ], [ 44.4674739, -18.8710078 ], [ 44.4674069, -18.8709184 ], [ 44.4673439, -18.8708517 ], [ 44.4672779, -18.8707725 ], [ 44.4671779, -18.8706963 ], [ 44.4671129, -18.8706335 ], [ 44.4670258, -18.8705733 ], [ 44.466948, -18.8705126 ], [ 44.4668969, -18.8704945 ], [ 44.4668229, -18.8705067 ], [ 44.4667378, -18.8705877 ], [ 44.4667038, -18.8706545 ], [ 44.466667900000012, -18.8707207 ], [ 44.466642799999988, -18.8707973 ], [ 44.4666188, -18.8708563 ], [ 44.4665619, -18.8709014 ], [ 44.4665188, -18.8709473 ], [ 44.4664619, -18.8710105 ], [ 44.466428799999989, -18.8710863 ], [ 44.4663998, -18.8711527 ], [ 44.4663809, -18.8712394 ], [ 44.4663829, -18.8713044 ], [ 44.466375799999987, -18.8713896 ], [ 44.4663559, -18.8714577 ], [ 44.4662858, -18.8715236 ], [ 44.4662068, -18.8715227 ], [ 44.4661388, -18.8715056 ], [ 44.4660788, -18.8714717 ], [ 44.4660428, -18.8714334 ], [ 44.4660198, -18.8713818 ], [ 44.4659999, -18.8713257 ], [ 44.4659988, -18.8712545 ], [ 44.465989799999988, -18.8711996 ], [ 44.4659879, -18.8711375 ], [ 44.4660019, -18.8710705 ], [ 44.4660088, -18.8710124 ], [ 44.4660358, -18.8709624 ], [ 44.4660699, -18.8708905 ], [ 44.4660979, -18.8708304 ], [ 44.4661208, -18.8707804 ], [ 44.4661509, -18.8706982 ], [ 44.4661659, -18.8706233 ], [ 44.4661858, -18.8705524 ], [ 44.4661828, -18.8704817 ], [ 44.4661829, -18.8704162 ], [ 44.4661588, -18.8703465 ], [ 44.4661438, -18.8702814 ], [ 44.4661079, -18.8701596 ], [ 44.4660679, -18.8701073 ], [ 44.4659978, -18.8700365 ], [ 44.4659469, -18.8700196 ], [ 44.4658988, -18.8700004 ], [ 44.4658488, -18.8699976 ], [ 44.4657948, -18.8700032 ], [ 44.465713799999989, -18.8700187 ], [ 44.4656518, -18.8700525 ], [ 44.4655718, -18.8701347 ], [ 44.4655328, -18.8701755 ], [ 44.4655218, -18.8702358 ], [ 44.4655037, -18.8702977 ], [ 44.4654798, -18.8703917 ], [ 44.4654638, -18.8704785 ], [ 44.4654568, -18.8705575 ], [ 44.4654108, -18.8706157 ], [ 44.4652918, -18.8706156 ], [ 44.4652318, -18.8705726 ], [ 44.4651768, -18.8705093 ], [ 44.4651257, -18.8704342 ], [ 44.4651208, -18.8703376 ], [ 44.4651508, -18.8702453 ], [ 44.4651978, -18.8701707 ], [ 44.4652379, -18.8700966 ], [ 44.465257799999989, -18.8700116 ], [ 44.4652738, -18.8699327 ], [ 44.4653039, -18.8698715 ], [ 44.4653477, -18.8698104 ], [ 44.4653847, -18.8697656 ], [ 44.4654657, -18.8696886 ], [ 44.4655247, -18.8696525 ], [ 44.4655798, -18.8696226 ], [ 44.4656398, -18.8695882 ], [ 44.4657328, -18.8695424 ], [ 44.4658019, -18.8695053 ], [ 44.4658889, -18.8694605 ], [ 44.4659569, -18.8694166 ], [ 44.4660108, -18.8693934 ], [ 44.4660618, -18.8693816 ], [ 44.4661328, -18.8693575 ], [ 44.466183899999983, -18.8693394 ], [ 44.4662098, -18.8692685 ], [ 44.466189899999989, -18.8691757 ], [ 44.4661679, -18.8691252 ], [ 44.4661449, -18.8690662 ], [ 44.4660388, -18.8690815 ], [ 44.4659598, -18.8691077 ], [ 44.4658899, -18.8690985 ], [ 44.4658278, -18.8690233 ], [ 44.4658029, -18.8689344 ], [ 44.4658138, -18.8688396 ], [ 44.4658178, -18.8687646 ], [ 44.4658459, -18.8686943 ], [ 44.4658628, -18.8686098 ], [ 44.4659098, -18.8685075 ], [ 44.465954800000013, -18.8684402 ], [ 44.4660048, -18.8683504 ], [ 44.4660319, -18.8682824 ], [ 44.4660368, -18.8681785 ], [ 44.4660328, -18.8681237 ], [ 44.4660079, -18.8680387 ], [ 44.4659968, -18.8679624 ], [ 44.466045899999983, -18.8678522 ], [ 44.4660658, -18.8677943 ], [ 44.466106900000014, -18.8677597 ], [ 44.4660978, -18.8677105 ], [ 44.4660868, -18.8676595 ], [ 44.4660558, -18.8675903 ], [ 44.4659858, -18.8675506 ], [ 44.4659219, -18.8675527 ], [ 44.4658498, -18.8675813 ], [ 44.4658238, -18.8676296 ], [ 44.4657949, -18.8676705 ], [ 44.4657428, -18.8677626 ], [ 44.4656998, -18.8678186 ], [ 44.4656817, -18.8678935 ], [ 44.4656758, -18.8679465 ], [ 44.4656498, -18.8680247 ], [ 44.4655909, -18.8680783 ], [ 44.4655448, -18.8681264 ], [ 44.4655378, -18.8681884 ], [ 44.465527800000011, -18.8682673 ], [ 44.4655178, -18.8683525 ], [ 44.4654908, -18.8684646 ], [ 44.4654959, -18.8685364 ], [ 44.4655099, -18.8686054 ], [ 44.4655408, -18.8686633 ], [ 44.4655478, -18.8687244 ], [ 44.4655358, -18.8687965 ], [ 44.4655188, -18.8688782 ], [ 44.4654738, -18.8689314 ], [ 44.4654057, -18.8689967 ], [ 44.4652657, -18.8690353 ], [ 44.4651397, -18.8690317 ], [ 44.4650638, -18.8690473 ], [ 44.4650218, -18.8690756 ], [ 44.4649418, -18.8691403 ], [ 44.4648848, -18.8692187 ], [ 44.464832799999989, -18.8692757 ], [ 44.4647878, -18.8693216 ], [ 44.4647468, -18.8693505 ], [ 44.4647208, -18.8693067 ], [ 44.4646717, -18.8692305 ], [ 44.4646297, -18.8691725 ], [ 44.4646377, -18.8691234 ], [ 44.4646087, -18.8690537 ], [ 44.4645407, -18.8690744 ], [ 44.4645167, -18.8691475 ], [ 44.4644937, -18.8691947 ], [ 44.4644678, -18.8692453 ], [ 44.4644287, -18.8692895 ], [ 44.4643888, -18.8693777 ], [ 44.4643298, -18.8694403 ], [ 44.4642268, -18.8694827 ], [ 44.4641578, -18.8694887 ], [ 44.464103699999981, -18.8694593 ], [ 44.464086699999989, -18.8694044 ], [ 44.4640797, -18.8693303 ], [ 44.4640787, -18.8692546 ], [ 44.4640748, -18.8691846 ], [ 44.4640708, -18.8690987 ], [ 44.4640847, -18.8690125 ], [ 44.4641268, -18.8689395 ], [ 44.4641608, -18.8688636 ], [ 44.4641947, -18.8687776 ], [ 44.4642548, -18.8686777 ], [ 44.4642848, -18.8685984 ], [ 44.464317699999988, -18.8685203 ], [ 44.4643078, -18.8684423 ], [ 44.4642718, -18.8683905 ], [ 44.4641858, -18.8683433 ], [ 44.4641307, -18.8682947 ], [ 44.464102700000012, -18.8682085 ], [ 44.4640928, -18.8681463 ], [ 44.4640397, -18.8680944 ], [ 44.4639748, -18.8680513 ], [ 44.4639178, -18.8680473 ], [ 44.4638307, -18.8680842 ], [ 44.4637968, -18.8681217 ], [ 44.4637708, -18.8681756 ], [ 44.4637396, -18.8682357 ], [ 44.4637438, -18.8682882 ], [ 44.4637557, -18.8683454 ], [ 44.4637767, -18.8684083 ], [ 44.4638187, -18.8685065 ], [ 44.463844800000011, -18.8685502 ], [ 44.463832800000013, -18.8686466 ], [ 44.4637957, -18.8687106 ], [ 44.4637687, -18.8687826 ], [ 44.4637007, -18.8688705 ], [ 44.463616699999989, -18.8689334 ], [ 44.46353160000001, -18.8689675 ], [ 44.4634646, -18.8689787 ], [ 44.4633607, -18.8689617 ], [ 44.463281699999989, -18.8689344 ], [ 44.4631867, -18.8688797 ], [ 44.4631507, -18.8688144 ], [ 44.4631587, -18.8687433 ], [ 44.4631837, -18.8686752 ], [ 44.463196599999989, -18.8686076 ], [ 44.4631677, -18.8685424 ], [ 44.463123599999989, -18.8684973 ], [ 44.463033700000011, -18.8684127 ], [ 44.4629597, -18.8683764 ], [ 44.4628686, -18.8683567 ], [ 44.4627866, -18.8683785 ], [ 44.4627337, -18.8683756 ], [ 44.4626717, -18.8683292 ], [ 44.4626167, -18.8682693 ], [ 44.4625746, -18.8682395 ], [ 44.4625056, -18.8682653 ], [ 44.4624787, -18.8683853 ], [ 44.4624797, -18.8684412 ], [ 44.4624877, -18.8684893 ], [ 44.4625616, -18.8685725 ], [ 44.4626056, -18.8686272 ], [ 44.4626296, -18.8686744 ], [ 44.4626256, -18.8687387 ], [ 44.4626347, -18.8687896 ], [ 44.4626567, -18.8688666 ], [ 44.4626757, -18.8689182 ], [ 44.4627046, -18.8689795 ], [ 44.4627337, -18.8690442 ], [ 44.4627856, -18.8691272 ], [ 44.4628347, -18.8691916 ], [ 44.4628857, -18.8692525 ], [ 44.4629337, -18.8693355 ], [ 44.4629636, -18.8693827 ], [ 44.4629957, -18.8694327 ], [ 44.4630437, -18.8695066 ], [ 44.4630956, -18.8695704 ], [ 44.4631717, -18.8696464 ], [ 44.4632167, -18.8697157 ], [ 44.4632527, -18.8697703 ], [ 44.4632717, -18.8698423 ], [ 44.4632506, -18.8699025 ], [ 44.4632337, -18.8699655 ], [ 44.4631918, -18.8700283 ], [ 44.4631457, -18.8700843 ], [ 44.4630997, -18.8701515 ], [ 44.463057800000016, -18.8702234 ], [ 44.4630077, -18.8702793 ], [ 44.4629397, -18.8702876 ], [ 44.4628897, -18.8702357 ], [ 44.4628557, -18.8701715 ], [ 44.4628247, -18.8701023 ], [ 44.4627986, -18.8700043 ], [ 44.4627697, -18.8699515 ], [ 44.4627216, -18.8699075 ], [ 44.4626507, -18.8699112 ], [ 44.4625987, -18.8699434 ], [ 44.4625236, -18.8699855 ], [ 44.4624657, -18.8699646 ], [ 44.4623857, -18.8698864 ], [ 44.4623297, -18.8697813 ], [ 44.4622816, -18.8696735 ], [ 44.4622326, -18.8695792 ], [ 44.4621906, -18.8695065 ], [ 44.4621367, -18.8693896 ], [ 44.4621136, -18.8693204 ], [ 44.4620877, -18.8692456 ], [ 44.4620566, -18.8691792 ], [ 44.4620176, -18.8691043 ], [ 44.4619696, -18.8690224 ], [ 44.4619337, -18.8689757 ], [ 44.4618616, -18.8689162 ], [ 44.4617856, -18.8688815 ], [ 44.4616965, -18.8689274 ], [ 44.4616327, -18.8689606 ], [ 44.4615905, -18.8689997 ], [ 44.4615016, -18.8690626 ], [ 44.4614626, -18.8691175 ], [ 44.4614406, -18.8691777 ], [ 44.461437599999989, -18.8692437 ], [ 44.4614596, -18.8693077 ], [ 44.4614726, -18.8693644 ], [ 44.4615056, -18.8694353 ], [ 44.4615296, -18.8694954 ], [ 44.4615616, -18.8695737 ], [ 44.4615917, -18.8696293 ], [ 44.4616246, -18.8696924 ], [ 44.4616576, -18.8698475 ], [ 44.4616406, -18.8698992 ], [ 44.4615557, -18.8699384 ], [ 44.4614816, -18.8699455 ], [ 44.4613916, -18.8699677 ], [ 44.4613366, -18.8699886 ], [ 44.4612746, -18.8700404 ], [ 44.4612506, -18.8701678 ], [ 44.4612546, -18.8702384 ], [ 44.4612645, -18.8703277 ], [ 44.4613057, -18.8704095 ], [ 44.461289600000015, -18.8704663 ], [ 44.4612366, -18.8704675 ], [ 44.4611776, -18.8704505 ], [ 44.4611246, -18.8703736 ], [ 44.4610505, -18.8703017 ], [ 44.4609886, -18.8701983 ], [ 44.4609626, -18.8700777 ], [ 44.4609715, -18.8699366 ], [ 44.4609125, -18.8698123 ], [ 44.4608446, -18.8697094 ], [ 44.4607575, -18.8696147 ], [ 44.4607225, -18.8695053 ], [ 44.4607246, -18.8693444 ], [ 44.4607125, -18.8692105 ], [ 44.4606615, -18.8691326 ], [ 44.4605665, -18.8690796 ], [ 44.4604826, -18.8690922 ], [ 44.4604655, -18.8691457 ], [ 44.4604686, -18.8692604 ], [ 44.4604495, -18.8694047 ], [ 44.4604185, -18.8695134 ], [ 44.4603825, -18.8696485 ], [ 44.4603305, -18.8697366 ], [ 44.4602655, -18.8698116 ], [ 44.4602115, -18.8698787 ], [ 44.4601555, -18.8699126 ], [ 44.4600495, -18.8699165 ], [ 44.4599545, -18.8699437 ], [ 44.4599405, -18.8700108 ], [ 44.4599326, -18.8701383 ], [ 44.4599275, -18.8702687 ], [ 44.4599145, -18.8703956 ], [ 44.4599215, -18.8705035 ], [ 44.4599465, -18.8705863 ], [ 44.4600356, -18.8706527 ], [ 44.4600826, -18.8707046 ], [ 44.460120499999988, -18.8707587 ], [ 44.4602156, -18.8708433 ], [ 44.4603185, -18.8709076 ], [ 44.4604076, -18.8709216 ], [ 44.4604656, -18.8709177 ], [ 44.4605276, -18.8709155 ], [ 44.4605916, -18.8709224 ], [ 44.4606116, -18.8708628 ], [ 44.4606606, -18.8708356 ], [ 44.4607666, -18.8708825 ], [ 44.4608035, -18.8709445 ], [ 44.4608686, -18.8709723 ], [ 44.4609156, -18.8710586 ], [ 44.4609046, -18.8711263 ], [ 44.4608755, -18.8712033 ], [ 44.4608466, -18.8713154 ], [ 44.4608355, -18.8713966 ], [ 44.4608206, -18.8714563 ], [ 44.4607695, -18.8715105 ], [ 44.4606895, -18.8714915 ], [ 44.4606235, -18.8714434 ], [ 44.4604806, -18.8713933 ], [ 44.4604056, -18.8713857 ], [ 44.4602936, -18.8713806 ], [ 44.4601796, -18.8713742 ], [ 44.4601286, -18.8714234 ], [ 44.4600966, -18.8714705 ], [ 44.4600695, -18.8715323 ], [ 44.4600416, -18.8716094 ], [ 44.4600075, -18.8716796 ], [ 44.4599395, -18.8717466 ], [ 44.4598765, -18.8717448 ], [ 44.4598245, -18.8716398 ], [ 44.4598216, -18.8714777 ], [ 44.4598115, -18.8713132 ], [ 44.4597615, -18.8712664 ], [ 44.4596255, -18.8712785 ], [ 44.4595666, -18.8713225 ], [ 44.4595075, -18.8713794 ], [ 44.4594534, -18.8714816 ], [ 44.4594186, -18.8716094 ], [ 44.4594005, -18.8716956 ], [ 44.4593515, -18.8717623 ], [ 44.4592375, -18.8717865 ], [ 44.4591095, -18.8718065 ], [ 44.4589465, -18.8718454 ], [ 44.4588294, -18.8718944 ], [ 44.4587205, -18.8719723 ], [ 44.4586425, -18.8720347 ], [ 44.4585644, -18.8720943 ], [ 44.4584605, -18.8721395 ], [ 44.4584374, -18.8722194 ], [ 44.4583294, -18.8723498 ], [ 44.4582814, -18.8724188 ], [ 44.4582204, -18.8724904 ], [ 44.4581514, -18.8725427 ], [ 44.4580835, -18.8725905 ], [ 44.4579983, -18.8726907 ], [ 44.4579104, -18.8727417 ], [ 44.4578535, -18.8728015 ], [ 44.4577144, -18.8728966 ], [ 44.4576134, -18.8729395 ], [ 44.4575413, -18.8729856 ], [ 44.4575254, -18.8730425 ], [ 44.4574923, -18.8731296 ], [ 44.4574593, -18.8732106 ], [ 44.4573815, -18.8733114 ], [ 44.4573184, -18.8734107 ], [ 44.4572433, -18.8735414 ], [ 44.4571664, -18.8736383 ], [ 44.457072400000015, -18.8737508 ], [ 44.456981399999982, -18.8738187 ], [ 44.4568973, -18.8738923 ], [ 44.4567744, -18.8739796 ], [ 44.4566313, -18.8740978 ], [ 44.4565053, -18.8741913 ], [ 44.4564303, -18.8742684 ], [ 44.4563643, -18.8743434 ], [ 44.4562783, -18.8744435 ], [ 44.4561813, -18.8745277 ], [ 44.4560824, -18.8745916 ], [ 44.4559894, -18.8746567 ], [ 44.4559354, -18.8747064 ], [ 44.4558643, -18.8747688 ], [ 44.455810299999989, -18.8748134 ], [ 44.4557293, -18.8748995 ], [ 44.4556664, -18.8749666 ], [ 44.4556353, -18.8750487 ], [ 44.4556143, -18.8751524 ], [ 44.4556023, -18.8752753 ], [ 44.4555793, -18.8753824 ], [ 44.4555663, -18.8754946 ], [ 44.4555613, -18.8756205 ], [ 44.455540299999988, -18.8757106 ], [ 44.4555233, -18.8757867 ], [ 44.4555243, -18.8759019 ], [ 44.4555182, -18.8759848 ], [ 44.4555003, -18.8760947 ], [ 44.455443300000013, -18.8761856 ], [ 44.4554003, -18.8762698 ], [ 44.4553533, -18.8763856 ], [ 44.4553282, -18.8764576 ], [ 44.4552633, -18.8765196 ], [ 44.455198199999984, -18.8765793 ], [ 44.4551503, -18.8766296 ], [ 44.4551123, -18.8766738 ], [ 44.4550463, -18.8767437 ], [ 44.4549902, -18.8767979 ], [ 44.4548792, -18.8768526 ], [ 44.4547902, -18.8768799 ], [ 44.4546862, -18.8768844 ], [ 44.4546112, -18.8768785 ], [ 44.4545032, -18.8768446 ], [ 44.4544393, -18.8768106 ], [ 44.4543962, -18.8768937 ], [ 44.454387200000014, -18.8770105 ], [ 44.454385199999983, -18.8771177 ], [ 44.4543602, -18.8771993 ], [ 44.4543083, -18.8772999 ], [ 44.4542573, -18.8773744 ], [ 44.4541832, -18.8774894 ], [ 44.4540992, -18.8775839 ], [ 44.4540622, -18.8776416 ], [ 44.4540152, -18.8777264 ], [ 44.453954200000013, -18.8778014 ], [ 44.4538792, -18.8778836 ], [ 44.4538072, -18.8779647 ], [ 44.4537642, -18.8780506 ], [ 44.4537522, -18.8781375 ], [ 44.4537491, -18.8782475 ], [ 44.4537352, -18.8783705 ], [ 44.4536902, -18.8784649 ], [ 44.453650200000013, -18.8785339 ], [ 44.4535802, -18.8785625 ], [ 44.453503200000014, -18.8786018 ], [ 44.4534311, -18.8786479 ], [ 44.4533562, -18.8786905 ], [ 44.4532642, -18.8787206 ], [ 44.4531961, -18.8787074 ], [ 44.4531162, -18.8786947 ], [ 44.45304609999998, -18.8786618 ], [ 44.4529122, -18.8786405 ], [ 44.4528542, -18.8786179 ], [ 44.4527252, -18.8786267 ], [ 44.4526111, -18.8786254 ], [ 44.4525021, -18.8786564 ], [ 44.4523541, -18.8787068 ], [ 44.4522091, -18.8787357 ], [ 44.45207, -18.8787709 ], [ 44.4519112, -18.8788115 ], [ 44.4518432, -18.8788554 ], [ 44.4517291, -18.8789276 ], [ 44.451624099999989, -18.8790078 ], [ 44.451519, -18.8790484 ], [ 44.4513911, -18.8790939 ], [ 44.4512691, -18.8791778 ], [ 44.451139, -18.8792899 ], [ 44.4510381, -18.8793967 ], [ 44.4509891, -18.8794995 ], [ 44.450958, -18.8795929 ], [ 44.450977, -18.8797184 ], [ 44.4510101, -18.8798408 ], [ 44.451051, -18.8799485 ], [ 44.451062, -18.8801005 ], [ 44.4514559, -18.8806604 ], [ 44.4521521, -18.88158 ], [ 44.4522471, -18.8815115 ], [ 44.4523382, -18.8814385 ], [ 44.4524232, -18.8813598 ], [ 44.4525041, -18.8812766 ], [ 44.4525781, -18.8811887 ], [ 44.4526472, -18.8810957 ], [ 44.4527091, -18.8809998 ], [ 44.4527811, -18.8808679 ], [ 44.4528182, -18.8807966 ], [ 44.452850200000015, -18.8807247 ], [ 44.4528782, -18.8806499 ], [ 44.4529002, -18.8805739 ], [ 44.4529182, -18.8804967 ], [ 44.4530292, -18.8805137 ], [ 44.4531412, -18.8805234 ], [ 44.4532541, -18.8805275 ], [ 44.4533661, -18.8805247 ], [ 44.4534791, -18.8805158 ], [ 44.4535902, -18.8805006 ], [ 44.4537002, -18.8804798 ], [ 44.4538093, -18.8804516 ], [ 44.4538972, -18.8804266 ], [ 44.4541202, -18.8803477 ], [ 44.4543673, -18.8802216 ], [ 44.4544103, -18.8801955 ], [ 44.4544693, -18.8801595 ], [ 44.4545743, -18.8801098 ], [ 44.4546752, -18.8800527 ], [ 44.4547712, -18.8799899 ], [ 44.4548642, -18.8799215 ], [ 44.4549522, -18.8798479 ], [ 44.4550353, -18.8797686 ], [ 44.4551122, -18.8796859 ], [ 44.4551843, -18.8795974 ], [ 44.4552502, -18.8795055 ], [ 44.4553102, -18.8794096 ], [ 44.4553503, -18.8793406 ], [ 44.4554212, -18.8792058 ], [ 44.4554662, -18.8791115 ], [ 44.4555493, -18.8788989 ], [ 44.4555943, -18.8787289 ], [ 44.45567230000001, -18.8786066 ], [ 44.4557683, -18.8784834 ], [ 44.4558033, -18.8784318 ], [ 44.4558643, -18.8784014 ], [ 44.4559532, -18.8783544 ], [ 44.4560403, -18.8783028 ], [ 44.4561233, -18.8782467 ], [ 44.4562033, -18.8781877 ], [ 44.4562803, -18.8781236 ], [ 44.4563534, -18.8780555 ], [ 44.4564083, -18.8780019 ], [ 44.4564533, -18.8779555 ], [ 44.4565193, -18.8778856 ], [ 44.4566074, -18.8777957 ], [ 44.4566713, -18.8777348 ], [ 44.4567464, -18.8776588 ], [ 44.4568173, -18.8775788 ], [ 44.4568824, -18.8774948 ], [ 44.4569423, -18.8774074 ], [ 44.4569973, -18.8773176 ], [ 44.4570464, -18.8772244 ], [ 44.4570904, -18.8771283 ], [ 44.4571364, -18.8770097 ], [ 44.4571933, -18.8769115 ], [ 44.4572433, -18.8768098 ], [ 44.4572864, -18.8767047 ], [ 44.4573224, -18.8765984 ], [ 44.4573523, -18.8764897 ], [ 44.4573744, -18.8763798 ], [ 44.4573925, -18.8762693 ], [ 44.4574144, -18.8760685 ], [ 44.4574183, -18.8759918 ], [ 44.4574614, -18.8758624 ], [ 44.4575583, -18.8757787 ], [ 44.457699399999989, -18.8756413 ], [ 44.4577464, -18.8755893 ], [ 44.4578154, -18.8755088 ], [ 44.4578714, -18.8754653 ], [ 44.4579614, -18.8753917 ], [ 44.4580284, -18.8753433 ], [ 44.4581874, -18.8752186 ], [ 44.4582535, -18.8751645 ], [ 44.4583334, -18.8751004 ], [ 44.458409400000015, -18.8750318 ], [ 44.4584825, -18.8749597 ], [ 44.4585504, -18.8748837 ], [ 44.4586445, -18.8747718 ], [ 44.4586785, -18.8747303 ], [ 44.4587564, -18.8746324 ], [ 44.4588285, -18.8745354 ], [ 44.4589104, -18.8744053 ], [ 44.4589625, -18.8743144 ], [ 44.4589925, -18.8742763 ], [ 44.4590795, -18.8741796 ], [ 44.4591225, -18.8741405 ], [ 44.4592255, -18.8740694 ], [ 44.4594036, -18.8739036 ], [ 44.4594825, -18.8738406 ], [ 44.4595576, -18.8737725 ], [ 44.4596294, -18.8737016 ], [ 44.4596965, -18.8736266 ], [ 44.4597615, -18.8735494 ], [ 44.4598225, -18.8735506 ], [ 44.4598855, -18.8735524 ], [ 44.4600015, -18.8735526 ], [ 44.4601176, -18.8735454 ], [ 44.4602325, -18.8735325 ], [ 44.4603465, -18.8735117 ], [ 44.4604585, -18.8734847 ], [ 44.4605685, -18.8734508 ], [ 44.4606765, -18.8734096 ], [ 44.4607816, -18.8733628 ], [ 44.4608835, -18.8733097 ], [ 44.4609975, -18.8733007 ], [ 44.461110499999982, -18.8732856 ], [ 44.4612216, -18.8732636 ], [ 44.4613326, -18.8732355 ], [ 44.4614406, -18.8732005 ], [ 44.4615466, -18.8731598 ], [ 44.4616486, -18.8731124 ], [ 44.4617485, -18.8730598 ], [ 44.4618446, -18.8730004 ], [ 44.4619366, -18.8729365 ], [ 44.4620246, -18.8728674 ], [ 44.4621076, -18.8727926 ], [ 44.462186599999988, -18.8727133 ], [ 44.4622387, -18.8726574 ], [ 44.4623066, -18.8725836 ], [ 44.4623686, -18.8725063 ], [ 44.4624256, -18.8724256 ], [ 44.4624777, -18.8723415 ], [ 44.4625247, -18.8722545 ], [ 44.4625656, -18.8721645 ], [ 44.4625996, -18.8720734 ], [ 44.4627117, -18.8720916 ], [ 44.4628247, -18.8721035 ], [ 44.4629376, -18.8721093 ], [ 44.4630517, -18.8721088 ], [ 44.4631648, -18.8721004 ], [ 44.4632767, -18.8720864 ], [ 44.4633887, -18.8720656 ], [ 44.4634977, -18.8720385 ], [ 44.4636057, -18.8720046 ], [ 44.4637108, -18.8719646 ], [ 44.4638138, -18.8719188 ], [ 44.4639138, -18.8718668 ], [ 44.4639727, -18.8719245 ], [ 44.4640888, -18.8720144 ], [ 44.4641488, -18.8720574 ], [ 44.4642478, -18.8721245 ], [ 44.4643038, -18.8721545 ], [ 44.4643468, -18.8722436 ], [ 44.4643947, -18.8723294 ], [ 44.4644478, -18.8724124 ], [ 44.4645057, -18.8724926 ], [ 44.464567699999989, -18.8725707 ], [ 44.4646347, -18.8726448 ], [ 44.4646697, -18.8726813 ], [ 44.4647458, -18.8727567 ], [ 44.4648258, -18.8728275 ], [ 44.4649098, -18.8728934 ], [ 44.4649968, -18.8729553 ], [ 44.4650888, -18.8730128 ], [ 44.4651478, -18.8730473 ], [ 44.4652938, -18.8731194 ], [ 44.4653139, -18.8732264 ], [ 44.4653258, -18.8732835 ], [ 44.4653717, -18.8734608 ], [ 44.4654488, -18.8736728 ], [ 44.4654767, -18.8737347 ], [ 44.4655958, -18.8739494 ], [ 44.4656317, -18.8740068 ], [ 44.4656928, -18.8740939 ], [ 44.4657579, -18.8741764 ], [ 44.4658288, -18.8742568 ], [ 44.4659039, -18.8743316 ], [ 44.4659838, -18.8744036 ], [ 44.4660679, -18.8744706 ], [ 44.4661548, -18.8745325 ], [ 44.4662468, -18.8745894 ], [ 44.4663408, -18.8746418 ], [ 44.4664388, -18.8746886 ], [ 44.4665108, -18.8747204 ], [ 44.4665978, -18.8747614 ], [ 44.466687899999989, -18.8747969 ], [ 44.4667798, -18.8748244 ], [ 44.4668728, -18.8748474 ], [ 44.4669689, -18.8748637 ], [ 44.4670649, -18.8748726 ], [ 44.4671768, -18.8748976 ], [ 44.4672628, -18.8749724 ], [ 44.4673529, -18.8750429 ], [ 44.4674469, -18.8751077 ], [ 44.4675459, -18.8751658 ], [ 44.4676479, -18.8752188 ], [ 44.467753900000012, -18.8752657 ], [ 44.4678619, -18.8753058 ], [ 44.467973, -18.8753398 ], [ 44.468086, -18.8753664 ], [ 44.4681349, -18.8753935 ], [ 44.4681539, -18.8755055 ], [ 44.4681809, -18.8756153 ], [ 44.468216, -18.8757236 ], [ 44.468257, -18.8758296 ], [ 44.468306, -18.8759335 ], [ 44.4683609, -18.8760334 ], [ 44.4684229, -18.8761307 ], [ 44.468490900000013, -18.8762229 ], [ 44.4685649, -18.8763118 ], [ 44.468645, -18.8763956 ], [ 44.46873, -18.8764745 ], [ 44.46882, -18.8765477 ], [ 44.468915, -18.8766154 ], [ 44.469015, -18.8766774 ], [ 44.469118, -18.8767339 ], [ 44.469225, -18.8767836 ], [ 44.469335, -18.8768266 ], [ 44.4694471, -18.8770762 ], [ 44.4695172, -18.8772469 ], [ 44.4696705, -18.8773141 ], [ 44.4698706, -18.8772547 ], [ 44.4701233, -18.8771236 ], [ 44.4703327, -18.8769688 ], [ 44.4705453, -18.8768469 ], [ 44.4707286, -18.8767969 ], [ 44.4709025, -18.8767208 ], [ 44.4710324, -18.8766471 ], [ 44.4711482, -18.8765987 ], [ 44.4712784, -18.8765188 ], [ 44.4713171, -18.8764198 ], [ 44.4713301, -18.8763375 ], [ 44.4713211, -18.8762216 ], [ 44.471309, -18.8760995 ], [ 44.4712671, -18.8758884 ], [ 44.4712581, -18.8757184 ], [ 44.471218, -18.8756078 ], [ 44.4711961, -18.8755093 ], [ 44.4711901, -18.8754336 ], [ 44.4711871, -18.8753528 ], [ 44.471187, -18.8752698 ], [ 44.4711991, -18.8752107 ], [ 44.4712292, -18.8751438 ], [ 44.4712742, -18.8750635 ], [ 44.4713061, -18.8749978 ], [ 44.471339, -18.8749067 ], [ 44.4714082, -18.8748284 ], [ 44.4714601, -18.8747278 ], [ 44.4715181, -18.8746234 ], [ 44.471571100000013, -18.8745365 ], [ 44.4716071, -18.8744318 ], [ 44.471638, -18.8743147 ], [ 44.4716422, -18.8742278 ], [ 44.4716521, -18.8741076 ], [ 44.4716641, -18.8740417 ], [ 44.4716801, -18.8739718 ], [ 44.4716851, -18.8739205 ], [ 44.4716371, -18.8738533 ], [ 44.4716412, -18.8737613 ], [ 44.471602100000013, -18.8737304 ], [ 44.4715062, -18.8737034 ], [ 44.4714361, -18.8737185 ], [ 44.4713041, -18.8737577 ], [ 44.4712211, -18.8737856 ], [ 44.4710851, -18.8738468 ], [ 44.4709831, -18.8738898 ], [ 44.470879100000012, -18.8739305 ], [ 44.470812, -18.8738987 ], [ 44.470792, -18.8737997 ], [ 44.470808, -18.8737264 ], [ 44.470861, -18.8736197 ], [ 44.470825, -18.8735645 ], [ 44.4707841, -18.8734896 ], [ 44.4707331, -18.8734308 ], [ 44.470698, -18.8733955 ], [ 44.470606, -18.8733657 ], [ 44.4704151, -18.8732586 ], [ 44.470328, -18.8731707 ], [ 44.4702521, -18.8730586 ], [ 44.470139, -18.8729665 ], [ 44.470066, -18.8728703 ], [ 44.4699781, -18.8728044 ], [ 44.469859, -18.8727495 ], [ 44.469795, -18.8727228 ], [ 44.4697111, -18.8727208 ], [ 44.4696331, -18.8727104 ], [ 44.4695201, -18.8726854 ], [ 44.4694399, -18.8726388 ], [ 44.469373, -18.8725664 ], [ 44.469303, -18.8725295 ], [ 44.469242, -18.8725345 ], [ 44.469192, -18.8725628 ], [ 44.469145, -18.8726114 ], [ 44.469113, -18.8726494 ], [ 44.469078, -18.8727208 ], [ 44.4690549, -18.8728047 ], [ 44.4690569, -18.8728725 ], [ 44.469066, -18.8729296 ], [ 44.469061, -18.8729905 ], [ 44.4690641, -18.8730476 ], [ 44.469078899999985, -18.8731195 ], [ 44.469126, -18.8731894 ], [ 44.469154, -18.8732417 ], [ 44.469219, -18.8733158 ], [ 44.469273, -18.8733638 ], [ 44.469343, -18.8734204 ], [ 44.46943, -18.8735174 ], [ 44.4694981, -18.8735644 ], [ 44.469632, -18.8736658 ], [ 44.4697081, -18.8737124 ], [ 44.4697811, -18.8737504 ], [ 44.469854, -18.8737998 ], [ 44.4699321, -18.8738333 ], [ 44.47001, -18.8738737 ], [ 44.4701031, -18.8739306 ], [ 44.470198, -18.8740338 ], [ 44.470229, -18.8740906 ], [ 44.4702551, -18.8741468 ], [ 44.470259, -18.8742163 ], [ 44.470274, -18.8742888 ], [ 44.470305, -18.8743518 ], [ 44.470345, -18.8744036 ], [ 44.4704241, -18.8745258 ], [ 44.470441, -18.8745718 ], [ 44.4704511, -18.8746498 ], [ 44.470446, -18.8747136 ], [ 44.4704071, -18.8747606 ], [ 44.470369, -18.8748296 ], [ 44.4703441, -18.8748926 ], [ 44.470339, -18.8749473 ], [ 44.4702991, -18.8749988 ], [ 44.470234, -18.8750219 ], [ 44.470171099999988, -18.8750545 ] ] ], [ [ [ 44.4515311, -18.8515344 ], [ 44.4513451, -18.8515132 ], [ 44.4511892, -18.8514979 ], [ 44.451034, -18.8515002 ], [ 44.4508881, -18.8514952 ], [ 44.450743, -18.8514942 ], [ 44.4506311, -18.8514913 ], [ 44.450536, -18.8514609 ], [ 44.4505131, -18.851407 ], [ 44.4503056, -18.8513613 ], [ 44.449945, -18.8514348 ], [ 44.4491789, -18.85175 ], [ 44.4487753, -18.8520528 ], [ 44.4484525, -18.8524949 ], [ 44.4481159, -18.8530503 ], [ 44.4475125, -18.8536903 ], [ 44.447049600000014, -18.8541246 ], [ 44.4466353, -18.8545696 ], [ 44.4332441, -18.8650137 ], [ 44.4360803, -18.8694797 ], [ 44.4509923, -18.8676288 ], [ 44.4565444, -18.8669395 ], [ 44.4604884, -18.8664755 ], [ 44.4604925, -18.8664265 ], [ 44.460496600000013, -18.8663226 ], [ 44.4604836, -18.8661813 ], [ 44.4604706, -18.8661145 ], [ 44.4604596, -18.8660613 ], [ 44.4604346, -18.8659713 ], [ 44.4604756, -18.8658802 ], [ 44.4605236, -18.8657955 ], [ 44.4605585, -18.8657027 ], [ 44.460577499999985, -18.8656233 ], [ 44.4605676, -18.8655373 ], [ 44.4605606, -18.8654396 ], [ 44.4605596, -18.8653503 ], [ 44.4605415, -18.8652587 ], [ 44.4605006, -18.8652125 ], [ 44.4604615, -18.8651674 ], [ 44.4604056, -18.8651697 ], [ 44.4603046, -18.8652324 ], [ 44.4602585, -18.8653053 ], [ 44.4602545, -18.8653544 ], [ 44.4602475, -18.8654046 ], [ 44.4602375, -18.8654575 ], [ 44.4601785, -18.8654496 ], [ 44.460120499999988, -18.8653721 ], [ 44.4601175, -18.8653106 ], [ 44.4601086, -18.8652393 ], [ 44.4601065, -18.8651444 ], [ 44.4600925, -18.8650353 ], [ 44.4600605, -18.8649423 ], [ 44.4600185, -18.8648623 ], [ 44.4599555, -18.8647724 ], [ 44.4599095, -18.8646894 ], [ 44.4598725, -18.8646066 ], [ 44.4598335, -18.8645096 ], [ 44.45983050000001, -18.8643752 ], [ 44.459849600000013, -18.8642782 ], [ 44.4598505, -18.8642156 ], [ 44.4598426, -18.8641426 ], [ 44.4598475, -18.8640902 ], [ 44.4598155, -18.8640023 ], [ 44.459796499999989, -18.8639304 ], [ 44.4597386, -18.8638846 ], [ 44.4596546, -18.8638402 ], [ 44.4595725, -18.8638382 ], [ 44.4595065, -18.8638364 ], [ 44.4593725, -18.8638276 ], [ 44.4592795, -18.8638124 ], [ 44.4592265, -18.8637876 ], [ 44.4591544, -18.8637874 ], [ 44.4590755, -18.8637882 ], [ 44.4590415, -18.8637365 ], [ 44.4590795, -18.8636714 ], [ 44.4590824, -18.8635946 ], [ 44.4591185, -18.8635284 ], [ 44.4591966, -18.8635123 ], [ 44.459264399999988, -18.8635282 ], [ 44.4593175, -18.8635576 ], [ 44.4593615, -18.8635835 ], [ 44.4594285, -18.8636622 ], [ 44.4594745, -18.8636101 ], [ 44.4595215, -18.8635513 ], [ 44.4596145, -18.8635236 ], [ 44.4596885, -18.8635311 ], [ 44.4597506, -18.8635386 ], [ 44.4598166, -18.8635382 ], [ 44.4598876, -18.8635276 ], [ 44.4599826, -18.8635654 ], [ 44.4600365, -18.8636072 ], [ 44.4601006, -18.8636344 ], [ 44.4601575, -18.8636813 ], [ 44.4602085, -18.8637214 ], [ 44.4602486, -18.8637551 ], [ 44.460300499999988, -18.8637681 ], [ 44.4603456, -18.8637302 ], [ 44.460378499999983, -18.8636905 ], [ 44.4603935, -18.8636404 ], [ 44.4603895, -18.8635765 ], [ 44.4603545, -18.8635056 ], [ 44.4603065, -18.8634621 ], [ 44.4602446, -18.8633847 ], [ 44.4601985, -18.8633153 ], [ 44.4601606, -18.8632014 ], [ 44.4601556, -18.8631352 ], [ 44.4601636, -18.8630382 ], [ 44.4601725, -18.8629615 ], [ 44.4601685, -18.8628976 ], [ 44.4601356, -18.8628216 ], [ 44.4601016, -18.8627241 ], [ 44.4600645, -18.8626486 ], [ 44.4599826, -18.8625856 ], [ 44.4598966, -18.8625943 ], [ 44.4598375, -18.8626021 ], [ 44.4597886, -18.8625756 ], [ 44.4597305, -18.8625411 ], [ 44.4596605, -18.8625065 ], [ 44.4595895, -18.8624673 ], [ 44.4594866, -18.8624323 ], [ 44.4593805, -18.8624103 ], [ 44.4592994, -18.8623942 ], [ 44.4592015, -18.8623852 ], [ 44.4591284, -18.8623856 ], [ 44.459081500000011, -18.8623574 ], [ 44.4590555, -18.8622673 ], [ 44.4591064, -18.8622385 ], [ 44.4591514, -18.8622096 ], [ 44.4591965, -18.8621864 ], [ 44.4592555, -18.8621955 ], [ 44.4593164, -18.8621504 ], [ 44.4593705, -18.8620934 ], [ 44.4594035, -18.8620576 ], [ 44.4594645, -18.8619973 ], [ 44.4594995, -18.8619322 ], [ 44.459512499999981, -18.8618403 ], [ 44.4595375, -18.8617434 ], [ 44.4595545, -18.8616453 ], [ 44.4595706, -18.8615811 ], [ 44.4595734, -18.8614874 ], [ 44.4595766, -18.8614124 ], [ 44.4595725, -18.8613525 ], [ 44.4595416, -18.8612635 ], [ 44.459521599999988, -18.8611475 ], [ 44.4594905, -18.8610212 ], [ 44.4594605, -18.8609063 ], [ 44.4594385, -18.8607875 ], [ 44.4594236, -18.8607353 ], [ 44.4593694, -18.8606495 ], [ 44.4593405, -18.8605673 ], [ 44.4593286, -18.8604825 ], [ 44.4593705, -18.8604225 ], [ 44.4594075, -18.8603805 ], [ 44.4593366, -18.8603583 ], [ 44.4592535, -18.8603145 ], [ 44.4591925, -18.8602534 ], [ 44.4591315, -18.8601856 ], [ 44.4590635, -18.8601052 ], [ 44.4589896, -18.8600242 ], [ 44.4589625, -18.8599466 ], [ 44.4589345, -18.8598695 ], [ 44.4589445, -18.8597821 ], [ 44.4589405, -18.8596872 ], [ 44.4588744, -18.8596046 ], [ 44.4588674, -18.8595571 ], [ 44.4588905, -18.8594901 ], [ 44.4589225, -18.8594272 ], [ 44.4589295, -18.8593505 ], [ 44.4589095, -18.8593006 ], [ 44.4588874, -18.8592484 ], [ 44.4588735, -18.8591884 ], [ 44.4589046, -18.8590933 ], [ 44.4589625, -18.8590442 ], [ 44.459010400000011, -18.8590182 ], [ 44.4590965, -18.8589542 ], [ 44.4590375, -18.8589123 ], [ 44.4589625, -18.8588743 ], [ 44.4588916, -18.8588645 ], [ 44.4588145, -18.8588602 ], [ 44.4587295, -18.8588593 ], [ 44.4586215, -18.8588553 ], [ 44.4585374, -18.8588533 ], [ 44.4584645, -18.8588435 ], [ 44.4584004, -18.8588185 ], [ 44.4583385, -18.8587614 ], [ 44.4582755, -18.8587212 ], [ 44.4582465, -18.8587705 ], [ 44.4582135, -18.8588272 ], [ 44.458153399999986, -18.8588881 ], [ 44.4580905, -18.8589654 ], [ 44.4580645, -18.8590086 ], [ 44.4580514, -18.8591112 ], [ 44.4580364, -18.8591641 ], [ 44.4579794, -18.8592442 ], [ 44.4579374, -18.859294 ], [ 44.4578724, -18.8593346 ], [ 44.4578065, -18.8593824 ], [ 44.4577214, -18.8594063 ], [ 44.4576585, -18.8594452 ], [ 44.45762040000001, -18.8594883 ], [ 44.4575854, -18.8595285 ], [ 44.4575404, -18.8596094 ], [ 44.4574944, -18.8596795 ], [ 44.4574624, -18.859626 ], [ 44.4574453, -18.8595733 ], [ 44.4574414, -18.8594925 ], [ 44.4574624, -18.8594002 ], [ 44.4574824, -18.8593496 ], [ 44.4575225, -18.8592975 ], [ 44.4575653, -18.8592466 ], [ 44.4576054, -18.8592114 ], [ 44.4576004, -18.8591555 ], [ 44.4575564, -18.859125 ], [ 44.4574674, -18.8591405 ], [ 44.4573974, -18.8591815 ], [ 44.4573144, -18.8591862 ], [ 44.4572864, -18.8590894 ], [ 44.4573154, -18.8590293 ], [ 44.4573385, -18.8589612 ], [ 44.4573804, -18.8588984 ], [ 44.4574314, -18.8588363 ], [ 44.4574895, -18.85872 ], [ 44.4574664, -18.8586554 ], [ 44.4574443, -18.8585371 ], [ 44.4574465, -18.8584344 ], [ 44.4574414, -18.8583361 ], [ 44.457440399999989, -18.8582051 ], [ 44.4574415, -18.8580441 ], [ 44.4574494, -18.8579285 ], [ 44.4574754, -18.8578734 ], [ 44.4574955, -18.8578171 ], [ 44.4575224, -18.8577243 ], [ 44.4575404, -18.8576313 ], [ 44.4575764, -18.8575594 ], [ 44.4575874, -18.8574951 ], [ 44.4575794, -18.8573974 ], [ 44.4575654, -18.8573221 ], [ 44.4575414, -18.8572473 ], [ 44.4575214, -18.8571573 ], [ 44.4574253, -18.8570823 ], [ 44.4573384, -18.857048 ], [ 44.4572914, -18.8570125 ], [ 44.4572173, -18.8569423 ], [ 44.4571844, -18.8568612 ], [ 44.4571604, -18.8567593 ], [ 44.4571444, -18.8566913 ], [ 44.4571434, -18.8565925 ], [ 44.4571724, -18.856516 ], [ 44.4571735, -18.8564562 ], [ 44.4571435, -18.8563971 ], [ 44.4571045, -18.8563594 ], [ 44.457069299999986, -18.8562845 ], [ 44.457021399999981, -18.8562343 ], [ 44.4569803, -18.8561751 ], [ 44.4568905, -18.856077 ], [ 44.4568413, -18.8559935 ], [ 44.4568094, -18.8559085 ], [ 44.4567624, -18.8558362 ], [ 44.4567234, -18.8557703 ], [ 44.4566584, -18.8557131 ], [ 44.4565784, -18.8556564 ], [ 44.4564874, -18.8556593 ], [ 44.4564164, -18.8556823 ], [ 44.4563604, -18.8557122 ], [ 44.4562824, -18.855778 ], [ 44.4562313, -18.8558175 ], [ 44.4561614, -18.8558472 ], [ 44.4561114, -18.855867 ], [ 44.4560613, -18.8558863 ], [ 44.4560343, -18.8559261 ], [ 44.4559743, -18.8560084 ], [ 44.4559173, -18.8560225 ], [ 44.4558643, -18.8560411 ], [ 44.4557474, -18.8560483 ], [ 44.4556313, -18.8560572 ], [ 44.4555584, -18.8561084 ], [ 44.4554943, -18.856167 ], [ 44.4554063, -18.8562253 ], [ 44.455335299999987, -18.8562584 ], [ 44.4552304, -18.8562573 ], [ 44.4551353, -18.8562591 ], [ 44.45502230000001, -18.8562624 ], [ 44.4549623, -18.8562651 ], [ 44.4548883, -18.856292 ], [ 44.4548283, -18.8562863 ], [ 44.4547352, -18.8562971 ], [ 44.4546523, -18.8562793 ], [ 44.4546313, -18.8562362 ], [ 44.4546522, -18.8561681 ], [ 44.4547213, -18.8561355 ], [ 44.4547802, -18.8561412 ], [ 44.4548323, -18.8561395 ], [ 44.4548453, -18.8560933 ], [ 44.4548962, -18.8560871 ], [ 44.4549473, -18.856086 ], [ 44.4550023, -18.8560612 ], [ 44.4550472, -18.8560091 ], [ 44.4551014, -18.8559713 ], [ 44.4551583, -18.8559561 ], [ 44.4552073, -18.85589 ], [ 44.4552263, -18.8558383 ], [ 44.4552803, -18.8558005 ], [ 44.4553184, -18.8557664 ], [ 44.4553434, -18.8557232 ], [ 44.4554103, -18.8556805 ], [ 44.4554934, -18.8556514 ], [ 44.4555504, -18.8556351 ], [ 44.4555593, -18.855546 ], [ 44.455491300000013, -18.85553 ], [ 44.4554083, -18.8555263 ], [ 44.4553244, -18.8555254 ], [ 44.455253399999989, -18.8555105 ], [ 44.4552074, -18.855488 ], [ 44.4551472, -18.8554574 ], [ 44.4550493, -18.8553891 ], [ 44.4549673, -18.8553894 ], [ 44.4548763, -18.855372 ], [ 44.4548533, -18.8553204 ], [ 44.4548594, -18.855264 ], [ 44.4548623, -18.8552132 ], [ 44.4548283, -18.8551784 ], [ 44.4547803, -18.855118 ], [ 44.4547282, -18.8550452 ], [ 44.4546933, -18.854942 ], [ 44.4547372, -18.854886 ], [ 44.4547603, -18.85484 ], [ 44.4547962, -18.8547613 ], [ 44.4548663, -18.8547841 ], [ 44.4548942, -18.8548245 ], [ 44.4549003, -18.8548861 ], [ 44.4549533, -18.8549584 ], [ 44.4550124, -18.8549663 ], [ 44.4550173, -18.8550291 ], [ 44.4550744, -18.8550404 ], [ 44.4551344, -18.8550823 ], [ 44.4552303, -18.8551195 ], [ 44.4553063, -18.8551581 ], [ 44.4553284, -18.8552131 ], [ 44.4553873, -18.8551822 ], [ 44.4554764, -18.855125 ], [ 44.4555603, -18.8550711 ], [ 44.4556103, -18.855044 ], [ 44.455695299999988, -18.8550042 ], [ 44.4557393, -18.8549471 ], [ 44.4557943, -18.854902 ], [ 44.4558373, -18.8548471 ], [ 44.4558783, -18.854795 ], [ 44.4559263, -18.8547091 ], [ 44.4560014, -18.854606 ], [ 44.4560453, -18.854515 ], [ 44.4560823, -18.8544104 ], [ 44.4560944, -18.8542564 ], [ 44.4560614, -18.8541273 ], [ 44.4560223, -18.85398 ], [ 44.4559624, -18.853836 ], [ 44.455923299999988, -18.8537644 ], [ 44.4558353, -18.8536471 ], [ 44.4558084, -18.8535791 ], [ 44.4557394, -18.8535134 ], [ 44.4556333, -18.8534524 ], [ 44.4555363, -18.8534321 ], [ 44.4554153, -18.8534302 ], [ 44.4553313, -18.8534384 ], [ 44.4552453, -18.8534352 ], [ 44.4551563, -18.8534275 ], [ 44.4550704, -18.8534361 ], [ 44.4549453, -18.85345 ], [ 44.4548613, -18.8534553 ], [ 44.4548173, -18.8534842 ], [ 44.4547563, -18.8535265 ], [ 44.4547133, -18.8535763 ], [ 44.4546843, -18.85362 ], [ 44.4546143, -18.8536271 ], [ 44.4546043, -18.8535621 ], [ 44.4546272, -18.8535155 ], [ 44.4547043, -18.8534802 ], [ 44.4547643, -18.853461 ], [ 44.4548453, -18.8534043 ], [ 44.454908200000013, -18.8533649 ], [ 44.4549663, -18.8533322 ], [ 44.4550474, -18.8532879 ], [ 44.4551193, -18.853261 ], [ 44.4552062, -18.8532309 ], [ 44.4552943, -18.8532053 ], [ 44.4553574, -18.8531654 ], [ 44.455425299999987, -18.8531011 ], [ 44.4554614, -18.8530264 ], [ 44.4554794, -18.8528962 ], [ 44.4554774, -18.8528284 ], [ 44.4554754, -18.8527092 ], [ 44.4554463, -18.8526214 ], [ 44.4554023, -18.8525204 ], [ 44.4553444, -18.8524035 ], [ 44.4552533, -18.8522929 ], [ 44.4551963, -18.852185 ], [ 44.4551273, -18.8520753 ], [ 44.4550523, -18.851939 ], [ 44.4549874, -18.851853 ], [ 44.4548983, -18.8517701 ], [ 44.4548233, -18.8516824 ], [ 44.4547212, -18.8515892 ], [ 44.4546013, -18.8514993 ], [ 44.454459199999988, -18.8514531 ], [ 44.4542723, -18.8514144 ], [ 44.4541342, -18.8514242 ], [ 44.4540553, -18.8514301 ], [ 44.4539673, -18.8514602 ], [ 44.4538563, -18.8514782 ], [ 44.4538012, -18.851498 ], [ 44.4537382, -18.8515713 ], [ 44.453691299999988, -18.8516171 ], [ 44.4536272, -18.8516672 ], [ 44.4534992, -18.8517601 ], [ 44.4534282, -18.8518164 ], [ 44.4533502, -18.8519014 ], [ 44.4532733, -18.8519779 ], [ 44.4532052, -18.8520302 ], [ 44.4531043, -18.8520862 ], [ 44.4530432, -18.852094 ], [ 44.452988199999986, -18.8521843 ], [ 44.4529722, -18.8522541 ], [ 44.4528951, -18.8522894 ], [ 44.4528482, -18.852324 ], [ 44.4527913, -18.8523713 ], [ 44.4527022, -18.852441 ], [ 44.4526282, -18.8525074 ], [ 44.4525092, -18.8525693 ], [ 44.4524442, -18.8525652 ], [ 44.4523681, -18.8524673 ], [ 44.4523581, -18.8523864 ], [ 44.4523922, -18.8523484 ], [ 44.452436200000015, -18.8523133 ], [ 44.4525081, -18.8522519 ], [ 44.4525582, -18.8522451 ], [ 44.452600199999985, -18.8521914 ], [ 44.4526451, -18.8521281 ], [ 44.4527032, -18.8520463 ], [ 44.4527742, -18.8519104 ], [ 44.4528351, -18.8517749 ], [ 44.4528691, -18.8516612 ], [ 44.4529072, -18.8515741 ], [ 44.4529531, -18.85153 ], [ 44.4530342, -18.8514552 ], [ 44.4530442, -18.8514039 ], [ 44.4529852, -18.8513672 ], [ 44.4528783, -18.8513191 ], [ 44.4527721, -18.8512892 ], [ 44.4526762, -18.8512989 ], [ 44.4525691, -18.8513423 ], [ 44.4525392, -18.8514284 ], [ 44.4525272, -18.8515243 ], [ 44.4524892, -18.851617 ], [ 44.4524642, -18.851697 ], [ 44.4523871, -18.8518311 ], [ 44.4523362, -18.8519333 ], [ 44.4522542, -18.852047 ], [ 44.4522072, -18.8521132 ], [ 44.4521542, -18.8522063 ], [ 44.4521091, -18.8522623 ], [ 44.4520631, -18.8523149 ], [ 44.4520262, -18.8523693 ], [ 44.4519761, -18.852402 ], [ 44.4518992, -18.8524362 ], [ 44.4518161, -18.8524743 ], [ 44.4517221, -18.8525151 ], [ 44.4516451, -18.8525639 ], [ 44.4515733, -18.8526077 ], [ 44.4515231, -18.8526292 ], [ 44.4514382, -18.8526481 ], [ 44.4513691, -18.8526202 ], [ 44.4513212, -18.8525519 ], [ 44.4513181, -18.8524983 ], [ 44.4513501, -18.8524331 ], [ 44.4513991, -18.8523704 ], [ 44.4514702, -18.8522802 ], [ 44.4515411, -18.8522511 ], [ 44.4516071, -18.8522354 ], [ 44.4516712, -18.8522084 ], [ 44.4517152, -18.8521259 ], [ 44.4516572, -18.8520411 ], [ 44.4516732, -18.8519933 ], [ 44.4516921, -18.8517981 ], [ 44.4516991, -18.8516554 ], [ 44.4516842, -18.8515569 ], [ 44.4516161, -18.8515302 ], [ 44.4515311, -18.8515344 ] ] ] ] } }
]
}
