{
"type": "FeatureCollection",
"name": "MDG-555697877-NODATE-secondary_zoning-001",
"crs": { "type": "name", "properties": { "name": "urn:ogc:def:crs:OGC:1.3:CRS84" } },
"features": [
{ "type": "Feature", "properties": { }, "geometry": { "type": "MultiPolygon", "coordinates": [ [ [ [ 43.2763617, -21.9743632 ], [ 43.2768582, -21.9744425 ], [ 43.2775177, -21.9746249 ], [ 43.2780608, -21.9748099 ], [ 43.2786909, -21.9748257 ], [ 43.27911550000001, -21.9746745 ], [ 43.2793174, -21.9745138 ], [ 43.279298900000015, -21.9742537 ], [ 43.2788743, -21.9737957 ], [ 43.2781833, -21.9731208 ], [ 43.277792, -21.9725699 ], [ 43.2775289, -21.9717493 ], [ 43.2775473, -21.9713271 ], [ 43.2777393, -21.9705612 ], [ 43.2781989, -21.9697724 ], [ 43.2782021, -21.9694188 ], [ 43.2779535, -21.9691437 ], [ 43.2777037, -21.9690473 ], [ 43.2773414, -21.968951 ], [ 43.2767578, -21.968822 ], [ 43.2764156, -21.9686674 ], [ 43.2760944, -21.9686021 ], [ 43.2759224, -21.9687101 ], [ 43.2757979, -21.9690075 ], [ 43.2755486, -21.9694836 ], [ 43.2752912, -21.9698804 ], [ 43.2749773, -21.9703246 ], [ 43.27477, -21.970609 ], [ 43.2743975, -21.9711259 ], [ 43.2739758, -21.9714604 ], [ 43.273614, -21.9717699 ], [ 43.2732225, -21.9721803 ], [ 43.2730553, -21.97242 ], [ 43.2727932, -21.9727289 ], [ 43.2726021, -21.9729973 ], [ 43.2726311, -21.9731234 ], [ 43.2726064, -21.9733185 ], [ 43.2728516, -21.9737588 ], [ 43.2732023, -21.9740112 ], [ 43.2738122, -21.9741391 ], [ 43.2746626, -21.9740758 ], [ 43.2758686, -21.9742329 ], [ 43.2763617, -21.9743632 ] ] ], [ [ [ 43.6201076, -21.9454205 ], [ 43.620525, -21.9437066 ], [ 43.6205499, -21.9424163 ], [ 43.618982, -21.9400236 ], [ 43.6180025, -21.9390032 ], [ 43.6174488, -21.9358388 ], [ 43.6182407, -21.9346331 ], [ 43.6183425, -21.933344 ], [ 43.6178157, -21.9327615 ], [ 43.6178406, -21.9314712 ], [ 43.6191731, -21.9301312 ], [ 43.6204972, -21.9292212 ], [ 43.6207526, -21.9279348 ], [ 43.620317899999989, -21.9265651 ], [ 43.6191776, -21.9253457 ], [ 43.61775, -21.9242273 ], [ 43.6164495, -21.9239186 ], [ 43.6152342, -21.923181 ], [ 43.6143275, -21.922377 ], [ 43.6134264, -21.9212862 ], [ 43.6119723, -21.9209749 ], [ 43.6107514, -21.9205241 ], [ 43.6103895, -21.9193707 ], [ 43.6093739, -21.9185341 ], [ 43.6086517, -21.9178355 ], [ 43.607044, -21.9175215 ], [ 43.6059768, -21.9170733 ], [ 43.6056066, -21.91635 ], [ 43.6050907, -21.9136307 ], [ 43.6042652, -21.9126129 ], [ 43.6028342, -21.9120162 ], [ 43.6016001, -21.9113488 ], [ 43.6015386, -21.910559 ], [ 43.6006964, -21.9104013 ], [ 43.5997145, -21.9095242 ], [ 43.5987228, -21.9091489 ], [ 43.5973638, -21.9079069 ], [ 43.5972311, -21.906829 ], [ 43.5961668, -21.9062374 ], [ 43.594699, -21.9066427 ], [ 43.5949797, -21.9080099 ], [ 43.5953387, -21.9093067 ], [ 43.595618, -21.9107456 ], [ 43.5967536, -21.9116253 ], [ 43.597188, -21.9129951 ], [ 43.5970148, -21.913996 ], [ 43.5970637, -21.915431 ], [ 43.5980206, -21.9175984 ], [ 43.598543, -21.918396 ], [ 43.598897, -21.9199502 ], [ 43.5988626, -21.9225786 ], [ 43.5988785, -21.9243923 ], [ 43.6000307, -21.9287356 ], [ 43.6005875, -21.9309 ], [ 43.6011888, -21.9333655 ], [ 43.6026854, -21.9394933 ], [ 43.6033465, -21.9401328 ], [ 43.6048767, -21.9425417 ], [ 43.6056449, -21.9444741 ], [ 43.6058434, -21.9461267 ], [ 43.6055851, -21.9475564 ], [ 43.6055909, -21.9512136 ], [ 43.6059501, -21.9525104 ], [ 43.6065411, -21.9537394 ], [ 43.606189199999989, -21.9560281 ], [ 43.607375, -21.9582997 ], [ 43.6097447, -21.9589851 ], [ 43.6112886, -21.9586526 ], [ 43.6146221, -21.9572029 ], [ 43.6160275, -21.9560793 ], [ 43.6191892, -21.9555588 ], [ 43.6213135, -21.9466598 ], [ 43.6204738, -21.9463589 ], [ 43.6201076, -21.9454205 ] ], [ [ 43.600510600000014, -21.9305693 ], [ 43.6005937, -21.9308923 ], [ 43.6006431, -21.9310951 ], [ 43.600510600000014, -21.9305693 ] ], [ [ 43.5998475, -21.9280143 ], [ 43.6000369, -21.9287279 ], [ 43.6000921, -21.9289428 ], [ 43.5998475, -21.9280143 ] ] ], [ [ [ 43.4520989, -21.8109253 ], [ 43.4515333, -21.8106537 ], [ 43.450786099999981, -21.8106618 ], [ 43.4502208, -21.8106001 ], [ 43.4502205, -21.8106001 ], [ 43.4499336, -21.8102131 ], [ 43.447006, -21.8106182 ], [ 43.4449346, -21.8102118 ], [ 43.4420476, -21.810853 ], [ 43.4397858, -21.8098104 ], [ 43.4386065, -21.8099316 ], [ 43.4355739, -21.8123582 ], [ 43.434034900000015, -21.8145055 ], [ 43.4319031, -21.8165513 ], [ 43.429347299999989, -21.8190701 ], [ 43.4284267, -21.8194636 ], [ 43.4269779, -21.8200082 ], [ 43.4256632, -21.8204129 ], [ 43.4253762, -21.8203737 ], [ 43.4248808, -21.8202614 ], [ 43.4247353, -21.8201874 ], [ 43.4243433, -21.8200822 ], [ 43.4240465, -21.8201301 ], [ 43.4238827, -21.820124 ], [ 43.4231958, -21.8198724 ], [ 43.4230928, -21.8197528 ], [ 43.422798199999988, -21.8196473 ], [ 43.4225319, -21.8195687 ], [ 43.4223186, -21.8195939 ], [ 43.4222341, -21.8195386 ], [ 43.4218988, -21.8195231 ], [ 43.4218485, -21.8197016 ], [ 43.421633, -21.8196587 ], [ 43.4215032, -21.8195222 ], [ 43.4211858, -21.8194476 ], [ 43.4208864, -21.8192807 ], [ 43.4204551, -21.8193665 ], [ 43.420179, -21.8193439 ], [ 43.4199967, -21.8194442 ], [ 43.4198113, -21.8194509 ], [ 43.4194027, -21.8193295 ], [ 43.4191611, -21.8190887 ], [ 43.419137499999984, -21.8189582 ], [ 43.4188754, -21.8187528 ], [ 43.418809, -21.8186062 ], [ 43.4186189, -21.8184831 ], [ 43.4183802, -21.8184282 ], [ 43.4177155, -21.8181404 ], [ 43.4174496, -21.8178312 ], [ 43.4164816, -21.8177402 ], [ 43.4162132, -21.8175634 ], [ 43.4159352, -21.8175272 ], [ 43.4156809, -21.8173998 ], [ 43.4154273, -21.8173322 ], [ 43.4155027, -21.8172491 ], [ 43.4149124, -21.8169649 ], [ 43.414454700000014, -21.8165538 ], [ 43.4141825, -21.8164448 ], [ 43.4134945, -21.8164128 ], [ 43.4132619, -21.8162202 ], [ 43.4128851, -21.8161172 ], [ 43.4126744, -21.8161412 ], [ 43.4123308, -21.8162412 ], [ 43.4121686, -21.8160288 ], [ 43.4118271, -21.8155861 ], [ 43.411592, -21.8155843 ], [ 43.4109857, -21.8153524 ], [ 43.4102039, -21.8153892 ], [ 43.4095793, -21.8152075 ], [ 43.408795, -21.8150283 ], [ 43.4084971, -21.8151046 ], [ 43.4076117, -21.8148278 ], [ 43.40696, -21.8146069 ], [ 43.4066604, -21.8146598 ], [ 43.4059112, -21.814621 ], [ 43.4050517, -21.8144706 ], [ 43.404488, -21.8142297 ], [ 43.4036198, -21.8141952 ], [ 43.4029104, -21.8151976 ], [ 43.4019607, -21.8151328 ], [ 43.4006322, -21.8152175 ], [ 43.4000929, -21.8153016 ], [ 43.399385799999983, -21.8153512 ], [ 43.3988183, -21.8152706 ], [ 43.398103, -21.8153995 ], [ 43.3976357, -21.8153119 ], [ 43.3968398, -21.8154325 ], [ 43.396169700000016, -21.8153587 ], [ 43.3961459, -21.8153498 ], [ 43.3959155, -21.8160478 ], [ 43.3951301, -21.8184497 ], [ 43.3942739, -21.8209972 ], [ 43.393896200000015, -21.8221385 ], [ 43.3934972, -21.823344 ], [ 43.3935009, -21.8233437 ], [ 43.403585299999989, -21.8225717 ], [ 43.4126591, -21.821867 ], [ 43.4198909, -21.8212811 ], [ 43.4257068, -21.820848 ], [ 43.425713599999987, -21.8208475 ], [ 43.4382731, -21.8198595 ], [ 43.4464244, -21.8192049 ], [ 43.4464258, -21.8192048 ], [ 43.4476068, -21.8179726 ], [ 43.4479581, -21.8175907 ], [ 43.4492324, -21.8162912 ], [ 43.4500823, -21.8154245 ], [ 43.4500866, -21.8154202 ], [ 43.4505117, -21.8148449 ], [ 43.4502884, -21.8145128 ], [ 43.4506832, -21.8131383 ], [ 43.4512522, -21.8121088 ], [ 43.4514221, -21.8118953 ], [ 43.4520989, -21.8109253 ] ] ], [ [ [ 43.4275597, -21.7402422 ], [ 43.4273006, -21.7402262 ], [ 43.4268193, -21.7399764 ], [ 43.4264869, -21.7403009 ], [ 43.4262488, -21.7402392 ], [ 43.4261505, -21.7402685 ], [ 43.4258771, -21.7402996 ], [ 43.4254626, -21.7403955 ], [ 43.4254282, -21.7404034 ], [ 43.4253203, -21.7403929 ], [ 43.4252868, -21.7403897 ], [ 43.4250708, -21.7403686 ], [ 43.4249317, -21.7403551 ], [ 43.4243368, -21.7403091 ], [ 43.424134, -21.7402058 ], [ 43.4236752, -21.7398848 ], [ 43.4231722, -21.739478 ], [ 43.422898, -21.7394293 ], [ 43.42245, -21.7393952 ], [ 43.4218936, -21.7394305 ], [ 43.421468699999984, -21.7395401 ], [ 43.4212246, -21.7395656 ], [ 43.4211943, -21.7396646 ], [ 43.4209903, -21.7402728 ], [ 43.4206798, -21.7412103 ], [ 43.4196019, -21.7444647 ], [ 43.4169395, -21.7525032 ], [ 43.4161556, -21.7548422 ], [ 43.4161326, -21.754939 ], [ 43.4163151, -21.7548987 ], [ 43.4166854, -21.754856 ], [ 43.417378, -21.7547766 ], [ 43.4182833, -21.7547146 ], [ 43.418287, -21.7547159 ], [ 43.4189716, -21.7549514 ], [ 43.4199639, -21.754969 ], [ 43.4205904, -21.7552169 ], [ 43.4212651, -21.7551057 ], [ 43.4223153, -21.7547872 ], [ 43.4224703, -21.7547562 ], [ 43.4227082, -21.7547502 ], [ 43.4230574, -21.7548099 ], [ 43.4233395, -21.7548535 ], [ 43.4234921, -21.7548518 ], [ 43.4236467, -21.7548631 ], [ 43.4237561, -21.7548717 ], [ 43.4238785, -21.7548813 ], [ 43.4238797, -21.7548814 ], [ 43.4238804, -21.7548821 ], [ 43.4239036, -21.7549043 ], [ 43.424136, -21.7549813 ], [ 43.4244084, -21.7549343 ], [ 43.4247956, -21.7548696 ], [ 43.4252855, -21.7548455 ], [ 43.4253775, -21.7546667 ], [ 43.4255721, -21.7545863 ], [ 43.4256677, -21.7545467 ], [ 43.4257825, -21.7545859 ], [ 43.4259839, -21.7547443 ], [ 43.4266582, -21.7552224 ], [ 43.4270429, -21.7553786 ], [ 43.427673, -21.7553097 ], [ 43.4283325, -21.7553392 ], [ 43.4293541, -21.7548267 ], [ 43.4301584, -21.7544648 ], [ 43.4305925, -21.7546404 ], [ 43.4312575, -21.7543648 ], [ 43.4319705, -21.7542931 ], [ 43.4329074, -21.7542202 ], [ 43.4338096, -21.7540723 ], [ 43.4342406, -21.754092 ], [ 43.4346756, -21.7540112 ], [ 43.4349534, -21.754136 ], [ 43.4352678, -21.7544686 ], [ 43.4356736, -21.7547608 ], [ 43.4360098, -21.7549056 ], [ 43.4367281, -21.7550092 ], [ 43.437053, -21.754901 ], [ 43.4376616, -21.7550511 ], [ 43.4393587, -21.7561193 ], [ 43.4397529, -21.7565127 ], [ 43.4416101, -21.75736 ], [ 43.4438201, -21.7579728 ], [ 43.4452111, -21.7581575 ], [ 43.4466402, -21.7590826 ], [ 43.449501, -21.7604607 ], [ 43.4514272, -21.7611795 ], [ 43.4528049, -21.761336 ], [ 43.4536276, -21.7592608 ], [ 43.4552726, -21.7548681 ], [ 43.4557007, -21.7536013 ], [ 43.4562928, -21.7535744 ], [ 43.4608003, -21.7548681 ], [ 43.4679068, -21.7575629 ], [ 43.4691522, -21.7580322 ], [ 43.4697702, -21.7562846 ], [ 43.4697948, -21.7562184 ], [ 43.4698356, -21.7561013 ], [ 43.4709135, -21.7530812 ], [ 43.4719224, -21.7502545 ], [ 43.4726539, -21.7482048 ], [ 43.4726833, -21.7479959 ], [ 43.4726414, -21.7479886 ], [ 43.4726364, -21.7479878 ], [ 43.4719423, -21.7478714 ], [ 43.4690076, -21.747378 ], [ 43.4656696, -21.7470255 ], [ 43.4641234, -21.7468099 ], [ 43.4620835, -21.7465673 ], [ 43.4596817, -21.746217 ], [ 43.4576086, -21.7458935 ], [ 43.4533644, -21.7451929 ], [ 43.4482307, -21.7443407 ], [ 43.4453032, -21.74398 ], [ 43.4429057, -21.7436216 ], [ 43.4378164, -21.7426423 ], [ 43.4368034, -21.7423843 ], [ 43.4359977, -21.7422238 ], [ 43.4355698, -21.7420067 ], [ 43.435215799999987, -21.742263 ], [ 43.4349442, -21.7422722 ], [ 43.4346752, -21.7423542 ], [ 43.4342973, -21.7422781 ], [ 43.4342513, -21.7423028 ], [ 43.4341306, -21.7423387 ], [ 43.4340044, -21.7424197 ], [ 43.4337041, -21.7424737 ], [ 43.433531900000013, -21.7424572 ], [ 43.4333615, -21.7425295 ], [ 43.4328057, -21.7425863 ], [ 43.4325798, -21.7423866 ], [ 43.4324217, -21.7420513 ], [ 43.4322246, -21.7417857 ], [ 43.4316674, -21.741807 ], [ 43.4306961, -21.7420155 ], [ 43.4301066, -21.7418601 ], [ 43.429989, -21.7415425 ], [ 43.4300359, -21.7413825 ], [ 43.4298984, -21.741011 ], [ 43.4297992, -21.7407106 ], [ 43.4294141, -21.7404942 ], [ 43.4290341, -21.7405771 ], [ 43.4287492, -21.7402914 ], [ 43.4282108, -21.7401221 ], [ 43.4278127, -21.7400443 ], [ 43.4275597, -21.7402422 ] ] ], [ [ [ 43.4460416, -21.6824041 ], [ 43.4460309, -21.6823946 ], [ 43.4446683, -21.6818515 ], [ 43.4444082, -21.6816346 ], [ 43.444038299999988, -21.6816562 ], [ 43.4434129, -21.6819115 ], [ 43.4426909, -21.6816879 ], [ 43.4419213, -21.681757 ], [ 43.441701800000011, -21.6814287 ], [ 43.4416944, -21.6814241 ], [ 43.4416911, -21.6814191 ], [ 43.4413106, -21.6811834 ], [ 43.4409105, -21.6809909 ], [ 43.440909, -21.6809901 ], [ 43.4406359, -21.6807278 ], [ 43.4358733, -21.6951875 ], [ 43.4337931, -21.7015717 ], [ 43.4323569, -21.7059466 ], [ 43.4334144, -21.7099487 ], [ 43.4338688, -21.7128756 ], [ 43.4338778, -21.7128738 ], [ 43.4426018, -21.7111263 ], [ 43.4469182, -21.7102799 ], [ 43.4502283, -21.7095967 ], [ 43.454316, -21.7088607 ], [ 43.457629799999985, -21.7081939 ], [ 43.461746, -21.70742 ], [ 43.4636573, -21.7070683 ], [ 43.4661133, -21.7066338 ], [ 43.4669886, -21.7064836 ], [ 43.4684313, -21.7039928 ], [ 43.4684834, -21.7039797 ], [ 43.4684426, -21.7039173 ], [ 43.4689267, -21.703186 ], [ 43.4692442, -21.7027064 ], [ 43.469475900000013, -21.7023562 ], [ 43.4696799, -21.7020481 ], [ 43.469818, -21.7018394 ], [ 43.4699227, -21.7016812 ], [ 43.4699807, -21.7015937 ], [ 43.4701086, -21.7014004 ], [ 43.4702975, -21.701115 ], [ 43.4709743, -21.70009240000001 ], [ 43.4707943, -21.6996784 ], [ 43.4706185, -21.6992673 ], [ 43.4705347, -21.6983997 ], [ 43.470302799999985, -21.6975841 ], [ 43.469838499999987, -21.6965054 ], [ 43.4695467, -21.6957089 ], [ 43.469635, -21.695368 ], [ 43.4690567, -21.6947683 ], [ 43.4678187, -21.694697 ], [ 43.4645456, -21.6943946 ], [ 43.4635281, -21.6940303 ], [ 43.462407, -21.6935862 ], [ 43.461694099999988, -21.6932268 ], [ 43.4605427, -21.692059 ], [ 43.4598173, -21.6907042 ], [ 43.4567305, -21.6866499 ], [ 43.4563345, -21.6861297 ], [ 43.4562085, -21.6859641 ], [ 43.4552785, -21.6844231 ], [ 43.45483990000001, -21.6837943 ], [ 43.454456, -21.6832103 ], [ 43.4542367, -21.6826264 ], [ 43.4539841, -21.6819579 ], [ 43.4539807, -21.6819489 ], [ 43.4536282, -21.6819255 ], [ 43.4520928, -21.6820333 ], [ 43.451234, -21.681837 ], [ 43.4504898, -21.6820192 ], [ 43.449857, -21.6822685 ], [ 43.4491926, -21.6826751 ], [ 43.4488236, -21.682685 ], [ 43.4480786, -21.6830629 ], [ 43.4477186, -21.6834521 ], [ 43.4470391, -21.6833886 ], [ 43.4461671, -21.6830088 ], [ 43.4460416, -21.6824041 ] ] ], [ [ [ 43.4819501, -21.6756158 ], [ 43.4822194, -21.6751085 ], [ 43.4824406, -21.6746467 ], [ 43.4825733, -21.6743118 ], [ 43.4827314, -21.6740046 ], [ 43.4828474, -21.6733371 ], [ 43.4827735, -21.6730347 ], [ 43.4820905, -21.6726178 ], [ 43.4816392, -21.6722563 ], [ 43.4811626, -21.67177 ], [ 43.4807483, -21.6713375 ], [ 43.4806992, -21.6712266 ], [ 43.4806551, -21.6711557 ], [ 43.4805868, -21.671185 ], [ 43.480477, -21.6712779 ], [ 43.4804009, -21.6715217 ], [ 43.4802445, -21.6716566 ], [ 43.4797756, -21.6719591 ], [ 43.4794713, -21.6720204 ], [ 43.478756, -21.6718948 ], [ 43.4778542, -21.6717961 ], [ 43.4767825, -21.6717714 ], [ 43.4765577, -21.6717823 ], [ 43.476198, -21.6717944 ], [ 43.4758511, -21.6719525 ], [ 43.47592, -21.6722583 ], [ 43.476048, -21.6726425 ], [ 43.4762112, -21.6730737 ], [ 43.4763801, -21.6735807 ], [ 43.4765091, -21.6739831 ], [ 43.4766061, -21.6743522 ], [ 43.4767244, -21.6746287 ], [ 43.4768577, -21.6749928 ], [ 43.477016, -21.6752853 ], [ 43.477380899999986, -21.6757733 ], [ 43.4778606, -21.676278 ], [ 43.4782655, -21.6765694 ], [ 43.4786526, -21.6768034 ], [ 43.4791704, -21.6770192 ], [ 43.4798772, -21.6771843 ], [ 43.4802394, -21.6771072 ], [ 43.4809321, -21.676733 ], [ 43.4812173, -21.6764768 ], [ 43.4815743, -21.6760556 ], [ 43.4819501, -21.6756158 ] ] ], [ [ [ 43.4704134, -21.6764813 ], [ 43.4704866, -21.6764029 ], [ 43.4706423, -21.6762904 ], [ 43.4707673, -21.6760842 ], [ 43.4709469, -21.6758142 ], [ 43.471075, -21.6755782 ], [ 43.471161099999982, -21.6752171 ], [ 43.4711775, -21.6750419 ], [ 43.4711936, -21.674964 ], [ 43.4711016, -21.6746132 ], [ 43.4709966, -21.6743951 ], [ 43.4709278, -21.6740323 ], [ 43.4709143, -21.6738831 ], [ 43.4708814, -21.6737888 ], [ 43.4708979, -21.6736001 ], [ 43.4707663, -21.6734923 ], [ 43.4707992, -21.6734249 ], [ 43.4705031, -21.6730073 ], [ 43.4705031, -21.6729668 ], [ 43.4704208, -21.6727916 ], [ 43.470167599999989, -21.6725246 ], [ 43.4700754, -21.6723602 ], [ 43.4700754, -21.6723198 ], [ 43.4699931, -21.6721582 ], [ 43.4699685, -21.6720303 ], [ 43.4698889, -21.6716759 ], [ 43.4698439, -21.6713824 ], [ 43.4697957, -21.6712688 ], [ 43.4697629, -21.6709185 ], [ 43.4697629, -21.6707703 ], [ 43.4697135, -21.6704738 ], [ 43.4696971, -21.6702312 ], [ 43.4696313, -21.6700696 ], [ 43.469549, -21.6697866 ], [ 43.4694832, -21.6693689 ], [ 43.4693845, -21.6691802 ], [ 43.4693517, -21.6687356 ], [ 43.4692529, -21.6685335 ], [ 43.4690718, -21.6680348 ], [ 43.469022599999988, -21.6677924 ], [ 43.4688909, -21.6675363 ], [ 43.4686935, -21.6671051 ], [ 43.4685117, -21.666856 ], [ 43.468249, -21.6665256 ], [ 43.4681503, -21.6663908 ], [ 43.4680352, -21.6662695 ], [ 43.4678707, -21.6661078 ], [ 43.4677391, -21.6659461 ], [ 43.4675746, -21.6657306 ], [ 43.4674101, -21.6655285 ], [ 43.4674101, -21.665488 ], [ 43.4673278, -21.6653263 ], [ 43.467262, -21.6652859 ], [ 43.4671633, -21.6651511 ], [ 43.4670152, -21.6650029 ], [ 43.4668343, -21.6648816 ], [ 43.4667027, -21.66472 ], [ 43.4664643, -21.6645233 ], [ 43.4662256, -21.6644235 ], [ 43.4659789, -21.6643292 ], [ 43.4659785, -21.6643291 ], [ 43.4655464, -21.6642061 ], [ 43.4649871, -21.6641657 ], [ 43.4647849, -21.6642152 ], [ 43.4646302, -21.66425 ], [ 43.4642468, -21.6643544 ], [ 43.463887, -21.664408 ], [ 43.4637862, -21.6644083 ], [ 43.46352, -21.6644608 ], [ 43.4633219, -21.664508 ], [ 43.4631941, -21.664543 ], [ 43.463089, -21.6645646 ], [ 43.4628351, -21.6646118 ], [ 43.4625689, -21.6646508 ], [ 43.4624044, -21.6647047 ], [ 43.462371499999989, -21.6647047 ], [ 43.4622728, -21.6647855 ], [ 43.4621083, -21.6647855 ], [ 43.4619438, -21.6649372 ], [ 43.461878, -21.6651224 ], [ 43.461878, -21.6652541 ], [ 43.4618709, -21.6654344 ], [ 43.4618617, -21.6657205 ], [ 43.4618615, -21.6660926 ], [ 43.4618356, -21.6662945 ], [ 43.4618286, -21.6665507 ], [ 43.4618447, -21.6667735 ], [ 43.4618595, -21.6670445 ], [ 43.461762799999988, -21.667292 ], [ 43.4618451, -21.6675211 ], [ 43.4618451, -21.6677097 ], [ 43.4618944, -21.6678984 ], [ 43.4618944, -21.668087 ], [ 43.4619602, -21.6684508 ], [ 43.4619577, -21.6686976 ], [ 43.4620027, -21.6688807 ], [ 43.4619931, -21.6691515 ], [ 43.4619931, -21.6693596 ], [ 43.4620049, -21.6695767 ], [ 43.4620096, -21.6697543 ], [ 43.4620096, -21.66996 ], [ 43.4619602, -21.6701351 ], [ 43.4619602, -21.6701755 ], [ 43.4618944, -21.6704316 ], [ 43.4618862, -21.6704752 ], [ 43.461869499999985, -21.6705955 ], [ 43.4618451, -21.6706202 ], [ 43.4618451, -21.670755 ], [ 43.461762799999988, -21.6708898 ], [ 43.461762799999988, -21.6709167 ], [ 43.4617061, -21.6710354 ], [ 43.4616615, -21.6711214 ], [ 43.4616203, -21.6712222 ], [ 43.4615145, -21.6713287 ], [ 43.461209599999989, -21.6714965 ], [ 43.4611305, -21.6715492 ], [ 43.4607383, -21.6717516 ], [ 43.460729500000014, -21.6717561 ], [ 43.4602833, -21.6719863 ], [ 43.4600482, -21.6721447 ], [ 43.4598657, -21.6722677 ], [ 43.4596684, -21.6724234 ], [ 43.4593501, -21.6730279 ], [ 43.4591307, -21.6736567 ], [ 43.4590868, -21.6738723 ], [ 43.4590654, -21.6741141 ], [ 43.4592624, -21.6743844 ], [ 43.4596352, -21.6746628 ], [ 43.4598807, -21.6748028 ], [ 43.4599314, -21.6749144 ], [ 43.4604578, -21.6753815 ], [ 43.460791, -21.6756629 ], [ 43.4609642, -21.6758056 ], [ 43.4612035, -21.6760283 ], [ 43.4614558, -21.6763517 ], [ 43.4616928, -21.676772 ], [ 43.4618242, -21.6770519 ], [ 43.4619165, -21.677259 ], [ 43.4619823, -21.6775824 ], [ 43.4621209, -21.677981 ], [ 43.4621687, -21.6780945 ], [ 43.4622345, -21.6781754 ], [ 43.4623771, -21.6782562 ], [ 43.4623819, -21.6782579 ], [ 43.4624272, -21.6782531 ], [ 43.4626512, -21.678337 ], [ 43.462656, -21.6783387 ], [ 43.4627876, -21.6783657 ], [ 43.4629305, -21.6783548 ], [ 43.4631824, -21.6782938 ], [ 43.463301, -21.6782152 ], [ 43.4633469, -21.6781771 ], [ 43.4633688, -21.6781052 ], [ 43.4633688, -21.6780154 ], [ 43.4633798, -21.6777638 ], [ 43.4633798, -21.6776471 ], [ 43.4633908, -21.6775393 ], [ 43.4633967, -21.6773913 ], [ 43.463441499999988, -21.6772955 ], [ 43.4634785, -21.6772383 ], [ 43.4634895, -21.6771842 ], [ 43.4634949, -21.6770631 ], [ 43.4635278, -21.6769284 ], [ 43.4635443, -21.676605 ], [ 43.4635607, -21.676578 ], [ 43.4635443, -21.6764298 ], [ 43.4635443, -21.6763086 ], [ 43.463544299999988, -21.6761603 ], [ 43.4635278, -21.676066 ], [ 43.4634949, -21.6759717 ], [ 43.4634953, -21.6757792 ], [ 43.4636594, -21.6755674 ], [ 43.4637088, -21.6754865 ], [ 43.4638718, -21.6753449 ], [ 43.463918, -21.6752805 ], [ 43.4640049, -21.6751635 ], [ 43.4640982, -21.6751121 ], [ 43.464424, -21.6750622 ], [ 43.464794499999982, -21.674988 ], [ 43.4651327, -21.6749677 ], [ 43.4653564, -21.6749309 ], [ 43.4655841, -21.6749611 ], [ 43.4656993, -21.674988 ], [ 43.465831, -21.674988 ], [ 43.4659461, -21.6750285 ], [ 43.4661886, -21.6751079 ], [ 43.4662828, -21.6751812 ], [ 43.4665007, -21.6755521 ], [ 43.4667147, -21.6758216 ], [ 43.4668462, -21.6759295 ], [ 43.4668804, -21.676042 ], [ 43.4668791, -21.6768188 ], [ 43.466846200000013, -21.6770613 ], [ 43.4667969, -21.6772365 ], [ 43.4668376, -21.6773472 ], [ 43.4669778, -21.6774925 ], [ 43.4669826, -21.6774943 ], [ 43.467130699999984, -21.6775482 ], [ 43.4680943, -21.6775419 ], [ 43.4685999, -21.6775059 ], [ 43.4687878, -21.6774662 ], [ 43.468857899999989, -21.677427 ], [ 43.4689506, -21.6773933 ], [ 43.4690061, -21.6773731 ], [ 43.4690553, -21.6773327 ], [ 43.4691424, -21.6773042 ], [ 43.4692199, -21.6772787 ], [ 43.4695566, -21.6770936 ], [ 43.469717, -21.6769807 ], [ 43.4701576, -21.6766723 ], [ 43.4702716, -21.6766323 ], [ 43.470273, -21.6766314 ], [ 43.470355, -21.6765106 ], [ 43.4704134, -21.6764813 ] ] ], [ [ [ 43.5492335, -21.6748884 ], [ 43.5495123, -21.6747241 ], [ 43.550205899999987, -21.6747231 ], [ 43.5506017, -21.6748567 ], [ 43.5508716, -21.6749897 ], [ 43.551413, -21.6753789 ], [ 43.5517502, -21.6754293 ], [ 43.5524187, -21.6752802 ], [ 43.5526248, -21.6750108 ], [ 43.5529759, -21.6743922 ], [ 43.5531778, -21.6740925 ], [ 43.5533542, -21.6737837 ], [ 43.5535848, -21.6735214 ], [ 43.553897, -21.6731477 ], [ 43.553900499999983, -21.6731435 ], [ 43.55492, -21.6719229 ], [ 43.5555043, -21.6710821 ], [ 43.555756699999989, -21.6708341 ], [ 43.5561859, -21.6703056 ], [ 43.557143, -21.6689458 ], [ 43.5570678, -21.6685479 ], [ 43.5570627, -21.6685442 ], [ 43.5567074, -21.668291 ], [ 43.556677, -21.6680242 ], [ 43.5564323, -21.6679068 ], [ 43.5560176, -21.6674766 ], [ 43.5535158, -21.6653198 ], [ 43.5512635, -21.663362 ], [ 43.5466278, -21.6592954 ], [ 43.5458229, -21.6584781 ], [ 43.5452971, -21.6581774 ], [ 43.5449975, -21.6584734 ], [ 43.5436773, -21.6594635 ], [ 43.5420705, -21.6612429 ], [ 43.54091, -21.6624926 ], [ 43.5396269, -21.6638636 ], [ 43.5386368, -21.6651236 ], [ 43.5375253, -21.6663544 ], [ 43.5377278, -21.6668748 ], [ 43.5377102, -21.6670246 ], [ 43.5376623, -21.6673767 ], [ 43.5376768, -21.6674848 ], [ 43.5376338, -21.6677363 ], [ 43.5376233, -21.6680259 ], [ 43.5374717, -21.6682651 ], [ 43.5375017, -21.6684463 ], [ 43.5372173, -21.6690244 ], [ 43.5369018, -21.6690554 ], [ 43.536627599999989, -21.6691366 ], [ 43.5355615, -21.6692371 ], [ 43.5352356, -21.6696689 ], [ 43.5350411, -21.669815 ], [ 43.5349575, -21.6700949 ], [ 43.5347275, -21.6704174 ], [ 43.5343287, -21.6708987 ], [ 43.5341891, -21.671252 ], [ 43.5340376, -21.6718972 ], [ 43.5340254, -21.673028 ], [ 43.5332653, -21.674198 ], [ 43.5331553, -21.674918 ], [ 43.5324132, -21.6762047 ], [ 43.5324279, -21.676787 ], [ 43.5326613, -21.6773394 ], [ 43.5329195, -21.6778842 ], [ 43.5331291, -21.6784403 ], [ 43.5332507, -21.6787185 ], [ 43.5336106, -21.6791555 ], [ 43.534152, -21.6798533 ], [ 43.5345387, -21.6803316 ], [ 43.5346891, -21.6805659 ], [ 43.5350651, -21.6809925 ], [ 43.5355791, -21.6812947 ], [ 43.5361708, -21.6815451 ], [ 43.536646299999987, -21.6818833 ], [ 43.5376593, -21.6824081 ], [ 43.5383148, -21.6824516 ], [ 43.5386277, -21.6824792 ], [ 43.5390406, -21.6820657 ], [ 43.5390407, -21.6820657 ], [ 43.539828, -21.6811868 ], [ 43.5401549, -21.6806916 ], [ 43.5405899, -21.6800623 ], [ 43.5405978, -21.6800509 ], [ 43.5411449, -21.6794699 ], [ 43.5413415, -21.6792964 ], [ 43.5419162, -21.6789861 ], [ 43.5424592, -21.6786398 ], [ 43.5428271, -21.6782345 ], [ 43.5430216, -21.6779871 ], [ 43.5431692, -21.6780483 ], [ 43.544603, -21.678474 ], [ 43.5457798, -21.6791702 ], [ 43.5459978, -21.6789609 ], [ 43.5463297, -21.6782387 ], [ 43.5465421, -21.6781003 ], [ 43.5466505, -21.6780012 ], [ 43.5469928, -21.6776437 ], [ 43.5473091, -21.6771198 ], [ 43.5473096, -21.6771162 ], [ 43.5473548, -21.6768102 ], [ 43.5474204, -21.6765314 ], [ 43.5476457, -21.6762871 ], [ 43.5479317, -21.6761073 ], [ 43.548481, -21.6757708 ], [ 43.5486973, -21.675561 ], [ 43.548901, -21.6753241 ], [ 43.5492335, -21.6748884 ] ] ], [ [ [ 43.6187091, -21.661411 ], [ 43.618883, -21.6606973 ], [ 43.618957199999983, -21.660402 ], [ 43.6190394, -21.6600956 ], [ 43.6191193, -21.6598233 ], [ 43.6191695, -21.659665 ], [ 43.6192206, -21.659514 ], [ 43.6192729, -21.6593693 ], [ 43.619326699999981, -21.6592302 ], [ 43.6193822, -21.6590959 ], [ 43.6194396, -21.6589663 ], [ 43.619499, -21.6588408 ], [ 43.6195605, -21.6587194 ], [ 43.6196102, -21.6586279 ], [ 43.6196639, -21.6585357 ], [ 43.6197218, -21.6584425 ], [ 43.6197838, -21.6583481 ], [ 43.6198503, -21.6582523 ], [ 43.6199214, -21.6581546 ], [ 43.6199975, -21.6580546 ], [ 43.6200791, -21.6579518 ], [ 43.6202282, -21.6577725 ], [ 43.6204003, -21.6575757 ], [ 43.6205728, -21.6573849 ], [ 43.6210128, -21.6569062 ], [ 43.6211359, -21.6567691 ], [ 43.6212446, -21.6566451 ], [ 43.6213207, -21.6565553 ], [ 43.6214697, -21.6563584 ], [ 43.6217517, -21.6559858 ], [ 43.6219161, -21.6557094 ], [ 43.6220434, -21.6554399 ], [ 43.6221824, -21.6549748 ], [ 43.6222434, -21.6546816 ], [ 43.6223038, -21.6543488 ], [ 43.6223562, -21.6539383 ], [ 43.6223683, -21.6535314 ], [ 43.6223471, -21.6532931 ], [ 43.6222525, -21.6529444 ], [ 43.622189399999989, -21.6528209 ], [ 43.6220781, -21.6526816 ], [ 43.621857, -21.6525173 ], [ 43.6215679, -21.6523792 ], [ 43.6213019, -21.6522812 ], [ 43.6209377, -21.6521596 ], [ 43.620623, -21.6521464 ], [ 43.6200073, -21.6519148 ], [ 43.6193371, -21.6517554 ], [ 43.618408, -21.651702 ], [ 43.6178334, -21.651387 ], [ 43.6172603, -21.6512559 ], [ 43.6165785, -21.6515496 ], [ 43.6164971, -21.6515847 ], [ 43.6162153, -21.6516848 ], [ 43.6154667, -21.6519508 ], [ 43.6143778, -21.6522373 ], [ 43.6140121, -21.65266 ], [ 43.6135119, -21.6528829 ], [ 43.6130675, -21.6532309 ], [ 43.6125877, -21.6534773 ], [ 43.6121482, -21.6536175 ], [ 43.6116938, -21.6537252 ], [ 43.611252799999981, -21.6537657 ], [ 43.6108174, -21.6541792 ], [ 43.6098804, -21.6548743 ], [ 43.6094365, -21.6552669 ], [ 43.6089103, -21.6557323 ], [ 43.6083352, -21.6561887 ], [ 43.6079359, -21.6564481 ], [ 43.607162699999989, -21.6570248 ], [ 43.6065637, -21.6576703 ], [ 43.6059006, -21.6582453 ], [ 43.605493099999983, -21.6584771 ], [ 43.6054499, -21.6584982 ], [ 43.6052893, -21.6585768 ], [ 43.6048896, -21.6587726 ], [ 43.6044635, -21.6589812 ], [ 43.6039979, -21.6589944 ], [ 43.6039883, -21.6589948 ], [ 43.6039858, -21.6589947 ], [ 43.6039249, -21.6589964 ], [ 43.6041252, -21.6590948 ], [ 43.6040703, -21.6597288 ], [ 43.6041006, -21.6602502 ], [ 43.604181700000012, -21.66061 ], [ 43.604323400000013, -21.6609731 ], [ 43.6043337, -21.6609947 ], [ 43.6044464, -21.6612118 ], [ 43.6044807, -21.6612743 ], [ 43.604565500000014, -21.6614147 ], [ 43.604772, -21.6617209 ], [ 43.6049904, -21.662015 ], [ 43.6050351, -21.6620728 ], [ 43.6051648, -21.6622341 ], [ 43.605179, -21.6622513 ], [ 43.6055675, -21.6627069 ], [ 43.6059292, -21.6631269 ], [ 43.6062277, -21.6634749 ], [ 43.6064992, -21.6637619 ], [ 43.606569, -21.6638337 ], [ 43.606575, -21.6638396 ], [ 43.6070673, -21.6643114 ], [ 43.6076719, -21.6648207 ], [ 43.608310499999988, -21.6652927 ], [ 43.6089571, -21.6657473 ], [ 43.6094662, -21.6660464 ], [ 43.6098257, -21.6662368 ], [ 43.6100896, -21.6663661 ], [ 43.6102353, -21.6664332 ], [ 43.6102846, -21.6664558 ], [ 43.6104599, -21.666532 ], [ 43.6104657, -21.6665343 ], [ 43.6109434, -21.6667208 ], [ 43.6113163, -21.6668489 ], [ 43.6117358, -21.6669909 ], [ 43.6120809, -21.667107 ], [ 43.6123904, -21.6672051 ], [ 43.6128363, -21.6673191 ], [ 43.6128799, -21.6673328 ], [ 43.6129249, -21.6673444 ], [ 43.6131229, -21.6673894 ], [ 43.6132036, -21.6674042 ], [ 43.6133086, -21.6674233 ], [ 43.6134051, -21.667441 ], [ 43.6134979, -21.667454 ], [ 43.6136109, -21.6674666 ], [ 43.6137286, -21.667476 ], [ 43.6138164, -21.6674801 ], [ 43.6138963, -21.6674814 ], [ 43.6139743, -21.6674802 ], [ 43.6140737, -21.667475 ], [ 43.6141691, -21.6674648 ], [ 43.614246, -21.6674531 ], [ 43.6143136, -21.6674396 ], [ 43.6143777, -21.6674239 ], [ 43.6144526, -21.6674013 ], [ 43.61453, -21.6673729 ], [ 43.6145995, -21.6673398 ], [ 43.6146662, -21.6672986 ], [ 43.6147151, -21.6672616 ], [ 43.6147615, -21.6672215 ], [ 43.6148093, -21.6671726 ], [ 43.614851600000016, -21.6671256 ], [ 43.6148854, -21.6670819 ], [ 43.6149285, -21.667022 ], [ 43.6149652, -21.666967 ], [ 43.6149958, -21.6669148 ], [ 43.6150315, -21.6668515 ], [ 43.6150628, -21.6667919 ], [ 43.6151056, -21.6667031 ], [ 43.6151619, -21.6665744 ], [ 43.6152276, -21.6664093 ], [ 43.6152836, -21.6662619 ], [ 43.6154606, -21.6657761 ], [ 43.6155148, -21.665637 ], [ 43.6155657, -21.6655141 ], [ 43.6156217, -21.6653897 ], [ 43.6156774, -21.6652771 ], [ 43.6157339, -21.6651746 ], [ 43.6157914, -21.6650812 ], [ 43.6158515, -21.6649952 ], [ 43.6159134, -21.6649175 ], [ 43.61593, -21.6648994 ], [ 43.6159749, -21.6648475 ], [ 43.6160441, -21.6647858 ], [ 43.6160784, -21.6647576 ], [ 43.6161133, -21.6647314 ], [ 43.6161489, -21.664707 ], [ 43.616185199999983, -21.6646845 ], [ 43.6162222, -21.6646638 ], [ 43.6162599, -21.664645 ], [ 43.6162984, -21.664628 ], [ 43.6163376, -21.6646129 ], [ 43.616383199999987, -21.6645983 ], [ 43.6164328, -21.6645858 ], [ 43.616487, -21.6645752 ], [ 43.6165468, -21.6645664 ], [ 43.6166619, -21.6645551 ], [ 43.616949299999987, -21.6645358 ], [ 43.6170933, -21.6645173 ], [ 43.6172243, -21.6644843 ], [ 43.617329, -21.6644361 ], [ 43.6173976, -21.6643878 ], [ 43.6175253, -21.6642561 ], [ 43.6176329, -21.664095 ], [ 43.6178238, -21.6637201 ], [ 43.617855, -21.6636563 ], [ 43.6178946, -21.663581 ], [ 43.6180312, -21.6633384 ], [ 43.6181303, -21.6631446 ], [ 43.6183084, -21.6627336 ], [ 43.6185659, -21.6619541 ], [ 43.6187091, -21.661411 ] ] ], [ [ [ 43.5225939, -21.6067594 ], [ 43.5223647, -21.6069476 ], [ 43.5223073, -21.6069504 ], [ 43.5214537, -21.6069912 ], [ 43.5214029, -21.6069936 ], [ 43.5207478, -21.6072096 ], [ 43.5205891, -21.6073017 ], [ 43.5205591, -21.6073192 ], [ 43.520602, -21.6073779 ], [ 43.520787, -21.6076307 ], [ 43.5207921, -21.6076955 ], [ 43.5208016, -21.607816 ], [ 43.5213, -21.6077507 ], [ 43.5216337, -21.6077248 ], [ 43.5221225, -21.6075516 ], [ 43.5224017, -21.6074073 ], [ 43.5226222, -21.6073125 ], [ 43.523089, -21.6071799 ], [ 43.5234044, -21.6071089 ], [ 43.5237665, -21.6069706 ], [ 43.5241415, -21.6069644 ], [ 43.5244222, -21.6068204 ], [ 43.5245928, -21.6068299 ], [ 43.524830699999988, -21.606769 ], [ 43.5251501, -21.6068471 ], [ 43.525683799999989, -21.6064698 ], [ 43.5259318, -21.6060832 ], [ 43.5255988, -21.605672 ], [ 43.5251762, -21.605506 ], [ 43.5251197, -21.6053228 ], [ 43.5248494, -21.6055907 ], [ 43.5241702, -21.6060386 ], [ 43.5241366, -21.6060951 ], [ 43.5239853, -21.6063489 ], [ 43.5236115, -21.6064039 ], [ 43.5235724, -21.6064104 ], [ 43.5232648, -21.606463 ], [ 43.5226675, -21.606699 ], [ 43.5225939, -21.6067594 ] ] ], [ [ [ 43.5178571, -21.606556 ], [ 43.518028, -21.6067921 ], [ 43.5182909, -21.6070527 ], [ 43.5184864, -21.6072627 ], [ 43.5188894, -21.6075201 ], [ 43.5192728, -21.6076491 ], [ 43.5198002, -21.6075948 ], [ 43.5199137, -21.6075553 ], [ 43.5200915, -21.6075668 ], [ 43.5202325, -21.6076226 ], [ 43.5204415, -21.6078297 ], [ 43.5208016, -21.607816 ], [ 43.5207182, -21.6077495 ], [ 43.5203803, -21.6074803 ], [ 43.5201449, -21.6074744 ], [ 43.5200081, -21.6074709 ], [ 43.5199442, -21.6074943 ], [ 43.5198874, -21.6075151 ], [ 43.5197862, -21.6075521 ], [ 43.5195888, -21.6075487 ], [ 43.5195665, -21.6075355 ], [ 43.519295, -21.607375 ], [ 43.5189897, -21.6073977 ], [ 43.5189112, -21.6074035 ], [ 43.518729, -21.6072397 ], [ 43.5185633, -21.6070907 ], [ 43.5183103, -21.6068189 ], [ 43.5181691, -21.6066672 ], [ 43.5180746, -21.6065657 ], [ 43.5179214, -21.6064012 ], [ 43.5178618, -21.6063509 ], [ 43.5177595, -21.6062649 ], [ 43.5173496, -21.6062283 ], [ 43.5172425, -21.6062187 ], [ 43.5171899, -21.606214 ], [ 43.5169003, -21.6061229 ], [ 43.5167754, -21.6060837 ], [ 43.5164709, -21.6060704 ], [ 43.5163807, -21.6060665 ], [ 43.5160059, -21.6061524 ], [ 43.5157387, -21.6062262 ], [ 43.5153769, -21.6063262 ], [ 43.515246, -21.6062829 ], [ 43.5149504, -21.6062469 ], [ 43.5145923, -21.6060457 ], [ 43.5144753, -21.605859 ], [ 43.5145033, -21.6055516 ], [ 43.5143394, -21.605518 ], [ 43.5142169, -21.6056082 ], [ 43.5140251, -21.6058717 ], [ 43.513869, -21.6058737 ], [ 43.513745, -21.6058753 ], [ 43.5136848, -21.605876 ], [ 43.5137049, -21.6057183 ], [ 43.5137486, -21.6053773 ], [ 43.5139013, -21.6049376 ], [ 43.513912600000012, -21.6049051 ], [ 43.513949200000013, -21.6049165 ], [ 43.5140871, -21.6049594 ], [ 43.5144848, -21.6053768 ], [ 43.5144958, -21.6053871 ], [ 43.5146539, -21.6055365 ], [ 43.5148942, -21.6057636 ], [ 43.5151303, -21.6059576 ], [ 43.5151749, -21.6059943 ], [ 43.5155779, -21.6060737 ], [ 43.5156505, -21.6060898 ], [ 43.5156887, -21.6060956 ], [ 43.5160322, -21.6059692 ], [ 43.5162184, -21.6059008 ], [ 43.5166487, -21.6058044 ], [ 43.5168244, -21.605765 ], [ 43.5173829, -21.6058857 ], [ 43.5179813, -21.6060149 ], [ 43.5183539, -21.6061687 ], [ 43.5185461, -21.606248 ], [ 43.5186684, -21.6062985 ], [ 43.519539, -21.6067371 ], [ 43.519834, -21.6068038 ], [ 43.5201905, -21.6063926 ], [ 43.5201934, -21.6063893 ], [ 43.5201944, -21.6068122 ], [ 43.5201946, -21.606878 ], [ 43.5201946, -21.6068819 ], [ 43.5203767, -21.6069132 ], [ 43.5204432, -21.6069027 ], [ 43.5206969, -21.6068628 ], [ 43.5207445, -21.6068551 ], [ 43.5207987, -21.6068457 ], [ 43.5212566, -21.6067661 ], [ 43.5219947, -21.6066379 ], [ 43.5222195, -21.6065988 ], [ 43.5225828, -21.6065227 ], [ 43.5230791, -21.6064187 ], [ 43.5231523, -21.6063834 ], [ 43.5232208, -21.6063503 ], [ 43.5234891, -21.6062206 ], [ 43.5237031, -21.6060466 ], [ 43.5239464, -21.6058488 ], [ 43.5241314, -21.6057268 ], [ 43.5244468, -21.6055188 ], [ 43.5247201, -21.6051716 ], [ 43.5248836, -21.604975 ], [ 43.5251328, -21.6046827 ], [ 43.5252498, -21.6043128 ], [ 43.5252804, -21.6042965 ], [ 43.5253252, -21.6042726 ], [ 43.5253449, -21.604262 ], [ 43.5253868, -21.6041967 ], [ 43.5254882, -21.6040345 ], [ 43.5256879, -21.6036661 ], [ 43.5258771, -21.6031178 ], [ 43.5259412, -21.6029722 ], [ 43.5259834, -21.6025825 ], [ 43.5258905, -21.6022559 ], [ 43.5258899, -21.6021006 ], [ 43.5257982, -21.6019789 ], [ 43.5254862, -21.6018341 ], [ 43.5253552, -21.6018738 ], [ 43.5252491, -21.6019688 ], [ 43.5251356, -21.602004 ], [ 43.525001, -21.6018556 ], [ 43.525122, -21.6015999 ], [ 43.5252767, -21.6013957 ], [ 43.5253486, -21.6012414 ], [ 43.5253562, -21.6010852 ], [ 43.5253836, -21.6009333 ], [ 43.5253475, -21.600825 ], [ 43.525333, -21.6006808 ], [ 43.525515700000014, -21.6002789 ], [ 43.5258772, -21.6001457 ], [ 43.5259902, -21.5998605 ], [ 43.5259099, -21.5995578 ], [ 43.5259286, -21.5991536 ], [ 43.5260358, -21.5988667 ], [ 43.5260269, -21.5987109 ], [ 43.5261149, -21.5984531 ], [ 43.5260877, -21.5982812 ], [ 43.526197, -21.5979888 ], [ 43.5263154, -21.5976056 ], [ 43.5264625, -21.5973613 ], [ 43.5267284, -21.5972007 ], [ 43.526739, -21.5971222 ], [ 43.5266005, -21.5969457 ], [ 43.5267615, -21.596795 ], [ 43.5269359, -21.596744 ], [ 43.527155799999989, -21.5966218 ], [ 43.527275, -21.5966058 ], [ 43.5274123, -21.5959738 ], [ 43.527621, -21.5956485 ], [ 43.5277699, -21.5955163 ], [ 43.5278299, -21.5950435 ], [ 43.5281053, -21.5946617 ], [ 43.528032800000013, -21.5945761 ], [ 43.5282231, -21.5941702 ], [ 43.528698100000014, -21.5928168 ], [ 43.5288177, -21.592773 ], [ 43.5290821, -21.5924424 ], [ 43.5290866, -21.5922251 ], [ 43.5291388, -21.5920948 ], [ 43.5292449, -21.5920683 ], [ 43.52952530000001, -21.5916314 ], [ 43.5296924, -21.5915253 ], [ 43.5297129, -21.5914522 ], [ 43.5296099, -21.591083 ], [ 43.5296796, -21.5909962 ], [ 43.5299178, -21.590816 ], [ 43.5301646, -21.590687 ], [ 43.5302929, -21.5903019 ], [ 43.530419, -21.5902712 ], [ 43.5305079, -21.5901387 ], [ 43.5305067, -21.5900292 ], [ 43.5307237, -21.5898299 ], [ 43.5308588, -21.5896422 ], [ 43.5309933, -21.5895848 ], [ 43.531174799999988, -21.5894041 ], [ 43.5312399, -21.5893879 ], [ 43.5315604, -21.5891622 ], [ 43.5316675, -21.5891368 ], [ 43.5318544, -21.5889509 ], [ 43.5319282, -21.5887795 ], [ 43.5317559, -21.5886615 ], [ 43.5315536, -21.5885946 ], [ 43.5314371, -21.5884534 ], [ 43.5312069, -21.5884399 ], [ 43.5310882, -21.5882614 ], [ 43.5308929, -21.587983 ], [ 43.5307114, -21.5879522 ], [ 43.5305583, -21.5877366 ], [ 43.530241099999984, -21.587691 ], [ 43.529956, -21.5875397 ], [ 43.529718, -21.5875129 ], [ 43.5294495, -21.5876917 ], [ 43.5288219, -21.5875448 ], [ 43.528616700000015, -21.587723 ], [ 43.5282085, -21.5878294 ], [ 43.5280003, -21.5881437 ], [ 43.5279018, -21.5883084 ], [ 43.527806, -21.5886425 ], [ 43.5278469, -21.5888413 ], [ 43.5277654, -21.5888856 ], [ 43.527514, -21.5887132 ], [ 43.527187900000015, -21.5887715 ], [ 43.5270885, -21.5889535 ], [ 43.5270844, -21.5891642 ], [ 43.526968499999988, -21.5892751 ], [ 43.5267925, -21.5894762 ], [ 43.5266767, -21.5897442 ], [ 43.5265933, -21.5899445 ], [ 43.5265137, -21.5901021 ], [ 43.5263684, -21.5902335 ], [ 43.5263352, -21.5903889 ], [ 43.5260658, -21.5907204 ], [ 43.5260791, -21.5908921 ], [ 43.5258521, -21.5912593 ], [ 43.5258125, -21.5915595 ], [ 43.5256852, -21.5916471 ], [ 43.5255567, -21.5917572 ], [ 43.5253458, -21.5917476 ], [ 43.52519190000001, -21.591652 ], [ 43.5248167, -21.591573 ], [ 43.524627, -21.5916412 ], [ 43.5245412, -21.5915886 ], [ 43.5244426, -21.591625 ], [ 43.524334, -21.5917545 ], [ 43.5241742, -21.5917915 ], [ 43.5238145, -21.5920391 ], [ 43.523565, -21.5924433 ], [ 43.5235489, -21.5925769 ], [ 43.5234197, -21.5927975 ], [ 43.5230817, -21.5932007 ], [ 43.5231078, -21.5934006 ], [ 43.5227277, -21.5939352 ], [ 43.5226783, -21.5941937 ], [ 43.522543, -21.5944134 ], [ 43.5222412, -21.5946389 ], [ 43.522074900000014, -21.5948428 ], [ 43.5218152, -21.5951003 ], [ 43.521553, -21.5954312 ], [ 43.5213116, -21.5956326 ], [ 43.5211778, -21.5958695 ], [ 43.5205683, -21.5961776 ], [ 43.5198222, -21.596705 ], [ 43.5197715, -21.5968424 ], [ 43.5195826, -21.5969121 ], [ 43.519482, -21.5970399 ], [ 43.5194144, -21.5970965 ], [ 43.5191158, -21.5971992 ], [ 43.5190693, -21.597281 ], [ 43.5190156, -21.5973091 ], [ 43.51889, -21.5974953 ], [ 43.5188364, -21.5975106 ], [ 43.5186149, -21.597636 ], [ 43.5182368, -21.5977578 ], [ 43.5181977, -21.5977513 ], [ 43.5179908, -21.5978226 ], [ 43.5180097, -21.5978845 ], [ 43.5179684, -21.5980013 ], [ 43.5179017, -21.5980246 ], [ 43.517713, -21.5980083 ], [ 43.5175997, -21.5980586 ], [ 43.5173469, -21.5981033 ], [ 43.5173191, -21.5982155 ], [ 43.5173359, -21.5983562 ], [ 43.517386, -21.5984593 ], [ 43.5174159, -21.5987494 ], [ 43.517393, -21.5990998 ], [ 43.5172785, -21.5992671 ], [ 43.5171888, -21.5992789 ], [ 43.5170109, -21.599355 ], [ 43.516808, -21.5993298 ], [ 43.5164959, -21.5994467 ], [ 43.516336, -21.5995648 ], [ 43.5160523, -21.5995895 ], [ 43.5156341, -21.5996638 ], [ 43.5155276, -21.5997436 ], [ 43.5153729, -21.5998026 ], [ 43.5152381, -21.5998102 ], [ 43.5151117, -21.5998681 ], [ 43.5149986, -21.6001079 ], [ 43.5148128, -21.6002367 ], [ 43.5146165, -21.6005099 ], [ 43.5146218, -21.6007827 ], [ 43.5144888, -21.601203 ], [ 43.5144327, -21.6013542 ], [ 43.5143014, -21.6015302 ], [ 43.514215, -21.6017736 ], [ 43.5140396, -21.6019815 ], [ 43.5138462, -21.6023349 ], [ 43.5133331, -21.6030409 ], [ 43.5135387, -21.6034732 ], [ 43.5136351, -21.6037506 ], [ 43.5137293, -21.6043641 ], [ 43.5137136, -21.6047249 ], [ 43.5136179, -21.605458 ], [ 43.5136671, -21.6058673 ], [ 43.5137652, -21.6061495 ], [ 43.5138531, -21.6064251 ], [ 43.5141048, -21.6064224 ], [ 43.5143788, -21.6063599 ], [ 43.514849, -21.6062517 ], [ 43.5153778, -21.6063617 ], [ 43.5156918, -21.606509 ], [ 43.51596, -21.6065013 ], [ 43.5161706, -21.6063946 ], [ 43.5163664, -21.6063751 ], [ 43.5166295, -21.6064507 ], [ 43.516899200000012, -21.6064504 ], [ 43.5173034, -21.6064142 ], [ 43.5176755, -21.6064537 ], [ 43.5178571, -21.606556 ] ] ], [ [ [ 43.4701562, -21.5482867 ], [ 43.4712341, -21.5492591 ], [ 43.4734904, -21.5501055 ], [ 43.4755234, -21.5503612 ], [ 43.4755261, -21.5503329 ], [ 43.4756223, -21.5493363 ], [ 43.4750323, -21.5474926 ], [ 43.4746652, -21.5448461 ], [ 43.4746194, -21.5445159 ], [ 43.4745531, -21.5440375 ], [ 43.4744163, -21.5429459 ], [ 43.4743253, -21.5422204 ], [ 43.4743228, -21.5421998 ], [ 43.4742559, -21.541666 ], [ 43.4742286, -21.5414487 ], [ 43.4742272, -21.5414378 ], [ 43.4741478, -21.5408038 ], [ 43.4744712, -21.5395536 ], [ 43.4744877, -21.5394897 ], [ 43.4734957, -21.5393851 ], [ 43.4719848, -21.5392257 ], [ 43.4708789, -21.5392062 ], [ 43.4708734, -21.5392061 ], [ 43.470374, -21.5391973 ], [ 43.4687722, -21.5391691 ], [ 43.4666655, -21.5386919 ], [ 43.4641871, -21.5383747 ], [ 43.4640413, -21.538356 ], [ 43.4640073, -21.5383516 ], [ 43.4634558, -21.5384886 ], [ 43.4627523, -21.5390588 ], [ 43.4627174, -21.5390871 ], [ 43.462659, -21.5391345 ], [ 43.4624091, -21.5398634 ], [ 43.4628449, -21.5412448 ], [ 43.4628511, -21.5412645 ], [ 43.4628528, -21.5412705 ], [ 43.4629975, -21.5417804 ], [ 43.4630165, -21.5418019 ], [ 43.4639635, -21.5428678 ], [ 43.464453700000014, -21.5434195 ], [ 43.4653393, -21.5441653 ], [ 43.4655222, -21.5443194 ], [ 43.4656099, -21.5443932 ], [ 43.4658782, -21.5443479 ], [ 43.4660031, -21.5443268 ], [ 43.4664585, -21.5450682 ], [ 43.4665528, -21.5452361 ], [ 43.4671772, -21.5463472 ], [ 43.4672909, -21.5465495 ], [ 43.4677436, -21.5467333 ], [ 43.4686127, -21.5470862 ], [ 43.469862, -21.5480579 ], [ 43.4701408, -21.5482747 ], [ 43.4701491, -21.5482812 ], [ 43.4701562, -21.5482867 ] ] ], [ [ [ 43.5519718, -21.5386138 ], [ 43.5517711, -21.5388921 ], [ 43.5517394, -21.5391278 ], [ 43.5517669, -21.5393547 ], [ 43.5516757, -21.5395811 ], [ 43.5516679, -21.5398566 ], [ 43.5515953, -21.540138 ], [ 43.5514497, -21.5404276 ], [ 43.5513975, -21.5406794 ], [ 43.5514051, -21.5408777 ], [ 43.5511596, -21.541446 ], [ 43.5506113, -21.5408883 ], [ 43.5446068, -21.5412953 ], [ 43.5423551, -21.54419 ], [ 43.5421058, -21.5450552 ], [ 43.541732599999989, -21.545534 ], [ 43.541312, -21.5469935 ], [ 43.5413254, -21.5480432 ], [ 43.5413429, -21.5494141 ], [ 43.5417863, -21.5510484 ], [ 43.5423099, -21.5520707 ], [ 43.544556, -21.5537632 ], [ 43.5467745, -21.5553321 ], [ 43.5477719, -21.5541605 ], [ 43.547604, -21.5528482 ], [ 43.547617200000012, -21.5522495 ], [ 43.5476361, -21.5513916 ], [ 43.547643, -21.5510811 ], [ 43.5476439, -21.55104 ], [ 43.547592599999987, -21.5504759 ], [ 43.5475764, -21.5502984 ], [ 43.547580100000012, -21.5502717 ], [ 43.5475936, -21.5502713 ], [ 43.549168, -21.546114 ], [ 43.5493526, -21.5456264 ], [ 43.5493715, -21.5455767 ], [ 43.5544306, -21.552505 ], [ 43.5544307, -21.552505 ], [ 43.5545374, -21.5526413 ], [ 43.5548668, -21.5526955 ], [ 43.5552196, -21.5528134 ], [ 43.5563785, -21.5528109 ], [ 43.5569441, -21.552489 ], [ 43.557341, -21.5523796 ], [ 43.557990599999989, -21.5519517 ], [ 43.5587179, -21.5516843 ], [ 43.5594094, -21.5513372 ], [ 43.5601401, -21.5511857 ], [ 43.5603646, -21.5509084 ], [ 43.5606251, -21.5506443 ], [ 43.561188699999988, -21.550088 ], [ 43.5612302, -21.5497076 ], [ 43.5617296, -21.5491178 ], [ 43.5619129, -21.5487748 ], [ 43.5621058, -21.5484661 ], [ 43.5622573, -21.5481034 ], [ 43.5622492, -21.5477127 ], [ 43.5622493, -21.5477126 ], [ 43.5622492, -21.5477103 ], [ 43.5623891, -21.5473617 ], [ 43.5626713, -21.5471322 ], [ 43.5630373, -21.5469162 ], [ 43.5633477, -21.5466209 ], [ 43.563514399999988, -21.5462607 ], [ 43.5640008, -21.5459551 ], [ 43.564475, -21.5455354 ], [ 43.5648437, -21.5453972 ], [ 43.5652112, -21.5451959 ], [ 43.5656167, -21.5450598 ], [ 43.5661857, -21.544704 ], [ 43.5669692, -21.5445113 ], [ 43.5672877, -21.5446633 ], [ 43.5676861, -21.5446396 ], [ 43.5680791, -21.5445454 ], [ 43.5682818, -21.5442489 ], [ 43.5685013, -21.5440094 ], [ 43.568559, -21.5435537 ], [ 43.5685098, -21.5431897 ], [ 43.568551100000015, -21.5427561 ], [ 43.5685514, -21.5427538 ], [ 43.5685951, -21.5424156 ], [ 43.5685175, -21.5421281 ], [ 43.5684782, -21.5417886 ], [ 43.5686584, -21.541423 ], [ 43.568857, -21.5411727 ], [ 43.569039, -21.5404636 ], [ 43.5692735, -21.5402277 ], [ 43.5694702, -21.5399393 ], [ 43.5694993, -21.5394523 ], [ 43.5694886, -21.539248 ], [ 43.5695645, -21.5389308 ], [ 43.5695946, -21.538561 ], [ 43.5697404, -21.5381946 ], [ 43.5697581, -21.5377113 ], [ 43.5698489, -21.5374216 ], [ 43.5698483, -21.5372285 ], [ 43.5698483, -21.5372284 ], [ 43.5699395, -21.5368431 ], [ 43.5701283, -21.5364689 ], [ 43.5701405, -21.5361443 ], [ 43.5699712, -21.535732 ], [ 43.5699608, -21.5353742 ], [ 43.5699485, -21.5350109 ], [ 43.5698909, -21.5345653 ], [ 43.569881, -21.5345619 ], [ 43.5697998, -21.5341367 ], [ 43.5698567, -21.533826 ], [ 43.5698566, -21.5338254 ], [ 43.5696845, -21.5331688 ], [ 43.5696304, -21.5327919 ], [ 43.5696303, -21.5327913 ], [ 43.5691577, -21.5322201 ], [ 43.5690932, -21.5319847 ], [ 43.5689349, -21.5317171 ], [ 43.5689261, -21.5313155 ], [ 43.568926, -21.5313154 ], [ 43.568926, -21.5313149 ], [ 43.5686269, -21.531016 ], [ 43.5682681, -21.5305356 ], [ 43.5680625, -21.530354 ], [ 43.5677777, -21.5297557 ], [ 43.5677745, -21.5293899 ], [ 43.5679064, -21.5290544 ], [ 43.5684405, -21.5282112 ], [ 43.5685438, -21.5274409 ], [ 43.5684589, -21.5266539 ], [ 43.5683643, -21.5258935 ], [ 43.5683228, -21.5250222 ], [ 43.5683227, -21.5250219 ], [ 43.5683227, -21.5250216 ], [ 43.5680642, -21.5242885 ], [ 43.567909, -21.5234974 ], [ 43.5679089, -21.5234968 ], [ 43.5675978, -21.523241 ], [ 43.567407, -21.5224976 ], [ 43.5672023, -21.5221889 ], [ 43.5670068, -21.5217441 ], [ 43.5664555, -21.5212953 ], [ 43.5663076, -21.5214709 ], [ 43.5660196, -21.5216124 ], [ 43.5657279, -21.52168 ], [ 43.5644025, -21.5223509 ], [ 43.5639815, -21.5223998 ], [ 43.563525899999988, -21.5221411 ], [ 43.562739, -21.5219688 ], [ 43.5623737, -21.5218142 ], [ 43.5621503, -21.5217809 ], [ 43.5618721, -21.5215929 ], [ 43.5616369, -21.521325 ], [ 43.560998, -21.5208759 ], [ 43.5606614, -21.5207687 ], [ 43.5602804, -21.5207152 ], [ 43.5594345, -21.5203565 ], [ 43.5593844, -21.5202433 ], [ 43.5590841, -21.5200494 ], [ 43.5588602, -21.5199815 ], [ 43.5584154, -21.5197875 ], [ 43.5581091, -21.5195305 ], [ 43.5581051, -21.5195248 ], [ 43.5577892, -21.5190472 ], [ 43.5575077, -21.5186837 ], [ 43.5575076, -21.5186836 ], [ 43.5575039, -21.5186784 ], [ 43.5572771, -21.5185218 ], [ 43.5571385, -21.5184998 ], [ 43.5570393, -21.5187239 ], [ 43.5569977, -21.518724 ], [ 43.556774, -21.5186925 ], [ 43.5566939, -21.5187289 ], [ 43.5566525, -21.5187352 ], [ 43.5566498, -21.5187356 ], [ 43.5566354, -21.5187378 ], [ 43.556599700000014, -21.5187432 ], [ 43.5565147, -21.5187561 ], [ 43.5563639, -21.5188148 ], [ 43.5562155, -21.5188835 ], [ 43.5560018, -21.5190916 ], [ 43.5559077, -21.5191661 ], [ 43.5558976, -21.5193614 ], [ 43.5558658, -21.5198818 ], [ 43.5557733, -21.5214025 ], [ 43.5557489, -21.5218056 ], [ 43.5556191, -21.5224889 ], [ 43.5555163, -21.5230302 ], [ 43.5553945, -21.5237953 ], [ 43.5549399, -21.5265827 ], [ 43.5547963, -21.527463 ], [ 43.5542613, -21.528239 ], [ 43.5541933, -21.528485 ], [ 43.554001, -21.5289137 ], [ 43.5539546, -21.5293522 ], [ 43.5537784, -21.529561 ], [ 43.553629199999989, -21.529965 ], [ 43.553522, -21.5304542 ], [ 43.5536411, -21.5306385 ], [ 43.5536374, -21.5309057 ], [ 43.5534684, -21.5314491 ], [ 43.553527699999989, -21.5318097 ], [ 43.5535235, -21.532241 ], [ 43.5536237, -21.5327775 ], [ 43.5535768, -21.5329688 ], [ 43.5535973, -21.5336141 ], [ 43.553616, -21.5338 ], [ 43.5531045, -21.5350258 ], [ 43.5531226, -21.5350632 ], [ 43.5531009, -21.5355299 ], [ 43.5530208, -21.5359703 ], [ 43.5528496, -21.5367109 ], [ 43.5526695, -21.5369936 ], [ 43.552419600000015, -21.5372903 ], [ 43.5522838, -21.5378029 ], [ 43.5522334, -21.5380781 ], [ 43.5520587, -21.538346 ], [ 43.5519718, -21.5386138 ] ] ], [ [ [ 43.5014233, -21.5211543 ], [ 43.5015539, -21.5218819 ], [ 43.501549, -21.5218976 ], [ 43.5017304, -21.5225377 ], [ 43.501891, -21.5225996 ], [ 43.5021085, -21.5230609 ], [ 43.5020156, -21.5248914 ], [ 43.5020814, -21.525071 ], [ 43.5022681, -21.5251473 ], [ 43.5027346, -21.5249975 ], [ 43.5030734, -21.5248249 ], [ 43.5032491, -21.524719 ], [ 43.503317300000013, -21.5242663 ], [ 43.5034631, -21.5239212 ], [ 43.5036826, -21.5232025 ], [ 43.5037703, -21.5217113 ], [ 43.5037629, -21.5213495 ], [ 43.5036511, -21.5210585 ], [ 43.5034418, -21.5202587 ], [ 43.5033575, -21.5197535 ], [ 43.5037264, -21.5183874 ], [ 43.5039196, -21.5177353 ], [ 43.5040721, -21.5170615 ], [ 43.503923799999988, -21.5166266 ], [ 43.5036898, -21.5159881 ], [ 43.5034852, -21.5154947 ], [ 43.5032219, -21.5149736 ], [ 43.5031122, -21.51483 ], [ 43.502926200000012, -21.514576 ], [ 43.5027832, -21.5143808 ], [ 43.5024383, -21.5140806 ], [ 43.5021887, -21.5138783 ], [ 43.5018355, -21.5139881 ], [ 43.501555, -21.5140754 ], [ 43.5013137, -21.5142012 ], [ 43.5010504, -21.5143449 ], [ 43.5008756, -21.5144504 ], [ 43.5007214, -21.5146323 ], [ 43.5007653, -21.5151354 ], [ 43.5009081, -21.5155061 ], [ 43.500875, -21.5157283 ], [ 43.5008311, -21.515908 ], [ 43.5007872, -21.5163032 ], [ 43.5007653, -21.5165008 ], [ 43.5005898, -21.5169679 ], [ 43.500436300000011, -21.5172195 ], [ 43.500304699999987, -21.5174171 ], [ 43.5001512, -21.5178843 ], [ 43.4999099, -21.518046 ], [ 43.4998386, -21.5182729 ], [ 43.5002188, -21.51854 ], [ 43.500436600000015, -21.5186807 ], [ 43.5008752, -21.5189639 ], [ 43.5010218, -21.5191498 ], [ 43.5013575, -21.5197528 ], [ 43.5014233, -21.5211543 ] ] ], [ [ [ 43.4771289, -21.4920647 ], [ 43.476370599999989, -21.4919499 ], [ 43.4758685, -21.4923855 ], [ 43.4753104, -21.4925525 ], [ 43.4747927, -21.4925244 ], [ 43.473944, -21.4919699 ], [ 43.4736104, -21.4916862 ], [ 43.473353499999988, -21.4911602 ], [ 43.473331, -21.4900799 ], [ 43.4727483, -21.4895049 ], [ 43.4725217, -21.4895155 ], [ 43.4722754, -21.4895146 ], [ 43.472089, -21.4895172 ], [ 43.4717126, -21.4897099 ], [ 43.4712115, -21.4901667 ], [ 43.4710542, -21.4904837 ], [ 43.4709218, -21.4907504 ], [ 43.4706574, -21.4908943 ], [ 43.470044, -21.4921211 ], [ 43.4699059, -21.4928088 ], [ 43.4694039, -21.4931526 ], [ 43.4687819, -21.4936857 ], [ 43.4686509, -21.4941127 ], [ 43.4683654, -21.495044 ], [ 43.4680275, -21.4961459 ], [ 43.4677732, -21.4981507 ], [ 43.4679381, -21.4994376 ], [ 43.4677891, -21.5000569 ], [ 43.4675793, -21.5009611 ], [ 43.4672289, -21.502685 ], [ 43.467348, -21.5035532 ], [ 43.4681825, -21.5038272 ], [ 43.4688905, -21.5040953 ], [ 43.4698537, -21.5046098 ], [ 43.4712906, -21.5060626 ], [ 43.471903199999986, -21.505698 ], [ 43.4728421, -21.5047134 ], [ 43.4737079, -21.5049993 ], [ 43.4743025, -21.5050631 ], [ 43.4748082, -21.5054101 ], [ 43.4761498, -21.5044233 ], [ 43.4770484, -21.5030839 ], [ 43.4772641, -21.5020491 ], [ 43.4775923, -21.5015943 ], [ 43.4780204, -21.5001053 ], [ 43.4782991, -21.4991364 ], [ 43.4783098, -21.4978866 ], [ 43.4783165, -21.496959 ], [ 43.47831450000001, -21.4960007 ], [ 43.4782608, -21.4947558 ], [ 43.478224399999988, -21.4936264 ], [ 43.4771289, -21.4920647 ] ] ], [ [ [ 43.4723834, -21.4643885 ], [ 43.472326300000013, -21.464135 ], [ 43.4722179, -21.4637937 ], [ 43.4722181, -21.4636607 ], [ 43.472123499999988, -21.4635073 ], [ 43.4719182, -21.4633703 ], [ 43.470989, -21.4633552 ], [ 43.4700207, -21.4633384 ], [ 43.4698847, -21.4633388 ], [ 43.4695238, -21.4633332 ], [ 43.4687856, -21.463845 ], [ 43.4686624, -21.4637852 ], [ 43.468427, -21.4638936 ], [ 43.4679663, -21.4642843 ], [ 43.4678511, -21.4643922 ], [ 43.4676867, -21.4647021 ], [ 43.4676867, -21.4653084 ], [ 43.467735899999987, -21.4662114 ], [ 43.4677853, -21.4665887 ], [ 43.467768899999989, -21.4670334 ], [ 43.46765, -21.4678173 ], [ 43.4676701, -21.4681383 ], [ 43.4671694, -21.4691994 ], [ 43.4671881, -21.4693263 ], [ 43.4673128, -21.4693296 ], [ 43.4674517, -21.4692535 ], [ 43.4677791, -21.4692098 ], [ 43.468275, -21.4691876 ], [ 43.4694744, -21.4691365 ], [ 43.4699988, -21.4691155 ], [ 43.4704146, -21.4689912 ], [ 43.4712382, -21.4688804 ], [ 43.4716326, -21.4687281 ], [ 43.472425, -21.4688036 ], [ 43.4728055, -21.4686849 ], [ 43.4731728, -21.4684143 ], [ 43.473447299999989, -21.4684558 ], [ 43.4736124, -21.4681224 ], [ 43.4734929, -21.4679699 ], [ 43.4736513, -21.4676229 ], [ 43.4737073, -21.4673295 ], [ 43.4736539, -21.4668877 ], [ 43.4734788, -21.4665329 ], [ 43.4733, -21.4663005 ], [ 43.4732611, -21.4661653 ], [ 43.4732191, -21.4659291 ], [ 43.4730795, -21.4654202 ], [ 43.4730093, -21.4650217 ], [ 43.4728153, -21.4649991 ], [ 43.4725547, -21.4648841 ], [ 43.472418, -21.4646693 ], [ 43.4723963, -21.4645237 ], [ 43.4724075, -21.4644341 ], [ 43.4723834, -21.4643885 ] ] ], [ [ [ 43.4816693, -21.4212119 ], [ 43.4813263, -21.4212899 ], [ 43.4811273, -21.4214309 ], [ 43.4807831, -21.4217404 ], [ 43.4806221, -21.4204972 ], [ 43.4804961, -21.4195242 ], [ 43.4803582, -21.4187259 ], [ 43.4797642, -21.4187849 ], [ 43.4789922, -21.4187762 ], [ 43.478078100000012, -21.4185932 ], [ 43.4769721, -21.4185032 ], [ 43.475496, -21.4188929 ], [ 43.4740389, -21.4194539 ], [ 43.4736249, -21.4196399 ], [ 43.4726368, -21.4202719 ], [ 43.4723018, -21.4206799 ], [ 43.4719902, -21.4214561 ], [ 43.4718618, -21.4221549 ], [ 43.471898, -21.4224552 ], [ 43.471778, -21.4233341 ], [ 43.4717706, -21.4239301 ], [ 43.4718518, -21.424585 ], [ 43.4721182, -21.4252634 ], [ 43.4724121, -21.4254979 ], [ 43.4725988, -21.425613 ], [ 43.4726578, -21.425724 ], [ 43.4729338, -21.425954 ], [ 43.473171, -21.4260989 ], [ 43.473427500000014, -21.4262204 ], [ 43.4745308, -21.4265159 ], [ 43.4749866, -21.4266807 ], [ 43.475597, -21.426749 ], [ 43.476173, -21.42686 ], [ 43.4763736, -21.4267858 ], [ 43.476723, -21.42668 ], [ 43.476993, -21.426624 ], [ 43.477121, -21.426573 ], [ 43.4773881, -21.426827 ], [ 43.4773488, -21.4274079 ], [ 43.4773021, -21.427932 ], [ 43.4774801, -21.4287221 ], [ 43.477612099999988, -21.4290011 ], [ 43.4778526, -21.4293178 ], [ 43.4781801, -21.4297491 ], [ 43.4783859, -21.4300202 ], [ 43.4785668, -21.4300202 ], [ 43.4790603, -21.4298585 ], [ 43.4794059, -21.4296294 ], [ 43.4799518, -21.4291822 ], [ 43.4802079, -21.429009 ], [ 43.4804751, -21.4289153 ], [ 43.4805791, -21.4287353 ], [ 43.4806917, -21.4286459 ], [ 43.4806949, -21.4286453 ], [ 43.4809028, -21.4286053 ], [ 43.4821263, -21.4274183 ], [ 43.4839981, -21.4256022 ], [ 43.4849168, -21.424711 ], [ 43.4847446, -21.4246599 ], [ 43.4846467, -21.4245908 ], [ 43.4845535, -21.4245273 ], [ 43.4841929, -21.4240776 ], [ 43.4839955, -21.4235656 ], [ 43.4839284, -21.423018 ], [ 43.4837604, -21.422455 ], [ 43.4835784, -21.4220499 ], [ 43.4833264, -21.4217379 ], [ 43.4829944, -21.4214899 ], [ 43.4826753, -21.4213509 ], [ 43.4822913, -21.4212449 ], [ 43.4816693, -21.4212119 ] ] ], [ [ [ 43.4945441, -21.3742671 ], [ 43.4949551, -21.3742911 ], [ 43.4954215, -21.3742535 ], [ 43.4958502, -21.3742441 ], [ 43.4964323, -21.3742994 ], [ 43.496703, -21.3739507 ], [ 43.4968051, -21.3740209 ], [ 43.4971232, -21.3740299 ], [ 43.497529, -21.3738592 ], [ 43.4977593, -21.3738637 ], [ 43.498834299999984, -21.373192 ], [ 43.4997077, -21.3726635 ], [ 43.501035899999984, -21.3718597 ], [ 43.502628600000016, -21.3708992 ], [ 43.5027058, -21.3697345 ], [ 43.5029575, -21.3691296 ], [ 43.5033744, -21.3683119 ], [ 43.5035937, -21.3674495 ], [ 43.5036051, -21.3671473 ], [ 43.5035613, -21.3663927 ], [ 43.5034073, -21.3659493 ], [ 43.5033744, -21.3656888 ], [ 43.5032208, -21.365581 ], [ 43.503198899999987, -21.3654193 ], [ 43.502975, -21.3652251 ], [ 43.5028156, -21.3649373 ], [ 43.5024207, -21.3644702 ], [ 43.5022996, -21.3642155 ], [ 43.5020039, -21.3637335 ], [ 43.5017407, -21.3632664 ], [ 43.50151, -21.3628679 ], [ 43.5010389, -21.3610565 ], [ 43.5007687, -21.3600071 ], [ 43.500337, -21.3590083 ], [ 43.4998764, -21.3581279 ], [ 43.4994597, -21.357535 ], [ 43.4985604, -21.3567445 ], [ 43.4981333, -21.3565798 ], [ 43.4976165, -21.3568245 ], [ 43.4970138, -21.35714 ], [ 43.4968792, -21.3573588 ], [ 43.4968082, -21.3576798 ], [ 43.4968277, -21.3583255 ], [ 43.496728499999989, -21.3587176 ], [ 43.4965969, -21.3589332 ], [ 43.4964109, -21.3591161 ], [ 43.4962354, -21.3593496 ], [ 43.4953581, -21.3602839 ], [ 43.4947687, -21.3610863 ], [ 43.4942394, -21.3622424 ], [ 43.4931209, -21.363491 ], [ 43.492572, -21.364449 ], [ 43.4922983, -21.3647576 ], [ 43.4921878, -21.3650251 ], [ 43.4920785, -21.3653654 ], [ 43.4919469, -21.3656349 ], [ 43.4918377, -21.3662668 ], [ 43.4918482, -21.366605 ], [ 43.4917495, -21.3671441 ], [ 43.491736, -21.367565 ], [ 43.4916595, -21.3680152 ], [ 43.4913939, -21.368906 ], [ 43.4910279, -21.369666 ], [ 43.4920987, -21.3711386 ], [ 43.4925829, -21.3717993 ], [ 43.4936429, -21.3732454 ], [ 43.4939866, -21.3737373 ], [ 43.4943072, -21.3738333 ], [ 43.494524, -21.3738772 ], [ 43.4945653, -21.3740603 ], [ 43.4945441, -21.3742671 ] ] ], [ [ [ 43.6278046, -21.3059752 ], [ 43.6280897, -21.3057955 ], [ 43.6285283, -21.3056338 ], [ 43.6285941, -21.3056338 ], [ 43.6289377, -21.3054671 ], [ 43.6294058, -21.3053104 ], [ 43.6294496, -21.3051487 ], [ 43.6293735, -21.305024 ], [ 43.6291426, -21.3046636 ], [ 43.6284187, -21.3040527 ], [ 43.6282433, -21.3038011 ], [ 43.6282213, -21.3035856 ], [ 43.6281117, -21.303334 ], [ 43.6280239, -21.3030465 ], [ 43.6281336, -21.3028309 ], [ 43.6280459, -21.3025434 ], [ 43.6280459, -21.3017709 ], [ 43.628002, -21.3014475 ], [ 43.6280459, -21.3010702 ], [ 43.628164, -21.3005781 ], [ 43.6283232, -21.3001661 ], [ 43.6283111, -21.2996419 ], [ 43.6283154, -21.2993484 ], [ 43.62852, -21.2984128 ], [ 43.6285648, -21.296985 ], [ 43.6285728, -21.2959246 ], [ 43.6285258, -21.294454 ], [ 43.6285549, -21.293653 ], [ 43.628495, -21.2920927 ], [ 43.6284411, -21.2910091 ], [ 43.6285468, -21.2904212 ], [ 43.6288416, -21.2893527 ], [ 43.6292983, -21.2882642 ], [ 43.6298933, -21.2871515 ], [ 43.6302247, -21.2865318 ], [ 43.6306515, -21.2857336 ], [ 43.6311841, -21.2847375 ], [ 43.6216582, -21.2870565 ], [ 43.611371, -21.2895609 ], [ 43.6018598, -21.2918763 ], [ 43.5961228, -21.293273 ], [ 43.5884577, -21.295139 ], [ 43.58848, -21.2958762 ], [ 43.5885125, -21.2960867 ], [ 43.5884948, -21.2964271 ], [ 43.5887613, -21.2971409 ], [ 43.5889897, -21.297969 ], [ 43.5891706, -21.2988351 ], [ 43.5895317, -21.3003893 ], [ 43.5896673, -21.3012031 ], [ 43.5898279, -21.3019562 ], [ 43.5898993, -21.3023167 ], [ 43.589982600000013, -21.3031265 ], [ 43.5903114, -21.3036572 ], [ 43.5905202, -21.304005 ], [ 43.5908095, -21.3043341 ], [ 43.5911605, -21.3047208 ], [ 43.591628, -21.305077 ], [ 43.5920989, -21.3055592 ], [ 43.5926856, -21.3060136 ], [ 43.5935552, -21.306687 ], [ 43.5944174, -21.3073547 ], [ 43.5955213, -21.3082096 ], [ 43.5964755, -21.3089241 ], [ 43.5970832, -21.3092982 ], [ 43.5980447, -21.30989 ], [ 43.5996407, -21.3108725 ], [ 43.6013661, -21.3119672 ], [ 43.6018163, -21.3123286 ], [ 43.6022034, -21.3128311 ], [ 43.6032222, -21.3139935 ], [ 43.6037919, -21.3146553 ], [ 43.6043716, -21.3152639 ], [ 43.605191599999984, -21.3159563 ], [ 43.6063559, -21.3168152 ], [ 43.6069101, -21.3169302 ], [ 43.6071036, -21.3171129 ], [ 43.6072238, -21.3172264 ], [ 43.607307, -21.317305 ], [ 43.6074329, -21.3173559 ], [ 43.6077074, -21.3174601 ], [ 43.6078742, -21.317384 ], [ 43.6081049, -21.3171781 ], [ 43.608565, -21.3164739 ], [ 43.609207399999988, -21.3162583 ], [ 43.6094243, -21.3156189 ], [ 43.6096727, -21.3152273 ], [ 43.6097395, -21.3149148 ], [ 43.6100186, -21.3145681 ], [ 43.6103522, -21.3141981 ], [ 43.6109873, -21.3136366 ], [ 43.6112993, -21.3133625 ], [ 43.6116124, -21.3131274 ], [ 43.6117985, -21.3129384 ], [ 43.6119782, -21.3126729 ], [ 43.61212470000001, -21.3119292 ], [ 43.6125529, -21.3116575 ], [ 43.6129582, -21.3114004 ], [ 43.6133923, -21.3112959 ], [ 43.6135228, -21.3110857 ], [ 43.6135423, -21.3107146 ], [ 43.6135741, -21.3101126 ], [ 43.6138722, -21.3096094 ], [ 43.6140718, -21.3093675 ], [ 43.6142717, -21.3091252 ], [ 43.6144053, -21.308735 ], [ 43.6145216, -21.3084045 ], [ 43.6146884, -21.3080253 ], [ 43.6149278, -21.3073586 ], [ 43.6152701, -21.3069799 ], [ 43.6157899, -21.3066331 ], [ 43.6160197, -21.3066988 ], [ 43.6163559, -21.3069202 ], [ 43.6168055, -21.3070714 ], [ 43.6172491, -21.3070097 ], [ 43.6177175, -21.3068176 ], [ 43.6180182, -21.3067319 ], [ 43.6185601, -21.306625 ], [ 43.6191652, -21.3066828 ], [ 43.619272, -21.3065501 ], [ 43.6193817, -21.3062267 ], [ 43.61931580000001, -21.306065 ], [ 43.6192938, -21.3059213 ], [ 43.6191404, -21.3056338 ], [ 43.6191404, -21.3054541 ], [ 43.6192062, -21.3052025 ], [ 43.6192062, -21.3049869 ], [ 43.6194255, -21.3046097 ], [ 43.6195352, -21.3048971 ], [ 43.6195352, -21.3050408 ], [ 43.6196668, -21.3053822 ], [ 43.6200397, -21.3059572 ], [ 43.6202606, -21.306291 ], [ 43.6204784, -21.3066399 ], [ 43.6208732, -21.307089 ], [ 43.6210924, -21.3072148 ], [ 43.6212092, -21.3072308 ], [ 43.6217505, -21.3073586 ], [ 43.6218383, -21.3074843 ], [ 43.6218646, -21.3076462 ], [ 43.6220357, -21.3078796 ], [ 43.6221892, -21.3079874 ], [ 43.6223866, -21.3079515 ], [ 43.6227814, -21.3080413 ], [ 43.6229788, -21.3081312 ], [ 43.6231542, -21.3083647 ], [ 43.6234614, -21.3086522 ], [ 43.623593, -21.308742 ], [ 43.6239001, -21.3088318 ], [ 43.6242291, -21.3087061 ], [ 43.6244485, -21.3084905 ], [ 43.6246898, -21.3080952 ], [ 43.6249399, -21.3078935 ], [ 43.6252382, -21.3077538 ], [ 43.625479499999983, -21.3076281 ], [ 43.6257938, -21.3075322 ], [ 43.6262033, -21.3074485 ], [ 43.6262909, -21.3074485 ], [ 43.6263129, -21.3071789 ], [ 43.6265761, -21.3069094 ], [ 43.6269051, -21.3064244 ], [ 43.6271464, -21.3062806 ], [ 43.6273, -21.3061728 ], [ 43.6274098, -21.3061189 ], [ 43.6278046, -21.3059752 ] ] ], [ [ [ 43.5885112, -21.3001869 ], [ 43.5881821, -21.2986238 ], [ 43.5876557, -21.2972223 ], [ 43.5875877, -21.297122 ], [ 43.5875541, -21.2969386 ], [ 43.587516, -21.2967298 ], [ 43.587568, -21.2963599 ], [ 43.5874803, -21.2950843 ], [ 43.587261, -21.2943836 ], [ 43.5865591, -21.2929643 ], [ 43.586225, -21.2924037 ], [ 43.585522399999988, -21.2915644 ], [ 43.5849473, -21.2909245 ], [ 43.5841722, -21.290314 ], [ 43.583534, -21.2898985 ], [ 43.5826954, -21.2890196 ], [ 43.5821515, -21.2882213 ], [ 43.5810591, -21.2868631 ], [ 43.5806031, -21.2862529 ], [ 43.5795226, -21.2842202 ], [ 43.5791128, -21.283347 ], [ 43.5789052, -21.2826878 ], [ 43.5786845, -21.2821167 ], [ 43.5785617, -21.281447 ], [ 43.578204, -21.2812975 ], [ 43.5775956, -21.280623 ], [ 43.5770435, -21.2805468 ], [ 43.5767009, -21.2805468 ], [ 43.5749876, -21.2812321 ], [ 43.5742627, -21.2818731 ], [ 43.5730668, -21.2825492 ], [ 43.571058500000014, -21.2836848 ], [ 43.569619, -21.2844987 ], [ 43.5678585, -21.2862747 ], [ 43.5693885, -21.2864958 ], [ 43.5721553, -21.2868956 ], [ 43.574488099999989, -21.2876231 ], [ 43.5769174, -21.2883809 ], [ 43.5778155, -21.2889104 ], [ 43.5770546, -21.2890892 ], [ 43.5762106, -21.2895784 ], [ 43.5756868, -21.2898332 ], [ 43.5740535, -21.2906175 ], [ 43.5725364, -21.2913382 ], [ 43.5714331, -21.2922365 ], [ 43.5713862, -21.2937427 ], [ 43.57034, -21.2934263 ], [ 43.5694295, -21.2930256 ], [ 43.5675027, -21.2921352 ], [ 43.5661905, -21.2913971 ], [ 43.5651161, -21.2907929 ], [ 43.5626183, -21.2904233 ], [ 43.5609431, -21.2908432 ], [ 43.5592386, -21.2921563 ], [ 43.558252700000011, -21.2929105 ], [ 43.5575803, -21.2934224 ], [ 43.5552985, -21.2952373 ], [ 43.554162600000012, -21.2954795 ], [ 43.5539277, -21.2963981 ], [ 43.5547277, -21.297511 ], [ 43.5556821, -21.2982882 ], [ 43.5572068, -21.2990717 ], [ 43.5573338, -21.2991696 ], [ 43.5583105, -21.2997116 ], [ 43.559146600000012, -21.3001251 ], [ 43.5595905, -21.3002989 ], [ 43.5601723, -21.3005028 ], [ 43.562309, -21.3003299 ], [ 43.5636556, -21.300226 ], [ 43.5641145, -21.300732 ], [ 43.5646568, -21.3013836 ], [ 43.5652288, -21.3020503 ], [ 43.5655863, -21.3023826 ], [ 43.5659973, -21.3026341 ], [ 43.5664638, -21.3028054 ], [ 43.5669417, -21.3030718 ], [ 43.5673637, -21.3033293 ], [ 43.5676701, -21.3035651 ], [ 43.567829100000012, -21.3038753 ], [ 43.5679962, -21.3042015 ], [ 43.5680529, -21.3043409 ], [ 43.56811, -21.3049414 ], [ 43.5683363, -21.305427 ], [ 43.5686651, -21.3059539 ], [ 43.56886129999998, -21.3065377 ], [ 43.5693705, -21.3066789 ], [ 43.5698934, -21.306804 ], [ 43.5699155, -21.3068546 ], [ 43.5698335, -21.3069956 ], [ 43.5698406, -21.3072482 ], [ 43.5697892, -21.307578 ], [ 43.56975820000001, -21.3077771 ], [ 43.5695318, -21.3084313 ], [ 43.5686182, -21.3089328 ], [ 43.5681597, -21.3093005 ], [ 43.5677424, -21.3097699 ], [ 43.5673111, -21.310185 ], [ 43.5671018, -21.3106076 ], [ 43.5674003, -21.311044 ], [ 43.5675685, -21.3111852 ], [ 43.5685205, -21.310616 ], [ 43.5690917, -21.3102662 ], [ 43.5696919, -21.3100508 ], [ 43.5699009, -21.3097745 ], [ 43.5703317, -21.3094325 ], [ 43.5711224, -21.3091495 ], [ 43.5715216, -21.309093 ], [ 43.5717826, -21.3090049 ], [ 43.5718824, -21.3087093 ], [ 43.5723239, -21.3083866 ], [ 43.572788, -21.3079674 ], [ 43.5734713, -21.3075776 ], [ 43.5741008, -21.3071814 ], [ 43.5746318, -21.3068832 ], [ 43.575349, -21.3060904 ], [ 43.576843599999982, -21.3046653 ], [ 43.577412, -21.3044308 ], [ 43.5786786, -21.3044442 ], [ 43.5797259, -21.3045441 ], [ 43.580884, -21.3051356 ], [ 43.5809531, -21.3062046 ], [ 43.5798463, -21.3092966 ], [ 43.5792801, -21.3123897 ], [ 43.5797823, -21.312967 ], [ 43.582696, -21.3121641 ], [ 43.5872303, -21.3109145 ], [ 43.5924938, -21.3094639 ], [ 43.594203, -21.308992 ], [ 43.5942195, -21.3089874 ], [ 43.593076, -21.3076705 ], [ 43.5927559, -21.3072484 ], [ 43.5919691, -21.3062109 ], [ 43.5915997, -21.3059797 ], [ 43.5911507, -21.3056988 ], [ 43.590626, -21.3053704 ], [ 43.5899882, -21.3049714 ], [ 43.5895854, -21.3047332 ], [ 43.5888622, -21.3041576 ], [ 43.5887732, -21.3030774 ], [ 43.588647699999989, -21.3022687 ], [ 43.5884893, -21.3009774 ], [ 43.5885112, -21.3001869 ] ] ], [ [ [ 44.0888246, -21.9557363 ], [ 44.0844034, -21.9593837 ], [ 44.0759829, -21.9662978 ], [ 44.074146, -21.9675416 ], [ 44.068539099999988, -21.9715481 ], [ 44.0619589, -21.9776119 ], [ 44.0545562, -21.9830018 ], [ 44.047318, -21.9807111 ], [ 44.0395213, -21.978301 ], [ 44.0302095, -21.9754559 ], [ 44.0242873, -21.974243 ], [ 44.0195167, -21.9766686 ], [ 44.0126076, -21.9797678 ], [ 44.0110925, -21.98054 ], [ 44.00602, -21.9831253 ], [ 43.9981311, -21.9862357 ], [ 43.9911528, -21.9883033 ], [ 43.9903994, -21.9885265 ], [ 43.989506, -21.9888162 ], [ 43.9861874, -21.9898921 ], [ 43.9825032, -21.9910866 ], [ 43.9843927, -21.9955351 ], [ 43.9855113, -21.9977897 ], [ 43.9864537, -22.0016101 ], [ 43.987355, -22.0067102 ], [ 43.9809506, -22.0164402 ], [ 43.9802584, -22.0183087 ], [ 43.9793349, -22.0208019 ], [ 43.9785355, -22.0219122 ], [ 43.9789834, -22.025248 ], [ 43.9787107, -22.0266164 ], [ 43.9789564, -22.0277986 ], [ 43.9795485, -22.0291897 ], [ 43.9782267, -22.0297913 ], [ 43.9764068, -22.0325235 ], [ 43.9762472, -22.0327647 ], [ 43.9754079, -22.0340332 ], [ 43.974184, -22.0360295 ], [ 43.974185, -22.0360302 ], [ 43.9741855, -22.0360305 ], [ 43.9741929, -22.0360368 ], [ 43.9758437, -22.037401 ], [ 43.9777629, -22.0390665 ], [ 43.9798199, -22.0432268 ], [ 43.9814596, -22.0473987 ], [ 43.9830809, -22.0517719 ], [ 43.9843754, -22.0561345 ], [ 43.9855729, -22.0604553 ], [ 43.9868933, -22.0648653 ], [ 43.9870109, -22.0693099 ], [ 43.9883476, -22.0695899 ], [ 43.9893946, -22.0694871 ], [ 43.9917333, -22.068783 ], [ 43.9952429, -22.0655992 ], [ 43.9982577, -22.0620426 ], [ 44.0013248, -22.0585265 ], [ 44.0052036, -22.0556916 ], [ 44.0094511, -22.0534077 ], [ 44.0134192, -22.0508591 ], [ 44.0168867, -22.0475839 ], [ 44.019389, -22.045924 ], [ 44.0208529, -22.0449727 ], [ 44.0256874, -22.0443679 ], [ 44.03051, -22.0448701 ], [ 44.0324404, -22.0449151 ], [ 44.035308, -22.0442224 ], [ 44.0368753, -22.0427514 ], [ 44.0383666, -22.0407867 ], [ 44.0383698, -22.0407829 ], [ 44.0383728, -22.040779 ], [ 44.0413738, -22.0371925 ], [ 44.0448848, -22.0341149 ], [ 44.0511146, -22.0270961 ], [ 44.054741899999989, -22.0240955 ], [ 44.0555484, -22.0234446 ], [ 44.0608705, -22.0190616 ], [ 44.0644718, -22.0158602 ], [ 44.0670517, -22.013129 ], [ 44.0715574, -22.0078619 ], [ 44.0721844, -22.007923 ], [ 44.0779028, -22.0087102 ], [ 44.0779425, -22.0084811 ], [ 44.0793859, -22.00405 ], [ 44.0796529, -21.9966313 ], [ 44.079653, -21.9966277 ], [ 44.079654, -21.9966271 ], [ 44.0810783, -21.995655 ], [ 44.082416, -21.9947377 ], [ 44.0835317, -21.9939807 ], [ 44.0876761, -21.9916086 ], [ 44.0898418, -21.9902085 ], [ 44.0916412, -21.9890698 ], [ 44.0947522, -21.9880136 ], [ 44.0949624, -21.9879422 ], [ 44.0950301, -21.9879344 ], [ 44.0963151, -21.9877862 ], [ 44.0950274, -21.9853508 ], [ 44.0949726, -21.9848118 ], [ 44.0947533, -21.9834642 ], [ 44.0945887, -21.983015 ], [ 44.0944242, -21.9826109 ], [ 44.094095200000012, -21.9821167 ], [ 44.0939856, -21.9817574 ], [ 44.093753, -21.981491 ], [ 44.0935469, -21.9810836 ], [ 44.0934921, -21.9804548 ], [ 44.0934921, -21.9799608 ], [ 44.0935469, -21.9794666 ], [ 44.0937114, -21.9789276 ], [ 44.0937662, -21.9785233 ], [ 44.0937594, -21.978063 ], [ 44.0937114, -21.9776699 ], [ 44.0934921, -21.9772208 ], [ 44.0931631, -21.9768614 ], [ 44.0927792, -21.976547 ], [ 44.091298699999989, -21.9756038 ], [ 44.091243899999988, -21.9756038 ], [ 44.0908052, -21.9752893 ], [ 44.0905309, -21.9751546 ], [ 44.0903665, -21.9751097 ], [ 44.0903116, -21.9748401 ], [ 44.0905859, -21.9744359 ], [ 44.091024499999989, -21.9742562 ], [ 44.0922309, -21.9735824 ], [ 44.0923954, -21.9735824 ], [ 44.0928889, -21.9729086 ], [ 44.092998600000016, -21.9722798 ], [ 44.0929438, -21.9716061 ], [ 44.0929986, -21.9709772 ], [ 44.0928889, -21.9707078 ], [ 44.0928341, -21.9701687 ], [ 44.0927244, -21.9697196 ], [ 44.0927244, -21.9690459 ], [ 44.0926755, -21.9684845 ], [ 44.0926148, -21.9680577 ], [ 44.09256, -21.9675185 ], [ 44.0924502, -21.9669346 ], [ 44.0925051, -21.9665753 ], [ 44.0925051, -21.9660364 ], [ 44.0924502, -21.9656321 ], [ 44.0925051, -21.9651381 ], [ 44.0926148, -21.964599 ], [ 44.0926696, -21.9642397 ], [ 44.0929438, -21.9639702 ], [ 44.0931631, -21.963521 ], [ 44.0930534, -21.9630719 ], [ 44.092888900000013, -21.9626227 ], [ 44.0927792, -21.961904 ], [ 44.0926148, -21.9616794 ], [ 44.0926148, -21.9613201 ], [ 44.09256, -21.9610955 ], [ 44.0925051, -21.9606913 ], [ 44.0920116, -21.9597031 ], [ 44.0920116, -21.9590743 ], [ 44.0918471, -21.9585353 ], [ 44.0916825, -21.958131 ], [ 44.0915729, -21.9575921 ], [ 44.091518, -21.9570082 ], [ 44.091189, -21.9558852 ], [ 44.0910794, -21.9554361 ], [ 44.0910794, -21.9553462 ], [ 44.0908392, -21.9541337 ], [ 44.0908008, -21.9541214 ], [ 44.0907964, -21.95412 ], [ 44.0903426, -21.954492 ], [ 44.0898592, -21.9548883 ], [ 44.0888246, -21.9557363 ] ] ], [ [ [ 44.2899754, -21.9751228 ], [ 44.2921344, -21.9741064 ], [ 44.2941285, -21.9725939 ], [ 44.2967783, -21.970327 ], [ 44.2977059, -21.9695322 ], [ 44.3006753, -21.965898 ], [ 44.3008416, -21.9613797 ], [ 44.3007305, -21.9568518 ], [ 44.3007305, -21.9522962 ], [ 44.3007583, -21.9477961 ], [ 44.3007583, -21.9469757 ], [ 44.3007226, -21.9431271 ], [ 44.3007507, -21.9420914 ], [ 44.2993081, -21.9398441 ], [ 44.298536, -21.939407 ], [ 44.2961033, -21.9378291 ], [ 44.2960936, -21.9378275 ], [ 44.2941746, -21.9375459 ], [ 44.2917508, -21.9368017 ], [ 44.291738, -21.936798 ], [ 44.2895438, -21.9362097 ], [ 44.2879416, -21.9356228 ], [ 44.2879391, -21.935622 ], [ 44.287939, -21.9356219 ], [ 44.2879386, -21.9356217 ], [ 44.2855969, -21.9337041 ], [ 44.2853686, -21.933287 ], [ 44.2843437, -21.9315813 ], [ 44.2833408, -21.9297124 ], [ 44.282916, -21.9288517 ], [ 44.280951, -21.9254632 ], [ 44.2807025, -21.9254441 ], [ 44.2807022, -21.9254441 ], [ 44.2807021, -21.9254442 ], [ 44.2772814, -21.9296472 ], [ 44.2738603, -21.9314365 ], [ 44.2705489, -21.932309 ], [ 44.2705162, -21.9323296 ], [ 44.267647, -21.934129 ], [ 44.2667556, -21.934688 ], [ 44.2654279, -21.9355207 ], [ 44.2654274, -21.9355547 ], [ 44.2654179, -21.9361949 ], [ 44.2654091, -21.9367949 ], [ 44.2656613, -21.9373018 ], [ 44.2659356, -21.9378528 ], [ 44.2658631, -21.9382129 ], [ 44.265842, -21.9383177 ], [ 44.2660324, -21.9395173 ], [ 44.2663556, -21.9402796 ], [ 44.2670165, -21.9418386 ], [ 44.2673602, -21.9426492 ], [ 44.2635819, -21.9485068 ], [ 44.2612769, -21.9520627 ], [ 44.2581937, -21.9568192 ], [ 44.2581936, -21.9568192 ], [ 44.2555068, -21.9568192 ], [ 44.2555067, -21.9568192 ], [ 44.2527101, -21.9563251 ], [ 44.2511199, -21.9561006 ], [ 44.2499683, -21.9555166 ], [ 44.2492007, -21.9540343 ], [ 44.2485975, -21.9538098 ], [ 44.2479944, -21.9537648 ], [ 44.2473915, -21.9539896 ], [ 44.2468432, -21.9544387 ], [ 44.2464594, -21.9548429 ], [ 44.24624, -21.9552473 ], [ 44.2464594, -21.9556964 ], [ 44.2469529, -21.9564151 ], [ 44.2471722, -21.9568194 ], [ 44.2472271, -21.9576728 ], [ 44.2467884, -21.9584363 ], [ 44.2462285, -21.9587783 ], [ 44.2441014, -21.9593347 ], [ 44.2442361, -21.9605028 ], [ 44.2443208, -21.9610865 ], [ 44.244486699999989, -21.961857 ], [ 44.2445949, -21.9625688 ], [ 44.2445949, -21.9629731 ], [ 44.2447149, -21.9634315 ], [ 44.2448143, -21.9639163 ], [ 44.2448143, -21.9642307 ], [ 44.244924, -21.9646349 ], [ 44.2451981, -21.9650392 ], [ 44.2444852, -21.9661621 ], [ 44.2438821, -21.9674198 ], [ 44.2436079, -21.9684529 ], [ 44.2433886, -21.9688572 ], [ 44.2432789, -21.9693512 ], [ 44.2424564, -21.9705191 ], [ 44.2420726, -21.9711029 ], [ 44.2415791, -21.9715521 ], [ 44.240921, -21.9720013 ], [ 44.2404823, -21.9723157 ], [ 44.2398244, -21.9725852 ], [ 44.2391847, -21.972819 ], [ 44.238289, -21.9731242 ], [ 44.2373019, -21.9734836 ], [ 44.2365343, -21.9737081 ], [ 44.2352181, -21.9742023 ], [ 44.2349989, -21.9746065 ], [ 44.2348343, -21.9755498 ], [ 44.2350537, -21.9761786 ], [ 44.2351085, -21.9767177 ], [ 44.235273, -21.9772117 ], [ 44.2353278, -21.9777507 ], [ 44.235273, -21.9784245 ], [ 44.23510850000001, -21.9790982 ], [ 44.2348343, -21.979727 ], [ 44.2342312, -21.9806254 ], [ 44.2336279, -21.9815238 ], [ 44.2332989, -21.9821077 ], [ 44.2329699, -21.9823772 ], [ 44.2326958, -21.9827366 ], [ 44.2324765, -21.9830959 ], [ 44.231928, -21.9839942 ], [ 44.2313797, -21.9847578 ], [ 44.230283, -21.9855662 ], [ 44.2294056, -21.9864647 ], [ 44.2285831, -21.9875427 ], [ 44.2270478, -21.9892944 ], [ 44.2269382, -21.990058 ], [ 44.2267187, -21.9906868 ], [ 44.225951, -21.9909564 ], [ 44.2259509, -21.9909564 ], [ 44.223977, -21.9910461 ], [ 44.2239769, -21.9910461 ], [ 44.2232094, -21.9912258 ], [ 44.2223867, -21.9923488 ], [ 44.2216739, -21.9935616 ], [ 44.2209611, -21.99437 ], [ 44.2207965, -21.994909 ], [ 44.220028899999988, -21.9958523 ], [ 44.2190966, -21.9967506 ], [ 44.2178903, -21.9976938 ], [ 44.2173968, -21.9982328 ], [ 44.2173968, -21.9985922 ], [ 44.2175612, -21.9991313 ], [ 44.2184935, -22.0007931 ], [ 44.219535299999983, -22.0020957 ], [ 44.220193400000014, -22.0033084 ], [ 44.220632099999989, -22.0039822 ], [ 44.2215094, -22.0049254 ], [ 44.2224965, -22.0055543 ], [ 44.2231543, -22.0055992 ], [ 44.2231544, -22.0055992 ], [ 44.2241415, -22.0057789 ], [ 44.2262251, -22.0058687 ], [ 44.226225199999988, -22.0058687 ], [ 44.2272122, -22.0060484 ], [ 44.2279193, -22.0060469 ], [ 44.2279925, -22.0060469 ], [ 44.227993, -22.0060469 ], [ 44.22759460000001, -22.0052913 ], [ 44.227594, -22.00529 ], [ 44.2275939, -22.0052883 ], [ 44.2275804, -22.0043935 ], [ 44.2275786, -22.0042741 ], [ 44.2279944, -22.003292 ], [ 44.2284073, -22.0026536 ], [ 44.2300936, -22.001156 ], [ 44.2319347, -21.9994238 ], [ 44.2360879, -21.9971824 ], [ 44.2404321, -21.9956682 ], [ 44.2453727, -21.9946128 ], [ 44.2502829, -21.9944411 ], [ 44.2505704, -21.994449 ], [ 44.255099, -21.9945745 ], [ 44.2598365, -21.9954907 ], [ 44.2643019, -21.9955682 ], [ 44.2646809, -21.9955307 ], [ 44.2664001, -21.9946411 ], [ 44.2667774, -21.9944644 ], [ 44.2679886, -21.9938972 ], [ 44.2689778, -21.9934339 ], [ 44.2727245, -21.9905462 ], [ 44.273010799999987, -21.9903345 ], [ 44.275208, -21.9887065 ], [ 44.2764597, -21.987595 ], [ 44.2783009, -21.9850583 ], [ 44.2791535, -21.9838837 ], [ 44.2793243, -21.983657 ], [ 44.2804996, -21.9820476 ], [ 44.2808314, -21.9816564 ], [ 44.2819669, -21.9801492 ], [ 44.2825707, -21.9793831 ], [ 44.2838719, -21.9783137 ], [ 44.2855609, -21.9769188 ], [ 44.2876286, -21.9760888 ], [ 44.2899754, -21.9751228 ] ] ], [ [ [ 44.0022513, -21.9206021 ], [ 44.0020463, -21.9204792 ], [ 44.0018879, -21.9204257 ], [ 44.0017453, -21.9203209 ], [ 44.0014152, -21.9201314 ], [ 44.0011571, -21.9197856 ], [ 44.001005800000016, -21.9195829 ], [ 44.000654300000015, -21.9192802 ], [ 44.0005631, -21.9189824 ], [ 44.0004369, -21.9188265 ], [ 44.0003116, -21.9187545 ], [ 44.0001853, -21.9186006 ], [ 44.000018, -21.9184593 ], [ 43.9990399, -21.9180902 ], [ 43.9986484, -21.9180181 ], [ 43.9977994, -21.9179742 ], [ 43.997225, -21.917967 ], [ 43.9970175, -21.9180487 ], [ 43.9968706, -21.9182031 ], [ 43.9966364, -21.9183113 ], [ 43.9962814, -21.9182966 ], [ 43.9959273, -21.9183165 ], [ 43.9953105, -21.9188194 ], [ 43.9952629, -21.9188807 ], [ 43.9952075, -21.9189519 ], [ 43.995165199999988, -21.9190063 ], [ 43.9951662, -21.9190258 ], [ 43.9951367, -21.9190889 ], [ 43.9950792, -21.9191927 ], [ 43.9950361, -21.9192439 ], [ 43.9950209, -21.9192733 ], [ 43.9949514, -21.9193185 ], [ 43.99487, -21.9193676 ], [ 43.9948577, -21.9193805 ], [ 43.9948517, -21.9193868 ], [ 43.9948659, -21.9194223 ], [ 43.994802, -21.9194509 ], [ 43.9947861, -21.9195349 ], [ 43.9947858, -21.9196312 ], [ 43.9947738, -21.9197388 ], [ 43.9947687, -21.9198187 ], [ 43.9947435, -21.9198817 ], [ 43.9947299, -21.9199317 ], [ 43.9947203, -21.9199823 ], [ 43.9947421, -21.9200185 ], [ 43.9947096, -21.9200947 ], [ 43.9946778, -21.9201365 ], [ 43.9946614, -21.9202259 ], [ 43.9946194, -21.9202928 ], [ 43.9945693, -21.9203324 ], [ 43.9945573, -21.9203523 ], [ 43.9945103, -21.9205456 ], [ 43.9944877, -21.9206587 ], [ 43.9944689, -21.9206948 ], [ 43.9945237, -21.9207438 ], [ 43.9944999, -21.9208308 ], [ 43.9945681, -21.9208887 ], [ 43.9945773, -21.9209857 ], [ 43.9945746, -21.9210353 ], [ 43.99456570000001, -21.9210724 ], [ 43.9945902, -21.9211798 ], [ 43.9945584, -21.9212293 ], [ 43.9945955, -21.9213519 ], [ 43.9945542, -21.9214968 ], [ 43.99453, -21.9215222 ], [ 43.9945213, -21.9215973 ], [ 43.9945407, -21.9217341 ], [ 43.9945279, -21.9218058 ], [ 43.9945345, -21.9218581 ], [ 43.994518, -21.9218882 ], [ 43.9944845, -21.9219771 ], [ 43.9945042, -21.9220717 ], [ 43.9944793, -21.9221703 ], [ 43.9944696, -21.9222707 ], [ 43.99448490000001, -21.9223775 ], [ 43.9945004, -21.9225251 ], [ 43.9944755, -21.9225705 ], [ 43.9945014, -21.9227189 ], [ 43.9945224, -21.9227925 ], [ 43.9944936, -21.9229654 ], [ 43.9945001, -21.9230664 ], [ 43.9944599, -21.9231405 ], [ 43.9945023, -21.9232127 ], [ 43.9945772, -21.9233974 ], [ 43.9945475, -21.9234556 ], [ 43.9945092, -21.9235456 ], [ 43.9944895, -21.9236026 ], [ 43.9944659, -21.9237053 ], [ 43.9944435, -21.9237419 ], [ 43.9944013, -21.9238591 ], [ 43.9943927, -21.9239943 ], [ 43.9943579, -21.9241497 ], [ 43.994407, -21.9242088 ], [ 43.9944362, -21.9242734 ], [ 43.9944376, -21.9243154 ], [ 43.9944245, -21.924317 ], [ 43.9943787, -21.924302 ], [ 43.9943471, -21.9243271 ], [ 43.994254, -21.9243652 ], [ 43.9942307, -21.9244364 ], [ 43.994250400000013, -21.9244778 ], [ 43.9942301, -21.9245408 ], [ 43.994215, -21.9246039 ], [ 43.9941803, -21.9246751 ], [ 43.9941521, -21.9247547 ], [ 43.9941838, -21.9247997 ], [ 43.9941488, -21.9248541 ], [ 43.994129, -21.9249111 ], [ 43.9941193, -21.924961 ], [ 43.994062400000011, -21.9250215 ], [ 43.9940661, -21.9250319 ], [ 43.9940886, -21.9250945 ], [ 43.994154799999983, -21.9251563 ], [ 43.9942042, -21.9251725 ], [ 43.994296, -21.925301 ], [ 43.9943035, -21.925426 ], [ 43.9942875, -21.925451 ], [ 43.9942815, -21.9255253 ], [ 43.9942856, -21.9255691 ], [ 43.9942587, -21.9256286 ], [ 43.9942528, -21.9257365 ], [ 43.994239799999981, -21.9257705 ], [ 43.9942212, -21.9258549 ], [ 43.9942212, -21.9259703 ], [ 43.9942466, -21.9260605 ], [ 43.9942021, -21.9261469 ], [ 43.9942492, -21.9262126 ], [ 43.9942886, -21.9263 ], [ 43.994309, -21.9263859 ], [ 43.9943041, -21.926599 ], [ 43.994278, -21.9266595 ], [ 43.9942916, -21.9266963 ], [ 43.9943543, -21.9267433 ], [ 43.9943528, -21.926779 ], [ 43.9943122, -21.9268786 ], [ 43.994307200000016, -21.9269785 ], [ 43.9943331, -21.9270449 ], [ 43.9943306, -21.9271015 ], [ 43.9943538, -21.9272111 ], [ 43.9943592, -21.9273073 ], [ 43.9943437, -21.9274338 ], [ 43.9943572, -21.9275249 ], [ 43.994352, -21.9276126 ], [ 43.9942783, -21.9276582 ], [ 43.9941984, -21.9277208 ], [ 43.9941758, -21.927751 ], [ 43.9941604, -21.9277885 ], [ 43.9941514, -21.9278667 ], [ 43.9941222, -21.9278991 ], [ 43.9941126, -21.9279498 ], [ 43.9940727, -21.9281612 ], [ 43.9940331, -21.9282323 ], [ 43.9940454, -21.9282798 ], [ 43.9940552, -21.9285565 ], [ 43.9940955, -21.9287 ], [ 43.9941492, -21.9288507 ], [ 43.9943666, -21.9289893 ], [ 43.9944303, -21.9290751 ], [ 43.9945235, -21.9290753 ], [ 43.9949962, -21.9291514 ], [ 43.9952031, -21.92912 ], [ 43.9952617, -21.9290651 ], [ 43.9954613, -21.9290755 ], [ 43.9955398, -21.9290541 ], [ 43.9957312, -21.929003 ], [ 43.9957972, -21.9289591 ], [ 43.9958969, -21.9289288 ], [ 43.995978799999982, -21.9289169 ], [ 43.9960126, -21.9289341 ], [ 43.9961534, -21.92903 ], [ 43.9963017, -21.9291063 ], [ 43.9964854, -21.9291703 ], [ 43.9965942, -21.929178 ], [ 43.996645199999989, -21.9292118 ], [ 43.9967478, -21.9292048 ], [ 43.9968193, -21.9292315 ], [ 43.9969099, -21.9292368 ], [ 43.9970199, -21.9291678 ], [ 43.997113, -21.9292146 ], [ 43.9971957, -21.9291569 ], [ 43.9972798, -21.9291391 ], [ 43.9973494, -21.9291519 ], [ 43.9973694, -21.9290983 ], [ 43.997476, -21.9290336 ], [ 43.9975718, -21.9290499 ], [ 43.9976566, -21.9290307 ], [ 43.9977282, -21.9289862 ], [ 43.9977856, -21.9289904 ], [ 43.9979233, -21.9289461 ], [ 43.9980312, -21.9288872 ], [ 43.9981034, -21.9288743 ], [ 43.9982503, -21.9288605 ], [ 43.998323, -21.9288311 ], [ 43.998382, -21.9287974 ], [ 43.998568, -21.9288695 ], [ 43.9986674, -21.9288409 ], [ 43.9987654, -21.9287738 ], [ 43.9988665, -21.9287772 ], [ 43.9989862, -21.928725 ], [ 44.0000228, -21.9287642 ], [ 44.0001564, -21.928738 ], [ 44.000205, -21.9286984 ], [ 44.0002795, -21.9287159 ], [ 44.0003216, -21.928761 ], [ 44.0004622, -21.9287452 ], [ 44.0005883, -21.9287473 ], [ 44.0006616, -21.9287891 ], [ 44.0007665, -21.9288153 ], [ 44.0023879, -21.9287585 ], [ 44.0023333, -21.9285656 ], [ 44.002340800000013, -21.9284464 ], [ 44.0024055, -21.9282657 ], [ 44.0023015, -21.9280756 ], [ 44.0023293, -21.9280304 ], [ 44.002328, -21.9280291 ], [ 44.0023377, -21.9280256 ], [ 44.0024452, -21.9277926 ], [ 44.0024721, -21.927538 ], [ 44.0024758, -21.9275031 ], [ 44.0024907, -21.9272759 ], [ 44.0024268, -21.9269946 ], [ 44.0024214, -21.9266842 ], [ 44.0023768, -21.9265881 ], [ 44.0024212, -21.9264699 ], [ 44.0024708, -21.9260259 ], [ 44.0023311, -21.9258777 ], [ 44.0025018, -21.9256401 ], [ 44.0027096, -21.925415 ], [ 44.0028717, -21.9252636 ], [ 44.0029317, -21.9251418 ], [ 44.0029188, -21.9248704 ], [ 44.0028542, -21.924849 ], [ 44.0027577, -21.9243372 ], [ 44.002693099999988, -21.9242697 ], [ 44.0027417, -21.9242011 ], [ 44.0027483, -21.9241083 ], [ 44.002716599999985, -21.9239876 ], [ 44.0027887, -21.923717 ], [ 44.002781400000011, -21.923631 ], [ 44.0028659, -21.9234943 ], [ 44.0028178, -21.923387 ], [ 44.0028304, -21.9231393 ], [ 44.0027749, -21.923088 ], [ 44.00292790000001, -21.9226812 ], [ 44.0028319, -21.9225474 ], [ 44.0028093, -21.9224762 ], [ 44.0027438, -21.922367 ], [ 44.0027028, -21.9223546 ], [ 44.0026662, -21.9222529 ], [ 44.0027088, -21.9222049 ], [ 44.0026715, -21.9221453 ], [ 44.0025034, -21.9219277 ], [ 44.0024825, -21.9217918 ], [ 44.0025742, -21.9216089 ], [ 44.0026463, -21.921404 ], [ 44.0026931, -21.9212539 ], [ 44.0025737, -21.9210491 ], [ 44.0026132, -21.9209763 ], [ 44.0026273, -21.9208639 ], [ 44.0024671, -21.9207196 ], [ 44.0022513, -21.9206021 ] ], [ [ 44.0012904, -21.9283569 ], [ 44.0012974, -21.9283248 ], [ 44.0012976, -21.928324 ], [ 44.0014641, -21.9282974 ], [ 44.0014733, -21.9282959 ], [ 44.0014689, -21.9282974 ], [ 44.0012904, -21.9283569 ] ] ], [ [ [ 43.7972807, -21.8943284 ], [ 43.7970386, -21.8939772 ], [ 43.7967795, -21.8935792 ], [ 43.7965533, -21.8934567 ], [ 43.7962968, -21.8932214 ], [ 43.7961011, -21.8929163 ], [ 43.7956681, -21.8928962 ], [ 43.79528, -21.8926636 ], [ 43.7950811, -21.8927775 ], [ 43.7945041, -21.8926745 ], [ 43.7940671, -21.8925223 ], [ 43.7938507, -21.8928057 ], [ 43.7936729, -21.8930272 ], [ 43.7936035, -21.8933081 ], [ 43.7934095, -21.8934873 ], [ 43.7931399, -21.8936552 ], [ 43.792758, -21.8934329 ], [ 43.7921889, -21.8933697 ], [ 43.7916188, -21.8933265 ], [ 43.7910987, -21.8931907 ], [ 43.7904341, -21.8931042 ], [ 43.7898766, -21.8930194 ], [ 43.7891024, -21.8929068 ], [ 43.7880382, -21.8927506 ], [ 43.7875533, -21.8925361 ], [ 43.7870992, -21.8929768 ], [ 43.7868994, -21.8935782 ], [ 43.7865506, -21.8943328 ], [ 43.7863716, -21.8947773 ], [ 43.7859669, -21.8953658 ], [ 43.7854949, -21.8958587 ], [ 43.7850953, -21.8962731 ], [ 43.7846356, -21.8965012 ], [ 43.7841156, -21.8969358 ], [ 43.7836803, -21.8973013 ], [ 43.7830769, -21.8978219 ], [ 43.7826498, -21.8980359 ], [ 43.7821148, -21.898313 ], [ 43.7817679, -21.8987025 ], [ 43.7813842, -21.8990892 ], [ 43.7808888, -21.8993576 ], [ 43.780519, -21.8998318 ], [ 43.7800215, -21.9003603 ], [ 43.7797933, -21.9009501 ], [ 43.779604400000011, -21.9014833 ], [ 43.7788929, -21.9016701 ], [ 43.7816985, -21.9035432 ], [ 43.7817998, -21.9036261 ], [ 43.7842084, -21.9043258 ], [ 43.784642, -21.9043626 ], [ 43.7849776, -21.9046362 ], [ 43.7852934, -21.9045114 ], [ 43.7860208, -21.9047411 ], [ 43.786855700000011, -21.9049816 ], [ 43.7871995, -21.9055092 ], [ 43.7876949, -21.9060317 ], [ 43.7882754, -21.9063805 ], [ 43.7884817, -21.9066649 ], [ 43.7889266, -21.9069453 ], [ 43.7895007, -21.9070481 ], [ 43.7898281, -21.9073049 ], [ 43.790264199999989, -21.9078558 ], [ 43.7906072, -21.9085058 ], [ 43.7908854, -21.9088486 ], [ 43.791202399999989, -21.9089501 ], [ 43.7912572, -21.9088292 ], [ 43.7910932, -21.9084331 ], [ 43.7909007, -21.908357 ], [ 43.7910042, -21.9080385 ], [ 43.7909915, -21.9077639 ], [ 43.7911534, -21.9074317 ], [ 43.7914532, -21.9071047 ], [ 43.7917526, -21.9067614 ], [ 43.7919217, -21.9065438 ], [ 43.7920277, -21.9062221 ], [ 43.7920262, -21.9060916 ], [ 43.7922049, -21.9057963 ], [ 43.792355400000012, -21.9055086 ], [ 43.7924387, -21.9053608 ], [ 43.7926141, -21.9051378 ], [ 43.792806, -21.904805 ], [ 43.7927959, -21.9047979 ], [ 43.7929092, -21.9045573 ], [ 43.7930974, -21.9039707 ], [ 43.7934432, -21.9034202 ], [ 43.7936708, -21.9031367 ], [ 43.7941045, -21.9028236 ], [ 43.794552, -21.9023841 ], [ 43.7948013, -21.9015528 ], [ 43.7950708, -21.9010827 ], [ 43.7955358, -21.900158 ], [ 43.7962289, -21.8996697 ], [ 43.7965445, -21.8993563 ], [ 43.796700099999981, -21.899097 ], [ 43.796683499999986, -21.898485 ], [ 43.7968523, -21.8981131 ], [ 43.7972635, -21.8977344 ], [ 43.7974349, -21.8973793 ], [ 43.797707700000011, -21.897125 ], [ 43.7977836, -21.8968036 ], [ 43.7978519, -21.8963407 ], [ 43.7979872, -21.8957677 ], [ 43.798205, -21.8953967 ], [ 43.7982689, -21.8950924 ], [ 43.798430100000012, -21.8945973 ], [ 43.7980794, -21.8943778 ], [ 43.7976051, -21.8945391 ], [ 43.7972807, -21.8943284 ] ] ], [ [ [ 44.2279373, -21.8274469 ], [ 44.2276247, -21.8264073 ], [ 44.2273314, -21.8254271 ], [ 44.2270722, -21.8249195 ], [ 44.2267548, -21.8242978 ], [ 44.226611399999982, -21.824017 ], [ 44.226337, -21.8235081 ], [ 44.2259214, -21.822737 ], [ 44.2256385, -21.8223218 ], [ 44.2249813, -21.821357 ], [ 44.2246493, -21.8210363 ], [ 44.2243568, -21.8207538 ], [ 44.2238113, -21.820227 ], [ 44.2231312, -21.819347 ], [ 44.2221343, -21.8185737 ], [ 44.2220612, -21.8185169 ], [ 44.2219991, -21.8184804 ], [ 44.2215587, -21.8182213 ], [ 44.2210411, -21.8179169 ], [ 44.2207171, -21.8174943 ], [ 44.2206433, -21.8174219 ], [ 44.2205911, -21.8173569 ], [ 44.2203727, -21.8171871 ], [ 44.2200844, -21.8169628 ], [ 44.219816, -21.8167541 ], [ 44.219382, -21.8164165 ], [ 44.218881, -21.8160269 ], [ 44.218362, -21.8157282 ], [ 44.2181822, -21.8156094 ], [ 44.217856, -21.8154145 ], [ 44.2173694, -21.8151238 ], [ 44.2166843, -21.8147889 ], [ 44.2164232, -21.8146624 ], [ 44.2164035, -21.814688 ], [ 44.213697200000013, -21.8178587 ], [ 44.2106899, -21.8215778 ], [ 44.2051473, -21.8218041 ], [ 44.201163, -21.8215833 ], [ 44.1945573, -21.8198617 ], [ 44.1932837, -21.8201989 ], [ 44.1933113, -21.820261 ], [ 44.1923901, -21.8218329 ], [ 44.1917581, -21.8226354 ], [ 44.1912386, -21.8231535 ], [ 44.1906243, -21.8239082 ], [ 44.1900103, -21.8247885 ], [ 44.1893193, -21.8254803 ], [ 44.1882445, -21.8269894 ], [ 44.1873489, -21.827744 ], [ 44.1867092, -21.8283728 ], [ 44.186018300000015, -21.8291274 ], [ 44.1851738, -21.8298819 ], [ 44.1843294, -21.8308881 ], [ 44.183792, -21.8317685 ], [ 44.1833313, -21.8323973 ], [ 44.182959499999988, -21.8328542 ], [ 44.1823334, -21.8337178 ], [ 44.1819496, -21.8345353 ], [ 44.181157, -21.8353429 ], [ 44.1808862, -21.8357874 ], [ 44.1805676, -21.8362961 ], [ 44.1796464, -21.8371135 ], [ 44.1789555, -21.8378682 ], [ 44.177343299999983, -21.8398175 ], [ 44.1767776, -21.8407907 ], [ 44.1761726, -21.8418317 ], [ 44.1758079, -21.8423328 ], [ 44.1755009, -21.8430245 ], [ 44.1750403, -21.8435904 ], [ 44.17481, -21.8442821 ], [ 44.1741958, -21.8447852 ], [ 44.1737352, -21.845414 ], [ 44.1734281, -21.8462315 ], [ 44.1734281, -21.8468603 ], [ 44.1735817, -21.8474891 ], [ 44.1733513, -21.8479923 ], [ 44.1730443, -21.8486211 ], [ 44.1726604, -21.849187 ], [ 44.1720896, -21.8495995 ], [ 44.1716166, -21.8500977 ], [ 44.1712786, -21.8505075 ], [ 44.16982, -21.851325 ], [ 44.1692211, -21.8517621 ], [ 44.169221, -21.8517621 ], [ 44.1690522, -21.8517652 ], [ 44.1684657, -21.8520863 ], [ 44.1680543, -21.8521425 ], [ 44.1680542, -21.8521425 ], [ 44.1672866, -21.8521425 ], [ 44.1667492, -21.852394 ], [ 44.1662118, -21.8525198 ], [ 44.165444199999989, -21.8528342 ], [ 44.1647532, -21.85296 ], [ 44.1639856, -21.8532114 ], [ 44.1634481, -21.8537774 ], [ 44.1632179, -21.8542805 ], [ 44.1630643, -21.8549722 ], [ 44.1630643, -21.8555382 ], [ 44.1632179, -21.8560413 ], [ 44.1636785, -21.8565444 ], [ 44.1639856, -21.8569845 ], [ 44.1648298, -21.8573743 ], [ 44.165520899999983, -21.8576762 ], [ 44.1691289, -21.8574247 ], [ 44.1698967, -21.857236 ], [ 44.1702805, -21.8567329 ], [ 44.1702037, -21.8563557 ], [ 44.170434, -21.8561041 ], [ 44.1706643, -21.8559155 ], [ 44.1708946, -21.8556011 ], [ 44.1710481, -21.8551609 ], [ 44.1710481, -21.8550352 ], [ 44.1715088, -21.8546578 ], [ 44.1721997, -21.8545321 ], [ 44.173197799999983, -21.8541548 ], [ 44.1737351, -21.8539033 ], [ 44.1742725, -21.8535889 ], [ 44.1742726, -21.8535889 ], [ 44.1749633, -21.8535889 ], [ 44.1756543, -21.8533374 ], [ 44.1763452, -21.8528971 ], [ 44.1764987, -21.8524569 ], [ 44.1768058, -21.8522054 ], [ 44.177113, -21.8518281 ], [ 44.1772665, -21.8515137 ], [ 44.1773432, -21.8514508 ], [ 44.1775736, -21.8510106 ], [ 44.177727, -21.850822 ], [ 44.177836, -21.8507105 ], [ 44.1780342, -21.8505076 ], [ 44.1781109, -21.8504447 ], [ 44.178418, -21.8498788 ], [ 44.1788786, -21.8493757 ], [ 44.1788787, -21.8493757 ], [ 44.1789554, -21.8493757 ], [ 44.179416, -21.8489355 ], [ 44.1798766, -21.8483695 ], [ 44.1800302, -21.8482438 ], [ 44.1805675, -21.8476779 ], [ 44.1807211, -21.847615 ], [ 44.1810281, -21.8469232 ], [ 44.181719, -21.8461686 ], [ 44.1823333, -21.845414 ], [ 44.1827171, -21.8448481 ], [ 44.183177699999987, -21.8442822 ], [ 44.1833312, -21.8441564 ], [ 44.1836983, -21.8437697 ], [ 44.1838685, -21.8435904 ], [ 44.184406, -21.8429616 ], [ 44.1845595, -21.8424586 ], [ 44.1844828, -21.8422071 ], [ 44.1841757, -21.8418298 ], [ 44.183715, -21.8408865 ], [ 44.1835615, -21.840069 ], [ 44.1835615, -21.8394402 ], [ 44.1838685, -21.8388114 ], [ 44.1840222, -21.8386227 ], [ 44.1842525, -21.8380568 ], [ 44.184406, -21.8374908 ], [ 44.1846363, -21.8370507 ], [ 44.1847899, -21.8366734 ], [ 44.18502010000001, -21.8366105 ], [ 44.1852504, -21.8362332 ], [ 44.1854807, -21.8361703 ], [ 44.1857111, -21.8355415 ], [ 44.1862485, -21.8349126 ], [ 44.1867091, -21.8339064 ], [ 44.1872464, -21.8333405 ], [ 44.1877071, -21.8329632 ], [ 44.1880142, -21.8325231 ], [ 44.1885515, -21.8321457 ], [ 44.1887818, -21.8317685 ], [ 44.1894728, -21.8313912 ], [ 44.1900102, -21.830951 ], [ 44.1907778, -21.8306994 ], [ 44.1918526, -21.8305108 ], [ 44.1918527, -21.8305108 ], [ 44.1926202, -21.830448 ], [ 44.1926203, -21.830448 ], [ 44.193695, -21.8305108 ], [ 44.1936951, -21.8305108 ], [ 44.1944628, -21.8308253 ], [ 44.195614, -21.8315169 ], [ 44.1958444, -21.8320829 ], [ 44.1958444, -21.8332148 ], [ 44.1961514, -21.8345983 ], [ 44.1963817, -21.8352271 ], [ 44.1972262, -21.8363589 ], [ 44.1991454, -21.836862 ], [ 44.200911, -21.8376795 ], [ 44.2014485, -21.8381825 ], [ 44.2019091, -21.8388742 ], [ 44.2019858, -21.8395032 ], [ 44.2025232, -21.8401948 ], [ 44.2025232, -21.8406979 ], [ 44.2028302, -21.8437791 ], [ 44.2028302, -21.8446595 ], [ 44.2028892, -21.845287 ], [ 44.203006599999981, -21.845966 ], [ 44.2033345, -21.8477259 ], [ 44.2034445, -21.848684 ], [ 44.203598, -21.8495015 ], [ 44.2039051, -21.850319 ], [ 44.2045959, -21.8507592 ], [ 44.2053636, -21.8510108 ], [ 44.2059778, -21.8513881 ], [ 44.206745399999988, -21.8516396 ], [ 44.2075899, -21.851954 ], [ 44.2081272, -21.851954 ], [ 44.2081273, -21.851954 ], [ 44.2087414, -21.8523313 ], [ 44.2106607, -21.8529601 ], [ 44.2117355, -21.8531488 ], [ 44.2124263, -21.8532745 ], [ 44.2133475, -21.8532116 ], [ 44.213454, -21.8530808 ], [ 44.2134541, -21.8530808 ], [ 44.2135504, -21.8532062 ], [ 44.2148318, -21.8540342 ], [ 44.2158476, -21.8530119 ], [ 44.2158477, -21.8530119 ], [ 44.2178671, -21.8533439 ], [ 44.2196016, -21.854125 ], [ 44.2185933, -21.8559033 ], [ 44.2180306, -21.8570173 ], [ 44.2178145, -21.858799 ], [ 44.2169176, -21.8599194 ], [ 44.2144948, -21.8612941 ], [ 44.2140193, -21.8621307 ], [ 44.214266699999982, -21.8628082 ], [ 44.214472, -21.8638993 ], [ 44.2143911, -21.8643697 ], [ 44.2144857, -21.8656048 ], [ 44.2156551, -21.8670017 ], [ 44.2164641, -21.8674873 ], [ 44.2167359, -21.8685998 ], [ 44.2169505, -21.869413 ], [ 44.2163421, -21.8697497 ], [ 44.2153441, -21.8704413 ], [ 44.2150114, -21.8707353 ], [ 44.21451, -21.8709863 ], [ 44.2139441, -21.8713263 ], [ 44.213655199999984, -21.8715104 ], [ 44.2124269, -21.8723907 ], [ 44.211736, -21.8727052 ], [ 44.2110451, -21.8732082 ], [ 44.2108148, -21.8735855 ], [ 44.2105845, -21.8739628 ], [ 44.2098935, -21.8740886 ], [ 44.2093562, -21.8745288 ], [ 44.2086653, -21.8749061 ], [ 44.2078208, -21.8754091 ], [ 44.2073602, -21.876038 ], [ 44.2072066, -21.8767296 ], [ 44.2068228, -21.8776729 ], [ 44.2063621, -21.8781132 ], [ 44.2059783, -21.878742 ], [ 44.205748, -21.8791821 ], [ 44.2050571, -21.879811 ], [ 44.2048454, -21.8798853 ], [ 44.2045197, -21.8799996 ], [ 44.2045196, -21.8799996 ], [ 44.2038288, -21.8799996 ], [ 44.203445, -21.8800625 ], [ 44.202754, -21.8805027 ], [ 44.2026772, -21.8808799 ], [ 44.2021399, -21.8811944 ], [ 44.2016793, -21.8816974 ], [ 44.2016025, -21.8820747 ], [ 44.2015257, -21.8827035 ], [ 44.2011419, -21.883521 ], [ 44.2006812, -21.8838984 ], [ 44.200143900000015, -21.884087 ], [ 44.1993763, -21.8843386 ], [ 44.198838799999983, -21.8845273 ], [ 44.1986085, -21.8850303 ], [ 44.1983014, -21.8854076 ], [ 44.1983014, -21.886225 ], [ 44.198455, -21.8866652 ], [ 44.1991458, -21.8872312 ], [ 44.1998369, -21.8875456 ], [ 44.2006045, -21.8880486 ], [ 44.2016024, -21.8882373 ], [ 44.2021398, -21.8880486 ], [ 44.2022933, -21.8877971 ], [ 44.2028306, -21.8873569 ], [ 44.2028307, -21.8873569 ], [ 44.2029842, -21.8873569 ], [ 44.2041358, -21.886288 ], [ 44.2051338, -21.8856591 ], [ 44.2061318, -21.8847787 ], [ 44.2067458, -21.8842757 ], [ 44.2078207, -21.8832067 ], [ 44.2082812, -21.8828293 ], [ 44.2087418, -21.8822634 ], [ 44.2098859, -21.8812799 ], [ 44.2105843, -21.8805027 ], [ 44.2114289, -21.8799996 ], [ 44.2121197, -21.8794966 ], [ 44.2133481, -21.8782389 ], [ 44.2140389, -21.8777359 ], [ 44.2147299, -21.8769813 ], [ 44.215344, -21.8764152 ], [ 44.2153441, -21.8764152 ], [ 44.2154975, -21.8764152 ], [ 44.2165322, -21.8755053 ], [ 44.2176471, -21.8745288 ], [ 44.2182613, -21.8740257 ], [ 44.2189522, -21.873334 ], [ 44.2194895, -21.8727681 ], [ 44.2201037, -21.8723279 ], [ 44.2207178, -21.8717619 ], [ 44.2207179, -21.8717619 ], [ 44.220718, -21.8717619 ], [ 44.2216482, -21.8724087 ], [ 44.2227409, -21.8726566 ], [ 44.2231888, -21.8725094 ], [ 44.2230292, -21.8716169 ], [ 44.2235657, -21.8710066 ], [ 44.2235658, -21.8710066 ], [ 44.2257476, -21.871005 ], [ 44.2257477, -21.871005 ], [ 44.2270508, -21.8714531 ], [ 44.2278503, -21.8706583 ], [ 44.2291205, -21.8702034 ], [ 44.2306997, -21.8692296 ], [ 44.2314118, -21.8685377 ], [ 44.2314119, -21.8685377 ], [ 44.2323592, -21.8691279 ], [ 44.2325356, -21.869839 ], [ 44.2334814, -21.8699158 ], [ 44.234327300000011, -21.8686456 ], [ 44.235105, -21.8677635 ], [ 44.236279, -21.8668701 ], [ 44.2392967, -21.8649604 ], [ 44.2404784, -21.86311 ], [ 44.2414231, -21.8598491 ], [ 44.2425709, -21.8588633 ], [ 44.2425022, -21.8587977 ], [ 44.2417721, -21.8579477 ], [ 44.2407521, -21.8570277 ], [ 44.239562, -21.8559176 ], [ 44.2383819, -21.8548476 ], [ 44.2372819, -21.8537076 ], [ 44.2366319, -21.8528376 ], [ 44.2358318, -21.8512476 ], [ 44.2353118, -21.8501375 ], [ 44.2341117, -21.8477275 ], [ 44.2334617, -21.8465275 ], [ 44.232553400000015, -21.8448732 ], [ 44.2322417, -21.8441274 ], [ 44.2314516, -21.8428774 ], [ 44.2307216, -21.8407874 ], [ 44.229968199999988, -21.8384721 ], [ 44.229863, -21.8380012 ], [ 44.2297208, -21.8373566 ], [ 44.2296437, -21.8362412 ], [ 44.2295544, -21.8349485 ], [ 44.2293765, -21.8341204 ], [ 44.2291915, -21.8327872 ], [ 44.228936, -21.8319515 ], [ 44.2288739, -21.8317486 ], [ 44.2286685, -21.8304984 ], [ 44.228621499999988, -21.8301672 ], [ 44.228451100000015, -21.829415 ], [ 44.2282686, -21.8286094 ], [ 44.2282115, -21.8283571 ], [ 44.2280811, -21.8279243 ], [ 44.2279373, -21.8274469 ] ] ], [ [ [ 43.7733084, -21.8092125 ], [ 43.7735759, -21.8094047 ], [ 43.7739056, -21.8095374 ], [ 43.7739753, -21.809425 ], [ 43.7747944, -21.7973296 ], [ 43.7739085, -21.7971361 ], [ 43.7736306, -21.7972163 ], [ 43.773492, -21.7970966 ], [ 43.7734236, -21.796939 ], [ 43.7731067, -21.7968279 ], [ 43.7727488, -21.7968693 ], [ 43.7726229, -21.7968532 ], [ 43.7725531, -21.7969785 ], [ 43.7724051, -21.7970459 ], [ 43.7722884, -21.7973768 ], [ 43.7723253, -21.7974918 ], [ 43.7723036, -21.7975756 ], [ 43.7722521, -21.7975934 ], [ 43.7721053, -21.7976898 ], [ 43.7720407, -21.7978201 ], [ 43.7720354, -21.7978818 ], [ 43.77210190000001, -21.7979508 ], [ 43.771982799999989, -21.7979597 ], [ 43.7718851, -21.7979737 ], [ 43.771806, -21.7980801 ], [ 43.7717349, -21.7980964 ], [ 43.7716724, -21.7982214 ], [ 43.771599800000011, -21.7983755 ], [ 43.7715318, -21.7983928 ], [ 43.7714648, -21.7983554 ], [ 43.7711857, -21.7983086 ], [ 43.7710226, -21.7982961 ], [ 43.7707972, -21.7983457 ], [ 43.7706958, -21.7983787 ], [ 43.7703459, -21.7984591 ], [ 43.770141, -21.7984002 ], [ 43.7699395, -21.7983596 ], [ 43.7698606, -21.7982806 ], [ 43.7697554, -21.7982555 ], [ 43.7696541, -21.7983928 ], [ 43.7696528, -21.7984355 ], [ 43.7696824, -21.7984939 ], [ 43.769552800000014, -21.7986082 ], [ 43.7694476, -21.7985529 ], [ 43.7694177, -21.7985633 ], [ 43.769386, -21.7985545 ], [ 43.7693669, -21.7984961 ], [ 43.7692221, -21.7984915 ], [ 43.7691566, -21.7985027 ], [ 43.7691157, -21.7985316 ], [ 43.7691059, -21.798549 ], [ 43.7689924, -21.7986043 ], [ 43.7689341, -21.7985461 ], [ 43.7688446, -21.7985079 ], [ 43.768782699999988, -21.7985026 ], [ 43.7687476, -21.7985424 ], [ 43.7687563, -21.7986545 ], [ 43.7687062, -21.798765 ], [ 43.7686088, -21.7987755 ], [ 43.7685453, -21.7988299 ], [ 43.7685626, -21.7989163 ], [ 43.7685564, -21.798954 ], [ 43.768374099999981, -21.7991044 ], [ 43.768305399999981, -21.7991084 ], [ 43.768217899999989, -21.7990812 ], [ 43.7680107, -21.7991062 ], [ 43.7679738, -21.7991892 ], [ 43.7679065, -21.7992101 ], [ 43.7677215, -21.7991751 ], [ 43.7676058, -21.7990731 ], [ 43.767352700000011, -21.7990688 ], [ 43.7670978, -21.7990535 ], [ 43.767084100000012, -21.7990489 ], [ 43.766909, -21.7989381 ], [ 43.766880799999988, -21.7989755 ], [ 43.7668666, -21.7990515 ], [ 43.7668608, -21.7990571 ], [ 43.7668604, -21.7990592 ], [ 43.766788, -21.7991293 ], [ 43.7666445, -21.7991427 ], [ 43.7665606, -21.7992797 ], [ 43.7665588, -21.7992802 ], [ 43.7665544, -21.7992874 ], [ 43.7664955, -21.799304 ], [ 43.7664418, -21.7993599 ], [ 43.7664292, -21.7994543 ], [ 43.7664234, -21.7994594 ], [ 43.766423, -21.799462 ], [ 43.7663485, -21.7995276 ], [ 43.7663051, -21.7995875 ], [ 43.7663031, -21.7997199 ], [ 43.7663933, -21.7997355 ], [ 43.7664407, -21.7998169 ], [ 43.7664757, -21.7998743 ], [ 43.7664871, -21.799951 ], [ 43.7664799, -21.7999519 ], [ 43.7664809, -21.7999587 ], [ 43.7664194, -21.7999659 ], [ 43.7663777, -21.7999899 ], [ 43.7663681, -21.8000065 ], [ 43.76634090000001, -21.8000536 ], [ 43.7663394, -21.8000535 ], [ 43.7663348, -21.8000613 ], [ 43.7662781, -21.8000548 ], [ 43.7662302, -21.8000312 ], [ 43.7662103, -21.8000525 ], [ 43.7662062, -21.8001627 ], [ 43.7661749, -21.800235 ], [ 43.7661716, -21.8002364 ], [ 43.7661688, -21.8002427 ], [ 43.7660616, -21.8002851 ], [ 43.7659798, -21.8002971 ], [ 43.7659327, -21.8003899 ], [ 43.765883, -21.800466 ], [ 43.7658751, -21.800551 ], [ 43.7659472, -21.8006192 ], [ 43.7658885, -21.8006939 ], [ 43.7658883, -21.8006941 ], [ 43.7658824, -21.8007016 ], [ 43.7658063, -21.8007651 ], [ 43.7657902, -21.8008206 ], [ 43.7658219, -21.8009129 ], [ 43.7658142, -21.8009161 ], [ 43.7658158, -21.8009206 ], [ 43.7656623, -21.8009844 ], [ 43.7654208, -21.8009489 ], [ 43.765374, -21.8010323 ], [ 43.7655011, -21.8011924 ], [ 43.7655841, -21.8013755 ], [ 43.7657244, -21.8015679 ], [ 43.7658879, -21.8017679 ], [ 43.766005, -21.8018924 ], [ 43.7660668, -21.8020057 ], [ 43.7660549, -21.8021296 ], [ 43.7660889, -21.8023716 ], [ 43.766113, -21.8024368 ], [ 43.766158, -21.8027389 ], [ 43.7662237, -21.8029096 ], [ 43.7663454, -21.8032148 ], [ 43.7664047, -21.8033218 ], [ 43.7664622, -21.8035862 ], [ 43.7665526, -21.8037052 ], [ 43.7666211, -21.8038885 ], [ 43.7666355, -21.803977 ], [ 43.7666974, -21.8041837 ], [ 43.7667746, -21.8043587 ], [ 43.7668476, -21.8044631 ], [ 43.7668837, -21.8045089 ], [ 43.7669453, -21.8045724 ], [ 43.767011, -21.8046401 ], [ 43.767018, -21.8041837 ], [ 43.7670111, -21.8046401 ], [ 43.7670169, -21.8046462 ], [ 43.7670242, -21.804176 ], [ 43.7670171, -21.8046404 ], [ 43.7670168, -21.8046556 ], [ 43.7671525, -21.8048267 ], [ 43.76743050000001, -21.8050998 ], [ 43.7675822, -21.8053347 ], [ 43.7679249, -21.8055066 ], [ 43.7682446, -21.8058207 ], [ 43.7683125, -21.8059364 ], [ 43.7685573, -21.8062081 ], [ 43.7686945, -21.8062698 ], [ 43.7688568, -21.8065796 ], [ 43.7690771, -21.8070407 ], [ 43.7690688, -21.8071573 ], [ 43.7689238, -21.8072918 ], [ 43.7686463, -21.8079803 ], [ 43.768424, -21.8081666 ], [ 43.768661299999984, -21.8084601 ], [ 43.7688207, -21.8085144 ], [ 43.7688221, -21.808696 ], [ 43.7688008, -21.8088545 ], [ 43.7688771, -21.8090087 ], [ 43.7695979, -21.8091886 ], [ 43.7705249, -21.8094086 ], [ 43.7711527, -21.8092427 ], [ 43.7714266, -21.8090521 ], [ 43.7715767, -21.8089929 ], [ 43.771782300000012, -21.8090509 ], [ 43.7725048, -21.8089716 ], [ 43.772695, -21.808971 ], [ 43.7733084, -21.8092125 ] ] ], [ [ [ 44.2127849, -21.7898182 ], [ 44.2114688, -21.7901775 ], [ 44.2090561, -21.7912555 ], [ 44.2079593, -21.7919742 ], [ 44.2073014, -21.7925131 ], [ 44.205437, -21.7926928 ], [ 44.2054368, -21.7926928 ], [ 44.2054363, -21.7926928 ], [ 44.2045588, -21.7923334 ], [ 44.2036815, -21.791525 ], [ 44.2044492, -21.790986 ], [ 44.2048878, -21.7906267 ], [ 44.2056555, -21.7900877 ], [ 44.2060942, -21.7896386 ], [ 44.2068552, -21.7890381 ], [ 44.2079586, -21.7883808 ], [ 44.208177899999988, -21.7882011 ], [ 44.209823, -21.7865842 ], [ 44.2119067, -21.7855062 ], [ 44.2131131, -21.784518 ], [ 44.2158548, -21.7830807 ], [ 44.2164032, -21.7823621 ], [ 44.2151971, -21.7817333 ], [ 44.2142106, -21.7820026 ], [ 44.2113591, -21.7826315 ], [ 44.2088367, -21.7837095 ], [ 44.2076304, -21.7844282 ], [ 44.2065337, -21.7848774 ], [ 44.2056562, -21.7853265 ], [ 44.2043402, -21.7856858 ], [ 44.2033532, -21.7862249 ], [ 44.1989664, -21.7878418 ], [ 44.1977601, -21.7884706 ], [ 44.1953473, -21.7893689 ], [ 44.1930442, -21.7910758 ], [ 44.1922765, -21.7914351 ], [ 44.1916185, -21.7921538 ], [ 44.1912457, -21.7928439 ], [ 44.1908812, -21.7930561 ], [ 44.1898345, -21.7934204 ], [ 44.1892833, -21.794077 ], [ 44.1891831, -21.7947915 ], [ 44.1888136, -21.7952049 ], [ 44.1882583, -21.795524 ], [ 44.187571, -21.7960971 ], [ 44.1868571, -21.7962443 ], [ 44.185825199999982, -21.7970671 ], [ 44.1850965, -21.7982695 ], [ 44.1850833, -21.7992143 ], [ 44.1847587, -21.8000187 ], [ 44.1843805, -21.8005261 ], [ 44.18393, -21.8011306 ], [ 44.183613, -21.8021622 ], [ 44.1835149, -21.8024814 ], [ 44.1840008, -21.8026819 ], [ 44.1846549, -21.8029517 ], [ 44.1847246, -21.802953 ], [ 44.1847493, -21.8029666 ], [ 44.184807, -21.8029547 ], [ 44.1851031, -21.8029606 ], [ 44.185458700000012, -21.8029676 ], [ 44.1856093, -21.8029966 ], [ 44.1857053, -21.8029841 ], [ 44.1860509, -21.8030191 ], [ 44.1863655, -21.803051 ], [ 44.186439, -21.8030724 ], [ 44.1865594, -21.8031166 ], [ 44.1865809, -21.8031136 ], [ 44.1869368, -21.8032172 ], [ 44.1871526, -21.80328 ], [ 44.1881594, -21.8034766 ], [ 44.1886094, -21.8035914 ], [ 44.1892466, -21.8038684 ], [ 44.1902982, -21.8039879 ], [ 44.1908862, -21.804168 ], [ 44.19126450000001, -21.8043277 ], [ 44.1917724, -21.8044524 ], [ 44.1921196, -21.8045866 ], [ 44.1926483, -21.8047769 ], [ 44.1931625, -21.804969 ], [ 44.1936117, -21.8051471 ], [ 44.1939006, -21.8051771 ], [ 44.1939553, -21.8051828 ], [ 44.1944773, -21.8052369 ], [ 44.1947998, -21.8055925 ], [ 44.1953816, -21.80562 ], [ 44.1962553, -21.8058408 ], [ 44.1964675, -21.8059121 ], [ 44.1970146, -21.8060959 ], [ 44.1977824, -21.8062846 ], [ 44.1979359, -21.8063475 ], [ 44.1990231, -21.8065869 ], [ 44.1997146, -21.8067147 ], [ 44.2000709, -21.8068545 ], [ 44.2005104, -21.80679 ], [ 44.201182499999987, -21.8069597 ], [ 44.2016524, -21.8070677 ], [ 44.2024475, -21.8071827 ], [ 44.2028555, -21.807211 ], [ 44.203318100000011, -21.8074567 ], [ 44.2038255, -21.8074894 ], [ 44.2045119, -21.8075175 ], [ 44.2049497, -21.8077485 ], [ 44.2058004, -21.8079367 ], [ 44.2063672, -21.8080688 ], [ 44.2068778, -21.8081888 ], [ 44.2076487, -21.8083773 ], [ 44.2085696, -21.8084945 ], [ 44.2092752, -21.8087605 ], [ 44.2097815, -21.808834 ], [ 44.2110819, -21.809276 ], [ 44.212463, -21.8096515 ], [ 44.2138511, -21.8102423 ], [ 44.2146574, -21.8104599 ], [ 44.2150787, -21.8107088 ], [ 44.2159509, -21.8108768 ], [ 44.2164189, -21.8109166 ], [ 44.2173945, -21.8110964 ], [ 44.2173902, -21.8105697 ], [ 44.2178002, -21.8098139 ], [ 44.2183772, -21.8091322 ], [ 44.219145, -21.8081441 ], [ 44.2196172, -21.8073705 ], [ 44.2203512, -21.806078 ], [ 44.221119, -21.8051797 ], [ 44.221777, -21.8042814 ], [ 44.221777, -21.8038322 ], [ 44.2219964, -21.8032931 ], [ 44.2223253, -21.8028439 ], [ 44.2224435, -21.8026527 ], [ 44.2227641, -21.8022151 ], [ 44.223312400000012, -21.801766 ], [ 44.223751, -21.8009575 ], [ 44.2235317, -21.8007778 ], [ 44.222839599999986, -21.7995122 ], [ 44.2222156, -21.7972743 ], [ 44.2222156, -21.796376 ], [ 44.222325300000016, -21.7955675 ], [ 44.221887, -21.7952085 ], [ 44.2210101, -21.7960166 ], [ 44.2194747, -21.7965557 ], [ 44.219474, -21.7965557 ], [ 44.2185973, -21.7965557 ], [ 44.2180489, -21.7966455 ], [ 44.2179393, -21.7972743 ], [ 44.2170619, -21.7981726 ], [ 44.2162942, -21.7992507 ], [ 44.2153072, -21.79961 ], [ 44.2153068, -21.7996098 ], [ 44.2153065, -21.79961 ], [ 44.2143195, -21.7992507 ], [ 44.2139905, -21.799071 ], [ 44.2135518, -21.7988913 ], [ 44.2126743, -21.7983522 ], [ 44.2117971, -21.7977234 ], [ 44.2108758, -21.796594499999987 ], [ 44.2103713, -21.795837 ], [ 44.2107003, -21.7952082 ], [ 44.2110294, -21.7943997 ], [ 44.2114681, -21.7938607 ], [ 44.2120164, -21.7933217 ], [ 44.2124551, -21.7924233 ], [ 44.2127842, -21.7918843 ], [ 44.2131131, -21.7917945 ], [ 44.213771099999988, -21.790986 ], [ 44.2144291, -21.7903571 ], [ 44.2144291, -21.7897283 ], [ 44.2135523, -21.7896386 ], [ 44.2127849, -21.7898182 ] ] ], [ [ [ 43.7719516, -21.7428497 ], [ 43.7716474, -21.7427084 ], [ 43.7712391, -21.7425898 ], [ 43.7709588, -21.7424478 ], [ 43.7706846, -21.7423403 ], [ 43.7704008, -21.742229 ], [ 43.769974, -21.7421038 ], [ 43.7696866, -21.7419488 ], [ 43.7693118, -21.741872 ], [ 43.768671, -21.7419658 ], [ 43.7684655, -21.7418228 ], [ 43.7682796, -21.7417442 ], [ 43.7680485, -21.7417451 ], [ 43.767761, -21.7418018 ], [ 43.7673724, -21.741908 ], [ 43.7670484, -21.7419666 ], [ 43.7668058, -21.7419657 ], [ 43.7666294, -21.7420096 ], [ 43.766502, -21.7420732 ], [ 43.7664372, -21.7421055 ], [ 43.7662787, -21.7421654 ], [ 43.7661625, -21.7422338 ], [ 43.7659852, -21.742346 ], [ 43.7659866, -21.7425203 ], [ 43.7658613, -21.7426761 ], [ 43.7656897, -21.7427595 ], [ 43.7655353, -21.7428949 ], [ 43.7654584, -21.7431185 ], [ 43.7652443, -21.7431632 ], [ 43.7650423, -21.7431692 ], [ 43.7648456, -21.7432964 ], [ 43.76479, -21.7434572 ], [ 43.7647035, -21.743613 ], [ 43.7645588, -21.7437016 ], [ 43.7643848, -21.7437192 ], [ 43.7642234, -21.7436195 ], [ 43.7640426, -21.7435785 ], [ 43.7639027, -21.743579 ], [ 43.7638474, -21.7436683 ], [ 43.7639182, -21.7437968 ], [ 43.7639647, -21.743929 ], [ 43.7641297, -21.7440191 ], [ 43.7642076, -21.7441415 ], [ 43.7643187, -21.744246 ], [ 43.764462, -21.7444026 ], [ 43.7645875, -21.744519 ], [ 43.7646303, -21.7446184 ], [ 43.7647303, -21.7447366 ], [ 43.764763, -21.7448873 ], [ 43.7646779, -21.7450379 ], [ 43.7646542, -21.7452426 ], [ 43.7647151, -21.7454198 ], [ 43.7648126, -21.7455656 ], [ 43.7649347, -21.7457158 ], [ 43.765053399999985, -21.7457988 ], [ 43.765242099999988, -21.7459906 ], [ 43.7653582, -21.7461526 ], [ 43.7655629, -21.746331 ], [ 43.7658574, -21.7464813 ], [ 43.7661206, -21.7469141 ], [ 43.7661472, -21.7473018 ], [ 43.7660969, -21.7476222 ], [ 43.766114, -21.7478812 ], [ 43.7666819, -21.7481997 ], [ 43.7667322, -21.7481995 ], [ 43.7668435, -21.7482225 ], [ 43.7670944, -21.7482392 ], [ 43.7671799, -21.7482449 ], [ 43.7674551, -21.7480307 ], [ 43.7676995, -21.7477003 ], [ 43.768292, -21.7478713 ], [ 43.7686496, -21.7478707 ], [ 43.7692215, -21.7482285 ], [ 43.7697212, -21.7484597 ], [ 43.7702934, -21.7484574 ], [ 43.7708432, -21.7487249 ], [ 43.7717156, -21.7490097 ], [ 43.7721071, -21.7491189 ], [ 43.7725532, -21.7491751 ], [ 43.7733318, -21.749445 ], [ 43.7741105, -21.749457 ], [ 43.7756216, -21.7495897 ], [ 43.776522, -21.7494165 ], [ 43.7769855, -21.7495282 ], [ 43.7773942, -21.7492744 ], [ 43.7777519, -21.748733 ], [ 43.7779169, -21.7475054 ], [ 43.7777803, -21.7469749 ], [ 43.7776037, -21.746524 ], [ 43.776541099999989, -21.7465374 ], [ 43.7755456, -21.7458659 ], [ 43.7745821, -21.7452636 ], [ 43.7741835, -21.7452687 ], [ 43.773552, -21.7448223 ], [ 43.7733773, -21.7442711 ], [ 43.7730082, -21.7436709 ], [ 43.7728413, -21.7434948 ], [ 43.772712, -21.7433583 ], [ 43.7725028, -21.7431654 ], [ 43.7722366, -21.7429529 ], [ 43.7719516, -21.7428497 ] ] ], [ [ [ 44.0260936, -21.8505617 ], [ 44.027629, -21.8478666 ], [ 44.027958, -21.8466988 ], [ 44.0281773, -21.8444529 ], [ 44.0281773, -21.8428359 ], [ 44.0283967, -21.8405902 ], [ 44.028287, -21.8392427 ], [ 44.028287, -21.8379849 ], [ 44.0281773, -21.8370866 ], [ 44.027788, -21.83608 ], [ 44.0267516, -21.8350206 ], [ 44.0247776, -21.8340323 ], [ 44.0237905, -21.833673 ], [ 44.021816500000014, -21.8333136 ], [ 44.0212682, -21.8328645 ], [ 44.0215971, -21.8319662 ], [ 44.0224745, -21.8301695 ], [ 44.0224745, -21.8296306 ], [ 44.0228036, -21.8290017 ], [ 44.0230229, -21.8281931 ], [ 44.0243389, -21.8262168 ], [ 44.0252163, -21.8243303 ], [ 44.0260102, -21.8229964 ], [ 44.026642, -21.822354 ], [ 44.0271903, -21.8215455 ], [ 44.0275193, -21.8208268 ], [ 44.0279581, -21.8192997 ], [ 44.0279581, -21.8155267 ], [ 44.0277388, -21.814808 ], [ 44.027629, -21.8139097 ], [ 44.0269269, -21.8125518 ], [ 44.026313, -21.8121131 ], [ 44.0256549, -21.8119335 ], [ 44.024997, -21.8114842 ], [ 44.0242293, -21.8110351 ], [ 44.0236809, -21.8103164 ], [ 44.023242199999984, -21.8098672 ], [ 44.0230229, -21.8087892 ], [ 44.0233873, -21.807446 ], [ 44.0236916, -21.8062509 ], [ 44.0233519, -21.8048366 ], [ 44.0235713, -21.8032196 ], [ 44.0239004, -21.8024111 ], [ 44.024339, -21.8018721 ], [ 44.0244486, -21.8009738 ], [ 44.024339, -21.7999856 ], [ 44.0231326, -21.7984584 ], [ 44.021707, -21.7974703 ], [ 44.0200916, -21.7962109 ], [ 44.0181652, -21.7948915 ], [ 44.0165525, -21.7937871 ], [ 44.0151208, -21.7933292 ], [ 44.0142861, -21.7931425 ], [ 44.0124236, -21.7928529 ], [ 44.0084116, -21.7923966 ], [ 44.0080266, -21.7885616 ], [ 44.0077745, -21.786784 ], [ 44.0070235, -21.7815408 ], [ 44.0070201, -21.7780878 ], [ 44.0070156, -21.7734578 ], [ 44.0074145, -21.7736133 ], [ 44.0076496, -21.7737274 ], [ 44.0077294, -21.7737361 ], [ 44.009028, -21.7742423 ], [ 44.0126362, -21.7745568 ], [ 44.0163589, -21.7750301 ], [ 44.0205918, -21.7753017 ], [ 44.0205952, -21.7753004 ], [ 44.0207364, -21.7752476 ], [ 44.0220786, -21.7747455 ], [ 44.0229999, -21.7738022 ], [ 44.0242611, -21.7730971 ], [ 44.0265146, -21.7720369 ], [ 44.0298097, -21.7701465 ], [ 44.0303717, -21.7698011 ], [ 44.030293, -21.7683233 ], [ 44.0302162, -21.7659418 ], [ 44.0299858, -21.765313 ], [ 44.0297556, -21.7638667 ], [ 44.0292605, -21.7621898 ], [ 44.0276828, -21.7610997 ], [ 44.0267615, -21.7607225 ], [ 44.0259172, -21.7602194 ], [ 44.0251824, -21.7597168 ], [ 44.024656, -21.7592048 ], [ 44.0231754, -21.7584502 ], [ 44.0224824, -21.7583286 ], [ 44.0217826, -21.7582929 ], [ 44.0217799, -21.7582927 ], [ 44.021695, -21.7582884 ], [ 44.0212343, -21.7583693 ], [ 44.0208724, -21.758558 ], [ 44.020348, -21.7593366 ], [ 44.0191166, -21.7592357 ], [ 44.0185244, -21.7590471 ], [ 44.016791, -21.7589438 ], [ 44.0167311, -21.7589413 ], [ 44.0167043, -21.7589397 ], [ 44.015279199999988, -21.7588814 ], [ 44.0117225, -21.7587977 ], [ 44.0102421, -21.7588173 ], [ 44.0060266, -21.7588166 ], [ 44.006024599999989, -21.7588123 ], [ 44.0066567, -21.7579447 ], [ 44.0100796, -21.7539741 ], [ 44.011158, -21.7527334 ], [ 44.0132586, -21.7503911 ], [ 44.0172779, -21.7447304 ], [ 44.0197784, -21.7412432 ], [ 44.021529, -21.735526 ], [ 44.023518900000013, -21.728991 ], [ 44.0240383, -21.7272854 ], [ 44.0284986, -21.7197953 ], [ 44.0316749, -21.7134279 ], [ 44.0319038, -21.7128226 ], [ 44.0336602, -21.7081785 ], [ 44.0343199, -21.7063172 ], [ 44.0351795, -21.7029551 ], [ 44.0353662, -21.700784 ], [ 44.0358049, -21.6998857 ], [ 44.035989, -21.6991315 ], [ 44.0360242, -21.6989875 ], [ 44.0351469, -21.697011 ], [ 44.0351469, -21.694316 ], [ 44.0349276, -21.6926991 ], [ 44.03492760000001, -21.691082 ], [ 44.0329535, -21.6880278 ], [ 44.0320761, -21.6869497 ], [ 44.0320761, -21.6850977 ], [ 44.0320761, -21.6837158 ], [ 44.0327375, -21.6830536 ], [ 44.0332489, -21.6825417 ], [ 44.0340501, -21.6817395 ], [ 44.0351298, -21.679736 ], [ 44.0355856, -21.6788648 ], [ 44.0362436, -21.6774275 ], [ 44.036463, -21.6763495 ], [ 44.0369016, -21.6752714 ], [ 44.0369016, -21.6741935 ], [ 44.0372943, -21.6730473 ], [ 44.0373003, -21.6730259 ], [ 44.0388896, -21.6730055 ], [ 44.0395623, -21.6719559 ], [ 44.0400128, -21.6714315 ], [ 44.0401429, -21.6712695 ], [ 44.0401435, -21.6712688 ], [ 44.0416579, -21.6693833 ], [ 44.042612, -21.668467 ], [ 44.0433331, -21.6677421 ], [ 44.0444287, -21.6678534 ], [ 44.0455196, -21.6682725 ], [ 44.0464078, -21.6692428 ], [ 44.0468357, -21.6700513 ], [ 44.0470331, -21.6708059 ], [ 44.0469014, -21.6722342 ], [ 44.0468356, -21.6736086 ], [ 44.0484875, -21.6744705 ], [ 44.0487337, -21.6695168 ], [ 44.0489641, -21.6691933 ], [ 44.0502801, -21.6690856 ], [ 44.0508139, -21.6682111 ], [ 44.0509882, -21.6678807 ], [ 44.05098850000001, -21.6678803 ], [ 44.0509905, -21.6678764 ], [ 44.0515711, -21.6667759 ], [ 44.0516412, -21.666626 ], [ 44.0516415, -21.6666255 ], [ 44.051991, -21.6658785 ], [ 44.0525175, -21.6649892 ], [ 44.052963899999988, -21.6640446 ], [ 44.0531096, -21.6637495 ], [ 44.0534057, -21.663453 ], [ 44.0534738, -21.6631739 ], [ 44.0535373, -21.6629139 ], [ 44.0537347, -21.6625096 ], [ 44.0541295, -21.6615125 ], [ 44.0544257, -21.6606501 ], [ 44.0541295, -21.6593026 ], [ 44.0540967, -21.658575 ], [ 44.053636, -21.6581168 ], [ 44.0520239, -21.6570118 ], [ 44.0505763, -21.6561224 ], [ 44.0498486, -21.6556368 ], [ 44.0488654, -21.6550714 ], [ 44.0481221, -21.6547939 ], [ 44.0477468, -21.6546402 ], [ 44.0476915, -21.6546205 ], [ 44.0469901, -21.6543707 ], [ 44.046266200000012, -21.6542629 ], [ 44.045016, -21.6538856 ], [ 44.0439895, -21.6536455 ], [ 44.044469, -21.652993 ], [ 44.0446882, -21.6517353 ], [ 44.0446882, -21.649759 ], [ 44.0446864, -21.6497434 ], [ 44.044573, -21.6487628 ], [ 44.0445733, -21.6487597 ], [ 44.0447139, -21.6472985 ], [ 44.0447276, -21.6472958 ], [ 44.0447203, -21.6472918 ], [ 44.0447299, -21.6471833 ], [ 44.0447295, -21.6471831 ], [ 44.0451302, -21.6426447 ], [ 44.0459544, -21.6382282 ], [ 44.0463685, -21.6375964 ], [ 44.0480387, -21.6349821 ], [ 44.0509133, -21.6304568 ], [ 44.0518675, -21.6281009 ], [ 44.0518725, -21.6280883 ], [ 44.052769, -21.6258388 ], [ 44.0527969, -21.6257689 ], [ 44.0541613, -21.6220525 ], [ 44.055613, -21.617506 ], [ 44.0570919, -21.6129781 ], [ 44.0586419, -21.6088839 ], [ 44.0602655, -21.6045106 ], [ 44.0612298, -21.5999616 ], [ 44.0619093, -21.5955617 ], [ 44.0625331, -21.5901415 ], [ 44.063728100000013, -21.5847852 ], [ 44.0639131, -21.5822064 ], [ 44.062744, -21.5777898 ], [ 44.0623701, -21.5777729 ], [ 44.0584902, -21.5774307 ], [ 44.0584753, -21.5774377 ], [ 44.0584751, -21.5774376 ], [ 44.0557237, -21.5784536 ], [ 44.0536533, -21.579301 ], [ 44.0498751, -21.5816622 ], [ 44.0488127, -21.5829899 ], [ 44.0475117, -21.5850605 ], [ 44.0474304, -21.58519 ], [ 44.042220199999988, -21.5896774 ], [ 44.0410685, -21.5909401 ], [ 44.0379697, -21.5942912 ], [ 44.0372579, -21.5953428 ], [ 44.037256899999988, -21.595344 ], [ 44.0357149, -21.5976225 ], [ 44.0354631, -21.5979946 ], [ 44.0353437, -21.5983017 ], [ 44.0345849, -21.6002526 ], [ 44.0345584, -21.6003212 ], [ 44.0337262, -21.6024284 ], [ 44.0326666, -21.6048754 ], [ 44.0318957, -21.6056451 ], [ 44.0320442, -21.6063238 ], [ 44.0306275, -21.6105739 ], [ 44.0299885, -21.6148795 ], [ 44.029206400000014, -21.6190237 ], [ 44.027155, -21.6228797 ], [ 44.0259327, -21.6269909 ], [ 44.0307663, -21.6276298 ], [ 44.0311522, -21.6295065 ], [ 44.0322128, -21.630596 ], [ 44.0331831, -21.6310465 ], [ 44.0348221, -21.6359633 ], [ 44.0358499, -21.6402133 ], [ 44.0371277, -21.645019 ], [ 44.0392667, -21.6491302 ], [ 44.0363221, -21.6529914 ], [ 44.0342386, -21.6575748 ], [ 44.0313496, -21.6618804 ], [ 44.0294328, -21.6671027 ], [ 44.0297661, -21.6730195 ], [ 44.0311273, -21.6774084 ], [ 44.0291272, -21.6816585 ], [ 44.026641, -21.6860336 ], [ 44.0249603, -21.6903809 ], [ 44.0242103, -21.6949365 ], [ 44.0228768, -21.6994088 ], [ 44.0210191, -21.7034794 ], [ 44.0210185, -21.7034805 ], [ 44.0209878, -21.7035478 ], [ 44.0209913, -21.7035476 ], [ 44.0209881, -21.7035488 ], [ 44.0204533, -21.7079978 ], [ 44.0184254, -21.7120812 ], [ 44.0161753, -21.7160534 ], [ 44.0148974, -21.7204146 ], [ 44.0131751, -21.7246091 ], [ 44.0111194, -21.7286648 ], [ 44.0045079, -21.7406928 ], [ 44.00173, -21.744415 ], [ 43.9988965, -21.748054 ], [ 43.9959797, -21.7516374 ], [ 43.9933684, -21.755443 ], [ 43.9904238, -21.7589986 ], [ 43.9871737, -21.762332 ], [ 43.984451299999989, -21.7660543 ], [ 43.9825623, -21.7701932 ], [ 43.9808333, -21.7743265 ], [ 43.9807895, -21.7744312 ], [ 43.9807494, -21.7745077 ], [ 43.9782419, -21.7784548 ], [ 43.9781448, -21.7795913 ], [ 43.9781361, -21.7796933 ], [ 43.9777483, -21.7814566 ], [ 43.9775751, -21.7830105 ], [ 43.9789538, -21.7849886 ], [ 43.9804642, -21.7867328 ], [ 43.9827976, -21.7902606 ], [ 43.9844088, -21.7944273 ], [ 43.9851498, -21.7966388 ], [ 43.9858255, -21.7987052 ], [ 43.9862658, -21.8011312 ], [ 43.9871311, -21.8030386 ], [ 43.988436799999988, -21.8073443 ], [ 43.9889224, -21.8091176 ], [ 43.9895757, -21.8117054 ], [ 43.9903248, -21.8139102 ], [ 43.9910202, -21.8159833 ], [ 43.9922085, -21.8180743 ], [ 43.9932703, -21.8199556 ], [ 43.9940596, -21.8219031 ], [ 43.9957427, -21.8238446 ], [ 43.9976316, -21.8279835 ], [ 43.9981808, -21.8298671 ], [ 43.9988539, -21.8323169 ], [ 44.0000529, -21.8343543 ], [ 44.0016318, -21.8359837 ], [ 44.0016044, -21.8360248 ], [ 44.001605399999981, -21.836026 ], [ 44.0016063, -21.8360248 ], [ 43.9991097, -21.8397695 ], [ 43.9966543, -21.8399789 ], [ 43.994420299999987, -21.8408499 ], [ 43.9916957, -21.8415786 ], [ 43.9916109, -21.8415783 ], [ 43.9915462, -21.8416288 ], [ 43.9900219, -21.8429282 ], [ 43.9863273, -21.8458171 ], [ 43.9880699, -21.8472973 ], [ 43.9900497, -21.8489839 ], [ 43.9908982, -21.8496811 ], [ 43.9916054, -21.850265 ], [ 43.992838399999989, -21.8515305 ], [ 43.9938832, -21.8520117 ], [ 43.9964923, -21.852057 ], [ 43.9987168, -21.8520951 ], [ 44.0035504, -21.8524284 ], [ 44.0063544, -21.8523138 ], [ 44.0083284, -21.8522062 ], [ 44.0124953, -21.8508173 ], [ 44.012976, -21.8508008 ], [ 44.0133643, -21.8508548 ], [ 44.0137035, -21.8508593 ], [ 44.01422, -21.8508213 ], [ 44.0146037, -21.8510136 ], [ 44.0148491, -21.8509129 ], [ 44.0148628, -21.8509038 ], [ 44.0149479, -21.8508479 ], [ 44.0153825, -21.8505743 ], [ 44.0140095, -21.8548581 ], [ 44.0122872, -21.8591082 ], [ 44.0112795, -21.8609931 ], [ 44.0099463, -21.8637683 ], [ 44.00842, -21.8669626 ], [ 44.0060401, -21.8723339 ], [ 44.005954599999988, -21.8736365 ], [ 44.0058545, -21.8751613 ], [ 44.0057602, -21.8764693 ], [ 44.0056869, -21.8780403 ], [ 44.0048736, -21.8814247 ], [ 44.0045931, -21.88277 ], [ 44.004225199999986, -21.8844607 ], [ 44.0049509, -21.8888128 ], [ 44.0034111, -21.8951668 ], [ 44.0031623, -21.8967351 ], [ 44.002997, -21.8975503 ], [ 44.002605899999985, -21.8989684 ], [ 44.0035556, -21.9017888 ], [ 44.0036337, -21.9017518 ], [ 44.0042262, -21.9014705 ], [ 44.004986, -21.9011097 ], [ 44.0053055, -21.8999159 ], [ 44.0055687, -21.8995924 ], [ 44.0057661, -21.8991882 ], [ 44.006095099999989, -21.898784 ], [ 44.0065557, -21.898218 ], [ 44.0072795, -21.8974365 ], [ 44.007953, -21.8970175 ], [ 44.0083652, -21.8964662 ], [ 44.0093523, -21.8955769 ], [ 44.0098129, -21.8952535 ], [ 44.0106026, -21.8948762 ], [ 44.0116883, -21.8945259 ], [ 44.0126095, -21.8941486 ], [ 44.013168799999988, -21.8938521 ], [ 44.0144539, -21.8933032 ], [ 44.014781, -21.8930975 ], [ 44.0149454, -21.8929088 ], [ 44.015406, -21.8927201 ], [ 44.0160642, -21.8921812 ], [ 44.0162781, -21.8918848 ], [ 44.0159491, -21.8908967 ], [ 44.0159491, -21.886405 ], [ 44.0162781, -21.8855067 ], [ 44.0164865, -21.8846875 ], [ 44.0165523, -21.8844286 ], [ 44.0166619, -21.8837099 ], [ 44.0165523, -21.8830811 ], [ 44.0166619, -21.8820929 ], [ 44.01666190000001, -21.8812844 ], [ 44.0165523, -21.8806556 ], [ 44.0172102, -21.8800268 ], [ 44.0186359, -21.8790387 ], [ 44.0194036, -21.8786792 ], [ 44.0203907, -21.8786792 ], [ 44.0217068, -21.8783199 ], [ 44.0214874, -21.8773318 ], [ 44.0213778, -21.8767029 ], [ 44.0213778, -21.8755352 ], [ 44.021468, -21.8747219 ], [ 44.0214874, -21.8735589 ], [ 44.021597, -21.8724808 ], [ 44.0221454, -21.8714927 ], [ 44.0225841, -21.8697859 ], [ 44.0225841, -21.8687079 ], [ 44.0229131, -21.8678994 ], [ 44.0229131, -21.8658395 ], [ 44.0229131, -21.8645756 ], [ 44.0234614, -21.8640365 ], [ 44.0237904, -21.8634077 ], [ 44.0237904, -21.8628688 ], [ 44.0249969, -21.861072 ], [ 44.0248872, -21.8596347 ], [ 44.0231325, -21.8570296 ], [ 44.0222551, -21.8564007 ], [ 44.021597, -21.8559515 ], [ 44.0217068, -21.8553227 ], [ 44.0218989, -21.8548901 ], [ 44.0221455, -21.8543345 ], [ 44.0234614, -21.852987 ], [ 44.0243389, -21.8522685 ], [ 44.0254355, -21.8513701 ], [ 44.0260936, -21.8505617 ] ], [ [ 44.0017503, -21.7876307 ], [ 44.0005195, -21.7865489 ], [ 43.9977774, -21.7847518 ], [ 44.0005195, -21.7865488 ], [ 44.0017503, -21.7876307 ] ] ], [ [ [ 43.8278319, -21.6467702 ], [ 43.8277194, -21.6467448 ], [ 43.8276252, -21.6466763 ], [ 43.8275279, -21.6465802 ], [ 43.827305, -21.6464942 ], [ 43.8265429, -21.6464225 ], [ 43.8259302, -21.6465105 ], [ 43.8257041, -21.6464212 ], [ 43.825565, -21.6464234 ], [ 43.8254353, -21.646385 ], [ 43.8250713, -21.6462126 ], [ 43.8249073, -21.6461688 ], [ 43.8248417, -21.646163 ], [ 43.8242796, -21.6460493 ], [ 43.8241986, -21.6461053 ], [ 43.8241548, -21.6462215 ], [ 43.8242175, -21.6462537 ], [ 43.8243854, -21.6462907 ], [ 43.8247104, -21.6464543 ], [ 43.8248376, -21.6464889 ], [ 43.8249492, -21.6465678 ], [ 43.8249693, -21.6466657 ], [ 43.825016799999986, -21.6467052 ], [ 43.8250386, -21.6468324 ], [ 43.8252981, -21.6469366 ], [ 43.8254413, -21.64708 ], [ 43.8256861, -21.6472528 ], [ 43.8258604, -21.6474721 ], [ 43.8260022, -21.6475574 ], [ 43.8262116, -21.6477765 ], [ 43.8264171, -21.6480236 ], [ 43.8266481, -21.6481826 ], [ 43.826873699999986, -21.6484375 ], [ 43.8271138, -21.6487077 ], [ 43.8272792, -21.6490576 ], [ 43.8275667, -21.6495494 ], [ 43.828044, -21.6501585 ], [ 43.8283078, -21.6504041 ], [ 43.828488, -21.6506652 ], [ 43.828821499999989, -21.6510483 ], [ 43.8289694, -21.6513361 ], [ 43.8291946, -21.6515091 ], [ 43.8293016, -21.6516193 ], [ 43.8293186, -21.6515986 ], [ 43.829379, -21.6515775 ], [ 43.8294456, -21.6515763 ], [ 43.8295598, -21.6515337 ], [ 43.82966, -21.6514645 ], [ 43.8298016, -21.6513966 ], [ 43.8304501, -21.6514382 ], [ 43.8306546, -21.6514081 ], [ 43.8308059, -21.651341 ], [ 43.8310049, -21.6511943 ], [ 43.8311576, -21.6511724 ], [ 43.8315586, -21.6512223 ], [ 43.8317833, -21.6511794 ], [ 43.831983199999989, -21.6511586 ], [ 43.8321489, -21.6512191 ], [ 43.8322077, -21.6512606 ], [ 43.832323, -21.6513166 ], [ 43.8323465, -21.6513279 ], [ 43.8324266, -21.6513668 ], [ 43.8324323, -21.6513698 ], [ 43.832603499999983, -21.651461 ], [ 43.8327656, -21.6514793 ], [ 43.8329472, -21.6515199 ], [ 43.8331484, -21.6515811 ], [ 43.8333342, -21.651672 ], [ 43.8334624, -21.6517601 ], [ 43.8337761, -21.6519282 ], [ 43.8339095, -21.652013 ], [ 43.8341271, -21.6521053 ], [ 43.8343217, -21.6522394 ], [ 43.8343695, -21.652277 ], [ 43.8345729, -21.6523786 ], [ 43.8347279, -21.6524727 ], [ 43.8347482, -21.6524642 ], [ 43.8348647, -21.652428 ], [ 43.8351143, -21.6524173 ], [ 43.8355572, -21.6524357 ], [ 43.835657, -21.6524601 ], [ 43.835861, -21.6525495 ], [ 43.8361686, -21.6527339 ], [ 43.8363943, -21.652771 ], [ 43.8365816, -21.6528366 ], [ 43.836672, -21.652882 ], [ 43.8368216, -21.6528993 ], [ 43.8368307, -21.6528807 ], [ 43.8365763, -21.652651 ], [ 43.8363327, -21.652502 ], [ 43.8360302, -21.6522676 ], [ 43.8355067, -21.6517136 ], [ 43.8353595, -21.6514147 ], [ 43.8353899, -21.6510212 ], [ 43.8353331, -21.6507382 ], [ 43.8354023, -21.6501467 ], [ 43.8352596, -21.6499176 ], [ 43.8350566, -21.6497047 ], [ 43.8348827, -21.6494651 ], [ 43.8348788, -21.6494587 ], [ 43.8346151, -21.6491051 ], [ 43.8344403, -21.6484511 ], [ 43.8344341, -21.6482153 ], [ 43.8345257, -21.6479929 ], [ 43.8345404, -21.6477853 ], [ 43.8343807, -21.6477079 ], [ 43.8342962, -21.6476803 ], [ 43.8342441, -21.6476469 ], [ 43.8341584, -21.647609 ], [ 43.8340617, -21.6475874 ], [ 43.834007899999989, -21.6475534 ], [ 43.8339695, -21.647474 ], [ 43.8339127, -21.6474683 ], [ 43.8337011, -21.6475284 ], [ 43.833355, -21.6476556 ], [ 43.833224099999988, -21.6475903 ], [ 43.8329051, -21.6470308 ], [ 43.832809, -21.6469562 ], [ 43.8327346, -21.6468825 ], [ 43.832679, -21.646639 ], [ 43.8326049, -21.6465707 ], [ 43.832358, -21.6466342 ], [ 43.8318248, -21.6471303 ], [ 43.8317514, -21.6473304 ], [ 43.8316526, -21.6473556 ], [ 43.8314253, -21.6474529 ], [ 43.8313214, -21.6474716 ], [ 43.8312526, -21.6474792 ], [ 43.8308912, -21.6474726 ], [ 43.8306121, -21.6474024 ], [ 43.8304504, -21.6473895 ], [ 43.8303038, -21.6473619 ], [ 43.830007, -21.6473498 ], [ 43.8298294, -21.6473024 ], [ 43.8296557, -21.6472196 ], [ 43.8292325, -21.6470673 ], [ 43.8287918, -21.6469596 ], [ 43.828113599999988, -21.6467547 ], [ 43.8278319, -21.6467702 ] ] ], [ [ [ 43.8326916, -21.6414894 ], [ 43.8326099, -21.6414078 ], [ 43.832457, -21.6413252 ], [ 43.8323262, -21.6412082 ], [ 43.8321407, -21.6411462 ], [ 43.8319166, -21.6412258 ], [ 43.831741, -21.6413181 ], [ 43.8314885, -21.6415532 ], [ 43.8313812, -21.6415796 ], [ 43.8312714, -21.6415157 ], [ 43.830955800000012, -21.6414202 ], [ 43.8308228, -21.6413348 ], [ 43.8307778, -21.6410278 ], [ 43.830686, -21.6408807 ], [ 43.8305719, -21.6407477 ], [ 43.8303344, -21.6406633 ], [ 43.8301611, -21.640577 ], [ 43.8300672, -21.6403863 ], [ 43.82985510000001, -21.6402676 ], [ 43.8296004, -21.6399673 ], [ 43.829473, -21.6398997 ], [ 43.8291769, -21.6396376 ], [ 43.829088299999988, -21.6394811 ], [ 43.8289587, -21.639316 ], [ 43.8286861, -21.6390479 ], [ 43.8285335, -21.6390103 ], [ 43.8284097, -21.6389529 ], [ 43.8283009, -21.6388935 ], [ 43.8281303, -21.6389859 ], [ 43.8277655, -21.6392928 ], [ 43.8276128, -21.6393539 ], [ 43.8272595, -21.6395842 ], [ 43.8270947, -21.6397054 ], [ 43.8270167, -21.6397179 ], [ 43.8267555, -21.6399739 ], [ 43.8264523, -21.6403006 ], [ 43.8261966, -21.6404691 ], [ 43.826082600000014, -21.6405648 ], [ 43.8260097, -21.6406091 ], [ 43.8259189, -21.6406771 ], [ 43.8258758, -21.640743 ], [ 43.8258737, -21.6407798 ], [ 43.8259139, -21.6408411 ], [ 43.8259394, -21.64097 ], [ 43.825931, -21.6410596 ], [ 43.8259602, -21.6411855 ], [ 43.8259164, -21.6412371 ], [ 43.8258809, -21.6413327 ], [ 43.8259059, -21.6414301 ], [ 43.8259111, -21.6415022 ], [ 43.82584520000001, -21.6415442 ], [ 43.8258054, -21.6416101 ], [ 43.8257471, -21.6417469 ], [ 43.8256884, -21.641953 ], [ 43.8256466, -21.6420473 ], [ 43.8257104, -21.6421277 ], [ 43.8256777, -21.6422905 ], [ 43.8256658, -21.6424467 ], [ 43.825625, -21.6425201 ], [ 43.825608, -21.6427477 ], [ 43.8254924, -21.6428327 ], [ 43.825398, -21.6429398 ], [ 43.8254313, -21.6430771 ], [ 43.8253096, -21.6431635 ], [ 43.8252268, -21.6433673 ], [ 43.8251667, -21.6433778 ], [ 43.8251171, -21.6434746 ], [ 43.825076099999983, -21.6437194 ], [ 43.8250001, -21.643792 ], [ 43.824925799999981, -21.6440283 ], [ 43.8249029, -21.6440348 ], [ 43.8248819, -21.6440803 ], [ 43.8248508, -21.6441144 ], [ 43.8247725, -21.644163 ], [ 43.8247086, -21.644234 ], [ 43.8246613, -21.6442548 ], [ 43.8246282, -21.6443331 ], [ 43.8245832, -21.6443841 ], [ 43.8245651, -21.644411 ], [ 43.8245798, -21.644468 ], [ 43.8245444, -21.6445114 ], [ 43.824509, -21.6445712 ], [ 43.8244504, -21.6446282 ], [ 43.8244089, -21.6447193 ], [ 43.8243628, -21.6447901 ], [ 43.8243754, -21.6449022 ], [ 43.8243438, -21.6450198 ], [ 43.8243593, -21.6451068 ], [ 43.8243626, -21.6452158 ], [ 43.8244198, -21.6452695 ], [ 43.8244011, -21.645306 ], [ 43.8243815, -21.6453785 ], [ 43.8244103, -21.6454644 ], [ 43.8243621, -21.6455765 ], [ 43.8242858, -21.6456065 ], [ 43.8242569, -21.6456611 ], [ 43.8242539, -21.6456875 ], [ 43.8242658, -21.6457032 ], [ 43.8242613, -21.6457284 ], [ 43.8242828, -21.6457497 ], [ 43.8242926, -21.6457897 ], [ 43.8243433, -21.6458493 ], [ 43.824419, -21.6459101 ], [ 43.824566, -21.6460134 ], [ 43.824686, -21.6460209 ], [ 43.8247769, -21.6460777 ], [ 43.8250713, -21.6461263 ], [ 43.8253398, -21.6462714 ], [ 43.8255408, -21.6463358 ], [ 43.8257076, -21.6463626 ], [ 43.8259275, -21.6464558 ], [ 43.8261655, -21.6464242 ], [ 43.8262684, -21.6463999 ], [ 43.8265249, -21.6463786 ], [ 43.8273646, -21.6464584 ], [ 43.8277991, -21.646674 ], [ 43.8278416, -21.6466956 ], [ 43.8279051, -21.6467094 ], [ 43.8280965, -21.6466789 ], [ 43.8286518, -21.6468507 ], [ 43.8291222, -21.6469689 ], [ 43.8300217, -21.647301 ], [ 43.8302675, -21.6473108 ], [ 43.8306794, -21.647381 ], [ 43.8309385, -21.6474285 ], [ 43.8312368, -21.6474412 ], [ 43.8314181, -21.6474035 ], [ 43.8315416, -21.6473497 ], [ 43.8316892, -21.6472635 ], [ 43.8318436, -21.6470237 ], [ 43.8320548, -21.6468058 ], [ 43.8322862, -21.6466129 ], [ 43.8324035, -21.6465501 ], [ 43.8326503, -21.646483 ], [ 43.8327185, -21.6466379 ], [ 43.8327702, -21.6468715 ], [ 43.832919, -21.6469855 ], [ 43.8331028, -21.64731 ], [ 43.8332139, -21.6474793 ], [ 43.8333016, -21.6475785 ], [ 43.8333981, -21.64759 ], [ 43.833518, -21.6475523 ], [ 43.8336698, -21.6474854 ], [ 43.833932, -21.6474374 ], [ 43.8340033, -21.6474542 ], [ 43.834025, -21.647481 ], [ 43.8340348, -21.64753 ], [ 43.8340596, -21.6475545 ], [ 43.8341486, -21.6475769 ], [ 43.8342051, -21.6475948 ], [ 43.8342867, -21.6476375 ], [ 43.8344293, -21.6476983 ], [ 43.8345556, -21.6477419 ], [ 43.8346138, -21.64792 ], [ 43.8344904, -21.648225 ], [ 43.8344989, -21.6484317 ], [ 43.8346677, -21.6490716 ], [ 43.8349098, -21.6494352 ], [ 43.8350149, -21.6495932 ], [ 43.8351161, -21.6497154 ], [ 43.8352796, -21.6499026 ], [ 43.835313, -21.6499535 ], [ 43.8353321, -21.6499728 ], [ 43.8354804, -21.6498233 ], [ 43.8356582, -21.649514 ], [ 43.835656, -21.6493094 ], [ 43.8356697, -21.6491598 ], [ 43.8358687, -21.649096 ], [ 43.8360489, -21.6490945 ], [ 43.836248, -21.6491143 ], [ 43.8363354, -21.6491116 ], [ 43.8364502, -21.6490675 ], [ 43.8365634, -21.6490397 ], [ 43.8366177, -21.6490795 ], [ 43.8367033, -21.6488917 ], [ 43.8366552, -21.6488414 ], [ 43.8365961, -21.6487463 ], [ 43.8363967, -21.6486101 ], [ 43.8363212, -21.648462 ], [ 43.8362772, -21.6483113 ], [ 43.8362544, -21.6482335 ], [ 43.8361113, -21.6480703 ], [ 43.8361498, -21.6479149 ], [ 43.8364057, -21.6477742 ], [ 43.836538800000014, -21.6476674 ], [ 43.836694, -21.6475238 ], [ 43.8367073, -21.647389 ], [ 43.8369109, -21.6471621 ], [ 43.8370422, -21.6470527 ], [ 43.8371201, -21.6469491 ], [ 43.837215, -21.6468478 ], [ 43.8372395, -21.6466643 ], [ 43.8373255, -21.6464331 ], [ 43.8374149, -21.6462936 ], [ 43.8375394, -21.6462023 ], [ 43.837599, -21.6461475 ], [ 43.8375861, -21.6461086 ], [ 43.8375012, -21.6459755 ], [ 43.8374923, -21.645925 ], [ 43.8373828, -21.6457308 ], [ 43.8372574, -21.6456488 ], [ 43.8372947, -21.6452128 ], [ 43.8373521, -21.6451136 ], [ 43.8373922, -21.6450773 ], [ 43.8374138, -21.6449991 ], [ 43.8374876, -21.6448579 ], [ 43.8374815, -21.6448149 ], [ 43.8375355, -21.6447756 ], [ 43.8375752, -21.6447594 ], [ 43.8376008, -21.6447642 ], [ 43.8375273, -21.6446488 ], [ 43.8375072, -21.6445586 ], [ 43.8375254, -21.6444739 ], [ 43.8375285, -21.6441763 ], [ 43.8375252, -21.6440094 ], [ 43.8374961, -21.6439155 ], [ 43.8374991, -21.6438335 ], [ 43.8374796, -21.6437628 ], [ 43.8374512, -21.64366 ], [ 43.8373859, -21.6435227 ], [ 43.8373138, -21.643459 ], [ 43.83717, -21.6433093 ], [ 43.8371137, -21.6432836 ], [ 43.8369355, -21.6433098 ], [ 43.836746500000011, -21.6433635 ], [ 43.8366713, -21.6433054 ], [ 43.836651499999988, -21.6432774 ], [ 43.8365722, -21.6432153 ], [ 43.8365477, -21.6431437 ], [ 43.8364502, -21.6430826 ], [ 43.8363759, -21.6430953 ], [ 43.8362885, -21.643185 ], [ 43.8362525, -21.6431866 ], [ 43.8362376, -21.6431694 ], [ 43.8361817, -21.643148 ], [ 43.836096, -21.6431496 ], [ 43.8359465, -21.6431501 ], [ 43.8358567, -21.6431491 ], [ 43.8356724, -21.6431798 ], [ 43.8355264, -21.6432122 ], [ 43.8353944, -21.6431579 ], [ 43.8352229, -21.6431314 ], [ 43.8349929, -21.6430741 ], [ 43.8348138, -21.6429773 ], [ 43.8347248, -21.6428864 ], [ 43.8346295, -21.6429115 ], [ 43.834533, -21.6427978 ], [ 43.834466400000011, -21.6427509 ], [ 43.8342202, -21.6426429 ], [ 43.8340834, -21.6424452 ], [ 43.833934299999989, -21.6424074 ], [ 43.8337908, -21.6423064 ], [ 43.8334153, -21.6421131 ], [ 43.8332321, -21.6420752 ], [ 43.8331322, -21.6418872 ], [ 43.8330708, -21.6417583 ], [ 43.8329463, -21.6416141 ], [ 43.8326916, -21.6414894 ] ] ], [ [ [ 43.8138941, -21.6259953 ], [ 43.8153922, -21.6258603 ], [ 43.8162132, -21.6257263 ], [ 43.8179043, -21.6257263 ], [ 43.8188714, -21.6255463 ], [ 43.8201865, -21.6255273 ], [ 43.8208035, -21.6255013 ], [ 43.8213014, -21.6255913 ], [ 43.8218665, -21.6255463 ], [ 43.8223506, -21.6251873 ], [ 43.8226396, -21.6251423 ], [ 43.8226396, -21.6250073 ], [ 43.8213355, -21.6243333 ], [ 43.8204632, -21.6241729 ], [ 43.818919400000013, -21.6241543 ], [ 43.817641599999988, -21.6240899 ], [ 43.8170833, -21.6239743 ], [ 43.8159232, -21.6237043 ], [ 43.8141361, -21.6232103 ], [ 43.8131128, -21.6230469 ], [ 43.811237, -21.6230313 ], [ 43.8087729, -21.6230313 ], [ 43.8079998, -21.6230313 ], [ 43.8064047, -21.6231213 ], [ 43.8056317, -21.6232553 ], [ 43.8049557, -21.6235253 ], [ 43.8042306, -21.6238393 ], [ 43.8039406, -21.6242433 ], [ 43.8037956, -21.6247383 ], [ 43.8040376, -21.6251423 ], [ 43.8044236, -21.6254113 ], [ 43.8049557, -21.6255913 ], [ 43.8054867, -21.6255463 ], [ 43.8063087, -21.6256813 ], [ 43.8080958, -21.6256813 ], [ 43.8090211, -21.6257729 ], [ 43.8099319, -21.6259953 ], [ 43.8112435, -21.6260299 ], [ 43.812348, -21.6259953 ], [ 43.8138941, -21.6259953 ] ] ], [ [ [ 43.8613548, -21.6152996 ], [ 43.8627248, -21.6151606 ], [ 43.8632935, -21.6159894 ], [ 43.8636144, -21.6170222 ], [ 43.8636145, -21.6170226 ], [ 43.8665455, -21.6176867 ], [ 43.866562, -21.6176814 ], [ 43.8695127, -21.6167253 ], [ 43.8705893, -21.6153471 ], [ 43.8723483, -21.6130953 ], [ 43.8724577, -21.6126965 ], [ 43.8744527, -21.6071559 ], [ 43.8745874, -21.6067794 ], [ 43.8755857, -21.6039873 ], [ 43.8758067, -21.6033694 ], [ 43.8758036, -21.6033685 ], [ 43.875753800000012, -21.6033533 ], [ 43.8757395, -21.6033493 ], [ 43.8745979, -21.6030314 ], [ 43.8742164, -21.6029252 ], [ 43.874216499999982, -21.602925 ], [ 43.873370799999989, -21.6026895 ], [ 43.8732781, -21.602595 ], [ 43.8715664, -21.6008505 ], [ 43.8711802, -21.5983429 ], [ 43.8716861, -21.5965714 ], [ 43.8726432, -21.5958651 ], [ 43.8730905, -21.595535 ], [ 43.8731477, -21.5954928 ], [ 43.871822099999989, -21.593869 ], [ 43.8717049, -21.5937255 ], [ 43.8716388, -21.5936812 ], [ 43.8710539, -21.5932894 ], [ 43.870456, -21.5928886 ], [ 43.8686993, -21.5923361 ], [ 43.8660255, -21.5949679 ], [ 43.8639215, -21.5985046 ], [ 43.8638881, -21.5985608 ], [ 43.8628198, -21.6001743 ], [ 43.8628078, -21.6001926 ], [ 43.8633297, -21.6009932 ], [ 43.8625458, -21.6029572 ], [ 43.8623819, -21.6044166 ], [ 43.8623818, -21.6044167 ], [ 43.8623818, -21.6044168 ], [ 43.8606601, -21.6058415 ], [ 43.8585172, -21.6075329 ], [ 43.8586593, -21.6090907 ], [ 43.8594644, -21.6103231 ], [ 43.8594371, -21.611371 ], [ 43.8590538, -21.61241 ], [ 43.8588537, -21.6127775 ], [ 43.8579317, -21.6144704 ], [ 43.8590803, -21.6160195 ], [ 43.8613548, -21.6152996 ] ] ], [ [ [ 43.637776699999989, -21.5618091 ], [ 43.6375913, -21.5611946 ], [ 43.6370921, -21.5603297 ], [ 43.6366747, -21.5599328 ], [ 43.6362585, -21.5592523 ], [ 43.6359041, -21.5586886 ], [ 43.6359037, -21.5586871 ], [ 43.6359035, -21.5586868 ], [ 43.6358124, -21.55834 ], [ 43.6353672, -21.5577686 ], [ 43.6351253, -21.5571054 ], [ 43.6348145, -21.5567428 ], [ 43.634147, -21.5569998 ], [ 43.6334682, -21.5573195 ], [ 43.632404, -21.5577075 ], [ 43.6324036, -21.5577086 ], [ 43.6324035, -21.5577087 ], [ 43.6324032, -21.5577088 ], [ 43.6324036, -21.5577077 ], [ 43.6324027, -21.557708 ], [ 43.6324026, -21.5577081 ], [ 43.6317444, -21.5580627 ], [ 43.6306088, -21.5580514 ], [ 43.629496700000011, -21.5581005 ], [ 43.6292529, -21.5583723 ], [ 43.6270724, -21.5586496 ], [ 43.6260595, -21.5598969 ], [ 43.62541250000001, -21.5605743 ], [ 43.6252768, -21.5607816 ], [ 43.6255379, -21.561322 ], [ 43.6260704, -21.5618907 ], [ 43.626283, -21.5622378 ], [ 43.626699899999984, -21.5627866 ], [ 43.6271174, -21.5634468 ], [ 43.6273714, -21.563697 ], [ 43.627465, -21.5640137 ], [ 43.6284506, -21.564988 ], [ 43.628617599999984, -21.5655161 ], [ 43.6290689, -21.5659495 ], [ 43.6294388, -21.5663517 ], [ 43.6296977, -21.5665552 ], [ 43.6299568, -21.566908 ], [ 43.6301282, -21.5674027 ], [ 43.6304876, -21.5680528 ], [ 43.6306176, -21.5682239 ], [ 43.6307008, -21.568558 ], [ 43.6307965, -21.5687028 ], [ 43.6309191, -21.5689145 ], [ 43.6309705, -21.569509 ], [ 43.6313711, -21.5702755 ], [ 43.6313441, -21.5705936 ], [ 43.6314146, -21.570904 ], [ 43.6316233, -21.5711532 ], [ 43.6318888, -21.5722339 ], [ 43.6321861, -21.5729133 ], [ 43.6320781, -21.5736371 ], [ 43.631821, -21.5741099 ], [ 43.6317274, -21.574398 ], [ 43.6309777, -21.5751937 ], [ 43.6308619, -21.5755636 ], [ 43.6313117, -21.5762039 ], [ 43.6318212, -21.5767053 ], [ 43.632004, -21.5766846 ], [ 43.6327476, -21.5764618 ], [ 43.6333313, -21.576386 ], [ 43.6340623, -21.5760066 ], [ 43.6343975, -21.5759621 ], [ 43.6347436, -21.5758074 ], [ 43.6345965, -21.5756407 ], [ 43.6345823, -21.5755471 ], [ 43.6345229, -21.5754748 ], [ 43.6343111, -21.5754314 ], [ 43.6343871, -21.5752874 ], [ 43.6348284, -21.5749902 ], [ 43.6353046, -21.5746571 ], [ 43.6362046, -21.5745224 ], [ 43.636803, -21.5742592 ], [ 43.63762819999998, -21.5738733 ], [ 43.6381448, -21.5739372 ], [ 43.6390591, -21.5736421 ], [ 43.6394136, -21.5735939 ], [ 43.6397834, -21.5733422 ], [ 43.640134, -21.5732096 ], [ 43.640288, -21.5725888 ], [ 43.6405064, -21.5723112 ], [ 43.6405557, -21.57162 ], [ 43.6406235, -21.5709255 ], [ 43.6405491, -21.5706963 ], [ 43.6405071, -21.5700334 ], [ 43.6403816, -21.5697135 ], [ 43.6401244, -21.5690735 ], [ 43.6401243, -21.5690727 ], [ 43.640123900000013, -21.5690717 ], [ 43.6399639, -21.5684208 ], [ 43.6398376, -21.5681077 ], [ 43.6398375, -21.5681072 ], [ 43.639837, -21.568106 ], [ 43.639775300000011, -21.5677588 ], [ 43.6395663, -21.567089 ], [ 43.6396377, -21.5667475 ], [ 43.6394615, -21.5664303 ], [ 43.6394612, -21.566429 ], [ 43.6394609, -21.5664285 ], [ 43.6393764, -21.5660803 ], [ 43.6394728, -21.5657984 ], [ 43.6391551, -21.565178 ], [ 43.6389153, -21.5649148 ], [ 43.638914700000015, -21.564913 ], [ 43.6387393, -21.5643971 ], [ 43.6387387, -21.5643953 ], [ 43.6385865, -21.5637011 ], [ 43.6382949, -21.5630452 ], [ 43.6380284, -21.5624406 ], [ 43.6377773, -21.5618109 ], [ 43.637777, -21.5618097 ], [ 43.637776699999989, -21.5618091 ] ] ], [ [ [ 43.9039794, -21.5603221 ], [ 43.9052293, -21.5567693 ], [ 43.9016179, -21.5544395 ], [ 43.9013757, -21.5542469 ], [ 43.8962062, -21.5501361 ], [ 43.8959051, -21.5498966 ], [ 43.8956475, -21.5496918 ], [ 43.8956272, -21.5496757 ], [ 43.8958694, -21.5479772 ], [ 43.8958695, -21.547977 ], [ 43.8963605, -21.5470437 ], [ 43.8963639, -21.547042 ], [ 43.8964083, -21.5470199 ], [ 43.8989156, -21.5458987 ], [ 43.8989931, -21.5459304 ], [ 43.908646, -21.5498858 ], [ 43.9086585, -21.5498815 ], [ 43.9094414, -21.5496114 ], [ 43.9155025, -21.5475205 ], [ 43.9178764, -21.546896 ], [ 43.9209669, -21.546701 ], [ 43.9225642, -21.5464495 ], [ 43.9226513, -21.5464358 ], [ 43.9247871, -21.5460996 ], [ 43.927316, -21.5460503 ], [ 43.9283109, -21.5460236 ], [ 43.928311, -21.5460234 ], [ 43.9272967, -21.5418494 ], [ 43.9270185, -21.5407696 ], [ 43.9260839, -21.5371949 ], [ 43.9248982, -21.5329119 ], [ 43.9242339, -21.5313828 ], [ 43.9230512, -21.5286607 ], [ 43.9208113, -21.5240726 ], [ 43.9192823, -21.5212809 ], [ 43.9188457, -21.5204881 ], [ 43.9188363, -21.5204898 ], [ 43.9182878, -21.5201489 ], [ 43.9181255, -21.5200513 ], [ 43.9178178, -21.5198663 ], [ 43.917468, -21.5196559 ], [ 43.9168523, -21.5192857 ], [ 43.9159484, -21.5185649 ], [ 43.9156463, -21.5185368 ], [ 43.9149827, -21.518475 ], [ 43.9138303, -21.5184005 ], [ 43.9114286, -21.5182454 ], [ 43.9093333, -21.5180702 ], [ 43.9075337, -21.5180257 ], [ 43.9047601, -21.51789 ], [ 43.9031989, -21.5178129 ], [ 43.8997755, -21.5176265 ], [ 43.8981056, -21.5175356 ], [ 43.8974035, -21.5174848 ], [ 43.8968276, -21.5174419 ], [ 43.8960216, -21.5173847 ], [ 43.8940109, -21.5172421 ], [ 43.8934568, -21.5172028 ], [ 43.8908299, -21.5170452 ], [ 43.8891862, -21.5170415 ], [ 43.8877981, -21.5170377 ], [ 43.8875085, -21.5170377 ], [ 43.8865911, -21.5170377 ], [ 43.8856356, -21.517027 ], [ 43.8835222, -21.5169582 ], [ 43.8831628, -21.5169478 ], [ 43.8829214, -21.516813 ], [ 43.882342, -21.516813 ], [ 43.8815036, -21.5164788 ], [ 43.8813586, -21.5166248 ], [ 43.8803497, -21.5161751 ], [ 43.8771582, -21.5160177 ], [ 43.874908, -21.5157848 ], [ 43.8733772, -21.5175736 ], [ 43.8704714, -21.5188405 ], [ 43.8674777, -21.5212071 ], [ 43.8653068, -21.523574 ], [ 43.8613087, -21.527591 ], [ 43.8594966, -21.5294297 ], [ 43.8557418, -21.5330954 ], [ 43.8517871, -21.5370846 ], [ 43.8504921, -21.5383364 ], [ 43.8493121, -21.5394772 ], [ 43.8490123, -21.5397522 ], [ 43.848506899999983, -21.5402159 ], [ 43.8482622, -21.5404404 ], [ 43.8476306, -21.54102 ], [ 43.8473752, -21.5412544 ], [ 43.8466611, -21.5419095 ], [ 43.8463418, -21.5422176 ], [ 43.8459838, -21.5425629 ], [ 43.8449688, -21.5435422 ], [ 43.84381960000001, -21.5444854 ], [ 43.8430422, -21.5449374 ], [ 43.8426012, -21.5451906 ], [ 43.8417239, -21.5456802 ], [ 43.8409127, -21.5466863 ], [ 43.8407775, -21.5469378 ], [ 43.840738, -21.5472946 ], [ 43.840738, -21.5472947 ], [ 43.8407831, -21.5473343 ], [ 43.8415147, -21.547925 ], [ 43.8425681, -21.548863 ], [ 43.8435257, -21.5497543 ], [ 43.8439597, -21.5501945 ], [ 43.8447724, -21.5510191 ], [ 43.8460267, -21.5522916 ], [ 43.8494811, -21.5551138 ], [ 43.8520016, -21.5571731 ], [ 43.8534358, -21.558324 ], [ 43.8555343, -21.5599591 ], [ 43.855804, -21.5602081 ], [ 43.8558416, -21.5602279 ], [ 43.8564022, -21.5607183 ], [ 43.8578356, -21.5616985 ], [ 43.8594915, -21.5628308 ], [ 43.860632, -21.5636107 ], [ 43.8616214, -21.5642357 ], [ 43.8638775, -21.5653715 ], [ 43.8673231, -21.5665422 ], [ 43.8744047, -21.5676713 ], [ 43.8772661, -21.5683268 ], [ 43.8782743, -21.5684566 ], [ 43.8823294, -21.5688667 ], [ 43.8911751, -21.5685304 ], [ 43.8912393, -21.5685339 ], [ 43.8964753, -21.5688214 ], [ 43.8965939, -21.5688279 ], [ 43.8978042, -21.5689093 ], [ 43.8986765, -21.5689559 ], [ 43.9011347, -21.5688931 ], [ 43.9018784, -21.5688301 ], [ 43.9019114, -21.5686647 ], [ 43.9019308, -21.5685676 ], [ 43.9019575, -21.5684336 ], [ 43.9019858, -21.5682919 ], [ 43.9025603, -21.5654111 ], [ 43.9039794, -21.5603221 ] ] ], [ [ [ 43.8480913, -21.4573776 ], [ 43.8480731, -21.457314 ], [ 43.8481219, -21.4571467 ], [ 43.8481025, -21.4571153 ], [ 43.8480918, -21.4570648 ], [ 43.8481047, -21.4570379 ], [ 43.8481022, -21.4570167 ], [ 43.8480337, -21.4569109 ], [ 43.8480037, -21.4569132 ], [ 43.8476646, -21.4568787 ], [ 43.8473893, -21.45699 ], [ 43.8471165, -21.4570164 ], [ 43.8465862, -21.4569643 ], [ 43.8460141, -21.4569625 ], [ 43.8458215, -21.4568995 ], [ 43.8455787, -21.4568907 ], [ 43.8454561, -21.4569265 ], [ 43.8448208, -21.45701 ], [ 43.8446182, -21.4569998 ], [ 43.8443146, -21.4571133 ], [ 43.84410290000001, -21.4571958 ], [ 43.8436475, -21.4572222 ], [ 43.8433968, -21.4573611 ], [ 43.8428525, -21.4576492 ], [ 43.842680900000012, -21.4577909 ], [ 43.8422451, -21.4582528 ], [ 43.842092, -21.4583339 ], [ 43.8410195, -21.4592167 ], [ 43.8403816, -21.4597876 ], [ 43.8393555, -21.4599745 ], [ 43.8382819, -21.4600055 ], [ 43.8363973, -21.4601172 ], [ 43.8355345, -21.4602751 ], [ 43.8349889, -21.4602645 ], [ 43.8342607, -21.4603579 ], [ 43.8337005, -21.4603925 ], [ 43.8330408, -21.4605403 ], [ 43.8328434, -21.4604529 ], [ 43.8325149, -21.460429 ], [ 43.8320675, -21.460586 ], [ 43.8318243, -21.460711 ], [ 43.8313698, -21.4608484 ], [ 43.8309354, -21.4608847 ], [ 43.8305334, -21.4610245 ], [ 43.8299482, -21.4611862 ], [ 43.8288226, -21.4612866 ], [ 43.8283019, -21.461253 ], [ 43.8276956, -21.4616433 ], [ 43.8272513, -21.4617159 ], [ 43.826213, -21.4620802 ], [ 43.8254091, -21.4627006 ], [ 43.8247093, -21.4633022 ], [ 43.8243458, -21.463474 ], [ 43.8236065, -21.4639839 ], [ 43.8222613, -21.4645315 ], [ 43.8217387, -21.4646962 ], [ 43.8210657, -21.4646267 ], [ 43.8201374, -21.4647547 ], [ 43.819973, -21.4650658 ], [ 43.819690600000015, -21.4658147 ], [ 43.81944, -21.4661539 ], [ 43.8192787, -21.4666353 ], [ 43.8190454, -21.4670295 ], [ 43.8189338, -21.467795 ], [ 43.8188386, -21.4685966 ], [ 43.8186359, -21.4693516 ], [ 43.8187037, -21.4699898 ], [ 43.8185812, -21.4704505 ], [ 43.8186889, -21.4709761 ], [ 43.8185801, -21.4714274 ], [ 43.8184995, -21.4718793 ], [ 43.8183652, -21.4721092 ], [ 43.8180843, -21.4724274 ], [ 43.8180262, -21.472918 ], [ 43.818088, -21.4732656 ], [ 43.8181666, -21.4735725 ], [ 43.8180642, -21.4740081 ], [ 43.8181182, -21.4743489 ], [ 43.818132, -21.4747106 ], [ 43.817927, -21.475082 ], [ 43.8177358, -21.4754062 ], [ 43.8173527, -21.4757027 ], [ 43.817037, -21.4759134 ], [ 43.8167149, -21.4760128 ], [ 43.8165496, -21.4758016 ], [ 43.8162892, -21.4758195 ], [ 43.816118700000011, -21.4761597 ], [ 43.8158584, -21.4762574 ], [ 43.815709699999985, -21.4763126 ], [ 43.8158483, -21.47651 ], [ 43.8160357, -21.4766975 ], [ 43.8162215, -21.476939 ], [ 43.8160804, -21.4770888 ], [ 43.8160077, -21.4773093 ], [ 43.8160791, -21.4775959 ], [ 43.8158233, -21.4777347 ], [ 43.8156284, -21.4779835 ], [ 43.8155249, -21.4782735 ], [ 43.8155454, -21.4787594 ], [ 43.8155588, -21.4789876 ], [ 43.8153071, -21.4790127 ], [ 43.8152325, -21.4791735 ], [ 43.815073299999987, -21.4791595 ], [ 43.8150202, -21.4792497 ], [ 43.8149177, -21.479203 ], [ 43.814786, -21.4791186 ], [ 43.8147616, -21.4790355 ], [ 43.8146639, -21.4789583 ], [ 43.814612499999988, -21.4790346 ], [ 43.8145296, -21.4790954 ], [ 43.8143877, -21.4792328 ], [ 43.814338500000012, -21.4793497 ], [ 43.814202699999989, -21.4794422 ], [ 43.8140006, -21.4793968 ], [ 43.8138955, -21.4794536 ], [ 43.8136528, -21.4794846 ], [ 43.8135267, -21.479611 ], [ 43.8135235, -21.4799265 ], [ 43.813527, -21.480083 ], [ 43.8134578, -21.4802701 ], [ 43.813345700000013, -21.4803 ], [ 43.8135224, -21.4805395 ], [ 43.8137044, -21.4806018 ], [ 43.8138417, -21.4808209 ], [ 43.8139039, -21.4810232 ], [ 43.8140282, -21.4811159 ], [ 43.8142422, -21.4811893 ], [ 43.814494, -21.4813857 ], [ 43.8147604, -21.4813811 ], [ 43.8148476, -21.4815434 ], [ 43.8148573, -21.4816263 ], [ 43.8149176, -21.4817014 ], [ 43.8150655, -21.4817461 ], [ 43.8151586, -21.4817862 ], [ 43.8152878, -21.4817776 ], [ 43.8154724, -21.4818987 ], [ 43.8156661, -21.4820324 ], [ 43.8157121, -21.4821778 ], [ 43.815755, -21.4822213 ], [ 43.8158338, -21.4822289 ], [ 43.815877, -21.482316 ], [ 43.8159354, -21.4823736 ], [ 43.815943499999989, -21.4824291 ], [ 43.816041399999989, -21.482534 ], [ 43.8160666, -21.4825966 ], [ 43.8161369, -21.4826409 ], [ 43.8162043, -21.4827103 ], [ 43.8163077, -21.4827056 ], [ 43.8163759, -21.4827346 ], [ 43.8164541, -21.4827595 ], [ 43.8165523, -21.4827779 ], [ 43.8166297, -21.482822 ], [ 43.8167907, -21.4829729 ], [ 43.8169048, -21.4830571 ], [ 43.8170407, -21.4830931 ], [ 43.8172011, -21.4831134 ], [ 43.8172943, -21.4830694 ], [ 43.8173927, -21.4830807 ], [ 43.8174615, -21.4830718 ], [ 43.817645, -21.4830953 ], [ 43.8177958, -21.4831372 ], [ 43.8179575, -21.4831496 ], [ 43.8180347, -21.4831095 ], [ 43.8181246, -21.4831148 ], [ 43.8182685, -21.4830901 ], [ 43.8183361, -21.483144 ], [ 43.8183845, -21.4831513 ], [ 43.8184288, -21.4831079 ], [ 43.8185611, -21.4830717 ], [ 43.818652, -21.483007 ], [ 43.8186781, -21.4828753 ], [ 43.8187402, -21.4828352 ], [ 43.8188414, -21.4828338 ], [ 43.8188956, -21.4828818 ], [ 43.8190253, -21.4829373 ], [ 43.8191286, -21.4829344 ], [ 43.8192012, -21.4829155 ], [ 43.8192665, -21.4829536 ], [ 43.8193935, -21.482968 ], [ 43.8194897, -21.4829768 ], [ 43.8196038, -21.4827905 ], [ 43.8198591, -21.4826777 ], [ 43.81998, -21.4825669 ], [ 43.8202349, -21.4826443 ], [ 43.8205063, -21.4826029 ], [ 43.8207228, -21.4826039 ], [ 43.8209203, -21.4826597 ], [ 43.8210807, -21.4826077 ], [ 43.8213426, -21.4826191 ], [ 43.8216216, -21.4826954 ], [ 43.821748, -21.4826736 ], [ 43.8218472, -21.4825666 ], [ 43.8220181, -21.4825683 ], [ 43.8221506, -21.4825305 ], [ 43.8223612, -21.4825722 ], [ 43.8226457, -21.4825773 ], [ 43.8227987, -21.4825488 ], [ 43.8229222, -21.4824638 ], [ 43.8229783, -21.4823851 ], [ 43.8233843, -21.4823378 ], [ 43.8235319, -21.482132 ], [ 43.8238149, -21.4821147 ], [ 43.8239894, -21.48201 ], [ 43.8241319, -21.4820202 ], [ 43.8241915, -21.4819801 ], [ 43.8243685, -21.4820088 ], [ 43.8246023, -21.4820459 ], [ 43.8247096, -21.4820359 ], [ 43.824775699999989, -21.4821502 ], [ 43.8249944, -21.4821909 ], [ 43.8251168, -21.4822057 ], [ 43.8252647, -21.4821051 ], [ 43.8253507, -21.4820789 ], [ 43.8253935, -21.4820228 ], [ 43.8255669, -21.4819468 ], [ 43.8256266, -21.4819363 ], [ 43.8257047, -21.4818924 ], [ 43.8257509, -21.4818378 ], [ 43.8258439, -21.4818495 ], [ 43.8259765, -21.4817557 ], [ 43.826106400000015, -21.4816495 ], [ 43.8261675, -21.4816046 ], [ 43.8262173, -21.4815926 ], [ 43.8262857, -21.4816192 ], [ 43.8263646, -21.4816153 ], [ 43.8264372, -21.4815894 ], [ 43.826509699999988, -21.4815207 ], [ 43.8265323, -21.4814528 ], [ 43.8267006, -21.4812656 ], [ 43.82682, -21.4811866 ], [ 43.826896, -21.4810982 ], [ 43.8269773, -21.4810723 ], [ 43.8270275, -21.4810371 ], [ 43.8271148, -21.4810111 ], [ 43.8271822, -21.4809582 ], [ 43.8273024, -21.4809282 ], [ 43.8273687, -21.4808522 ], [ 43.8274284, -21.4808426 ], [ 43.8275067, -21.4807366 ], [ 43.827563, -21.4807257 ], [ 43.8275555, -21.4807714 ], [ 43.8275677, -21.4807965 ], [ 43.8275888, -21.4808304 ], [ 43.8275966, -21.4808712 ], [ 43.8275676, -21.480947 ], [ 43.8276275, -21.4810558 ], [ 43.8276924, -21.481089 ], [ 43.8277364, -21.4810821 ], [ 43.827796, -21.4811318 ], [ 43.8278497, -21.4811902 ], [ 43.8278892, -21.4812578 ], [ 43.8278823, -21.4813149 ], [ 43.827884, -21.4813751 ], [ 43.8279241, -21.4814194 ], [ 43.8279786, -21.4814366 ], [ 43.8279983, -21.4814899 ], [ 43.82801, -21.481556 ], [ 43.828028499999988, -21.4815257 ], [ 43.8280265, -21.4814411 ], [ 43.8280551, -21.4813792 ], [ 43.8280534, -21.4813078 ], [ 43.8280458, -21.4812459 ], [ 43.8280464, -21.4811827 ], [ 43.8280691, -21.4811182 ], [ 43.8280784, -21.4810855 ], [ 43.8281292, -21.4810445 ], [ 43.8281566, -21.4809753 ], [ 43.8281424, -21.4809187 ], [ 43.8281498, -21.4808754 ], [ 43.8281338, -21.4807925 ], [ 43.8280958, -21.4807253 ], [ 43.8281361, -21.4806632 ], [ 43.8281499, -21.4806325 ], [ 43.8281544, -21.4805729 ], [ 43.828211, -21.480544 ], [ 43.8282532, -21.480516 ], [ 43.828309699999984, -21.4804968 ], [ 43.8283734, -21.4804781 ], [ 43.8283676, -21.4804062 ], [ 43.8284287, -21.4803497 ], [ 43.8284702, -21.4803248 ], [ 43.8284788, -21.480242 ], [ 43.8284764, -21.4801851 ], [ 43.8284729, -21.4801739 ], [ 43.8285084, -21.4801172 ], [ 43.8285273, -21.4800775 ], [ 43.8285474, -21.4800524 ], [ 43.8286027, -21.4800522 ], [ 43.8286668, -21.4800357 ], [ 43.8286938, -21.4800284 ], [ 43.8287416, -21.4800529 ], [ 43.8287942, -21.4800488 ], [ 43.8288199, -21.4800487 ], [ 43.8288465, -21.4800087 ], [ 43.8289046, -21.4799967 ], [ 43.8289878, -21.4799773 ], [ 43.829057, -21.4799605 ], [ 43.8291197, -21.4799156 ], [ 43.8292108, -21.4798638 ], [ 43.8292308, -21.4798342 ], [ 43.8292422, -21.4797683 ], [ 43.8292573, -21.4797037 ], [ 43.8292591, -21.4796141 ], [ 43.8293232, -21.4795581 ], [ 43.8293998, -21.4794976 ], [ 43.8294004, -21.4793598 ], [ 43.829467, -21.4792697 ], [ 43.8294832, -21.4791969 ], [ 43.8295286, -21.4791091 ], [ 43.8294605, -21.479006 ], [ 43.8294422, -21.4788934 ], [ 43.829472, -21.4787633 ], [ 43.8295319, -21.4786226 ], [ 43.8295314, -21.4785667 ], [ 43.8296352, -21.4784754 ], [ 43.829771, -21.4784767 ], [ 43.8299918, -21.4784538 ], [ 43.8300996, -21.4784656 ], [ 43.830261899999982, -21.4784388 ], [ 43.8303375, -21.4784545 ], [ 43.8303818, -21.4785121 ], [ 43.8304581, -21.4785117 ], [ 43.8305594, -21.4785512 ], [ 43.8307068, -21.4785371 ], [ 43.830852, -21.4785414 ], [ 43.8309085, -21.4784879 ], [ 43.8309736, -21.4785211 ], [ 43.831119, -21.4784706 ], [ 43.8311321, -21.4784309 ], [ 43.8311662, -21.4784077 ], [ 43.8311762, -21.4783527 ], [ 43.8312058, -21.4783157 ], [ 43.8312278, -21.4782699 ], [ 43.8312314, -21.4782318 ], [ 43.8312504, -21.4781967 ], [ 43.8313162, -21.4781913 ], [ 43.8313361, -21.478219 ], [ 43.8313633, -21.478215 ], [ 43.8314097, -21.4781943 ], [ 43.831466600000013, -21.4782017 ], [ 43.831512, -21.4782052 ], [ 43.8315566, -21.4782354 ], [ 43.8316047, -21.4782455 ], [ 43.8316524, -21.4782425 ], [ 43.8317197, -21.478243 ], [ 43.8317777, -21.4782263 ], [ 43.8318279, -21.4782476 ], [ 43.8318522, -21.4782937 ], [ 43.8318922, -21.4783203 ], [ 43.831906099999983, -21.4783569 ], [ 43.8319366, -21.4783877 ], [ 43.8319401, -21.4784265 ], [ 43.831953299999988, -21.4784816 ], [ 43.8319211, -21.4784996 ], [ 43.8319674, -21.4786002 ], [ 43.8319488, -21.4786838 ], [ 43.8319647, -21.4788586 ], [ 43.8319929, -21.4788857 ], [ 43.8320641, -21.4788857 ], [ 43.8321277, -21.4788565 ], [ 43.8321579, -21.4788198 ], [ 43.8322426, -21.4787853 ], [ 43.832334599999989, -21.4787843 ], [ 43.8324082, -21.4788009 ], [ 43.8324963, -21.4788579 ], [ 43.832578, -21.4788543 ], [ 43.8326308, -21.478871 ], [ 43.8326058, -21.4789333 ], [ 43.8326315, -21.4789525 ], [ 43.8326772, -21.4789861 ], [ 43.8327178, -21.4790239 ], [ 43.83275, -21.479079 ], [ 43.83279120000001, -21.4791493 ], [ 43.832812700000012, -21.4792256 ], [ 43.832848399999989, -21.4792399 ], [ 43.832828, -21.479252 ], [ 43.8328108, -21.4792637 ], [ 43.8327941, -21.4792857 ], [ 43.8327985, -21.4793479 ], [ 43.8328615, -21.4793852 ], [ 43.8329031, -21.4794275 ], [ 43.8329666, -21.4794696 ], [ 43.83301980000001, -21.4795195 ], [ 43.8330328, -21.4795651 ], [ 43.8330441, -21.4796541 ], [ 43.8330756, -21.4796597 ], [ 43.8331029, -21.4796981 ], [ 43.8330948, -21.4797718 ], [ 43.8331733, -21.4798654 ], [ 43.8332567, -21.47991 ], [ 43.8333124, -21.4799113 ], [ 43.8333929, -21.4799177 ], [ 43.833530700000011, -21.479968 ], [ 43.8335853, -21.479925 ], [ 43.833659700000013, -21.4798896 ], [ 43.8336756, -21.4798348 ], [ 43.8336945, -21.4797923 ], [ 43.8336969, -21.4797317 ], [ 43.8337665, -21.4796633 ], [ 43.8338334, -21.4796093 ], [ 43.8338446, -21.4795821 ], [ 43.833903400000011, -21.4795632 ], [ 43.8339511, -21.4795281 ], [ 43.8339804, -21.4795159 ], [ 43.8340336, -21.4795033 ], [ 43.8340756, -21.4794659 ], [ 43.834155, -21.4795078 ], [ 43.8342238, -21.4794846 ], [ 43.8342735, -21.4794086 ], [ 43.8343567, -21.4793808 ], [ 43.8344331, -21.4793524 ], [ 43.8344772, -21.4793272 ], [ 43.8344886, -21.4792982 ], [ 43.8345334, -21.4792781 ], [ 43.8345892, -21.4792616 ], [ 43.83465060000001, -21.4793074 ], [ 43.83473, -21.4793237 ], [ 43.8347691, -21.4793949 ], [ 43.8347797, -21.4793867 ], [ 43.8347993, -21.4793764 ], [ 43.8347997, -21.4793992 ], [ 43.8348212, -21.4794842 ], [ 43.834806399999984, -21.4795334 ], [ 43.8348231, -21.4795909 ], [ 43.8348208, -21.4796189 ], [ 43.8348823, -21.4797129 ], [ 43.8349018, -21.4796635 ], [ 43.8349242, -21.4796827 ], [ 43.834938, -21.4797066 ], [ 43.8349197, -21.4797187 ], [ 43.834914399999988, -21.4797426 ], [ 43.8349973, -21.4797948 ], [ 43.8350376, -21.4797923 ], [ 43.835088400000011, -21.4798216 ], [ 43.8351458, -21.4798196 ], [ 43.8352002, -21.4798011 ], [ 43.8352312, -21.4797674 ], [ 43.8352651, -21.4797387 ], [ 43.8353323, -21.4797114 ], [ 43.8353827, -21.4797082 ], [ 43.8354187, -21.4796913 ], [ 43.8354552, -21.4796574 ], [ 43.8354961, -21.4796438 ], [ 43.835537, -21.4796571 ], [ 43.8355886, -21.4796804 ], [ 43.835669599999989, -21.4797063 ], [ 43.8357444, -21.4797438 ], [ 43.8358266, -21.4797504 ], [ 43.8359193, -21.4797817 ], [ 43.8360209, -21.4798265 ], [ 43.8360747, -21.4799039 ], [ 43.8360796, -21.4799651 ], [ 43.836042, -21.479982 ], [ 43.836041500000015, -21.4799877 ], [ 43.8360451, -21.4799887 ], [ 43.8361023, -21.4799788 ], [ 43.8361669, -21.4799692 ], [ 43.8362597, -21.4799883 ], [ 43.8363488, -21.4800589 ], [ 43.8364016, -21.4800881 ], [ 43.8365562, -21.4800666 ], [ 43.8365631, -21.4800193 ], [ 43.8365652, -21.4800092 ], [ 43.8366087, -21.4799803 ], [ 43.8367556, -21.4799177 ], [ 43.8367755, -21.4798252 ], [ 43.8368293, -21.4798169 ], [ 43.8369143, -21.4797218 ], [ 43.8369976, -21.4796714 ], [ 43.8370873, -21.4796679 ], [ 43.8372261, -21.4796482 ], [ 43.8372657, -21.4796228 ], [ 43.8372815, -21.4796227 ], [ 43.8372858, -21.4796173 ], [ 43.8373299, -21.4796677 ], [ 43.837406, -21.4797208 ], [ 43.8374845, -21.4796873 ], [ 43.8375506, -21.479667 ], [ 43.8376153, -21.4796799 ], [ 43.8377069, -21.4796867 ], [ 43.8377975, -21.479653 ], [ 43.8378489, -21.479624 ], [ 43.8379086, -21.4796603 ], [ 43.8379572, -21.4796433 ], [ 43.8380127, -21.4796237 ], [ 43.8380699, -21.479638 ], [ 43.8380942, -21.4797025 ], [ 43.8381664, -21.4797288 ], [ 43.8382375, -21.4797376 ], [ 43.8383115, -21.4797581 ], [ 43.838375, -21.4797892 ], [ 43.8384083, -21.4798585 ], [ 43.8384774, -21.4798736 ], [ 43.8385206, -21.4799005 ], [ 43.8385465, -21.4799626 ], [ 43.8385368, -21.4800125 ], [ 43.838538, -21.48002 ], [ 43.8385484, -21.4800207 ], [ 43.8385575, -21.4800011 ], [ 43.8386234, -21.4800094 ], [ 43.838652, -21.4799449 ], [ 43.838658, -21.4799362 ], [ 43.838705099999984, -21.4799106 ], [ 43.8388007, -21.4799065 ], [ 43.8388567, -21.4799233 ], [ 43.8388809, -21.4799379 ], [ 43.8389283, -21.4799565 ], [ 43.8389378, -21.4799653 ], [ 43.8389831, -21.4799824 ], [ 43.839, -21.4799126 ], [ 43.8390783, -21.4799038 ], [ 43.839103200000011, -21.4798949 ], [ 43.8392013, -21.4799173 ], [ 43.8392954, -21.4799242 ], [ 43.8393073, -21.4799523 ], [ 43.8393609, -21.4799767 ], [ 43.8394212, -21.4800341 ], [ 43.8394544, -21.4800393 ], [ 43.8395, -21.4801262 ], [ 43.839534199999989, -21.4801416 ], [ 43.8396155, -21.4801302 ], [ 43.8397612, -21.4800178 ], [ 43.839796299999989, -21.4800118 ], [ 43.8398482, -21.4799647 ], [ 43.8398701, -21.4799525 ], [ 43.8398984, -21.4799238 ], [ 43.8399573, -21.479899 ], [ 43.8400926, -21.4797549 ], [ 43.8402527, -21.4796316 ], [ 43.8404257, -21.4795262 ], [ 43.8404299, -21.4794959 ], [ 43.8404491, -21.4794199 ], [ 43.8404714, -21.4793983 ], [ 43.8404678, -21.4793306 ], [ 43.8404971, -21.4792318 ], [ 43.840497, -21.4791495 ], [ 43.8405095, -21.4790862 ], [ 43.8405532, -21.4790546 ], [ 43.8405903, -21.4790047 ], [ 43.8406005, -21.4789409 ], [ 43.8406203, -21.4788959 ], [ 43.840647, -21.4788112 ], [ 43.8406306, -21.4787882 ], [ 43.8405962, -21.4787768 ], [ 43.8405522, -21.4787898 ], [ 43.8405668, -21.4787661 ], [ 43.8405809, -21.4787531 ], [ 43.8406168, -21.4787411 ], [ 43.8406667, -21.4787767 ], [ 43.8408216, -21.4787627 ], [ 43.840976, -21.4787258 ], [ 43.8410688, -21.4787004 ], [ 43.8411429, -21.4786765 ], [ 43.841179, -21.4786651 ], [ 43.8411912, -21.4787605 ], [ 43.8412634, -21.4788471 ], [ 43.8414147, -21.4787189 ], [ 43.8416941, -21.4785105 ], [ 43.841799, -21.4784615 ], [ 43.8419349, -21.4784246 ], [ 43.842039400000012, -21.4782766 ], [ 43.8422216, -21.4781273 ], [ 43.8423532, -21.4779786 ], [ 43.8425591, -21.4778389 ], [ 43.8427134, -21.477709 ], [ 43.8429504, -21.4775141 ], [ 43.8430335, -21.4775515 ], [ 43.8431542, -21.4776059 ], [ 43.84319150000001, -21.4776942 ], [ 43.8431686, -21.4777964 ], [ 43.8431379, -21.4778664 ], [ 43.8430337, -21.4779541 ], [ 43.8430236, -21.4779854 ], [ 43.8430635, -21.4781332 ], [ 43.8430489, -21.4782796 ], [ 43.8430717, -21.478401 ], [ 43.8430619, -21.4785004 ], [ 43.8431012, -21.4785119 ], [ 43.8431489, -21.4786165 ], [ 43.8432782, -21.4786219 ], [ 43.8433304, -21.4787045 ], [ 43.8433791, -21.4787094 ], [ 43.8434299, -21.478784 ], [ 43.843529499999988, -21.4787506 ], [ 43.8436329, -21.478665 ], [ 43.8437192, -21.4786838 ], [ 43.8437821, -21.478738 ], [ 43.8438919, -21.4787397 ], [ 43.8439327, -21.4787209 ], [ 43.8440319, -21.4787591 ], [ 43.8440762, -21.478791 ], [ 43.8441209, -21.478849 ], [ 43.8441907, -21.4788715 ], [ 43.8442158, -21.4789111 ], [ 43.8443039, -21.4789722 ], [ 43.8443896, -21.4790956 ], [ 43.8445001, -21.4792188 ], [ 43.8445675, -21.4792181 ], [ 43.8446651, -21.4791856 ], [ 43.8447733, -21.4790876 ], [ 43.8449161, -21.4789026 ], [ 43.845017, -21.4787896 ], [ 43.8452584, -21.4785817 ], [ 43.8453185, -21.4785562 ], [ 43.8454719, -21.4784065 ], [ 43.8455314, -21.4782414 ], [ 43.8457969, -21.4779078 ], [ 43.8458827, -21.4778007 ], [ 43.8459909, -21.4776231 ], [ 43.8461628, -21.4774439 ], [ 43.846482, -21.4770079 ], [ 43.8466968, -21.4768508 ], [ 43.8467069, -21.4767419 ], [ 43.846454699999988, -21.4766608 ], [ 43.8463378, -21.4763269 ], [ 43.8461912, -21.4761395 ], [ 43.846111699999987, -21.4758744 ], [ 43.8461246, -21.4757616 ], [ 43.8459984, -21.4756508 ], [ 43.8459885, -21.4755093 ], [ 43.8459148, -21.4754366 ], [ 43.845762199999989, -21.4753406 ], [ 43.8461636, -21.4749926 ], [ 43.8464933, -21.474703 ], [ 43.8465593, -21.4744777 ], [ 43.8465758, -21.4741738 ], [ 43.8464585, -21.474135 ], [ 43.8463946, -21.473974 ], [ 43.8463138, -21.473958 ], [ 43.846187300000011, -21.4738576 ], [ 43.8462056, -21.4736322 ], [ 43.8462463, -21.4736046 ], [ 43.8465116, -21.4736644 ], [ 43.8466428, -21.4736743 ], [ 43.8467292, -21.4736127 ], [ 43.8468359, -21.4736244 ], [ 43.8470007, -21.4736073 ], [ 43.8470394, -21.4735393 ], [ 43.8470587, -21.4734533 ], [ 43.8470377, -21.4733756 ], [ 43.8471007, -21.473233 ], [ 43.8471157, -21.4731145 ], [ 43.847027399999988, -21.4729606 ], [ 43.8470411, -21.4728535 ], [ 43.8471293, -21.4728108 ], [ 43.847078499999981, -21.4727577 ], [ 43.8471198, -21.4726411 ], [ 43.8471675, -21.472579 ], [ 43.8472033, -21.4725046 ], [ 43.8473151, -21.472551 ], [ 43.8473871, -21.4725683 ], [ 43.8475128, -21.4725699 ], [ 43.8475594, -21.4726215 ], [ 43.8476644, -21.4726906 ], [ 43.8477695, -21.4727314 ], [ 43.8478286, -21.4727244 ], [ 43.8478515, -21.4727697 ], [ 43.8479318, -21.4727887 ], [ 43.8480581, -21.472724 ], [ 43.848135, -21.4727092 ], [ 43.8481917, -21.4726862 ], [ 43.8482057, -21.4726313 ], [ 43.8482585, -21.4726374 ], [ 43.8483358, -21.4726095 ], [ 43.8483855, -21.4725997 ], [ 43.8483929, -21.4725779 ], [ 43.8484409, -21.4725218 ], [ 43.8485022, -21.4724397 ], [ 43.8486106, -21.4722904 ], [ 43.8486641, -21.4721992 ], [ 43.8487052, -21.4721452 ], [ 43.8487721, -21.4720941 ], [ 43.8488077, -21.471995 ], [ 43.8488453, -21.4719522 ], [ 43.8488862, -21.4718065 ], [ 43.8488121, -21.4716764 ], [ 43.848775, -21.4716131 ], [ 43.8488265, -21.4715562 ], [ 43.8488288, -21.4714002 ], [ 43.8488078, -21.4713528 ], [ 43.8488028, -21.4713028 ], [ 43.8489196, -21.4712514 ], [ 43.8489962, -21.4712412 ], [ 43.8490507, -21.4712712 ], [ 43.8491005, -21.471345 ], [ 43.8491902, -21.4713587 ], [ 43.8492114, -21.4713922 ], [ 43.8492878, -21.4714305 ], [ 43.8494418, -21.4713698 ], [ 43.849505, -21.4713184 ], [ 43.8495116, -21.4712964 ], [ 43.8494656, -21.4712548 ], [ 43.8494324, -21.4711793 ], [ 43.8493522, -21.4710446 ], [ 43.8494391, -21.4709176 ], [ 43.8495023, -21.4709096 ], [ 43.8495836, -21.4708842 ], [ 43.8497708, -21.4708926 ], [ 43.849918, -21.4707911 ], [ 43.8499335, -21.4706987 ], [ 43.8499962, -21.470552 ], [ 43.8500489, -21.4701619 ], [ 43.8500956, -21.469666 ], [ 43.849948, -21.469545 ], [ 43.8498847, -21.469397 ], [ 43.8495775, -21.4691686 ], [ 43.8495516, -21.4690685 ], [ 43.8495957, -21.4688387 ], [ 43.8496999, -21.4686581 ], [ 43.8497655, -21.4685621 ], [ 43.8497186, -21.4685043 ], [ 43.8497904, -21.4683922 ], [ 43.8497663, -21.4682614 ], [ 43.8496148, -21.4681338 ], [ 43.8497467, -21.4680785 ], [ 43.8497418, -21.4680195 ], [ 43.8497664, -21.4679208 ], [ 43.8497679, -21.4678523 ], [ 43.8498052, -21.4677588 ], [ 43.8498141, -21.4676855 ], [ 43.8498162, -21.4675741 ], [ 43.8498124, -21.4674697 ], [ 43.8497515, -21.4674194 ], [ 43.8497882, -21.4672966 ], [ 43.8497292, -21.4672869 ], [ 43.8496608, -21.4672574 ], [ 43.8496232, -21.4672174 ], [ 43.8495944, -21.4672256 ], [ 43.8495336, -21.467219 ], [ 43.8494911, -21.4671595 ], [ 43.8494287, -21.4671576 ], [ 43.8493696, -21.467175 ], [ 43.8492417, -21.467158 ], [ 43.849201, -21.4671075 ], [ 43.848941, -21.4670449 ], [ 43.848904399999988, -21.4670601 ], [ 43.8488708, -21.4670292 ], [ 43.8488102, -21.4670285 ], [ 43.848794, -21.4669067 ], [ 43.8487439, -21.4668884 ], [ 43.8486806, -21.4668398 ], [ 43.8486788, -21.4667269 ], [ 43.8487024, -21.4666896 ], [ 43.8487184, -21.4665908 ], [ 43.8486571, -21.466521 ], [ 43.848617, -21.466468 ], [ 43.8485051, -21.4664016 ], [ 43.8484891, -21.466345 ], [ 43.8483712, -21.466312 ], [ 43.8483361, -21.4661506 ], [ 43.848365, -21.4659926 ], [ 43.8481992, -21.4658569 ], [ 43.8480994, -21.4658223 ], [ 43.848048700000014, -21.4657339 ], [ 43.8481161, -21.4656198 ], [ 43.8481452, -21.4654993 ], [ 43.8480962, -21.4654328 ], [ 43.8479978, -21.4653742 ], [ 43.8479462, -21.4654277 ], [ 43.8478468, -21.4655062 ], [ 43.8477377, -21.4655935 ], [ 43.847680600000011, -21.4656635 ], [ 43.8475488, -21.4656939 ], [ 43.8473664, -21.4658625 ], [ 43.8472775, -21.4659263 ], [ 43.8472141, -21.4659306 ], [ 43.8470958, -21.4658577 ], [ 43.8470174, -21.4658363 ], [ 43.8469633, -21.4657924 ], [ 43.8468568, -21.4657567 ], [ 43.8468068, -21.4656462 ], [ 43.8467317, -21.4655669 ], [ 43.846623, -21.4655284 ], [ 43.846564, -21.4654447 ], [ 43.8465482, -21.4653479 ], [ 43.8464183, -21.4653828 ], [ 43.8463027, -21.4653331 ], [ 43.846209299999984, -21.4652008 ], [ 43.8458992, -21.4648808 ], [ 43.8458386, -21.4647402 ], [ 43.8458187, -21.464701 ], [ 43.8457578, -21.4646597 ], [ 43.8457316, -21.4646086 ], [ 43.8457174, -21.4645482 ], [ 43.845729, -21.4645067 ], [ 43.8457544, -21.4644746 ], [ 43.8457449, -21.464445 ], [ 43.8457556, -21.4643793 ], [ 43.845785600000013, -21.4643321 ], [ 43.8457895, -21.464291 ], [ 43.8457716, -21.4642546 ], [ 43.8457843, -21.4642213 ], [ 43.845747, -21.4641923 ], [ 43.8457351, -21.4641591 ], [ 43.8456994, -21.4641535 ], [ 43.8456658, -21.464131 ], [ 43.8456692, -21.4640503 ], [ 43.8456323, -21.4640076 ], [ 43.8456346, -21.4638753 ], [ 43.8455997, -21.4638135 ], [ 43.8455599, -21.4637737 ], [ 43.8455544, -21.4637441 ], [ 43.8455278, -21.4636951 ], [ 43.845484, -21.4636645 ], [ 43.8454619, -21.4636302 ], [ 43.8454609, -21.4635828 ], [ 43.8454464, -21.463523 ], [ 43.8454262, -21.463512 ], [ 43.8454366, -21.4634651 ], [ 43.8455038, -21.4634637 ], [ 43.8455431, -21.4634444 ], [ 43.8455824, -21.4634321 ], [ 43.8456251, -21.4634046 ], [ 43.8456539, -21.4633647 ], [ 43.8457516, -21.4634071 ], [ 43.8458129, -21.4633645 ], [ 43.8458311, -21.4633411 ], [ 43.8458968, -21.463345 ], [ 43.845975, -21.463309 ], [ 43.8459922, -21.4631904 ], [ 43.846010299999989, -21.4631375 ], [ 43.8460062, -21.4630071 ], [ 43.845954, -21.4629649 ], [ 43.8459518, -21.4629376 ], [ 43.8458915, -21.4628507 ], [ 43.8459028, -21.4627864 ], [ 43.8458762, -21.4626093 ], [ 43.8457522, -21.4625856 ], [ 43.8457104, -21.4625939 ], [ 43.8454783, -21.4624802 ], [ 43.8454828, -21.4624257 ], [ 43.8456105, -21.4623924 ], [ 43.8456558, -21.4623039 ], [ 43.8457729, -21.4622147 ], [ 43.8458272, -21.4621669 ], [ 43.8459251, -21.4621585 ], [ 43.8459946, -21.4621392 ], [ 43.846126, -21.4621413 ], [ 43.8462046, -21.4620925 ], [ 43.8462459, -21.4620519 ], [ 43.8463051, -21.46202 ], [ 43.8463604, -21.4620334 ], [ 43.8465262, -21.461981 ], [ 43.846588, -21.4620118 ], [ 43.8466444, -21.4619999 ], [ 43.846728, -21.4620009 ], [ 43.8467908, -21.4620247 ], [ 43.8468743, -21.4621104 ], [ 43.8469672, -21.4620729 ], [ 43.8469762, -21.4620036 ], [ 43.8469852, -21.4619233 ], [ 43.846959, -21.4618438 ], [ 43.8469685, -21.4617698 ], [ 43.8469953, -21.4617284 ], [ 43.8471261, -21.4617037 ], [ 43.847224, -21.4615254 ], [ 43.847215399999989, -21.4614077 ], [ 43.8472414, -21.4611938 ], [ 43.8471221, -21.4611088 ], [ 43.8471129, -21.4609719 ], [ 43.8471907, -21.4607578 ], [ 43.8472101, -21.4606396 ], [ 43.84715, -21.4605141 ], [ 43.8472504, -21.460342 ], [ 43.8472587, -21.4603098 ], [ 43.8473147, -21.4602567 ], [ 43.8474151, -21.460102 ], [ 43.8473949, -21.4600429 ], [ 43.8473642, -21.4600338 ], [ 43.847436, -21.4599591 ], [ 43.8474866, -21.4599284 ], [ 43.8475473, -21.4599095 ], [ 43.8475641, -21.4598284 ], [ 43.847546799999989, -21.4597928 ], [ 43.84745, -21.4597113 ], [ 43.8473968, -21.4597167 ], [ 43.8473773, -21.459694 ], [ 43.8473835, -21.4596221 ], [ 43.8474421, -21.4595559 ], [ 43.8474098, -21.4594139 ], [ 43.8473617, -21.4593337 ], [ 43.8473539, -21.4593208 ], [ 43.847367, -21.4592353 ], [ 43.8473631, -21.4591777 ], [ 43.8473289, -21.4591153 ], [ 43.847347899999988, -21.4590558 ], [ 43.8473517, -21.4590333 ], [ 43.847385, -21.4589734 ], [ 43.8474478, -21.4589395 ], [ 43.8475, -21.4589552 ], [ 43.8475684, -21.4589561 ], [ 43.8476193, -21.4589455 ], [ 43.84769, -21.4588313 ], [ 43.847684, -21.4587437 ], [ 43.8476609, -21.4586842 ], [ 43.8476654, -21.4586356 ], [ 43.847752, -21.4585852 ], [ 43.8477882, -21.458492 ], [ 43.8478887, -21.4584324 ], [ 43.8479206, -21.4583868 ], [ 43.8479746, -21.4583361 ], [ 43.848008, -21.45824 ], [ 43.8480062, -21.458217 ], [ 43.8479776, -21.4581834 ], [ 43.8479275, -21.458175 ], [ 43.8479659, -21.4581057 ], [ 43.8479788, -21.45796 ], [ 43.8480656, -21.457911 ], [ 43.848082, -21.4578629 ], [ 43.8481145, -21.4577583 ], [ 43.8481254, -21.4575565 ], [ 43.8481202, -21.4575135 ], [ 43.8480852, -21.4574506 ], [ 43.8480913, -21.4573776 ] ] ], [ [ [ 43.8032007, -21.4461203 ], [ 43.815005, -21.4475057 ], [ 43.823684, -21.4485609 ], [ 43.8435847, -21.4509734 ], [ 43.860046399999987, -21.4529357 ], [ 43.860094799999985, -21.4529415 ], [ 43.8601339, -21.4529461 ], [ 43.8771686, -21.4227973 ], [ 43.8809012, -21.3960036 ], [ 43.8817441, -21.3896934 ], [ 43.8818035, -21.3892486 ], [ 43.8818136, -21.3891737 ], [ 43.8822898, -21.3856509 ], [ 43.8873921, -21.3484993 ], [ 43.8902453, -21.3281587 ], [ 43.8903278, -21.3275575 ], [ 43.8903229, -21.3275555 ], [ 43.8730311, -21.3300607 ], [ 43.8498495, -21.3335938 ], [ 43.8522568, -21.3511098 ], [ 43.854387, -21.3662312 ], [ 43.8559418, -21.3777584 ], [ 43.8569002, -21.3868862 ], [ 43.8531466, -21.3892035 ], [ 43.8494597, -21.3915153 ], [ 43.8427069, -21.3957496 ], [ 43.8261748, -21.4061764 ], [ 43.8176299, -21.4114952 ], [ 43.8048442, -21.419491099999988 ], [ 43.7937708, -21.4263867 ], [ 43.7824128, -21.4330853 ], [ 43.7787689, -21.4352344 ], [ 43.774633, -21.4383037 ], [ 43.7737316, -21.4389662 ], [ 43.7720058, -21.4402534 ], [ 43.7695296, -21.442091 ], [ 43.7826267, -21.4436676 ], [ 43.8032007, -21.4461203 ] ] ], [ [ [ 43.7322577, -21.3025475 ], [ 43.7321417, -21.3023317 ], [ 43.7320219, -21.3021089 ], [ 43.7318959, -21.3018745 ], [ 43.7314534, -21.30188 ], [ 43.731162, -21.3020767 ], [ 43.730668699999988, -21.3022562 ], [ 43.7302919, -21.3023934 ], [ 43.7297869, -21.3025532 ], [ 43.7292204, -21.3026212 ], [ 43.7290324, -21.302478 ], [ 43.7288798, -21.3023403 ], [ 43.7287293, -21.3022013 ], [ 43.7286122, -21.3020323 ], [ 43.7284254, -21.3017468 ], [ 43.7281684, -21.3015148 ], [ 43.7279971, -21.3013042 ], [ 43.7276865, -21.300977 ], [ 43.7272273, -21.300566 ], [ 43.7266181, -21.2999736 ], [ 43.7264872, -21.300026 ], [ 43.7263301, -21.3000889 ], [ 43.7261689, -21.3001535 ], [ 43.725898, -21.3006919 ], [ 43.725916399999981, -21.3008255 ], [ 43.7258934, -21.3012643 ], [ 43.7256257, -21.301742 ], [ 43.725456, -21.3019918 ], [ 43.7252566, -21.3022554 ], [ 43.7249739, -21.3026339 ], [ 43.724827, -21.3028631 ], [ 43.724736299999989, -21.3029989 ], [ 43.724609699999988, -21.3032777 ], [ 43.7245889, -21.3035984 ], [ 43.7245792, -21.3037474 ], [ 43.7246985, -21.3041693 ], [ 43.724905, -21.3046017 ], [ 43.7253343, -21.3053902 ], [ 43.7260403, -21.3059771 ], [ 43.7265453, -21.3063969 ], [ 43.727814, -21.307134 ], [ 43.7284586, -21.3075023 ], [ 43.7296543, -21.3081166 ], [ 43.7301791, -21.3083724 ], [ 43.730586, -21.3085583 ], [ 43.7310536, -21.3085843 ], [ 43.7315227, -21.3084752 ], [ 43.7319088, -21.3081957 ], [ 43.7321363, -21.3079275 ], [ 43.7323087, -21.3076512 ], [ 43.7325102, -21.3073097 ], [ 43.7326311, -21.3070431 ], [ 43.732662, -21.3063741 ], [ 43.7326003, -21.3058724 ], [ 43.732619, -21.3053404 ], [ 43.7325549, -21.3049715 ], [ 43.7326189, -21.3048445 ], [ 43.732642100000014, -21.3045423 ], [ 43.73274, -21.3042192 ], [ 43.7328364, -21.3040563 ], [ 43.7329704, -21.3039036 ], [ 43.7334843, -21.3036777 ], [ 43.7336427, -21.3034341 ], [ 43.7335945, -21.3033865 ], [ 43.7332712, -21.3031988 ], [ 43.7328824, -21.3030093 ], [ 43.732753, -21.3029253 ], [ 43.7325611, -21.3028211 ], [ 43.7324005, -21.3026962 ], [ 43.7322577, -21.3025475 ] ] ], [ [ [ 43.6858495, -21.2847435 ], [ 43.6855448, -21.2851668 ], [ 43.6852829, -21.2854579 ], [ 43.6849257, -21.2858912 ], [ 43.6845864, -21.2861587 ], [ 43.6842081, -21.2864148 ], [ 43.6842246, -21.2867786 ], [ 43.6850015, -21.2910558 ], [ 43.6929148, -21.2960061 ], [ 43.6967085, -21.2983794 ], [ 43.6968451, -21.2981509 ], [ 43.6969617, -21.2979559 ], [ 43.6971703, -21.2970949 ], [ 43.6973917, -21.2965842 ], [ 43.6976763, -21.2956125 ], [ 43.6978779, -21.2949084 ], [ 43.6979661, -21.2946987 ], [ 43.6984115, -21.294156 ], [ 43.6989849, -21.293728 ], [ 43.6992946, -21.2933594 ], [ 43.6994171, -21.2931324 ], [ 43.6996955, -21.2928814 ], [ 43.6999866, -21.2925707 ], [ 43.700134, -21.2923116 ], [ 43.7004039, -21.2922496 ], [ 43.701150399999982, -21.2920472 ], [ 43.7020715, -21.2918724 ], [ 43.7033811, -21.2915368 ], [ 43.7040539, -21.29146 ], [ 43.7047129, -21.2911144 ], [ 43.7049963, -21.2910321 ], [ 43.7058331, -21.290389 ], [ 43.7066329, -21.2896889 ], [ 43.7071677, -21.2890817 ], [ 43.7076317, -21.2884178 ], [ 43.7077687, -21.2881149 ], [ 43.7080497, -21.2878038 ], [ 43.7082835, -21.2874705 ], [ 43.7087246, -21.2865896 ], [ 43.7088557, -21.2862435 ], [ 43.7090994, -21.2849455 ], [ 43.7091803, -21.2833743 ], [ 43.7091672, -21.2824374 ], [ 43.7088183, -21.2806562 ], [ 43.7086714, -21.2795375 ], [ 43.7084231, -21.2783442 ], [ 43.7077932, -21.2763302 ], [ 43.707352400000012, -21.275706 ], [ 43.7069079, -21.2745878 ], [ 43.7063251, -21.2737187 ], [ 43.7058765, -21.2730424 ], [ 43.7053113, -21.2719478 ], [ 43.7049082, -21.2711977 ], [ 43.704359, -21.2705263 ], [ 43.7035785, -21.2698363 ], [ 43.703198, -21.269514 ], [ 43.7027505, -21.2691981 ], [ 43.7024283, -21.269019 ], [ 43.7020067, -21.268862 ], [ 43.7016173, -21.2688116 ], [ 43.7012103, -21.2688956 ], [ 43.7007454, -21.2690704 ], [ 43.700351599999983, -21.2693073 ], [ 43.6995554, -21.2699072 ], [ 43.6988462, -21.2704027 ], [ 43.6984047, -21.2711191 ], [ 43.6980681, -21.2713678 ], [ 43.6978081, -21.2715271 ], [ 43.6960103, -21.2744818 ], [ 43.6960075, -21.2744862 ], [ 43.6957934, -21.2748384 ], [ 43.6957098, -21.2749556 ], [ 43.6950921, -21.2758221 ], [ 43.6941574, -21.277185 ], [ 43.691301, -21.2792949 ], [ 43.689922399999986, -21.2803121 ], [ 43.6889311, -21.2811463 ], [ 43.6882352, -21.2817187 ], [ 43.687555, -21.2822784 ], [ 43.6869841, -21.2829811 ], [ 43.6863253, -21.2839875 ], [ 43.6858495, -21.2847435 ] ] ] ] } }
]
}
