{
"type": "FeatureCollection",
"name": "MDG-555697910-NODATE-secondary_zoning-001",
"crs": { "type": "name", "properties": { "name": "urn:ogc:def:crs:OGC:1.3:CRS84" } },
"features": [
{ "type": "Feature", "properties": { }, "geometry": { "type": "MultiPolygon", "coordinates": [ [ [ [ 49.171402, -13.1522382 ], [ 49.1712789, -13.1520785 ], [ 49.1708854, -13.1527872 ], [ 49.1695847, -13.1530914 ], [ 49.1685635, -13.1536648 ], [ 49.1679924, -13.1538963 ], [ 49.1677428, -13.1538594 ], [ 49.167669, -13.1542328 ], [ 49.1672993, -13.1547188 ], [ 49.1669082, -13.1548183 ], [ 49.1664932, -13.1547367 ], [ 49.1660119, -13.1548975 ], [ 49.1657641, -13.1552057 ], [ 49.1661786, -13.1554557 ], [ 49.1667135, -13.1554383 ], [ 49.1669873, -13.1560611 ], [ 49.1670969, -13.1566057 ], [ 49.1670626, -13.1568434 ], [ 49.1665613, -13.15701 ], [ 49.1661303, -13.1569733 ], [ 49.1655183, -13.1569623 ], [ 49.1650664, -13.1570589 ], [ 49.1654114, -13.1576799 ], [ 49.1653748, -13.1580863 ], [ 49.165931, -13.1582263 ], [ 49.1665981, -13.1581616 ], [ 49.1667518, -13.1586376 ], [ 49.1665566, -13.1589102 ], [ 49.16619630000001, -13.1591841 ], [ 49.1657652, -13.1593212 ], [ 49.1654051, -13.1594585 ], [ 49.165186200000015, -13.1598364 ], [ 49.1651831, -13.16018 ], [ 49.1652119, -13.160593 ], [ 49.1653812, -13.1610066 ], [ 49.165924300000015, -13.160867 ], [ 49.1663993, -13.1606586 ], [ 49.1669326, -13.1602465 ], [ 49.1675286, -13.1598011 ], [ 49.1680582, -13.1593554 ], [ 49.168516, -13.1588413 ], [ 49.169004, -13.1582922 ], [ 49.1695916, -13.1578441 ], [ 49.1695946, -13.1574669 ], [ 49.1692108, -13.1571248 ], [ 49.168839800000015, -13.1570266 ], [ 49.1686025, -13.1568923 ], [ 49.16839370000001, -13.1564484 ], [ 49.1690058, -13.1561322 ], [ 49.1694217, -13.1563009 ], [ 49.1698768, -13.1563681 ], [ 49.170097200000015, -13.155892 ], [ 49.170414, -13.1555833 ], [ 49.1704526, -13.1551398 ], [ 49.1702118, -13.1548011 ], [ 49.1701379, -13.1544902 ], [ 49.1701347, -13.1542137 ], [ 49.1701703, -13.1538712 ], [ 49.170593, -13.1537344 ], [ 49.1707723, -13.153395 ], [ 49.170953600000011, -13.1529216 ], [ 49.1708491, -13.1528884 ], [ 49.1711345, -13.1524491 ], [ 49.1713126, -13.1521791 ], [ 49.171402, -13.1522382 ] ] ], [ [ [ 49.173697, -13.1533369 ], [ 49.1734515, -13.1530299 ], [ 49.1730969, -13.1526814 ], [ 49.1727444, -13.1524057 ], [ 49.1725357, -13.15217 ], [ 49.1721494, -13.1523757 ], [ 49.1718336, -13.1524788 ], [ 49.1716744, -13.1524182 ], [ 49.1718678, -13.152546 ], [ 49.1718636, -13.1530536 ], [ 49.1720846, -13.1534434 ], [ 49.1722343, -13.1539675 ], [ 49.1719101, -13.1541279 ], [ 49.171583699999985, -13.1540825 ], [ 49.1712938, -13.154554 ], [ 49.1711512, -13.1549985 ], [ 49.1716913, -13.155043 ], [ 49.1719449, -13.1551525 ], [ 49.1720824, -13.1554917 ], [ 49.1720067, -13.1557952 ], [ 49.1715423, -13.1559957 ], [ 49.1711866, -13.1564051 ], [ 49.1709041, -13.1567136 ], [ 49.1705835, -13.1570554 ], [ 49.1706203, -13.1573649 ], [ 49.170871, -13.1575377 ], [ 49.1710473, -13.1578807 ], [ 49.1711842, -13.1581199 ], [ 49.1715346, -13.1582568 ], [ 49.172067, -13.1576057 ], [ 49.1724903, -13.1571599 ], [ 49.173018, -13.1568163 ], [ 49.173475499999988, -13.1565757 ], [ 49.173793, -13.1563014 ], [ 49.1742856, -13.1560944 ], [ 49.1747082, -13.1558534 ], [ 49.1749561, -13.1554098 ], [ 49.1749565, -13.1551365 ], [ 49.1747462, -13.1547277 ], [ 49.1743955, -13.1542851 ], [ 49.1740796, -13.1538073 ], [ 49.173697, -13.1533369 ] ] ], [ [ [ 49.1769362, -13.1517657 ], [ 49.1769998, -13.1516687 ], [ 49.1772132, -13.1515961 ], [ 49.1773414, -13.1515344 ], [ 49.177164, -13.1515113 ], [ 49.176814199999988, -13.1514747 ], [ 49.1766029, -13.1513656 ], [ 49.176623, -13.1517413 ], [ 49.1763519, -13.1522037 ], [ 49.1763976, -13.1525215 ], [ 49.1764151, -13.1530493 ], [ 49.1767527, -13.1534058 ], [ 49.177171, -13.1535267 ], [ 49.1774327, -13.154007 ], [ 49.1776589, -13.1544372 ], [ 49.1777578, -13.1548457 ], [ 49.1779473, -13.1549067 ], [ 49.1783283, -13.1548137 ], [ 49.1788447, -13.1549335 ], [ 49.1792218, -13.1551104 ], [ 49.1795122, -13.1553152 ], [ 49.1796135, -13.1552809 ], [ 49.1797911, -13.1551368 ], [ 49.1798287, -13.1548638 ], [ 49.179574500000015, -13.1544853 ], [ 49.1793979, -13.1541024 ], [ 49.1793224, -13.1539439 ], [ 49.1789194, -13.1535649 ], [ 49.1786679, -13.1536498 ], [ 49.1785046, -13.1536738 ], [ 49.1782409, -13.1537097 ], [ 49.1780527, -13.1537337 ], [ 49.1778253, -13.1534041 ], [ 49.1776251, -13.1533054 ], [ 49.1773736, -13.1532565 ], [ 49.1772102, -13.153183 ], [ 49.1770509, -13.1527535 ], [ 49.1769798, -13.1523622 ], [ 49.1768927, -13.1522768 ], [ 49.1769195, -13.1521427 ], [ 49.1769217, -13.151948 ], [ 49.1769362, -13.1517657 ] ] ], [ [ [ 49.1799523, -13.1520563 ], [ 49.1796365, -13.1518118 ], [ 49.1794475, -13.1516293 ], [ 49.1792719, -13.1513748 ], [ 49.1791092, -13.1515331 ], [ 49.1786229, -13.1515472 ], [ 49.1781131, -13.1515241 ], [ 49.1777257, -13.1515843 ], [ 49.1774412, -13.1515473 ], [ 49.1776003, -13.1516569 ], [ 49.177848900000015, -13.151851 ], [ 49.1779851, -13.1520697 ], [ 49.1781582, -13.1523254 ], [ 49.1782197, -13.1524963 ], [ 49.1784073, -13.1524964 ], [ 49.1786577, -13.1524965 ], [ 49.1788455, -13.1525455 ], [ 49.1790083, -13.1527171 ], [ 49.179108500000012, -13.1529137 ], [ 49.1791335, -13.1531229 ], [ 49.1791712, -13.1533451 ], [ 49.1793476, -13.1532219 ], [ 49.1795616, -13.1530496 ], [ 49.1796116, -13.1528404 ], [ 49.1796617, -13.1526688 ], [ 49.1796996, -13.1525832 ], [ 49.179889, -13.1524488 ], [ 49.1799776, -13.1523753 ], [ 49.1799776, -13.1521544 ], [ 49.1799523, -13.1520563 ] ] ], [ [ [ 49.1714853, -13.1523462 ], [ 49.1716744, -13.1524182 ], [ 49.171402, -13.1522382 ], [ 49.1714853, -13.1523462 ] ] ], [ [ [ 49.177389, -13.1515114 ], [ 49.1773414, -13.1515344 ], [ 49.1774412, -13.1515473 ], [ 49.177389, -13.1515114 ] ] ], [ [ [ 49.183349, -13.1504194 ], [ 49.1831097, -13.150542 ], [ 49.1829131, -13.15065 ], [ 49.182477, -13.1507291 ], [ 49.1816606, -13.1506934 ], [ 49.1812751, -13.1507341 ], [ 49.1809237, -13.1507036 ], [ 49.180930299999986, -13.1509162 ], [ 49.1809341, -13.1510959 ], [ 49.1808487, -13.1512041 ], [ 49.1810359, -13.1513506 ], [ 49.1813448, -13.1513156 ], [ 49.181506, -13.1513525 ], [ 49.1818211, -13.1514732 ], [ 49.1818398, -13.1517276 ], [ 49.1817176, -13.1519591 ], [ 49.181432, -13.1521667 ], [ 49.1812454, -13.1523013 ], [ 49.1810835, -13.1525464 ], [ 49.1808965, -13.1528656 ], [ 49.1806464, -13.1531735 ], [ 49.1804333, -13.1533835 ], [ 49.180257300000015, -13.1535689 ], [ 49.1801177, -13.1536661 ], [ 49.1802328, -13.1539268 ], [ 49.1805994, -13.1541975 ], [ 49.180990099999988, -13.1544668 ], [ 49.1813446, -13.1546153 ], [ 49.1816769, -13.1546683 ], [ 49.1819693, -13.1546449 ], [ 49.1820587, -13.1546455 ], [ 49.1821678, -13.1544813 ], [ 49.1823505, -13.1542551 ], [ 49.1825214, -13.1540307 ], [ 49.1825346, -13.1538348 ], [ 49.182586, -13.1536389 ], [ 49.18249609999998, -13.1533316 ], [ 49.1823934, -13.1530245 ], [ 49.182176700000014, -13.1528401 ], [ 49.1821495, -13.1524358 ], [ 49.1823827, -13.1520079 ], [ 49.1827458, -13.1519102 ], [ 49.1829714, -13.151898 ], [ 49.183111, -13.1521177 ], [ 49.1830368, -13.1522766 ], [ 49.18295, -13.1524233 ], [ 49.1828642, -13.152558 ], [ 49.182882, -13.1528035 ], [ 49.1829342, -13.1529018 ], [ 49.1832238, -13.1529876 ], [ 49.1835772, -13.1531226 ], [ 49.1838145, -13.1531222 ], [ 49.1840517, -13.1531218 ], [ 49.1842491, -13.1530477 ], [ 49.1844486, -13.1529006 ], [ 49.1845984, -13.1528026 ], [ 49.1847587, -13.1525821 ], [ 49.1848432, -13.1524597 ], [ 49.1849066, -13.1523742 ], [ 49.1847396, -13.1521909 ], [ 49.1846518, -13.1521176 ], [ 49.1843396, -13.1520199 ], [ 49.1839753, -13.1519589 ], [ 49.1837486, -13.1518491 ], [ 49.1835337, -13.1516417 ], [ 49.1833065, -13.1514345 ], [ 49.1831299, -13.1512762 ], [ 49.1830284, -13.1510083 ], [ 49.1829786, -13.1508009 ], [ 49.1830658, -13.1507279 ], [ 49.1833523, -13.1506187 ], [ 49.1835139, -13.1505216 ], [ 49.1838866, -13.1506322 ], [ 49.1841126, -13.1508755 ], [ 49.1843031, -13.1512038 ], [ 49.1844551, -13.1514351 ], [ 49.1845107, -13.151521 ], [ 49.184723899999987, -13.1515579 ], [ 49.1849514, -13.1516329 ], [ 49.1852051, -13.151647 ], [ 49.185383, -13.151636 ], [ 49.185485, -13.1516736 ], [ 49.1855486, -13.1515635 ], [ 49.1855611, -13.1513795 ], [ 49.1855609, -13.1511708 ], [ 49.1855472, -13.1509866 ], [ 49.1855331, -13.150827 ], [ 49.18538, -13.1506432 ], [ 49.1853149, -13.1504355 ], [ 49.1852382, -13.1501916 ], [ 49.1851745, -13.1500089 ], [ 49.185048499999986, -13.1498508 ], [ 49.1848972, -13.1495958 ], [ 49.1847715, -13.1494382 ], [ 49.1847328, -13.1492817 ], [ 49.184619499999982, -13.1491495 ], [ 49.1845681, -13.1489825 ], [ 49.1845543, -13.148828 ], [ 49.1845646, -13.1486152 ], [ 49.1846246, -13.1484271 ], [ 49.1846477, -13.1483108 ], [ 49.1847802, -13.1481621 ], [ 49.1849732, -13.1480026 ], [ 49.1850797, -13.1478672 ], [ 49.1853442, -13.1480336 ], [ 49.1855835, -13.1483134 ], [ 49.1855663, -13.1486657 ], [ 49.185658, -13.1489506 ], [ 49.1859628, -13.1491273 ], [ 49.1860195, -13.1494147 ], [ 49.1860875, -13.1497166 ], [ 49.1860648, -13.1500086 ], [ 49.1861032, -13.1502525 ], [ 49.1861786, -13.1505088 ], [ 49.1861924, -13.1506919 ], [ 49.1861707, -13.1509489 ], [ 49.1861463, -13.1511814 ], [ 49.1861342, -13.1514262 ], [ 49.1861098, -13.1515611 ], [ 49.1862467, -13.1517441 ], [ 49.1865083, -13.1518165 ], [ 49.186707, -13.15184 ], [ 49.18688, -13.1517901 ], [ 49.1870405, -13.1517527 ], [ 49.1871528, -13.1518135 ], [ 49.1872068, -13.1519491 ], [ 49.1872975, -13.152048 ], [ 49.187387099999988, -13.1521098 ], [ 49.1875906, -13.1521964 ], [ 49.1877931, -13.152246 ], [ 49.1880078, -13.1522831 ], [ 49.1882111, -13.1523206 ], [ 49.1883678, -13.1523228 ], [ 49.1885358, -13.1522507 ], [ 49.1887176, -13.152191 ], [ 49.1888993, -13.1521188 ], [ 49.1890808, -13.152034 ], [ 49.189225, -13.1520107 ], [ 49.1893542, -13.1520114 ], [ 49.1894965, -13.1520121 ], [ 49.1896517, -13.1520375 ], [ 49.1898166, -13.1519018 ], [ 49.1899049, -13.1518031 ], [ 49.1898759, -13.1516174 ], [ 49.1898162, -13.1512711 ], [ 49.1896791, -13.1509872 ], [ 49.1894484, -13.15079 ], [ 49.1892463, -13.1506184 ], [ 49.1890601, -13.1504839 ], [ 49.1887845, -13.150386 ], [ 49.1884825, -13.1502882 ], [ 49.1882535, -13.1502029 ], [ 49.1879806, -13.1500558 ], [ 49.187686, -13.1499222 ], [ 49.187405, -13.1498011 ], [ 49.1872011, -13.1497044 ], [ 49.186934, -13.1495718 ], [ 49.1867557, -13.1494027 ], [ 49.1865907, -13.1492824 ], [ 49.1864393, -13.149089 ], [ 49.1863387, -13.1488589 ], [ 49.1862309, -13.1486227 ], [ 49.1860993, -13.14846 ], [ 49.1860306, -13.148262 ], [ 49.1860121, -13.1479925 ], [ 49.186009, -13.1477926 ], [ 49.1860201, -13.1476864 ], [ 49.1861858, -13.1476792 ], [ 49.1863264, -13.1476614 ], [ 49.1864441, -13.1477626 ], [ 49.1865893, -13.1479227 ], [ 49.186758300000015, -13.1480977 ], [ 49.1868869, -13.1482764 ], [ 49.1870658, -13.1484435 ], [ 49.1872568, -13.1486114 ], [ 49.1874739, -13.1488281 ], [ 49.187742, -13.1489354 ], [ 49.1880748, -13.1490304 ], [ 49.1882809, -13.1492242 ], [ 49.1883849, -13.1494434 ], [ 49.188514499999989, -13.149614 ], [ 49.1887497, -13.1497739 ], [ 49.1889344, -13.149909 ], [ 49.189074200000015, -13.1499718 ], [ 49.1893643, -13.1501926 ], [ 49.1896591, -13.150331 ], [ 49.1899923, -13.1504818 ], [ 49.190248, -13.1505329 ], [ 49.1904659, -13.1505715 ], [ 49.1905804, -13.1505103 ], [ 49.1906169, -13.1503619 ], [ 49.190704100000012, -13.1501768 ], [ 49.190779299999988, -13.1500412 ], [ 49.1908038, -13.1499548 ], [ 49.1908411, -13.1498685 ], [ 49.1908803, -13.1497213 ], [ 49.190766, -13.1495982 ], [ 49.1906004, -13.1494626 ], [ 49.1903448, -13.1493268 ], [ 49.1901025, -13.1491913 ], [ 49.1898618, -13.148958 ], [ 49.1895818, -13.1488475 ], [ 49.1893278, -13.1487372 ], [ 49.1890874, -13.1485904 ], [ 49.1888473, -13.1484562 ], [ 49.1886474, -13.1483338 ], [ 49.1886224, -13.1483093 ], [ 49.1884086, -13.148175 ], [ 49.1881813, -13.1480048 ], [ 49.1879419, -13.1478962 ], [ 49.187715700000012, -13.1477516 ], [ 49.1875152, -13.147583 ], [ 49.1873278, -13.1474753 ], [ 49.1871907, -13.1473798 ], [ 49.1870912, -13.1472967 ], [ 49.1870912, -13.1471525 ], [ 49.1870912, -13.1470205 ], [ 49.1870912, -13.1469381 ], [ 49.1869549, -13.1470463 ], [ 49.1865969, -13.1473041 ], [ 49.1862423, -13.147454 ], [ 49.1859518, -13.1475308 ], [ 49.1856529, -13.1475724 ], [ 49.1854143, -13.1475877 ], [ 49.1851638, -13.1477738 ], [ 49.1847724, -13.1480555 ], [ 49.1845633, -13.1482925 ], [ 49.1844893, -13.1485923 ], [ 49.1844319, -13.148834 ], [ 49.1843479, -13.1491138 ], [ 49.1842426, -13.1493822 ], [ 49.1840917, -13.1496867 ], [ 49.1839907, -13.149967 ], [ 49.1838646, -13.1502475 ], [ 49.183588, -13.15037 ], [ 49.183349, -13.1504194 ] ] ], [ [ [ 49.1871154, -13.1469189 ], [ 49.1870912, -13.1469246 ], [ 49.1870912, -13.1469381 ], [ 49.1871154, -13.1469189 ] ] ], [ [ [ 49.169142, -13.0359019 ], [ 49.1656894, -13.0358861 ], [ 49.1633644, -13.0388898 ], [ 49.1604968, -13.0385641 ], [ 49.156337, -13.0377725 ], [ 49.152675900000013, -13.0363729 ], [ 49.1479293, -13.0379676 ], [ 49.1458546, -13.0394231 ], [ 49.1435312, -13.0416135 ], [ 49.1440701, -13.0420345 ], [ 49.1448284, -13.0421002 ], [ 49.1457462, -13.0425539 ], [ 49.1465431, -13.0422569 ], [ 49.1471176, -13.0423124 ], [ 49.1476374, -13.0429154 ], [ 49.148119, -13.0440825 ], [ 49.1482969, -13.0442881 ], [ 49.1490823, -13.0441817 ], [ 49.1500444, -13.0442808 ], [ 49.1510056, -13.0443799 ], [ 49.1515517, -13.04481 ], [ 49.1514617, -13.0459221 ], [ 49.1514017, -13.0466631 ], [ 49.1513268, -13.0475889 ], [ 49.151251899999984, -13.0485142 ], [ 49.1513987, -13.0490885 ], [ 49.1519138, -13.0498856 ], [ 49.1522219, -13.0508475 ], [ 49.152354, -13.0516057 ], [ 49.152691499999989, -13.0523949 ], [ 49.1522778, -13.0529222 ], [ 49.1515023, -13.0530351 ], [ 49.1505249, -13.0533175 ], [ 49.1497388, -13.0536188 ], [ 49.1487706, -13.0537131 ], [ 49.1480031, -13.053638 ], [ 49.147207, -13.0541278 ], [ 49.1466032, -13.054636 ], [ 49.1465573, -13.0555753 ], [ 49.1465114, -13.0565126 ], [ 49.1460824, -13.0572189 ], [ 49.1456549, -13.0577333 ], [ 49.14503, -13.0582265 ], [ 49.1453804, -13.0590112 ], [ 49.1453363, -13.0597525 ], [ 49.1452812, -13.0606778 ], [ 49.144843599999987, -13.0613763 ], [ 49.144055, -13.0612946 ], [ 49.1432541, -13.0613979 ], [ 49.1424623, -13.0613161 ], [ 49.1416689, -13.0612341 ], [ 49.1408842, -13.060966 ], [ 49.140112, -13.0608938 ], [ 49.1397043, -13.0612292 ], [ 49.1402367, -13.0618341 ], [ 49.1401938, -13.062576 ], [ 49.1401526, -13.0633176 ], [ 49.1395246, -13.0638137 ], [ 49.1387192, -13.0642977 ], [ 49.138299, -13.0648168 ], [ 49.1382469, -13.0655533 ], [ 49.1381819, -13.0664733 ], [ 49.1379179, -13.0675608 ], [ 49.1376787, -13.0682797 ], [ 49.137649, -13.0688324 ], [ 49.1373806, -13.070102 ], [ 49.1373195, -13.0712036 ], [ 49.1375075, -13.0714047 ], [ 49.1380707, -13.072007 ], [ 49.1390609, -13.0720946 ], [ 49.1398183, -13.072712 ], [ 49.1403766, -13.0733104 ], [ 49.139949499999986, -13.0738225 ], [ 49.1389628, -13.0737373 ], [ 49.13815, -13.0740338 ], [ 49.1373252, -13.0745133 ], [ 49.13651, -13.0748109 ], [ 49.1356936, -13.0751089 ], [ 49.1348654, -13.0755902 ], [ 49.1340259, -13.0762548 ], [ 49.1335853, -13.0769527 ], [ 49.1331549, -13.0774681 ], [ 49.133094099999987, -13.0783806 ], [ 49.1332485, -13.0789436 ], [ 49.1335855, -13.0797042 ], [ 49.1335289, -13.0804328 ], [ 49.1334582, -13.0813432 ], [ 49.1329942, -13.0822228 ], [ 49.132741, -13.0829357 ], [ 49.1326846, -13.0836636 ], [ 49.132839, -13.084224 ], [ 49.1338214, -13.0842978 ], [ 49.1345492, -13.0850827 ], [ 49.1345068, -13.0856269 ], [ 49.134646, -13.0863667 ], [ 49.1354004, -13.0867862 ], [ 49.1362137, -13.0863019 ], [ 49.1369479, -13.0863676 ], [ 49.1376187, -13.0869809 ], [ 49.1380388, -13.0877713 ], [ 49.1379267, -13.08851 ], [ 49.1384374, -13.0891044 ], [ 49.138547, -13.0900297 ], [ 49.1388444, -13.0909705 ], [ 49.1389855, -13.0915316 ], [ 49.1395001, -13.0921248 ], [ 49.1402929, -13.0916439 ], [ 49.14104, -13.091708 ], [ 49.141974, -13.0917882 ], [ 49.1427212, -13.0918523 ], [ 49.1438421, -13.0919485 ], [ 49.1442158, -13.0919806 ], [ 49.1449939, -13.0916813 ], [ 49.145429199999988, -13.0909863 ], [ 49.1458954, -13.0899276 ], [ 49.1461286, -13.089398 ], [ 49.1465642, -13.0887025 ], [ 49.1473583, -13.0882209 ], [ 49.1476072, -13.0875091 ], [ 49.1480431, -13.0868131 ], [ 49.1484791, -13.086117 ], [ 49.1489152, -13.0854207 ], [ 49.1495386, -13.0847403 ], [ 49.1503025, -13.0846222 ], [ 49.1506145, -13.0853827 ], [ 49.1513161, -13.085993 ], [ 49.1514409, -13.0867373 ], [ 49.1515657, -13.0874814 ], [ 49.1513164, -13.0881934 ], [ 49.1508801, -13.0888891 ], [ 49.1508179, -13.0896168 ], [ 49.1517217, -13.0900607 ], [ 49.1522515, -13.0904725 ], [ 49.153124, -13.09128 ], [ 49.153233, -13.092205 ], [ 49.1533731, -13.0927663 ], [ 49.1541521, -13.092467 ], [ 49.1549312, -13.0921676 ], [ 49.1553834, -13.0912906 ], [ 49.156022899999982, -13.0904294 ], [ 49.1568024, -13.0901297 ], [ 49.1575507, -13.0901939 ], [ 49.1583147, -13.0900761 ], [ 49.158939, -13.0893964 ], [ 49.1592049, -13.0885024 ], [ 49.1592838, -13.0875922 ], [ 49.1593312, -13.0870459 ], [ 49.1592229, -13.0861193 ], [ 49.1593334, -13.084844 ], [ 49.1593965, -13.0841151 ], [ 49.1594755, -13.0832037 ], [ 49.1595229, -13.0826567 ], [ 49.1597734, -13.0819433 ], [ 49.160414400000015, -13.0810793 ], [ 49.1608525, -13.0803815 ], [ 49.1617614, -13.0786203 ], [ 49.1622003, -13.0779219 ], [ 49.1626071, -13.0775886 ], [ 49.1632174, -13.0770887 ], [ 49.1642026, -13.0766206 ], [ 49.1649846, -13.0763191 ], [ 49.1661415, -13.0760494 ], [ 49.1668915, -13.0761133 ], [ 49.1675024, -13.075613 ], [ 49.167567, -13.0748819 ], [ 49.1672404, -13.0743017 ], [ 49.1667263, -13.0737055 ], [ 49.1673373, -13.0732049 ], [ 49.167777, -13.0725054 ], [ 49.1685759, -13.0720205 ], [ 49.1693425, -13.0719012 ], [ 49.1702969, -13.0717979 ], [ 49.1712352, -13.0718775 ], [ 49.1719859, -13.0719412 ], [ 49.1727367, -13.0720049 ], [ 49.1734876, -13.0720686 ], [ 49.174458799999989, -13.0717822 ], [ 49.175397800000013, -13.071862 ], [ 49.1759939, -13.071544 ], [ 49.1756672, -13.070963 ], [ 49.1751363, -13.0705491 ], [ 49.1746217, -13.0699522 ], [ 49.1748747, -13.0692359 ], [ 49.175144, -13.0683365 ], [ 49.1753971, -13.0676201 ], [ 49.1756503, -13.0669035 ], [ 49.1759035, -13.0661869 ], [ 49.1765322, -13.0655012 ], [ 49.1773165, -13.0651977 ], [ 49.1780846, -13.0650778 ], [ 49.1788855, -13.0645907 ], [ 49.1797193, -13.0637362 ], [ 49.180349, -13.0630491 ], [ 49.1809298, -13.062913 ], [ 49.1816823, -13.0629765 ], [ 49.1824348, -13.06304 ], [ 49.1830157, -13.0629039 ], [ 49.1834581, -13.0622005 ], [ 49.1835241, -13.0614652 ], [ 49.1835902, -13.0607297 ], [ 49.1836563, -13.0599939 ], [ 49.1837379, -13.0590821 ], [ 49.1838195, -13.0581711 ], [ 49.1844335, -13.0576679 ], [ 49.1851874, -13.0577256 ], [ 49.185941799999988, -13.0577833 ], [ 49.1868854, -13.0578555 ], [ 49.187451, -13.0579021 ], [ 49.188221500000012, -13.0577813 ], [ 49.1883044, -13.0568623 ], [ 49.1885577, -13.0561474 ], [ 49.1893458, -13.05584 ], [ 49.1901343, -13.0555325 ], [ 49.1908904, -13.0555914 ], [ 49.1916954, -13.0551014 ], [ 49.1919493, -13.0543843 ], [ 49.1925652, -13.0538798 ], [ 49.1930076, -13.0531789 ], [ 49.193102800000013, -13.0520856 ], [ 49.1931789, -13.0511822 ], [ 49.1932384, -13.0504635 ], [ 49.1936762, -13.0497728 ], [ 49.1942882, -13.0492754 ], [ 49.1952405, -13.0493315 ], [ 49.1960194, -13.0491942 ], [ 49.1964803, -13.0483055 ], [ 49.196161599999989, -13.047555 ], [ 49.1956369, -13.0469764 ], [ 49.1946845, -13.0469224 ], [ 49.193923799999986, -13.0468792 ], [ 49.19318, -13.0466545 ], [ 49.1924372, -13.0464302 ], [ 49.1913503, -13.0458182 ], [ 49.1908666, -13.0448677 ], [ 49.1896296, -13.043871 ], [ 49.1892695, -13.0436649 ], [ 49.1885168, -13.0436183 ], [ 49.1878142, -13.043024 ], [ 49.1871287, -13.0422476 ], [ 49.1862245, -13.041817 ], [ 49.1855426, -13.0410203 ], [ 49.1852519, -13.0400616 ], [ 49.1857111, -13.0391514 ], [ 49.18595, -13.0385971 ], [ 49.1863945, -13.0378631 ], [ 49.1865174, -13.0365176 ], [ 49.1862119, -13.0357136 ], [ 49.185683, -13.0352779 ], [ 49.18496540000001, -13.0348251 ], [ 49.1842129, -13.0347587 ], [ 49.1834604, -13.0346923 ], [ 49.1827077, -13.0346258 ], [ 49.1813904, -13.0345096 ], [ 49.1806051, -13.0348298 ], [ 49.1800406, -13.03478 ], [ 49.1792561, -13.0351001 ], [ 49.1788009, -13.0360315 ], [ 49.1785501, -13.0367851 ], [ 49.178112200000015, -13.0375208 ], [ 49.1775186, -13.0378551 ], [ 49.1767979, -13.0373934 ], [ 49.1764838, -13.0365935 ], [ 49.1763577, -13.0358137 ], [ 49.1762308, -13.0350277 ], [ 49.1739663, -13.03479 ], [ 49.1716138, -13.0357197 ], [ 49.169142, -13.0359019 ] ] ], [ [ [ 49.2040249, -12.9955082 ], [ 49.2015002, -12.9958936 ], [ 49.1996172, -12.9958695 ], [ 49.1983137, -12.9957774 ], [ 49.1981252, -12.9975425 ], [ 49.1975008, -12.9985467 ], [ 49.1962602, -12.9980629 ], [ 49.1948293, -12.9977722 ], [ 49.191696, -12.9977273 ], [ 49.189307, -12.9962603 ], [ 49.187069, -12.9952091 ], [ 49.1855618, -12.9960234 ], [ 49.183141, -12.9965918 ], [ 49.1816573, -12.9957162 ], [ 49.1801527, -12.9959919 ], [ 49.1792104, -12.9955467 ], [ 49.1782027, -12.9946862 ], [ 49.1776208, -12.9937922 ], [ 49.1768146, -12.9931507 ], [ 49.1748873, -12.9934048 ], [ 49.173802, -12.9932452 ], [ 49.1727204, -12.9922816 ], [ 49.1721307, -12.991348 ], [ 49.1710443, -12.9910896 ], [ 49.1699237, -12.9910246 ], [ 49.1685054, -12.9913434 ], [ 49.1668567, -12.9918922 ], [ 49.165668, -12.9916345 ], [ 49.164579100000012, -12.9919563 ], [ 49.1634238, -12.9927924 ], [ 49.1639874, -12.9945609 ], [ 49.1643531, -12.9957498 ], [ 49.1644181, -12.9964891 ], [ 49.1645843, -12.9973562 ], [ 49.1647176, -12.9980302 ], [ 49.1646203, -12.9988 ], [ 49.1644567, -12.9992809 ], [ 49.1641585, -12.9996679 ], [ 49.1636646, -13.0000531 ], [ 49.1631421, -13.0005628 ], [ 49.162523899999982, -13.0013584 ], [ 49.1622289, -13.0023194 ], [ 49.1621432, -13.0035542 ], [ 49.1620545, -13.0047252 ], [ 49.1621727, -13.0053916 ], [ 49.1629361, -13.0055837 ], [ 49.163995099999987, -13.0057753 ], [ 49.1648163, -13.0058707 ], [ 49.1654024, -13.0060935 ], [ 49.1665942, -13.0062017 ], [ 49.1674334, -13.0065017 ], [ 49.1681743, -13.0067463 ], [ 49.1682293, -13.0067048 ], [ 49.1692022, -13.0069878 ], [ 49.1696537, -13.0078707 ], [ 49.1702836, -13.0082383 ], [ 49.171125, -13.0085911 ], [ 49.1721722, -13.0092444 ], [ 49.1736467, -13.009948 ], [ 49.174454, -13.0107946 ], [ 49.1752493, -13.0112011 ], [ 49.175868899999983, -13.0120868 ], [ 49.1765355, -13.0126344 ], [ 49.1769689, -13.0135212 ], [ 49.1772854, -13.0145376 ], [ 49.177877, -13.014923 ], [ 49.1781989, -13.0150775 ], [ 49.1802521, -13.0160071 ], [ 49.1818551, -13.0166796 ], [ 49.1840249, -13.0169027 ], [ 49.185911399999988, -13.0174263 ], [ 49.1877887, -13.01918 ], [ 49.1888868, -13.0195945 ], [ 49.1905639, -13.0185931 ], [ 49.1922998, -13.0173415 ], [ 49.1940812, -13.0149839 ], [ 49.1965072, -13.0122049 ], [ 49.1979166, -13.0101031 ], [ 49.1984111, -13.0086909 ], [ 49.1996394, -13.0073402 ], [ 49.200725899999988, -13.0058382 ], [ 49.2017663, -13.0039702 ], [ 49.202553, -13.0023792 ], [ 49.2031828, -13.001774 ], [ 49.2038981, -13.0002306 ], [ 49.2047578, -12.9984209 ], [ 49.2053123, -12.9965844 ], [ 49.205698, -12.9955102 ], [ 49.2040249, -12.9955082 ] ] ], [ [ [ 49.1879008, -13.1456551 ], [ 49.1876246, -13.1458617 ], [ 49.1874257, -13.1460107 ], [ 49.1873141, -13.146073 ], [ 49.1873391, -13.1462512 ], [ 49.1874015, -13.1464769 ], [ 49.1874266, -13.1466441 ], [ 49.187277399999985, -13.1467902 ], [ 49.1871154, -13.1469189 ], [ 49.1872526, -13.1468864 ], [ 49.187601799999989, -13.146978 ], [ 49.1879022, -13.1470599 ], [ 49.1882164, -13.1472026 ], [ 49.1884813, -13.1473343 ], [ 49.1887469, -13.1474543 ], [ 49.1889752, -13.1475504 ], [ 49.1891273, -13.1475374 ], [ 49.1892663, -13.1474513 ], [ 49.1894182, -13.1473772 ], [ 49.189480599999989, -13.1472305 ], [ 49.1895554, -13.1470594 ], [ 49.1895797, -13.1469253 ], [ 49.189604, -13.1467913 ], [ 49.1897824, -13.1468263 ], [ 49.1898725, -13.1469229 ], [ 49.1899511, -13.1471419 ], [ 49.190015, -13.1473501 ], [ 49.1900659, -13.1475709 ], [ 49.1901422, -13.1477425 ], [ 49.1902312, -13.147902 ], [ 49.1903331, -13.1480369 ], [ 49.1904732, -13.1481472 ], [ 49.19063890000001, -13.1482085 ], [ 49.1907282, -13.1480361 ], [ 49.190830200000015, -13.1478391 ], [ 49.1907792, -13.1475562 ], [ 49.190677, -13.1472614 ], [ 49.1905495, -13.1469915 ], [ 49.1904333, -13.1468085 ], [ 49.190291, -13.1466634 ], [ 49.1900981, -13.1465313 ], [ 49.1899352, -13.1463714 ], [ 49.1897342, -13.146224 ], [ 49.1895206, -13.1460641 ], [ 49.1892436, -13.1458924 ], [ 49.1890149, -13.1457729 ], [ 49.1887986, -13.1457161 ], [ 49.188571, -13.1456094 ], [ 49.1883428, -13.1455912 ], [ 49.1881153, -13.1455857 ], [ 49.1879008, -13.1456551 ] ] ], [ [ [ 49.1920876, -13.1432682 ], [ 49.1920634, -13.1436961 ], [ 49.1920029, -13.1441254 ], [ 49.191461499999988, -13.144288 ], [ 49.1909736, -13.1441524 ], [ 49.1905481, -13.1441838 ], [ 49.1900558, -13.1443174 ], [ 49.191029, -13.1444528 ], [ 49.1915467, -13.1448239 ], [ 49.191992, -13.1456003 ], [ 49.1921704, -13.1459729 ], [ 49.1922363, -13.1466488 ], [ 49.1924002, -13.1474266 ], [ 49.192439, -13.1481371 ], [ 49.1924741, -13.1486108 ], [ 49.1924736, -13.1489154 ], [ 49.1929577, -13.1492203 ], [ 49.1936203, -13.1494228 ], [ 49.1944956, -13.1494887 ], [ 49.195221, -13.149422 ], [ 49.1958386, -13.1492548 ], [ 49.1962176, -13.1489847 ], [ 49.1963912, -13.1486798 ], [ 49.1966361, -13.1481375 ], [ 49.1969154, -13.1477648 ], [ 49.1969179, -13.1473923 ], [ 49.1965043, -13.1468509 ], [ 49.1971645, -13.1469524 ], [ 49.1977197, -13.1471553 ], [ 49.1974726, -13.147697 ], [ 49.1973648, -13.1482054 ], [ 49.1976771, -13.1485444 ], [ 49.1981654, -13.1485441 ], [ 49.1985488, -13.1486116 ], [ 49.1989672, -13.1485435 ], [ 49.1992814, -13.1481368 ], [ 49.1993873, -13.1476626 ], [ 49.1998729, -13.1475611 ], [ 49.2003602, -13.1478318 ], [ 49.200812, -13.1479671 ], [ 49.2011946, -13.1476624 ], [ 49.2014375, -13.1472562 ], [ 49.2014371, -13.1468162 ], [ 49.2015768, -13.1464441 ], [ 49.2021688, -13.1463439 ], [ 49.2023423, -13.1465804 ], [ 49.2021337, -13.1467829 ], [ 49.2021683, -13.1470533 ], [ 49.2024808, -13.1472223 ], [ 49.2025154, -13.1474591 ], [ 49.2028627, -13.1475605 ], [ 49.2032448, -13.1473913 ], [ 49.2033142, -13.1469854 ], [ 49.2034877, -13.1465458 ], [ 49.2037656, -13.146072 ], [ 49.2043223, -13.1459355 ], [ 49.2047397, -13.1460368 ], [ 49.204774899999983, -13.1464091 ], [ 49.2045664, -13.1468493 ], [ 49.2043226, -13.1469849 ], [ 49.2043924, -13.1472558 ], [ 49.2046711, -13.1471879 ], [ 49.2051228, -13.1469508 ], [ 49.2053989, -13.1466805 ], [ 49.2058823, -13.1467149 ], [ 49.2063, -13.146647 ], [ 49.2065438, -13.1462071 ], [ 49.2069277, -13.1459358 ], [ 49.2069968, -13.1455299 ], [ 49.206924699999988, -13.1449902 ], [ 49.2067834, -13.1445186 ], [ 49.2064715, -13.1441128 ], [ 49.206020800000012, -13.1437067 ], [ 49.2055339, -13.1432689 ], [ 49.2050466, -13.1426643 ], [ 49.2046644, -13.1422618 ], [ 49.2046297, -13.1416879 ], [ 49.2051506, -13.1416511 ], [ 49.2057418, -13.1419513 ], [ 49.206156, -13.1421914 ], [ 49.2066069, -13.1422247 ], [ 49.2071578, -13.1420946 ], [ 49.207647, -13.1420558 ], [ 49.2079623, -13.1423226 ], [ 49.2084077, -13.1426991 ], [ 49.2084756, -13.1431391 ], [ 49.2085825, -13.1435757 ], [ 49.208656, -13.1439783 ], [ 49.2086261, -13.144415 ], [ 49.2087679, -13.1447179 ], [ 49.2092569, -13.1449536 ], [ 49.2097467, -13.1449862 ], [ 49.21002390000001, -13.1447495 ], [ 49.2101952, -13.1444458 ], [ 49.210469, -13.1440415 ], [ 49.2107401, -13.1436388 ], [ 49.2110879, -13.1433679 ], [ 49.2115419, -13.1432989 ], [ 49.2121371, -13.1433643 ], [ 49.2126954, -13.1433293 ], [ 49.2134673, -13.1433601 ], [ 49.2139191, -13.1433601 ], [ 49.2144061, -13.1433599 ], [ 49.2149959, -13.143191 ], [ 49.2155835, -13.1428873 ], [ 49.216099, -13.1424494 ], [ 49.2164801, -13.1418407 ], [ 49.2167569, -13.1411645 ], [ 49.2167523, -13.1404901 ], [ 49.2167116, -13.1397832 ], [ 49.2169141, -13.1391442 ], [ 49.2169406, -13.1385412 ], [ 49.216025699999989, -13.1382805 ], [ 49.2153577, -13.1380856 ], [ 49.2143612, -13.1380409 ], [ 49.2132174, -13.138045 ], [ 49.2123001, -13.1379295 ], [ 49.2112674, -13.1380314 ], [ 49.2100385, -13.1380422 ], [ 49.2091037, -13.1376851 ], [ 49.2082199, -13.1373271 ], [ 49.2074102, -13.136659 ], [ 49.2063751, -13.1362747 ], [ 49.2057554, -13.136103 ], [ 49.20452, -13.1363952 ], [ 49.2038468, -13.1367787 ], [ 49.2033087, -13.137253 ], [ 49.2018665, -13.1378464 ], [ 49.2008828, -13.1380701 ], [ 49.1999621, -13.1381758 ], [ 49.1986789, -13.1385386 ], [ 49.197697, -13.1393414 ], [ 49.1969766, -13.1401768 ], [ 49.1964494, -13.1408435 ], [ 49.1955814, -13.1416864 ], [ 49.1944365, -13.1423275 ], [ 49.1935856, -13.1425382 ], [ 49.1927533, -13.1429231 ], [ 49.1920876, -13.1432682 ] ] ], [ [ [ 49.295656, -13.0897673 ], [ 49.294522699999987, -13.0905481 ], [ 49.2946463, -13.0911157 ], [ 49.2951228, -13.0916845 ], [ 49.2953208, -13.0926093 ], [ 49.2945971, -13.0941822 ], [ 49.2942836, -13.0952546 ], [ 49.2977021, -13.0941866 ], [ 49.3001188, -13.0931152 ], [ 49.301586, -13.0921153 ], [ 49.3023139, -13.0924007 ], [ 49.3029682, -13.0929719 ], [ 49.3031855, -13.093686 ], [ 49.3036943, -13.0944005 ], [ 49.304204, -13.0947581 ], [ 49.3042791, -13.0933293 ], [ 49.3042075, -13.0924723 ], [ 49.3041369, -13.0913298 ], [ 49.303919799999981, -13.0908302 ], [ 49.3035617, -13.0899741 ], [ 49.3032734, -13.0891185 ], [ 49.3032827, -13.0880498 ], [ 49.3038756, -13.0867677 ], [ 49.3043213, -13.0856292 ], [ 49.3052425, -13.0846586 ], [ 49.3048333, -13.0848456 ], [ 49.3043419, -13.0844249 ], [ 49.303651, -13.0837271 ], [ 49.3027382, -13.083526 ], [ 49.3020198, -13.0838128 ], [ 49.3010783, -13.0840978 ], [ 49.3002321, -13.0838224 ], [ 49.2993012, -13.083968 ], [ 49.2996314, -13.0845963 ], [ 49.3001037, -13.0851544 ], [ 49.2995009, -13.0857893 ], [ 49.2987539, -13.0865678 ], [ 49.2988879, -13.0870634 ], [ 49.2984398, -13.0876312 ], [ 49.2975159, -13.0877053 ], [ 49.2970195, -13.088062 ], [ 49.2963804, -13.0891282 ], [ 49.295656, -13.0897673 ] ] ], [ [ [ 49.3064991, -13.0827011 ], [ 49.3064319, -13.0819914 ], [ 49.3072545, -13.0811462 ], [ 49.3081441, -13.0807267 ], [ 49.3088309, -13.0805035 ], [ 49.3088046, -13.0804442 ], [ 49.3074829, -13.0806535 ], [ 49.3062989, -13.0815708 ], [ 49.3064243, -13.0834132 ], [ 49.3052425, -13.0846586 ], [ 49.3056234, -13.0844844 ], [ 49.3064939, -13.0836969 ], [ 49.3064991, -13.0827011 ] ] ], [ [ [ 49.3134106, -13.0768544 ], [ 49.3125602, -13.0764556 ], [ 49.3117821, -13.076125 ], [ 49.311472, -13.0768739 ], [ 49.3110932, -13.0775602 ], [ 49.3104818, -13.0784476 ], [ 49.3100844, -13.0792674 ], [ 49.3096271, -13.0802447 ], [ 49.3088309, -13.0805035 ], [ 49.3090253, -13.0809427 ], [ 49.3083537, -13.0817877 ], [ 49.3078311, -13.0824939 ], [ 49.3081218, -13.0828489 ], [ 49.3086965, -13.0834134 ], [ 49.3091255, -13.0839788 ], [ 49.3098491, -13.0845452 ], [ 49.3107286, -13.0846161 ], [ 49.3116142, -13.0846186 ], [ 49.3124973, -13.0848341 ], [ 49.3135932, -13.0850461 ], [ 49.3140299, -13.0845449 ], [ 49.3142521, -13.0836193 ], [ 49.314619799999988, -13.0826936 ], [ 49.3153536, -13.0819109 ], [ 49.3153549, -13.0812711 ], [ 49.3149178, -13.0808462 ], [ 49.3142658, -13.0804974 ], [ 49.314054399999989, -13.0799369 ], [ 49.3145071, -13.0787468 ], [ 49.3155231, -13.078526 ], [ 49.315879200000012, -13.0787966 ], [ 49.3160186, -13.0793552 ], [ 49.3166796, -13.0792884 ], [ 49.3166883, -13.0785214 ], [ 49.316991599999987, -13.0777621 ], [ 49.317572, -13.0780401 ], [ 49.3177084, -13.0790143 ], [ 49.3179255, -13.0795787 ], [ 49.3185116, -13.0800083 ], [ 49.3193874, -13.0799356 ], [ 49.3204096, -13.07965 ], [ 49.3212109, -13.0802784 ], [ 49.3212837, -13.0809875 ], [ 49.322015199999981, -13.0807036 ], [ 49.322966, -13.0806343 ], [ 49.323405, -13.0811359 ], [ 49.3234055, -13.0818466 ], [ 49.323698, -13.0822043 ], [ 49.3242813, -13.081215 ], [ 49.3253038, -13.0810706 ], [ 49.3260392, -13.081552 ], [ 49.3264808, -13.0824015 ], [ 49.326336499999989, -13.0832535 ], [ 49.3267776, -13.0838218 ], [ 49.3278763, -13.0836789 ], [ 49.3283862, -13.0828259 ], [ 49.3294102, -13.0818987 ], [ 49.3305094, -13.0813973 ], [ 49.3319033, -13.0813227 ], [ 49.3339595, -13.0808884 ], [ 49.3353514, -13.0807452 ], [ 49.3368895, -13.0805307 ], [ 49.3378419, -13.0796733 ], [ 49.337696, -13.0790299 ], [ 49.336445, -13.0785352 ], [ 49.3357755, -13.0780458 ], [ 49.3352426, -13.0773549 ], [ 49.3344185, -13.0767392 ], [ 49.3336782, -13.0764696 ], [ 49.3324888, -13.0764351 ], [ 49.3318278, -13.0766592 ], [ 49.3313232, -13.0770781 ], [ 49.3306722, -13.0775694 ], [ 49.3299657, -13.0785253 ], [ 49.3293876, -13.0790136 ], [ 49.3285028, -13.0788212 ], [ 49.327622800000015, -13.0782699 ], [ 49.3267468, -13.0780685 ], [ 49.3255101, -13.0776494 ], [ 49.3242046, -13.0776812 ], [ 49.323549199999988, -13.0783752 ], [ 49.3227464, -13.0790102 ], [ 49.3219421, -13.079853 ], [ 49.3208473, -13.0796477 ], [ 49.3200478, -13.0790935 ], [ 49.3194722, -13.0784086 ], [ 49.3184566, -13.077781 ], [ 49.317434, -13.0774187 ], [ 49.3164986, -13.0770154 ], [ 49.3158453, -13.0771583 ], [ 49.3148968, -13.0776483 ], [ 49.3141878, -13.0773203 ], [ 49.3134106, -13.0768544 ] ] ], [ [ [ 49.2283386, -13.1315204 ], [ 49.2291344, -13.1314544 ], [ 49.2297927, -13.1315502 ], [ 49.2302717, -13.1315106 ], [ 49.2312563, -13.1317345 ], [ 49.2315984, -13.1320124 ], [ 49.2329153, -13.1328181 ], [ 49.232424, -13.1345386 ], [ 49.230599, -13.1352919 ], [ 49.2289986, -13.1351074 ], [ 49.231174, -13.1363216 ], [ 49.23133570000001, -13.1379949 ], [ 49.2302191, -13.1396108 ], [ 49.2303444, -13.1406744 ], [ 49.2319819, -13.1397825 ], [ 49.233028, -13.1406218 ], [ 49.2342436, -13.1402218 ], [ 49.23462, -13.140805 ], [ 49.2351354, -13.1412242 ], [ 49.2355114, -13.1418069 ], [ 49.236149300000015, -13.1419105 ], [ 49.2367711, -13.1418624 ], [ 49.2371889, -13.1413712 ], [ 49.2372959, -13.1409039 ], [ 49.2380414, -13.14054 ], [ 49.2384598, -13.1400482 ], [ 49.2383794, -13.1392883 ], [ 49.2380037, -13.1387041 ], [ 49.2376278, -13.1381197 ], [ 49.2375475, -13.1373585 ], [ 49.2375015, -13.1369017 ], [ 49.2377511, -13.136268 ], [ 49.2383576, -13.1360669 ], [ 49.2389644, -13.1358658 ], [ 49.2397116, -13.1354999 ], [ 49.2403188, -13.1352986 ], [ 49.2409737, -13.135555 ], [ 49.241492, -13.1359765 ], [ 49.2420101, -13.1363978 ], [ 49.2426847, -13.1368069 ], [ 49.2433273, -13.1369111 ], [ 49.2438132, -13.1370273 ], [ 49.244596500000014, -13.136967 ], [ 49.2452232, -13.1369188 ], [ 49.245848699999989, -13.1368704 ], [ 49.2469441, -13.1367859 ], [ 49.2478851, -13.1367136 ], [ 49.2481977, -13.1366894 ], [ 49.2491433, -13.1366177 ], [ 49.2507333, -13.1364999 ], [ 49.2513688, -13.1364529 ], [ 49.2527975, -13.1363471 ], [ 49.2537246, -13.1362733 ], [ 49.2546442, -13.1361983 ], [ 49.2551044, -13.1361607 ], [ 49.2557629, -13.1367181 ], [ 49.2564172, -13.1369744 ], [ 49.2569006, -13.1370904 ], [ 49.2575112, -13.1368896 ], [ 49.2582348, -13.1362194 ], [ 49.2586604, -13.1357256 ], [ 49.2592716, -13.1355246 ], [ 49.2598972, -13.135476 ], [ 49.2603234, -13.1349819 ], [ 49.2604655, -13.1348171 ], [ 49.2613472, -13.1341335 ], [ 49.2619591, -13.1339322 ], [ 49.2625853, -13.1338835 ], [ 49.26324, -13.1341403 ], [ 49.2640229, -13.1340796 ], [ 49.2644504, -13.1335848 ], [ 49.2647354, -13.1332548 ], [ 49.2651351, -13.1324538 ], [ 49.2655771, -13.1321113 ], [ 49.2660193, -13.1317687 ], [ 49.2667612, -13.1312485 ], [ 49.2673745, -13.1310465 ], [ 49.268117, -13.130526 ], [ 49.2685599, -13.1301829 ], [ 49.2693168, -13.1298152 ], [ 49.2697468, -13.1293188 ], [ 49.2696925, -13.1287057 ], [ 49.2699522, -13.1280679 ], [ 49.2698979, -13.1274543 ], [ 49.2699862, -13.126674 ], [ 49.2699171, -13.1259053 ], [ 49.2698618, -13.1252899 ], [ 49.2698064, -13.1246742 ], [ 49.2700653, -13.1240333 ], [ 49.2702086, -13.1238668 ], [ 49.2712401, -13.1230089 ], [ 49.2718554, -13.1228048 ], [ 49.2724708, -13.1226006 ], [ 49.2725734, -13.1219709 ], [ 49.2729772, -13.1211614 ], [ 49.2733949, -13.1205058 ], [ 49.2739705, -13.1198372 ], [ 49.2742305, -13.1191923 ], [ 49.2746762, -13.1188451 ], [ 49.2750327, -13.1192852 ], [ 49.2751004, -13.1200586 ], [ 49.2757712, -13.1204724 ], [ 49.2762857, -13.1209006 ], [ 49.2768, -13.1213287 ], [ 49.2774448, -13.1214353 ], [ 49.2775487, -13.1208047 ], [ 49.2773369, -13.1201978 ], [ 49.2769534, -13.1194475 ], [ 49.2765968, -13.1190066 ], [ 49.2765153, -13.1180764 ], [ 49.2764466, -13.117299 ], [ 49.2764052, -13.1168321 ], [ 49.2764933, -13.1160394 ], [ 49.2770847, -13.115523 ], [ 49.2771764, -13.1147352 ], [ 49.2775978, -13.1140776 ], [ 49.278177799999987, -13.1134074 ], [ 49.2785997, -13.1127491 ], [ 49.2788634, -13.1121029 ], [ 49.2789685, -13.1114675 ], [ 49.2792318, -13.110819 ], [ 49.2794953, -13.1101702 ], [ 49.2789795, -13.1097381 ], [ 49.2783721, -13.1100993 ], [ 49.2779369, -13.1106043 ], [ 49.2775019, -13.1111091 ], [ 49.276895, -13.1114698 ], [ 49.2762883, -13.1118305 ], [ 49.2760259, -13.1124785 ], [ 49.2757499, -13.1129703 ], [ 49.2754874, -13.1136169 ], [ 49.2752259, -13.1142648 ], [ 49.2746118, -13.1144781 ], [ 49.2742109, -13.1153004 ], [ 49.2737992, -13.1159699 ], [ 49.2735402, -13.1166178 ], [ 49.2732701, -13.1171136 ], [ 49.2726774, -13.1176233 ], [ 49.2722442, -13.118123 ], [ 49.2714696, -13.1182015 ], [ 49.270696199999989, -13.11828 ], [ 49.2701033, -13.1186484 ], [ 49.2701574, -13.1194036 ], [ 49.2705116, -13.1199795 ], [ 49.2707229, -13.1207232 ], [ 49.2704589, -13.1213613 ], [ 49.2696863, -13.1214373 ], [ 49.2693663, -13.1213159 ], [ 49.2693009, -13.1204078 ], [ 49.2687995, -13.1198536 ], [ 49.2684622, -13.1194345 ], [ 49.2679626, -13.1188823 ], [ 49.267467, -13.1183342 ], [ 49.2670164, -13.1181105 ], [ 49.2664274, -13.1179155 ], [ 49.2658435, -13.1178628 ], [ 49.265261, -13.1178093 ], [ 49.264798899999988, -13.1177097 ], [ 49.2640171, -13.1173462 ], [ 49.2632473, -13.117132 ], [ 49.2625104, -13.1172247 ], [ 49.2619096, -13.1170086 ], [ 49.2614562, -13.1167737 ], [ 49.2611425, -13.1162358 ], [ 49.2611245, -13.1156643 ], [ 49.2615429, -13.1150356 ], [ 49.2621059, -13.1146624 ], [ 49.2623787, -13.1143289 ], [ 49.262929, -13.1136651 ], [ 49.2634934, -13.1131515 ], [ 49.264236899999986, -13.1130614 ], [ 49.2648154, -13.1126969 ], [ 49.2653946, -13.1123319 ], [ 49.2658248, -13.1119846 ], [ 49.266379799999989, -13.1113172 ], [ 49.266774, -13.110787 ], [ 49.2673014, -13.1100776 ], [ 49.2676775, -13.109381 ], [ 49.2680869, -13.1088617 ], [ 49.2686597, -13.1083398 ], [ 49.2692725, -13.1081429 ], [ 49.2700075, -13.107486 ], [ 49.2703133, -13.1073218 ], [ 49.27104, -13.1065228 ], [ 49.2714591, -13.1058849 ], [ 49.2720396, -13.1052463 ], [ 49.2726033, -13.1045745 ], [ 49.2731786, -13.1040503 ], [ 49.2736092, -13.1036846 ], [ 49.2740273, -13.103165 ], [ 49.2745943, -13.1026134 ], [ 49.2753029, -13.1018863 ], [ 49.2758642, -13.1011889 ], [ 49.2764314, -13.1005043 ], [ 49.2768599, -13.0999979 ], [ 49.2774376, -13.099342 ], [ 49.2778728, -13.0988564 ], [ 49.2784257, -13.0977906 ], [ 49.2786936, -13.0971753 ], [ 49.2791165, -13.0965435 ], [ 49.2795499, -13.0960571 ], [ 49.2799721, -13.0954244 ], [ 49.2803937, -13.0947903 ], [ 49.2811058, -13.0939316 ], [ 49.2816969, -13.0935232 ], [ 49.2822781, -13.092969 ], [ 49.2825522, -13.0924741 ], [ 49.2827925, -13.091614 ], [ 49.283343, -13.090628 ], [ 49.2839012, -13.0897502 ], [ 49.2840047, -13.0890948 ], [ 49.2841215, -13.0885971 ], [ 49.2843772, -13.0878361 ], [ 49.2843195, -13.0871155 ], [ 49.2842484, -13.0862345 ], [ 49.2842103, -13.0857708 ], [ 49.284465, -13.0850092 ], [ 49.2847575, -13.0847114 ], [ 49.2853269, -13.0839392 ], [ 49.2856176, -13.0836302 ], [ 49.2861568, -13.0824963 ], [ 49.2864189, -13.0818324 ], [ 49.287167, -13.0813177 ], [ 49.2874558, -13.0809807 ], [ 49.288314, -13.0798787 ], [ 49.2897415, -13.0787346 ], [ 49.2916221, -13.0775547 ], [ 49.293796699999987, -13.0760643 ], [ 49.2961795, -13.0751435 ], [ 49.2987256, -13.0742069 ], [ 49.2993088, -13.0737159 ], [ 49.2999105, -13.0735206 ], [ 49.3004988, -13.0731772 ], [ 49.3010874, -13.0728336 ], [ 49.3016927, -13.0726376 ], [ 49.3023153, -13.0725892 ], [ 49.3030784, -13.0723806 ], [ 49.3035518, -13.0723436 ], [ 49.304769, -13.0719496 ], [ 49.3049238, -13.0719376 ], [ 49.3056986, -13.0718773 ], [ 49.3064802, -13.0718163 ], [ 49.3072849, -13.0722038 ], [ 49.3080507, -13.0722947 ], [ 49.3088661, -13.0726813 ], [ 49.3093269, -13.0726457 ], [ 49.310402, -13.0725626 ], [ 49.3113237, -13.0724913 ], [ 49.3125527, -13.0723963 ], [ 49.3137867, -13.072301 ], [ 49.3150408, -13.0722043 ], [ 49.3156276, -13.0718587 ], [ 49.3157434, -13.0715497 ], [ 49.3166855, -13.0714766 ], [ 49.3169788, -13.0713038 ], [ 49.3178375, -13.0706373 ], [ 49.3184451, -13.07044 ], [ 49.3194965, -13.0703596 ], [ 49.3202887, -13.0702974 ], [ 49.3209424, -13.0703961 ], [ 49.3214276, -13.0703578 ], [ 49.3222726, -13.070441 ], [ 49.3231129, -13.0703742 ], [ 49.3237873, -13.0703205 ], [ 49.3240938, -13.0699938 ], [ 49.3247072, -13.0693391 ], [ 49.3248447, -13.0690252 ], [ 49.3257741, -13.0678857 ], [ 49.326371, -13.0675358 ], [ 49.3266612, -13.0673623 ], [ 49.3276889, -13.0668298 ], [ 49.3281241, -13.0664933 ], [ 49.3283771, -13.0654081 ], [ 49.3286619, -13.064929 ], [ 49.3286286, -13.0638595 ], [ 49.328588, -13.0629438 ], [ 49.3285485, -13.0620263 ], [ 49.3285135, -13.0611057 ], [ 49.3285037, -13.0604864 ], [ 49.3289565, -13.0596756 ], [ 49.3294215, -13.0590155 ], [ 49.3298862, -13.0586678 ], [ 49.330671, -13.0582931 ], [ 49.330819, -13.0578136 ], [ 49.3309767, -13.0573298 ], [ 49.3315986, -13.0564964 ], [ 49.3322127, -13.0559805 ], [ 49.332827, -13.0556221 ], [ 49.333457499999987, -13.0554149 ], [ 49.3340763, -13.0552125 ], [ 49.3346952, -13.055168 ], [ 49.3354644, -13.0547984 ], [ 49.3360829, -13.0547539 ], [ 49.3367012, -13.0547095 ], [ 49.3373176, -13.0545081 ], [ 49.3383987, -13.0544304 ], [ 49.3393239, -13.0543642 ], [ 49.339939, -13.0541633 ], [ 49.340409699999981, -13.0534971 ], [ 49.3408828, -13.052829 ], [ 49.3415064, -13.0521506 ], [ 49.341995, -13.0516327 ], [ 49.3426142, -13.0514303 ], [ 49.3435437, -13.0513638 ], [ 49.3441636, -13.0513193 ], [ 49.3448466, -13.0517238 ], [ 49.3453066, -13.0521659 ], [ 49.345925, -13.0522791 ], [ 49.3465535, -13.0522308 ], [ 49.347182, -13.0521825 ], [ 49.3476762, -13.0516648 ], [ 49.3481503, -13.0511541 ], [ 49.349039, -13.050313 ], [ 49.3498406, -13.0502469 ], [ 49.3505071, -13.0505004 ], [ 49.3509822, -13.0504631 ], [ 49.3517722, -13.0505594 ], [ 49.3524042, -13.0506679 ], [ 49.3531936, -13.0507642 ], [ 49.3539819, -13.0507031 ], [ 49.354791800000015, -13.0506345 ], [ 49.355418199999988, -13.0504296 ], [ 49.35602, -13.0500757 ], [ 49.3562467, -13.0492946 ], [ 49.3561899, -13.0486844 ], [ 49.355949, -13.0480967 ], [ 49.3562877, -13.0479054 ], [ 49.3570169, -13.0478668 ], [ 49.3576104, -13.048147 ], [ 49.3582392, -13.0480985 ], [ 49.3587964, -13.0477615 ], [ 49.3598723, -13.0469454 ], [ 49.360427, -13.04661 ], [ 49.3607958, -13.046141 ], [ 49.3613436, -13.0456518 ], [ 49.3617614, -13.0454786 ], [ 49.3623023, -13.0448356 ], [ 49.362713, -13.0445086 ], [ 49.3632926, -13.0440076 ], [ 49.3637294, -13.0435134 ], [ 49.36418, -13.0431706 ], [ 49.3652558, -13.0424132 ], [ 49.3661942, -13.0418162 ], [ 49.3667592, -13.0414251 ], [ 49.367135, -13.0409005 ], [ 49.3673193, -13.0400841 ], [ 49.3675861, -13.0394457 ], [ 49.3687794, -13.038661 ], [ 49.3697926, -13.038 ], [ 49.3705945, -13.0362551 ], [ 49.3713454, -13.0347423 ], [ 49.3719492, -13.033559 ], [ 49.3730052, -13.0331885 ], [ 49.3749795, -13.0332613 ], [ 49.3761715, -13.0332219 ], [ 49.3773729, -13.03317 ], [ 49.3781912, -13.0323897 ], [ 49.3787044, -13.0314654 ], [ 49.379291, -13.0309623 ], [ 49.3799477, -13.0308838 ], [ 49.380598600000013, -13.0308113 ], [ 49.381211, -13.0306107 ], [ 49.3817645, -13.0302991 ], [ 49.382334, -13.0299732 ], [ 49.3826427, -13.0297894 ], [ 49.3830737, -13.0291361 ], [ 49.383972199999988, -13.0277965 ], [ 49.3843004, -13.0274326 ], [ 49.3845459, -13.0264906 ], [ 49.3839291, -13.0261743 ], [ 49.3835031, -13.0258175 ], [ 49.3828418, -13.025251 ], [ 49.3828159, -13.0247863 ], [ 49.3827727, -13.0240112 ], [ 49.3827382, -13.0233906 ], [ 49.3830149, -13.0227457 ], [ 49.3831361, -13.0221122 ], [ 49.383257400000012, -13.0214782 ], [ 49.3831886, -13.0202326 ], [ 49.3831368, -13.0192972 ], [ 49.383121, -13.0184856 ], [ 49.3830938, -13.0176852 ], [ 49.3832263, -13.0172012 ], [ 49.3831937, -13.016238 ], [ 49.3830556, -13.0165623 ], [ 49.3826305, -13.0172136 ], [ 49.3820507, -13.0177077 ], [ 49.3815933, -13.0183976 ], [ 49.3811305, -13.0187599 ], [ 49.3805138, -13.0192985 ], [ 49.3800513, -13.0198278 ], [ 49.3794377, -13.0200295 ], [ 49.3788242, -13.0202312 ], [ 49.378057299999988, -13.0204414 ], [ 49.3772903, -13.0204841 ], [ 49.37652, -13.0195185 ], [ 49.376210500000013, -13.0190297 ], [ 49.3760545, -13.0185311 ], [ 49.3755875, -13.0177087 ], [ 49.3754265, -13.0170409 ], [ 49.3750756, -13.0160864 ], [ 49.374728, -13.015469 ], [ 49.3740759, -13.0152036 ], [ 49.3737471, -13.0145532 ], [ 49.3737334, -13.0137031 ], [ 49.3736927, -13.0127202 ], [ 49.3738578, -13.01217 ], [ 49.3738494, -13.0116561 ], [ 49.3738088, -13.010313 ], [ 49.3736202, -13.0096675 ], [ 49.3732729, -13.0092098 ], [ 49.3726042, -13.0087807 ], [ 49.3722679, -13.0084799 ], [ 49.3722457, -13.0076236 ], [ 49.3717187, -13.0070331 ], [ 49.3710324, -13.0069985 ], [ 49.3701793, -13.0071778 ], [ 49.3695399, -13.0070497 ], [ 49.3689003, -13.0061858 ], [ 49.3684261, -13.0054709 ], [ 49.3679473, -13.0049456 ], [ 49.3674359, -13.0044957 ], [ 49.3670917, -13.0040151 ], [ 49.3664499, -13.0036852 ], [ 49.3659753, -13.0037025 ], [ 49.3651728, -13.0033775 ], [ 49.364973, -13.0027289 ], [ 49.3649306, -13.002077 ], [ 49.3649094, -13.0017509 ], [ 49.3645132, -13.0006315 ], [ 49.3641486, -13.0000011 ], [ 49.3636762, -13.0001993 ], [ 49.3637299, -13.0010162 ], [ 49.363279299999988, -13.0015407 ], [ 49.3626682, -13.0020766 ], [ 49.3623791, -13.0025889 ], [ 49.3624225, -13.0032406 ], [ 49.3624551, -13.003729 ], [ 49.362509299999985, -13.0045422 ], [ 49.3620537, -13.0050849 ], [ 49.3612537, -13.0051339 ], [ 49.3606054, -13.0052011 ], [ 49.3598156, -13.0056172 ], [ 49.3591886, -13.006016 ], [ 49.3590618, -13.006717 ], [ 49.3591231, -13.0075059 ], [ 49.3591821, -13.0083024 ], [ 49.3585607, -13.0086848 ], [ 49.3579392, -13.0090691 ], [ 49.3573091, -13.0092829 ], [ 49.3566664, -13.0093411 ], [ 49.3560223, -13.0094066 ], [ 49.3552177, -13.0094884 ], [ 49.3545744, -13.0095537 ], [ 49.353931499999987, -13.0096191 ], [ 49.3531287, -13.0096991 ], [ 49.3526725, -13.0100595 ], [ 49.352079, -13.0107621 ], [ 49.3516297, -13.0113196 ], [ 49.3511916, -13.0120472 ], [ 49.3507325, -13.0124399 ], [ 49.3499339, -13.0125227 ], [ 49.34898, -13.0125864 ], [ 49.3481886, -13.0125975 ], [ 49.3475424, -13.0124414 ], [ 49.346748, -13.0124526 ], [ 49.3459642, -13.012629 ], [ 49.3453389, -13.0128034 ], [ 49.34475, -13.0134896 ], [ 49.344295900000013, -13.0138472 ], [ 49.3436949, -13.0143781 ], [ 49.3432412, -13.0147354 ], [ 49.3422826, -13.0147987 ], [ 49.3415226, -13.0153397 ], [ 49.3409097, -13.0157073 ], [ 49.3402838, -13.0159122 ], [ 49.3398176, -13.0161065 ], [ 49.3392062, -13.0164855 ], [ 49.3387821, -13.0171789 ], [ 49.3383451, -13.0177097 ], [ 49.3376042, -13.0184291 ], [ 49.3374725, -13.0187666 ], [ 49.3367742, -13.0199669 ], [ 49.3363257, -13.0203308 ], [ 49.3358928, -13.0208632 ], [ 49.3356328, -13.0215417 ], [ 49.335503, -13.0218805 ], [ 49.3346452, -13.0229593 ], [ 49.3339235, -13.0237142 ], [ 49.3327782, -13.0248853 ], [ 49.3320888, -13.0258236 ], [ 49.332036599999988, -13.0268441 ], [ 49.332241100000012, -13.0273214 ], [ 49.3323186, -13.0281283 ], [ 49.3323802, -13.0287714 ], [ 49.3322647, -13.0292477 ], [ 49.3318943, -13.0303734 ], [ 49.3316376, -13.0310171 ], [ 49.33103, -13.0313432 ], [ 49.3301108, -13.0318196 ], [ 49.3294965, -13.0321381 ], [ 49.328880800000015, -13.0324572 ], [ 49.3281505, -13.0330018 ], [ 49.3275944, -13.033693 ], [ 49.3266952, -13.0342202 ], [ 49.325828, -13.0350622 ], [ 49.3252138, -13.0352581 ], [ 49.324262, -13.0353079 ], [ 49.3235033, -13.0356679 ], [ 49.3230444, -13.0358521 ], [ 49.3222853, -13.0362123 ], [ 49.3214889, -13.0362539 ], [ 49.3206907, -13.0362947 ], [ 49.3200447, -13.0363198 ], [ 49.3190734, -13.0363573 ], [ 49.318099700000012, -13.0363949 ], [ 49.3172863, -13.0364264 ], [ 49.3166321, -13.0363092 ], [ 49.3159836, -13.0361981 ], [ 49.3153474, -13.0362399 ], [ 49.3147108, -13.0362817 ], [ 49.3142354, -13.0363151 ], [ 49.3126414, -13.0362771 ], [ 49.3116929, -13.0363467 ], [ 49.3109288, -13.0364266 ], [ 49.310051, -13.036838 ], [ 49.3094709, -13.0372099 ], [ 49.3087364, -13.0377378 ], [ 49.3082654, -13.0377741 ], [ 49.3074097, -13.0372098 ], [ 49.3065896, -13.0369583 ], [ 49.3057442, -13.0364015 ], [ 49.3054159, -13.0362721 ], [ 49.3046054, -13.0360278 ], [ 49.3038367, -13.0361002 ], [ 49.3028726, -13.0358702 ], [ 49.30223, -13.0357649 ], [ 49.3015649, -13.0355004 ], [ 49.3007443, -13.0352493 ], [ 49.29996890000001, -13.0353167 ], [ 49.2993197, -13.0353521 ], [ 49.298681899999984, -13.0356848 ], [ 49.2982247, -13.0363113 ], [ 49.2975866, -13.0365006 ], [ 49.2974781, -13.0372699 ], [ 49.2972037, -13.0379012 ], [ 49.2971129, -13.0385346 ], [ 49.2967078, -13.0391921 ], [ 49.2961458, -13.0398614 ], [ 49.2955341, -13.0400656 ], [ 49.2949439, -13.0404268 ], [ 49.2945028, -13.0406247 ], [ 49.2935075, -13.0413456 ], [ 49.2927741, -13.0417231 ], [ 49.2923611, -13.0422256 ], [ 49.292253, -13.0426998 ], [ 49.2919926, -13.0431877 ], [ 49.2917176, -13.043522 ], [ 49.2908008, -13.0451499 ], [ 49.2903746, -13.0454969 ], [ 49.2899725, -13.0461475 ], [ 49.2892729, -13.0469748 ], [ 49.2886843, -13.0473309 ], [ 49.2884138, -13.0478124 ], [ 49.2878375, -13.04832 ], [ 49.2873826, -13.048806 ], [ 49.2870806, -13.0491306 ], [ 49.286468, -13.0493313 ], [ 49.2856998, -13.0495442 ], [ 49.2847657, -13.0496179 ], [ 49.2837285, -13.049716 ], [ 49.2829676, -13.0497811 ], [ 49.2821862, -13.0498414 ], [ 49.2815611, -13.0498897 ], [ 49.2809296, -13.0500858 ], [ 49.280148, -13.0501462 ], [ 49.2792101, -13.0502186 ], [ 49.2782722, -13.050291 ], [ 49.2778633, -13.0507873 ], [ 49.2770315, -13.0511784 ], [ 49.2764292, -13.0516787 ], [ 49.275649299999984, -13.0517391 ], [ 49.274876100000014, -13.0518006 ], [ 49.2742748, -13.0518528 ], [ 49.2737158, -13.0523602 ], [ 49.2731394, -13.0530141 ], [ 49.2727557, -13.0536612 ], [ 49.272530099999983, -13.0542959 ], [ 49.271809, -13.0548127 ], [ 49.2711264, -13.0556333 ], [ 49.2707322, -13.0564267 ], [ 49.2706506, -13.0571959 ], [ 49.2700898, -13.0576996 ], [ 49.2698469, -13.0581794 ], [ 49.2691219, -13.0589943 ], [ 49.2690861, -13.0597649 ], [ 49.2690103, -13.0602318 ], [ 49.2686757, -13.0610247 ], [ 49.267948, -13.0613868 ], [ 49.2673499, -13.0615856 ], [ 49.26667, -13.0613311 ], [ 49.2661217, -13.0609131 ], [ 49.2658122, -13.0609371 ], [ 49.264527199999989, -13.0611945 ], [ 49.2634161, -13.0612831 ], [ 49.2626752, -13.0623095 ], [ 49.263238, -13.0638716 ], [ 49.2634278, -13.0645023 ], [ 49.2633173, -13.0651321 ], [ 49.2628854, -13.0654491 ], [ 49.262123499999987, -13.0658121 ], [ 49.2616717, -13.0661603 ], [ 49.2608997, -13.06654 ], [ 49.2604483, -13.0668879 ], [ 49.2595315, -13.0674331 ], [ 49.2592403, -13.0677651 ], [ 49.2586614, -13.0685984 ], [ 49.2582067, -13.0691285 ], [ 49.2578932, -13.0693255 ], [ 49.2569571, -13.0697349 ], [ 49.2564815, -13.0697783 ], [ 49.2561646, -13.0698072 ], [ 49.2550539, -13.069913 ], [ 49.2542681, -13.070154 ], [ 49.2534838, -13.0703946 ], [ 49.2527027, -13.0704468 ], [ 49.2519556, -13.0709641 ], [ 49.251331799999988, -13.0710018 ], [ 49.2502479, -13.0712312 ], [ 49.2493583, -13.0720985 ], [ 49.2487533, -13.0724603 ], [ 49.2484609, -13.0728027 ], [ 49.2478859, -13.0736508 ], [ 49.2474784, -13.0744474 ], [ 49.2473551, -13.0749312 ], [ 49.2469432, -13.0757461 ], [ 49.2463767, -13.0765675 ], [ 49.2459771, -13.0775377 ], [ 49.2458551, -13.0780181 ], [ 49.2454354, -13.0786667 ], [ 49.244839299999988, -13.0790035 ], [ 49.2440867, -13.0793509 ], [ 49.243331099999985, -13.079714 ], [ 49.2425634, -13.0799215 ], [ 49.2421439, -13.0805752 ], [ 49.2420244, -13.0810519 ], [ 49.2419414, -13.0819941 ], [ 49.2418466, -13.0827758 ], [ 49.241261, -13.0832811 ], [ 49.2407942, -13.0833137 ], [ 49.240040799999989, -13.0836767 ], [ 49.2394171, -13.0837119 ], [ 49.2383262, -13.0837913 ], [ 49.2377189, -13.0840086 ], [ 49.2371129, -13.0842254 ], [ 49.2366742, -13.0845741 ], [ 49.2360931, -13.0850851 ], [ 49.2353296, -13.0852965 ], [ 49.2347075, -13.0853414 ], [ 49.2339008, -13.085087 ], [ 49.2332778, -13.0851319 ], [ 49.2325243, -13.0854916 ], [ 49.2318126, -13.0864443 ], [ 49.2318597, -13.0870454 ], [ 49.2322269, -13.0876355 ], [ 49.232436, -13.0882337 ], [ 49.2328139, -13.088972 ], [ 49.2330363, -13.0897217 ], [ 49.23309, -13.0903302 ], [ 49.2332986, -13.0909261 ], [ 49.2336618, -13.0915092 ], [ 49.234307800000011, -13.0917645 ], [ 49.2349552, -13.0920221 ], [ 49.2354611, -13.0924439 ], [ 49.2354736, -13.0925945 ], [ 49.2355673, -13.0936557 ], [ 49.2356526, -13.0945684 ], [ 49.2352332, -13.0950587 ], [ 49.2346419, -13.0954051 ], [ 49.234206, -13.0957406 ], [ 49.2338955, -13.0957626 ], [ 49.2330267, -13.0964348 ], [ 49.2321429, -13.096955 ], [ 49.2314319, -13.0976141 ], [ 49.2306655, -13.0976737 ], [ 49.2299385, -13.0980345 ], [ 49.2292214, -13.0985423 ], [ 49.2291211, -13.0991496 ], [ 49.2297913, -13.0996978 ], [ 49.2298472, -13.1002921 ], [ 49.2300289, -13.1005772 ], [ 49.2305977, -13.1017274 ], [ 49.2307916, -13.1021595 ], [ 49.2313174, -13.102863 ], [ 49.2319561, -13.1031107 ], [ 49.2325763, -13.1032122 ], [ 49.2330541, -13.1034746 ], [ 49.2338359, -13.1037144 ], [ 49.234326599999982, -13.1041257 ], [ 49.2342113, -13.1045815 ], [ 49.2334891, -13.1050819 ], [ 49.2332386, -13.1056935 ], [ 49.233293, -13.1062807 ], [ 49.2333525, -13.1068623 ], [ 49.2329673, -13.1076258 ], [ 49.2325678, -13.108243 ], [ 49.2326679, -13.1092568 ], [ 49.2327309, -13.1099885 ], [ 49.2327687, -13.1104273 ], [ 49.2328069, -13.1108652 ], [ 49.2327516, -13.111888 ], [ 49.2323257, -13.1122115 ], [ 49.2315701, -13.1122703 ], [ 49.2309655, -13.1123174 ], [ 49.2303467, -13.1122203 ], [ 49.2298358, -13.1116786 ], [ 49.2293334, -13.1112853 ], [ 49.2287251, -13.1113344 ], [ 49.2284477, -13.1116504 ], [ 49.2285147, -13.1123787 ], [ 49.2288755, -13.1129322 ], [ 49.2289496, -13.1136502 ], [ 49.2288547, -13.1142387 ], [ 49.2284218, -13.1145714 ], [ 49.2281581, -13.1150317 ], [ 49.228525499999989, -13.1155726 ], [ 49.2288801, -13.1161276 ], [ 49.2290788, -13.1167006 ], [ 49.22863550000001, -13.1168864 ], [ 49.2280235, -13.1169448 ], [ 49.2274331, -13.1171366 ], [ 49.22668620000001, -13.1171863 ], [ 49.2265995, -13.1177633 ], [ 49.2263607, -13.1183529 ], [ 49.2259275, -13.1185263 ], [ 49.2252981, -13.1182857 ], [ 49.2249608, -13.1178716 ], [ 49.224489, -13.117611 ], [ 49.2247139, -13.1170332 ], [ 49.225257, -13.1165728 ], [ 49.2254822, -13.1159932 ], [ 49.2253878, -13.1152931 ], [ 49.2248782, -13.1149046 ], [ 49.2241042, -13.114819 ], [ 49.223520400000012, -13.1150037 ], [ 49.2231512, -13.1155949 ], [ 49.2225955, -13.1159134 ], [ 49.2221695, -13.1160821 ], [ 49.2212676, -13.1161488 ], [ 49.2206651, -13.1161944 ], [ 49.2203193, -13.11594 ], [ 49.2196295, -13.115427 ], [ 49.218968, -13.1150465 ], [ 49.2184391, -13.1146652 ], [ 49.2178211, -13.1147189 ], [ 49.2172024, -13.1147727 ], [ 49.2166271, -13.1151095 ], [ 49.2158297, -13.1150361 ], [ 49.215030600000013, -13.1149625 ], [ 49.21438, -13.1148783 ], [ 49.2138501, -13.1144892 ], [ 49.2133163, -13.1141004 ], [ 49.2128301, -13.1141495 ], [ 49.2121984, -13.1145156 ], [ 49.21173, -13.1148651 ], [ 49.2109864, -13.1155325 ], [ 49.210706, -13.115853 ], [ 49.2103029, -13.1164797 ], [ 49.2095137, -13.1165503 ], [ 49.2087338, -13.1166157 ], [ 49.207964, -13.1166758 ], [ 49.2073324, -13.1165765 ], [ 49.206894, -13.1167561 ], [ 49.20615930000001, -13.1169542 ], [ 49.2056051, -13.1172823 ], [ 49.2048861, -13.1174731 ], [ 49.2042596, -13.117218 ], [ 49.203817, -13.1172457 ], [ 49.203087499999988, -13.1172884 ], [ 49.2025123, -13.1173192 ], [ 49.2017948, -13.1173577 ], [ 49.2014871, -13.1172289 ], [ 49.201073, -13.1163787 ], [ 49.2009663, -13.1156555 ], [ 49.2008562, -13.1149317 ], [ 49.200211299999985, -13.1148376 ], [ 49.1995723, -13.1148942 ], [ 49.1989873, -13.1145136 ], [ 49.1985172, -13.1147055 ], [ 49.1979096, -13.1150571 ], [ 49.1973617, -13.1156947 ], [ 49.1972249, -13.115854 ], [ 49.1965718, -13.1167922 ], [ 49.1963266, -13.117253 ], [ 49.1961163, -13.1178534 ], [ 49.196284899999988, -13.1185527 ], [ 49.1960132, -13.1195826 ], [ 49.1961281, -13.1201451 ], [ 49.1955593, -13.1206336 ], [ 49.1949239, -13.1208455 ], [ 49.1943311, -13.1204801 ], [ 49.1934136, -13.1207045 ], [ 49.1930535, -13.121311 ], [ 49.191927, -13.1221305 ], [ 49.1909587, -13.122935 ], [ 49.1909876, -13.1230753 ], [ 49.1903096, -13.1237089 ], [ 49.1897913, -13.1243268 ], [ 49.189048, -13.1248372 ], [ 49.1884495, -13.1253396 ], [ 49.1880047, -13.1258298 ], [ 49.1875595, -13.1263205 ], [ 49.1869595, -13.1268243 ], [ 49.1865076, -13.1271646 ], [ 49.1860611, -13.1276565 ], [ 49.1854529, -13.1280108 ], [ 49.1847631, -13.1282515 ], [ 49.1841437, -13.1283024 ], [ 49.1835241, -13.1283533 ], [ 49.1829044, -13.1284043 ], [ 49.1823132, -13.1285957 ], [ 49.1812283, -13.1286849 ], [ 49.1806664, -13.1290165 ], [ 49.1798913, -13.1290803 ], [ 49.1795442, -13.129679 ], [ 49.1796325, -13.1300985 ], [ 49.1791977, -13.1302764 ], [ 49.1786381, -13.1306066 ], [ 49.1782633, -13.1310631 ], [ 49.1779831, -13.1312282 ], [ 49.1771968, -13.1320044 ], [ 49.1766401, -13.1324864 ], [ 49.1758643, -13.1325523 ], [ 49.1750581, -13.1326329 ], [ 49.1742052, -13.1327359 ], [ 49.1736346, -13.1330714 ], [ 49.173285, -13.1336692 ], [ 49.173252, -13.1342368 ], [ 49.1728077, -13.1344195 ], [ 49.1722034, -13.1346178 ], [ 49.171599, -13.1348161 ], [ 49.1709666, -13.1348745 ], [ 49.1707525, -13.134609 ], [ 49.1705938, -13.1339165 ], [ 49.1704655, -13.1333617 ], [ 49.1703046, -13.1326663 ], [ 49.1701433, -13.131969 ], [ 49.1700041, -13.1312598 ], [ 49.1697657, -13.1306916 ], [ 49.1691029, -13.1304512 ], [ 49.1687295, -13.1300402 ], [ 49.1680448, -13.1296538 ], [ 49.1672673, -13.1297165 ], [ 49.1666452, -13.1297667 ], [ 49.1665321, -13.1300703 ], [ 49.1651018, -13.1306577 ], [ 49.163506399999989, -13.1320145 ], [ 49.1635781, -13.1326269 ], [ 49.1636676, -13.1333915 ], [ 49.1637391, -13.1340025 ], [ 49.1640108, -13.1347559 ], [ 49.1641552, -13.1356724 ], [ 49.1637888, -13.1364687 ], [ 49.16356, -13.1371 ], [ 49.1635366, -13.1380214 ], [ 49.1639234, -13.1384514 ], [ 49.1641952, -13.1391943 ], [ 49.1641724, -13.1399587 ], [ 49.1641292, -13.1405706 ], [ 49.1639237, -13.141193 ], [ 49.1640732, -13.1419379 ], [ 49.164222, -13.1426797 ], [ 49.1645022, -13.1432584 ], [ 49.1651477, -13.1432081 ], [ 49.1659593, -13.1432951 ], [ 49.166571300000015, -13.1432482 ], [ 49.1677796, -13.1431561 ], [ 49.1685354, -13.1430985 ], [ 49.1692906, -13.14274 ], [ 49.1697315, -13.1425562 ], [ 49.1704563, -13.1422005 ], [ 49.171172, -13.1416949 ], [ 49.1715899, -13.1412118 ], [ 49.171998, -13.1405791 ], [ 49.1725706, -13.1400838 ], [ 49.1732752, -13.1392776 ], [ 49.1742616, -13.1384471 ], [ 49.174974, -13.1379386 ], [ 49.1753777, -13.137453 ], [ 49.1764405, -13.1360043 ], [ 49.1768447, -13.1355159 ], [ 49.177396699999989, -13.1350139 ], [ 49.1781137, -13.134649 ], [ 49.178388, -13.1343224 ], [ 49.1792099, -13.1330441 ], [ 49.1800647, -13.1323636 ], [ 49.1804927, -13.1320229 ], [ 49.1812339, -13.1316585 ], [ 49.1817993, -13.1311521 ], [ 49.1825633, -13.1310881 ], [ 49.1833178, -13.1310206 ], [ 49.1839224, -13.1309665 ], [ 49.184528, -13.1309124 ], [ 49.1854377, -13.1306837 ], [ 49.1860833, -13.1306438 ], [ 49.1864441, -13.1310786 ], [ 49.1864955, -13.1316848 ], [ 49.1866891, -13.1321271 ], [ 49.1873555, -13.1326827 ], [ 49.1879945, -13.1327871 ], [ 49.1884667, -13.1327526 ], [ 49.1892437, -13.1325448 ], [ 49.1903078, -13.1320116 ], [ 49.1909253, -13.1319615 ], [ 49.1915336, -13.1317614 ], [ 49.192142, -13.1315613 ], [ 49.193175, -13.1307236 ], [ 49.1937867, -13.1305252 ], [ 49.1944151, -13.1304808 ], [ 49.195066, -13.1307376 ], [ 49.1955734, -13.1311574 ], [ 49.1971415, -13.1310472 ], [ 49.197771, -13.1310059 ], [ 49.1982442, -13.1309764 ], [ 49.1987037, -13.1307959 ], [ 49.1994162, -13.1298454 ], [ 49.2001619, -13.1293458 ], [ 49.2007483, -13.1288546 ], [ 49.2013422, -13.1285075 ], [ 49.2019465, -13.1283069 ], [ 49.2025893, -13.1285599 ], [ 49.2026482, -13.1293058 ], [ 49.2027072, -13.1300524 ], [ 49.2027544, -13.1306502 ], [ 49.2026465, -13.1312599 ], [ 49.2027147, -13.1321544 ], [ 49.2032002, -13.1324137 ], [ 49.2036636, -13.1323746 ], [ 49.2039497, -13.1320498 ], [ 49.2048196, -13.1312248 ], [ 49.2055583, -13.1307112 ], [ 49.2058324, -13.1302375 ], [ 49.2062493, -13.1296019 ], [ 49.2066538, -13.1288181 ], [ 49.2070579, -13.1280351 ], [ 49.2074494, -13.127108 ], [ 49.2077222, -13.1266384 ], [ 49.20813720000001, -13.1260084 ], [ 49.2090427, -13.1256198 ], [ 49.2096872, -13.1258701 ], [ 49.2098933, -13.1264484 ], [ 49.2101106, -13.1271854 ], [ 49.2101603, -13.1277856 ], [ 49.21021, -13.1283859 ], [ 49.2105824, -13.1291132 ], [ 49.211216, -13.129215 ], [ 49.2118372, -13.1291666 ], [ 49.2124836, -13.1294186 ], [ 49.213414799999988, -13.1293477 ], [ 49.2141889, -13.1292912 ], [ 49.2146531, -13.1292573 ], [ 49.2157355, -13.1291784 ], [ 49.2163667, -13.1292828 ], [ 49.2168706, -13.129697 ], [ 49.217245, -13.1304237 ], [ 49.2177212, -13.1305399 ], [ 49.2183776, -13.1309447 ], [ 49.2190235, -13.1311976 ], [ 49.2196839, -13.1315999 ], [ 49.2203191, -13.1317015 ], [ 49.2206358, -13.1316741 ], [ 49.2217501, -13.1315763 ], [ 49.222535400000012, -13.1315128 ], [ 49.2232116, -13.1319108 ], [ 49.2238365, -13.1318621 ], [ 49.2249233, -13.1317798 ], [ 49.225389, -13.1317445 ], [ 49.2264752, -13.1316622 ], [ 49.227096, -13.1316151 ], [ 49.2283386, -13.1315204 ] ] ], [ [ [ 49.2039852, -13.0425623 ], [ 49.2040397, -13.0432511 ], [ 49.2040942, -13.0439397 ], [ 49.2046687, -13.0444287 ], [ 49.2052159, -13.0445736 ], [ 49.2059409, -13.0447094 ], [ 49.2065019, -13.0450261 ], [ 49.2074109, -13.0447302 ], [ 49.2085529, -13.0431012 ], [ 49.2095314, -13.0416539 ], [ 49.209494, -13.0386843 ], [ 49.209343, -13.0367664 ], [ 49.2110037, -13.0349283 ], [ 49.2128646, -13.0332539 ], [ 49.2144181, -13.0321219 ], [ 49.2159712, -13.0306415 ], [ 49.216661, -13.0299064 ], [ 49.2173518, -13.0295192 ], [ 49.2180428, -13.0291319 ], [ 49.2187339, -13.0287445 ], [ 49.2192461, -13.0283663 ], [ 49.2201615, -13.0281485 ], [ 49.2210803, -13.0281049 ], [ 49.2218097, -13.027896 ], [ 49.2224817, -13.0276795 ], [ 49.2231546, -13.0274627 ], [ 49.2238388, -13.0274207 ], [ 49.2245491, -13.0272088 ], [ 49.2250792, -13.0270061 ], [ 49.226299, -13.0262413 ], [ 49.2271997, -13.0261954 ], [ 49.2279202, -13.0261586 ], [ 49.2284401, -13.0257808 ], [ 49.2293025, -13.0250349 ], [ 49.2298143, -13.0244825 ], [ 49.2303423, -13.0239339 ], [ 49.2310608, -13.0235518 ], [ 49.2317809, -13.0233428 ], [ 49.232683399999985, -13.0232977 ], [ 49.233402899999987, -13.0230888 ], [ 49.2341246, -13.0230527 ], [ 49.2348488, -13.0231895 ], [ 49.2355703, -13.0231534 ], [ 49.2362918, -13.0231173 ], [ 49.2370131, -13.0230813 ], [ 49.2377344, -13.0230452 ], [ 49.2384491, -13.0226639 ], [ 49.2389864, -13.0224643 ], [ 49.2398871, -13.0224193 ], [ 49.2406076, -13.0223833 ], [ 49.2411442, -13.0221839 ], [ 49.2420519, -13.0224838 ], [ 49.242599899999988, -13.0228019 ], [ 49.2435003, -13.0227568 ], [ 49.2445807, -13.0227027 ], [ 49.2454721, -13.0223128 ], [ 49.2461829, -13.0219321 ], [ 49.2469023, -13.0218962 ], [ 49.2476242, -13.0215214 ], [ 49.248556599999986, -13.0214928 ], [ 49.249267, -13.0217925 ], [ 49.2499495, -13.0219088 ], [ 49.2508449, -13.0220317 ], [ 49.2515665, -13.0223363 ], [ 49.2522914, -13.0223028 ], [ 49.253382699999989, -13.0224246 ], [ 49.2541041, -13.022559 ], [ 49.2546741, -13.0232262 ], [ 49.255405, -13.0235352 ], [ 49.2559491, -13.0236799 ], [ 49.2564668, -13.0233014 ], [ 49.2574914, -13.0223685 ], [ 49.2581754, -13.0218027 ], [ 49.2588795, -13.0215868 ], [ 49.2595715, -13.0211935 ], [ 49.2604315, -13.0206128 ], [ 49.261304499999987, -13.0202088 ], [ 49.262000400000012, -13.0198158 ], [ 49.262866800000012, -13.0192372 ], [ 49.263568, -13.0188487 ], [ 49.2644704, -13.0188039 ], [ 49.2651814, -13.0185909 ], [ 49.2655423, -13.018573 ], [ 49.2667945, -13.0183332 ], [ 49.2676965, -13.0182884 ], [ 49.2685773, -13.0178893 ], [ 49.2690871, -13.0173305 ], [ 49.269788, -13.01694 ], [ 49.2701178, -13.0163897 ], [ 49.2708088, -13.0158213 ], [ 49.271520699999989, -13.015608 ], [ 49.2722325, -13.0153947 ], [ 49.2729544, -13.015359 ], [ 49.2736663, -13.0151457 ], [ 49.2743782, -13.0149324 ], [ 49.2750999, -13.0148968 ], [ 49.2756412, -13.0148701 ], [ 49.2765431, -13.0148256 ], [ 49.2774352, -13.0146035 ], [ 49.2781566, -13.0145679 ], [ 49.2788684, -13.0143546 ], [ 49.2797698, -13.0143102 ], [ 49.2804909, -13.0142746 ], [ 49.28123, -13.0145945 ], [ 49.2817885, -13.0149231 ], [ 49.2825268, -13.0152425 ], [ 49.2834358, -13.0153755 ], [ 49.2841556, -13.0153399 ], [ 49.2848495, -13.0147714 ], [ 49.285553, -13.0143787 ], [ 49.2860851, -13.0141728 ], [ 49.2867976, -13.0139575 ], [ 49.2875019, -13.0135644 ], [ 49.2880179, -13.0130026 ], [ 49.287976, -13.0121127 ], [ 49.2879342, -13.0112217 ], [ 49.2875393, -13.0105271 ], [ 49.2873248, -13.0098224 ], [ 49.2869294, -13.0091266 ], [ 49.2863526, -13.0084397 ], [ 49.2857841, -13.0079312 ], [ 49.2852324, -13.007781 ], [ 49.284309, -13.0074743 ], [ 49.2834042, -13.0075217 ], [ 49.2824994, -13.0075691 ], [ 49.2815758, -13.0072627 ], [ 49.2804901, -13.0073196 ], [ 49.2797569, -13.0071806 ], [ 49.2790141, -13.0068648 ], [ 49.2782808, -13.0067258 ], [ 49.2776997, -13.0060466 ], [ 49.27749, -13.0055252 ], [ 49.2780043, -13.0049658 ], [ 49.2774421, -13.0046402 ], [ 49.2768704, -13.0041376 ], [ 49.276832, -13.0034293 ], [ 49.27626, -13.0029264 ], [ 49.2755362, -13.00297 ], [ 49.2748127, -13.003015 ], [ 49.2742416, -13.0025205 ], [ 49.2747552, -13.0019585 ], [ 49.2752595, -13.0012201 ], [ 49.2754116, -13.0006804 ], [ 49.2759352, -13.0002939 ], [ 49.2766593, -13.0002483 ], [ 49.2773836, -13.0002027 ], [ 49.2777172, -12.9996511 ], [ 49.278232, -12.9990899 ], [ 49.2789567, -12.9990518 ], [ 49.2791093, -12.9985101 ], [ 49.279071099999989, -12.9978003 ], [ 49.279033, -12.9970905 ], [ 49.2793669, -12.9965387 ], [ 49.2800634, -12.9959679 ], [ 49.2807886, -12.9959297 ], [ 49.2813609, -12.9964337 ], [ 49.2819332, -12.9969377 ], [ 49.2828395, -12.9968899 ], [ 49.2831739, -12.9963382 ], [ 49.2833269, -12.9957959 ], [ 49.2832704, -12.9947301 ], [ 49.28287, -12.9940385 ], [ 49.2828229, -12.9931498 ], [ 49.28337650000001, -12.9932989 ], [ 49.2837769, -12.9939906 ], [ 49.2841679, -12.9945046 ], [ 49.284749500000011, -12.9951866 ], [ 49.2853215, -12.9956913 ], [ 49.2860654, -12.996009 ], [ 49.2867906, -12.9959714 ], [ 49.2874972, -12.9955786 ], [ 49.2882132, -12.9953634 ], [ 49.2891197, -12.9953164 ], [ 49.2896914, -12.9958208 ], [ 49.2902637, -12.9963233 ], [ 49.2909906, -12.9962808 ], [ 49.2917177, -12.9962383 ], [ 49.2922274, -12.9954935 ], [ 49.2925644, -12.9949374 ], [ 49.2928926, -12.9942026 ], [ 49.2930389, -12.9934782 ], [ 49.2930032, -12.9927643 ], [ 49.2929676, -12.9920501 ], [ 49.2922304, -12.9919147 ], [ 49.2915024, -12.9919578 ], [ 49.2907745, -12.9920009 ], [ 49.2905655, -12.9914761 ], [ 49.2910754, -12.9907293 ], [ 49.2917946, -12.9905073 ], [ 49.2924962, -12.9899277 ], [ 49.2919408, -12.9897815 ], [ 49.291212499999986, -12.989825 ], [ 49.2904843, -12.9898684 ], [ 49.2897382, -12.9895544 ], [ 49.2895108, -12.9886716 ], [ 49.2900479, -12.98846 ], [ 49.2907762, -12.9884164 ], [ 49.2915227, -12.9887305 ], [ 49.2922514, -12.9886869 ], [ 49.2927712, -12.9881175 ], [ 49.2932912, -12.9875478 ], [ 49.2940117, -12.9873249 ], [ 49.2947412, -12.9872811 ], [ 49.2954533, -12.9868791 ], [ 49.295983199999988, -12.9864878 ], [ 49.2967134, -12.9864439 ], [ 49.2972874, -12.9869485 ], [ 49.2978613, -12.987453 ], [ 49.2980091, -12.9867253 ], [ 49.2983396, -12.9859863 ], [ 49.2988877, -12.9859533 ], [ 49.2994619, -12.9864582 ], [ 49.299862, -12.9871532 ], [ 49.300261899999988, -12.9878481 ], [ 49.3012014, -12.9883309 ], [ 49.3019582, -12.9888246 ], [ 49.3021495, -12.9889928 ], [ 49.3032804, -12.9896438 ], [ 49.3038543, -12.9901484 ], [ 49.3045937, -12.9902848 ], [ 49.305307, -12.9898856 ], [ 49.3058219, -12.9891369 ], [ 49.3061546, -12.9883979 ], [ 49.306114300000011, -12.9874987 ], [ 49.3060651, -12.9864206 ], [ 49.3067882, -12.986199 ], [ 49.307526, -12.9863401 ], [ 49.3084382, -12.9862913 ], [ 49.3091759, -12.9864324 ], [ 49.3099057, -12.9863934 ], [ 49.3100559, -12.9856647 ], [ 49.3094998, -12.985515 ], [ 49.30877, -12.9855537 ], [ 49.3081964, -12.9850465 ], [ 49.3076138, -12.9843604 ], [ 49.3081524, -12.9841525 ], [ 49.3088998, -12.9844714 ], [ 49.309456, -12.9846211 ], [ 49.3099772, -12.9840556 ], [ 49.3105072, -12.9836688 ], [ 49.3110373, -12.983282 ], [ 49.311776, -12.9834221 ], [ 49.3123497, -12.9839296 ], [ 49.3125061, -12.9833833 ], [ 49.3126627, -12.9828369 ], [ 49.312612, -12.9817612 ], [ 49.312050099999986, -12.9814274 ], [ 49.3116659, -12.9808984 ], [ 49.311643099999984, -12.9801627 ], [ 49.3121886, -12.9799449 ], [ 49.3129154, -12.97972 ], [ 49.313647, -12.9796806 ], [ 49.3143936, -12.980003 ], [ 49.3151476, -12.9805063 ], [ 49.3158791, -12.9804669 ], [ 49.316610700000012, -12.9804275 ], [ 49.3173275, -12.9800264 ], [ 49.3174811, -12.9792927 ], [ 49.317642, -12.9787397 ], [ 49.3183449, -12.9779758 ], [ 49.3190698, -12.9777551 ], [ 49.3197949, -12.9775344 ], [ 49.3205201, -12.9773136 ], [ 49.3212455, -12.9770929 ], [ 49.321978, -12.9770533 ], [ 49.3228938, -12.9770039 ], [ 49.3236125, -12.9766017 ], [ 49.323957899999989, -12.9760378 ], [ 49.3242896, -12.9751107 ], [ 49.3244381, -12.9741929 ], [ 49.3244033, -12.9732845 ], [ 49.3241851, -12.9723855 ], [ 49.3232538, -12.9720714 ], [ 49.3223366, -12.9721211 ], [ 49.3219484, -12.9715953 ], [ 49.3213695, -12.9708972 ], [ 49.320614, -12.9703909 ], [ 49.3200418, -12.9698745 ], [ 49.3196343, -12.9689902 ], [ 49.3192211, -12.9681142 ], [ 49.3188257, -12.9675978 ], [ 49.3187726, -12.9665191 ], [ 49.3187283, -12.96562 ], [ 49.3187039, -12.9648819 ], [ 49.319866, -12.9643638 ], [ 49.321147, -12.964994 ], [ 49.321541, -12.9656673 ], [ 49.3222703, -12.9659783 ], [ 49.3228221, -12.9662978 ], [ 49.3236803, -12.9657371 ], [ 49.3245484, -12.9653488 ], [ 49.325249, -12.9651418 ], [ 49.3259595, -12.9651074 ], [ 49.326670199999988, -12.965073 ], [ 49.3275498, -12.9648557 ], [ 49.3284397, -12.9648103 ], [ 49.3289837, -12.9649548 ], [ 49.3300518, -12.9649 ], [ 49.3306157, -12.9653883 ], [ 49.3313476, -12.9656955 ], [ 49.3323858, -12.965125 ], [ 49.3336024, -12.9645452 ], [ 49.3342951, -12.9641646 ], [ 49.3347808, -12.9632756 ], [ 49.3347325, -12.9624131 ], [ 49.3352187, -12.9615227 ], [ 49.3357243, -12.9609773 ], [ 49.3358833, -12.9606228 ], [ 49.3370925, -12.9598676 ], [ 49.3378056, -12.9598309 ], [ 49.338330799999987, -12.9596305 ], [ 49.339372, -12.9590571 ], [ 49.3402635, -12.9590123 ], [ 49.3409674, -12.9588038 ], [ 49.3409297, -12.9581128 ], [ 49.3412394, -12.9572308 ], [ 49.341380099999988, -12.9565302 ], [ 49.3418498, -12.9552922 ], [ 49.3414739, -12.9549641 ], [ 49.34091930000001, -12.954645 ], [ 49.3401767, -12.9541618 ], [ 49.3399697, -12.9536514 ], [ 49.339584, -12.9531499 ], [ 49.3386434, -12.952329 ], [ 49.3382575, -12.9518272 ], [ 49.337862, -12.951152 ], [ 49.3376449, -12.9504674 ], [ 49.3374278, -12.9497826 ], [ 49.3373894, -12.9490885 ], [ 49.3373413, -12.9482204 ], [ 49.3373028, -12.9475256 ], [ 49.3372552, -12.9466557 ], [ 49.3372078, -12.9457854 ], [ 49.3373677, -12.9454279 ], [ 49.3376685, -12.9443652 ], [ 49.338167, -12.9436413 ], [ 49.3381385, -12.9431194 ], [ 49.3382698, -12.9422403 ], [ 49.3387682, -12.9415168 ], [ 49.3390972, -12.9409765 ], [ 49.3397835, -12.9404178 ], [ 49.3401029, -12.9397039 ], [ 49.3406103, -12.9391547 ], [ 49.34112720000001, -12.9387794 ], [ 49.3418226, -12.938395 ], [ 49.3423487, -12.9381937 ], [ 49.3432409, -12.9381482 ], [ 49.3438151, -12.9388152 ], [ 49.344529, -12.9387784 ], [ 49.3451025, -12.9394457 ], [ 49.3458258, -12.9395825 ], [ 49.3465681, -12.9400668 ], [ 49.3473147, -12.9405505 ], [ 49.3478819, -12.941044 ], [ 49.3486028, -12.9410066 ], [ 49.3495054, -12.9409598 ], [ 49.3502376, -12.9410965 ], [ 49.3506257, -12.9416008 ], [ 49.3510198, -12.9422792 ], [ 49.3514049, -12.9427832 ], [ 49.3523087, -12.9429108 ], [ 49.3530142, -12.9426993 ], [ 49.3531371, -12.9416448 ], [ 49.3532786, -12.9409386 ], [ 49.353402, -12.9398838 ], [ 49.3533594, -12.9390117 ], [ 49.3527865, -12.9383417 ], [ 49.352213, -12.9378487 ], [ 49.3521678, -12.9371542 ], [ 49.3526586, -12.9364329 ], [ 49.353159, -12.9358861 ], [ 49.3536691, -12.9355134 ], [ 49.354557, -12.9354692 ], [ 49.3554539, -12.9354214 ], [ 49.3560331, -12.93591 ], [ 49.3560948, -12.9367758 ], [ 49.3561474, -12.9376454 ], [ 49.3568608, -12.9376088 ], [ 49.3577523, -12.937563 ], [ 49.3579719, -12.9382498 ], [ 49.3581873, -12.9389373 ], [ 49.3587597, -12.9396063 ], [ 49.3595011, -12.9400916 ], [ 49.3602424, -12.9405768 ], [ 49.361143399999982, -12.9407045 ], [ 49.3618545, -12.9404931 ], [ 49.3621814, -12.9397777 ], [ 49.3628773, -12.9392173 ], [ 49.3635985, -12.9391796 ], [ 49.3643365, -12.9394906 ], [ 49.3650747, -12.9398017 ], [ 49.3658048, -12.9399385 ], [ 49.3665109, -12.9395521 ], [ 49.366654, -12.9388451 ], [ 49.3671473, -12.9379449 ], [ 49.3677157, -12.9384399 ], [ 49.3682842, -12.938935 ], [ 49.3686163, -12.9383929 ], [ 49.3685779, -12.9376951 ], [ 49.3690874, -12.9371438 ], [ 49.3698051, -12.9371065 ], [ 49.3705132, -12.9368947 ], [ 49.3711984, -12.9363346 ], [ 49.3718797, -12.9359513 ], [ 49.3726056, -12.9360884 ], [ 49.3730489, -12.9369364 ], [ 49.3734478, -12.93744 ], [ 49.3740174, -12.9379355 ], [ 49.374531, -12.9373832 ], [ 49.3752233, -12.9368216 ], [ 49.3759422, -12.9367842 ], [ 49.3763244, -12.9372901 ], [ 49.3765331, -12.93798 ], [ 49.3771026, -12.9386509 ], [ 49.377831500000013, -12.938788 ], [ 49.3783524, -12.9382354 ], [ 49.3783134, -12.9375371 ], [ 49.3788295, -12.9369845 ], [ 49.3795408, -12.9367722 ], [ 49.3794823, -12.9359005 ], [ 49.379964, -12.9351769 ], [ 49.3806802, -12.9351398 ], [ 49.3814245, -12.9354504 ], [ 49.382173, -12.9357605 ], [ 49.382909699999985, -12.9358966 ], [ 49.3836148, -12.935685 ], [ 49.3841212, -12.9351336 ], [ 49.3842701, -12.9346008 ], [ 49.3849439, -12.933866 ], [ 49.3856556, -12.9338296 ], [ 49.3863475, -12.9334443 ], [ 49.3870494, -12.9332334 ], [ 49.3877816, -12.9335458 ], [ 49.3884991, -12.9335084 ], [ 49.3888393, -12.9329645 ], [ 49.3888015, -12.9322663 ], [ 49.3882393, -12.9321226 ], [ 49.3876703, -12.9316276 ], [ 49.3882015, -12.9314246 ], [ 49.3889385, -12.9313832 ], [ 49.3898607, -12.9313314 ], [ 49.3905861, -12.9311159 ], [ 49.3910941, -12.9305642 ], [ 49.3918034, -12.9303519 ], [ 49.3925448, -12.9306631 ], [ 49.3925876, -12.931361 ], [ 49.3929905, -12.9320403 ], [ 49.3932134, -12.9327291 ], [ 49.3936165, -12.9334086 ], [ 49.394, -12.9339148 ], [ 49.3943884, -12.9345963 ], [ 49.394995300000012, -12.9352638 ], [ 49.3955678, -12.9357598 ], [ 49.3962872, -12.9360738 ], [ 49.3969942, -12.9360374 ], [ 49.3977009, -12.9360011 ], [ 49.39859, -12.9359551 ], [ 49.3993242, -12.9357406 ], [ 49.399833799999989, -12.9350125 ], [ 49.3994508, -12.9346821 ], [ 49.3990808, -12.9341743 ], [ 49.3986794, -12.9334942 ], [ 49.3991979, -12.9331167 ], [ 49.3999194, -12.9330789 ], [ 49.4006614, -12.9332144 ], [ 49.4012249, -12.9337114 ], [ 49.4017882, -12.9342084 ], [ 49.4025119, -12.9341704 ], [ 49.403235699999989, -12.9341324 ], [ 49.4039732, -12.9344447 ], [ 49.4044959, -12.9338906 ], [ 49.4046501, -12.93318 ], [ 49.4046232, -12.9324787 ], [ 49.4040664, -12.9321566 ], [ 49.4033285, -12.931844 ], [ 49.4032946, -12.9309669 ], [ 49.4027218, -12.930294 ], [ 49.4021757, -12.9297929 ], [ 49.4017641, -12.9291139 ], [ 49.4015059, -12.9280775 ], [ 49.401461, -12.927379 ], [ 49.4010347, -12.9267047 ], [ 49.4007993, -12.9260188 ], [ 49.4007434, -12.9251468 ], [ 49.4012928, -12.924761 ], [ 49.402056200000011, -12.9247116 ], [ 49.4028207, -12.9246621 ], [ 49.4032259, -12.9249869 ], [ 49.4040167, -12.9256424 ], [ 49.4047644, -12.9255982 ], [ 49.4056514, -12.9255546 ], [ 49.4063562, -12.9255209 ], [ 49.4070774, -12.9254832 ], [ 49.4076019, -12.924926 ], [ 49.4085042, -12.924701 ], [ 49.4086583, -12.9239869 ], [ 49.4087986, -12.9229204 ], [ 49.4087844, -12.9222118 ], [ 49.4089527, -12.9214927 ], [ 49.4089408, -12.9204253 ], [ 49.408925199999985, -12.9195364 ], [ 49.4089011, -12.9186496 ], [ 49.408301, -12.9181602 ], [ 49.4076877, -12.9178551 ], [ 49.4076156, -12.9168065 ], [ 49.4070035, -12.9165026 ], [ 49.4060252, -12.9165785 ], [ 49.4055868, -12.9159117 ], [ 49.4045882, -12.91564 ], [ 49.4038099, -12.9157013 ], [ 49.4035726, -12.9151983 ], [ 49.4031597, -12.9150607 ], [ 49.403086, -12.9143776 ], [ 49.4021712, -12.9132527 ], [ 49.4015648, -12.9131342 ], [ 49.400782100000015, -12.9132028 ], [ 49.399983899999988, -12.9131014 ], [ 49.3992168, -12.9131642 ], [ 49.3989903, -12.9128409 ], [ 49.3985206, -12.9120261 ], [ 49.3978957, -12.911567 ], [ 49.397462599999983, -12.9110927 ], [ 49.3970132, -12.9104508 ], [ 49.3965647, -12.9098101 ], [ 49.395926599999989, -12.9091877 ], [ 49.3953209, -12.9089037 ], [ 49.3945422, -12.9088056 ], [ 49.3938363, -12.9091971 ], [ 49.3935148, -12.9097289 ], [ 49.3929997, -12.9104572 ], [ 49.3926666, -12.9109956 ], [ 49.3927101, -12.911502 ], [ 49.3923915, -12.9122092 ], [ 49.3915419, -12.9131216 ], [ 49.3910586, -12.9138315 ], [ 49.390364, -12.9143924 ], [ 49.3896488, -12.9147878 ], [ 49.3889567, -12.9153472 ], [ 49.3882656, -12.9159059 ], [ 49.387575, -12.9164643 ], [ 49.3870691, -12.917009 ], [ 49.3861843, -12.9175856 ], [ 49.3854607, -12.9178086 ], [ 49.384738, -12.9180313 ], [ 49.3839963, -12.9180883 ], [ 49.3832555, -12.9181455 ], [ 49.3825353, -12.9183678 ], [ 49.3818159, -12.9185898 ], [ 49.3808988, -12.9186581 ], [ 49.3800107, -12.918711 ], [ 49.3791119, -12.9187703 ], [ 49.3784051, -12.9188109 ], [ 49.3775261, -12.9188593 ], [ 49.3768297, -12.9188939 ], [ 49.3759659, -12.9189329 ], [ 49.3754534, -12.9194805 ], [ 49.374752, -12.9195182 ], [ 49.3742145, -12.9192017 ], [ 49.3738466, -12.9185265 ], [ 49.3734783, -12.9178505 ], [ 49.3732887, -12.917339 ], [ 49.372389299999988, -12.9166928 ], [ 49.3716673, -12.9163904 ], [ 49.3705795, -12.9157628 ], [ 49.37004, -12.9154453 ], [ 49.369481, -12.9147872 ], [ 49.3691093, -12.9141085 ], [ 49.3687372, -12.913429 ], [ 49.368700200000013, -12.9125658 ], [ 49.3683267, -12.9118857 ], [ 49.3681238, -12.9112007 ], [ 49.3679211, -12.9105149 ], [ 49.3679055, -12.9101695 ], [ 49.3673404, -12.9091497 ], [ 49.3671358, -12.9082816 ], [ 49.3671255, -12.9079288 ], [ 49.3671029, -12.907225 ], [ 49.3667119, -12.9061924 ], [ 49.3663318, -12.9055116 ], [ 49.3659456, -12.9046535 ], [ 49.3657437, -12.903959 ], [ 49.3657203, -12.9032512 ], [ 49.3656822, -12.9021927 ], [ 49.365449800000015, -12.9009825 ], [ 49.3652398, -12.9002967 ], [ 49.3652022, -12.899421 ], [ 49.3649996, -12.8989098 ], [ 49.364977, -12.8983839 ], [ 49.3649317, -12.8973313 ], [ 49.364894, -12.8964534 ], [ 49.3646836, -12.8957656 ], [ 49.3644579, -12.8947259 ], [ 49.3644276, -12.8940222 ], [ 49.3642169, -12.8933334 ], [ 49.3636534, -12.8928513 ], [ 49.3632701, -12.8923539 ], [ 49.3632548, -12.8920017 ], [ 49.3626682, -12.8909912 ], [ 49.3620971, -12.8903332 ], [ 49.3615262, -12.8896753 ], [ 49.361322800000011, -12.8891621 ], [ 49.3611038, -12.8882959 ], [ 49.3607047, -12.8874454 ], [ 49.3604933, -12.8867551 ], [ 49.3604538, -12.8858716 ], [ 49.3602264, -12.8848269 ], [ 49.3599989, -12.8837816 ], [ 49.3597712, -12.8827355 ], [ 49.3597335, -12.8818432 ], [ 49.359696, -12.8809492 ], [ 49.3596494, -12.87988 ], [ 49.3596282, -12.8791356 ], [ 49.3595974, -12.8780129 ], [ 49.3601075, -12.8772485 ], [ 49.360628, -12.8768588 ], [ 49.3594359, -12.8755653 ], [ 49.3579766, -12.8733615 ], [ 49.357612, -12.8728526 ], [ 49.3570671, -12.8721757 ], [ 49.3565253, -12.8716743 ], [ 49.3558224, -12.871708 ], [ 49.3549373, -12.8717557 ], [ 49.3540507, -12.871805 ], [ 49.3533477, -12.8720194 ], [ 49.3528255, -12.8724015 ], [ 49.3523184, -12.8731304 ], [ 49.3515895, -12.8730094 ], [ 49.350853, -12.8727163 ], [ 49.3506477, -12.8722124 ], [ 49.3505872, -12.8710069 ], [ 49.3503812, -12.8703213 ], [ 49.3503609, -12.8697974 ], [ 49.3503271, -12.8689234 ], [ 49.3503001, -12.8682234 ], [ 49.350273, -12.8675227 ], [ 49.3500568, -12.8664779 ], [ 49.3500227, -12.8655997 ], [ 49.349988699999983, -12.8647204 ], [ 49.3499545, -12.86384 ], [ 49.3499203, -12.8629585 ], [ 49.349885, -12.8622651 ], [ 49.3498401, -12.8613992 ], [ 49.3498132, -12.8608797 ], [ 49.3497683, -12.8600136 ], [ 49.3497234, -12.8591472 ], [ 49.349678499999989, -12.8582808 ], [ 49.3496425, -12.8575874 ], [ 49.3497936, -12.8570566 ], [ 49.3499268, -12.8561789 ], [ 49.350069, -12.8554744 ], [ 49.3503894, -12.8547589 ], [ 49.3503453, -12.8538898 ], [ 49.3501324, -12.8532039 ], [ 49.3497506, -12.8527017 ], [ 49.3491733, -12.8518614 ], [ 49.3486303, -12.8513316 ], [ 49.3479209, -12.8511715 ], [ 49.3472107, -12.8510111 ], [ 49.3464957, -12.8506637 ], [ 49.346129200000014, -12.8501155 ], [ 49.3457566, -12.8493815 ], [ 49.3453662, -12.8486934 ], [ 49.3449756, -12.848005 ], [ 49.344245900000011, -12.8478889 ], [ 49.3435167, -12.847773 ], [ 49.342780600000012, -12.8474771 ], [ 49.3422403, -12.8475253 ], [ 49.3429759, -12.847821 ], [ 49.342248, -12.8477052 ], [ 49.3413408, -12.8476055 ], [ 49.3406064, -12.8473101 ], [ 49.3398884, -12.8473743 ], [ 49.3391631, -12.8472589 ], [ 49.3386139, -12.8469247 ], [ 49.3378829, -12.8463937 ], [ 49.3371703, -12.8462035 ], [ 49.3364642, -12.8461954 ], [ 49.3359624, -12.8467091 ], [ 49.3363564, -12.8473924 ], [ 49.3370635, -12.8473964 ], [ 49.337611, -12.847752 ], [ 49.338343, -12.8482822 ], [ 49.3383827, -12.848966 ], [ 49.3384225, -12.84965 ], [ 49.3379157, -12.8499809 ], [ 49.337202, -12.8497944 ], [ 49.3368098, -12.8491021 ], [ 49.3362584, -12.848762 ], [ 49.335529, -12.8484223 ], [ 49.3347987, -12.8480822 ], [ 49.3340871, -12.8480847 ], [ 49.3333549, -12.8477439 ], [ 49.3333159, -12.8470576 ], [ 49.333267100000015, -12.8462002 ], [ 49.3332183, -12.8453439 ], [ 49.3326736, -12.8451759 ], [ 49.3323558, -12.8458593 ], [ 49.3318587, -12.8465458 ], [ 49.3311625, -12.8468908 ], [ 49.3304265, -12.8465526 ], [ 49.32968970000001, -12.8462145 ], [ 49.3289617, -12.8460472 ], [ 49.3282517, -12.8462221 ], [ 49.32792, -12.8467385 ], [ 49.3279579, -12.8474245 ], [ 49.3285173, -12.8477633 ], [ 49.3292465, -12.8479298 ], [ 49.3296348, -12.8484448 ], [ 49.3300325, -12.8491327 ], [ 49.3306095, -12.8498195 ], [ 49.3313461, -12.8501603 ], [ 49.3319125, -12.8506738 ], [ 49.3324882, -12.8513592 ], [ 49.3332226, -12.8516986 ], [ 49.3337973, -12.852383 ], [ 49.3338366, -12.8530715 ], [ 49.3338758, -12.8537604 ], [ 49.3340935, -12.8544478 ], [ 49.3344701, -12.8547887 ], [ 49.3351853, -12.8551827 ], [ 49.3352226, -12.8552483 ], [ 49.335449799999985, -12.8555959 ], [ 49.3357551, -12.8560329 ], [ 49.3360788, -12.8562294 ], [ 49.336355900000015, -12.8562592 ], [ 49.3365673, -12.8571773 ], [ 49.3369621, -12.8578638 ], [ 49.3373454, -12.8583838 ], [ 49.3373752, -12.8589011 ], [ 49.3377858, -12.859947 ], [ 49.3379522, -12.8602444 ], [ 49.3380205, -12.8604661 ], [ 49.3381054, -12.8605181 ], [ 49.3381765, -12.8606452 ], [ 49.3385662, -12.8613447 ], [ 49.3390867, -12.86199 ], [ 49.3391845, -12.8621417 ], [ 49.3395185, -12.8627447 ], [ 49.3400724, -12.8632668 ], [ 49.3406253, -12.8637879 ], [ 49.3410955, -12.8642311 ], [ 49.3411852, -12.8644608 ], [ 49.3413712, -12.8646865 ], [ 49.341376, -12.8647825 ], [ 49.341173399999988, -12.8652285 ], [ 49.3405292, -12.865366 ], [ 49.3398361, -12.8655493 ], [ 49.3395202, -12.8662545 ], [ 49.3394926, -12.8664391 ], [ 49.3394285, -12.8665257 ], [ 49.3393189, -12.8668331 ], [ 49.3391946, -12.8670468 ], [ 49.3387232, -12.8683799 ], [ 49.3385925, -12.8699138 ], [ 49.338764399999988, -12.8708551 ], [ 49.3387534, -12.8709722 ], [ 49.3387144, -12.871385 ], [ 49.3386791, -12.8717975 ], [ 49.3387347, -12.8721348 ], [ 49.3387973, -12.8723896 ], [ 49.3389287, -12.8728165 ], [ 49.3390598, -12.8732433 ], [ 49.3390971, -12.8737451 ], [ 49.3393031, -12.8742608 ], [ 49.3394073, -12.8744239 ], [ 49.3394279, -12.8748285 ], [ 49.3396298, -12.875347 ], [ 49.3398426, -12.8760352 ], [ 49.339891, -12.8770875 ], [ 49.3399377, -12.8781406 ], [ 49.3399688, -12.8788415 ], [ 49.3401776, -12.8795317 ], [ 49.3402163, -12.8804057 ], [ 49.3402471, -12.8811039 ], [ 49.340251, -12.8811918 ], [ 49.340128700000015, -12.8818412 ], [ 49.339956, -12.8832313 ], [ 49.339927599999989, -12.8840463 ], [ 49.3398307, -12.8840802 ], [ 49.3395304, -12.8843628 ], [ 49.3391536, -12.8844773 ], [ 49.3382678, -12.8845271 ], [ 49.3375626, -12.8845634 ], [ 49.3366876, -12.8845994 ], [ 49.335811, -12.8846356 ], [ 49.335109, -12.8846638 ], [ 49.3342303, -12.8846982 ], [ 49.3333497, -12.8847327 ], [ 49.3326438, -12.8847604 ], [ 49.3317597, -12.884795 ], [ 49.3308724, -12.8848375 ], [ 49.330162, -12.884872 ], [ 49.3294608, -12.8850802 ], [ 49.3292369, -12.8851466 ], [ 49.3287471, -12.8851583 ], [ 49.3283702, -12.8851286 ], [ 49.328244700000013, -12.8852319 ], [ 49.3281319, -12.8852487 ], [ 49.3281534, -12.8853071 ], [ 49.3280927, -12.885357 ], [ 49.3280556, -12.8857721 ], [ 49.3282887, -12.8860419 ], [ 49.3283309, -12.8861078 ], [ 49.3283057, -12.8865078 ], [ 49.32835, -12.8870941 ], [ 49.3280919, -12.8878084 ], [ 49.3278765, -12.8883553 ], [ 49.3275315, -12.8886928 ], [ 49.3276892, -12.8889121 ], [ 49.3275041, -12.8890636 ], [ 49.3273894, -12.8893882 ], [ 49.3276224, -12.8896587 ], [ 49.3278629, -12.8898465 ], [ 49.328281, -12.8899673 ], [ 49.328614, -12.8900806 ], [ 49.328947, -12.8901908 ], [ 49.3293723, -12.8902246 ], [ 49.3297125, -12.8902516 ], [ 49.3300522, -12.8902748 ], [ 49.3304762, -12.8903004 ], [ 49.3308149, -12.8903208 ], [ 49.3311534, -12.8903413 ], [ 49.3314985, -12.8902767 ], [ 49.3318363, -12.8902972 ], [ 49.3323424, -12.8903278 ], [ 49.3328479, -12.8903583 ], [ 49.3329049, -12.8903618 ], [ 49.3331581, -12.8904544 ], [ 49.3335084, -12.8904541 ], [ 49.3338574, -12.8907607 ], [ 49.3343173, -12.8908495 ], [ 49.3343976, -12.8910477 ], [ 49.334391, -12.8911325 ], [ 49.3343468, -12.891733 ], [ 49.334324, -12.8920846 ], [ 49.3342934, -12.8925189 ], [ 49.3343499, -12.8926582 ], [ 49.3343237, -12.8927954 ], [ 49.3344297, -12.8928552 ], [ 49.3344344, -12.8928668 ], [ 49.334757599999989, -12.893056 ], [ 49.335058, -12.8933155 ], [ 49.3350752, -12.89364 ], [ 49.3354649, -12.8943113 ], [ 49.3360267, -12.8949731 ], [ 49.3365778, -12.8954617 ], [ 49.336080200000012, -12.8960055 ], [ 49.3355892, -12.8967216 ], [ 49.335449, -12.8974188 ], [ 49.33566, -12.8980964 ], [ 49.3357038, -12.8989545 ], [ 49.3350172, -12.8993357 ], [ 49.3354038, -12.9000018 ], [ 49.3347064, -12.9002096 ], [ 49.3340184, -12.9005891 ], [ 49.3342309, -12.9012652 ], [ 49.334795, -12.9019213 ], [ 49.3344797, -12.902626 ], [ 49.3335999, -12.9026751 ], [ 49.3327194, -12.9027242 ], [ 49.3320236, -12.902935 ], [ 49.3317072, -12.903638 ], [ 49.3317442, -12.9043233 ], [ 49.3314275, -12.9050232 ], [ 49.33164, -12.9056948 ], [ 49.3321867, -12.9060074 ], [ 49.3325569, -12.9063289 ], [ 49.3329516, -12.9071537 ], [ 49.3333357, -12.9078049 ], [ 49.3335445, -12.908467 ], [ 49.3337444, -12.9089595 ], [ 49.3337884, -12.9098048 ], [ 49.333835, -12.910658 ], [ 49.333337099999987, -12.9111978 ], [ 49.3337225, -12.9118529 ], [ 49.3344352, -12.9119946 ], [ 49.3351429, -12.9121205 ], [ 49.3356948, -12.9126001 ], [ 49.3364171, -12.9130594 ], [ 49.3367942, -12.9135502 ], [ 49.3370082, -12.9142266 ], [ 49.3374039, -12.9150579 ], [ 49.337962, -12.9157021 ], [ 49.3374368, -12.9158754 ], [ 49.3367287, -12.915887 ], [ 49.3360222, -12.9158986 ], [ 49.3353191, -12.9159154 ], [ 49.3344137, -12.9152923 ], [ 49.3335417, -12.9153347 ], [ 49.332853, -12.9155349 ], [ 49.3321647, -12.915735 ], [ 49.331485600000015, -12.9161012 ], [ 49.3313471, -12.9167739 ], [ 49.3313915, -12.9176026 ], [ 49.3317746, -12.9182481 ], [ 49.3323223, -12.9187192 ], [ 49.3325298, -12.9193642 ], [ 49.332936199999985, -12.9204942 ], [ 49.3331631, -12.9214858 ], [ 49.3335452, -12.9221351 ], [ 49.3339387, -12.9229664 ], [ 49.334499300000012, -12.9237556 ], [ 49.3346964, -12.9242334 ], [ 49.3349103, -12.92504 ], [ 49.3351154, -12.9256807 ], [ 49.3351238, -12.9258451 ], [ 49.336122800000012, -12.9276821 ], [ 49.3338534, -12.9277558 ], [ 49.3329249, -12.9271109 ], [ 49.3322241, -12.9267664 ], [ 49.3315483, -12.9267596 ], [ 49.3308823, -12.9269246 ], [ 49.3304138, -12.9274265 ], [ 49.329931, -12.9277603 ], [ 49.3292797, -12.92809 ], [ 49.3289362, -12.9280908 ], [ 49.3282359, -12.9281084 ], [ 49.32699740000001, -12.9285277 ], [ 49.3261085, -12.928753 ], [ 49.3253894, -12.9287947 ], [ 49.3241773, -12.928803 ], [ 49.3238351, -12.9287988 ], [ 49.3227835, -12.9284429 ], [ 49.3222365, -12.9281059 ], [ 49.3216716, -12.9274168 ], [ 49.3216451, -12.9265096 ], [ 49.3216139, -12.9256087 ], [ 49.3215807, -12.92471 ], [ 49.3215542, -12.9239905 ], [ 49.3211719, -12.9232818 ], [ 49.3207897, -12.9227636 ], [ 49.3207624, -12.9218512 ], [ 49.3203634, -12.9209764 ], [ 49.3196034, -12.9207005 ], [ 49.319211, -12.9203936 ], [ 49.3182597, -12.9199596 ], [ 49.3173494, -12.9200286 ], [ 49.3166567, -12.9204003 ], [ 49.3161577, -12.9211232 ], [ 49.3154687, -12.921486 ], [ 49.3151332, -12.9220393 ], [ 49.3147998, -12.9227836 ], [ 49.3146386, -12.9235347 ], [ 49.3146629, -12.9244584 ], [ 49.314691900000014, -12.9255646 ], [ 49.314716, -12.9264846 ], [ 49.3147401, -12.9274028 ], [ 49.3145846, -12.92833 ], [ 49.3144173, -12.9290865 ], [ 49.3140608, -12.9298722 ], [ 49.3138853, -12.9306428 ], [ 49.313530600000014, -12.9314239 ], [ 49.3133536, -12.9318136 ], [ 49.3128746, -12.9330744 ], [ 49.3125558, -12.9337865 ], [ 49.312237, -12.9344986 ], [ 49.3119183, -12.9352105 ], [ 49.3117725, -12.9359221 ], [ 49.3114674, -12.9369891 ], [ 49.3111489, -12.9377005 ], [ 49.3106369, -12.9378802 ], [ 49.309958, -12.9382385 ], [ 49.3092694, -12.9384229 ], [ 49.3085726, -12.9384301 ], [ 49.3077002, -12.9384392 ], [ 49.3069898, -12.9380822 ], [ 49.3062789, -12.9379176 ], [ 49.3055573, -12.9375795 ], [ 49.3050174, -12.9374199 ], [ 49.3044677, -12.937086 ], [ 49.3035723, -12.9369364 ], [ 49.3032454, -12.9374705 ], [ 49.303105, -12.9381744 ], [ 49.3027832, -12.9388949 ], [ 49.3026446, -12.9395936 ], [ 49.3019444, -12.9397875 ], [ 49.3012418, -12.9399869 ], [ 49.3007425, -12.9407126 ], [ 49.3004117, -12.9412578 ], [ 49.3002759, -12.9421519 ], [ 49.3006676, -12.9428419 ], [ 49.3010591, -12.9435314 ], [ 49.3010938, -12.9442362 ], [ 49.3007639, -12.9449803 ], [ 49.300056199999986, -12.9454022 ], [ 49.299716, -12.9459779 ], [ 49.2995637, -12.9467165 ], [ 49.2992314, -12.9474709 ], [ 49.2985235, -12.9474987 ], [ 49.2978356, -12.9478666 ], [ 49.2978669, -12.9485805 ], [ 49.297898199999985, -12.9492934 ], [ 49.2979295, -12.9500052 ], [ 49.2979607, -12.9507159 ], [ 49.2976411, -12.9514325 ], [ 49.2971383, -12.9519751 ], [ 49.2964516, -12.9523442 ], [ 49.296292, -12.9527024 ], [ 49.295980400000012, -12.9535982 ], [ 49.29602, -12.9544857 ], [ 49.2960596, -12.9553712 ], [ 49.2955581, -12.9559119 ], [ 49.2952319, -12.9564491 ], [ 49.2947385, -12.9571664 ], [ 49.2942452, -12.9578835 ], [ 49.2935757, -12.958608 ], [ 49.2932489, -12.959149 ], [ 49.2927549, -12.9598711 ], [ 49.2924371, -12.9605882 ], [ 49.2917596, -12.9611366 ], [ 49.291073499999982, -12.9615037 ], [ 49.2903862, -12.9618715 ], [ 49.2900608, -12.9624046 ], [ 49.2893627, -12.9626011 ], [ 49.288673, -12.9629734 ], [ 49.288534, -12.9636799 ], [ 49.2883949, -12.9643831 ], [ 49.2880693, -12.9649186 ], [ 49.287399799999982, -12.9656475 ], [ 49.2867025, -12.9658589 ], [ 49.2862019, -12.9664084 ], [ 49.2860639, -12.9671091 ], [ 49.2857489, -12.967817 ], [ 49.2856013, -12.9683438 ], [ 49.2859946, -12.9690196 ], [ 49.2860436, -12.9698827 ], [ 49.286436, -12.9705563 ], [ 49.2864749, -12.9712451 ], [ 49.2865138, -12.9719332 ], [ 49.2858273, -12.9723103 ], [ 49.2851502, -12.9728596 ], [ 49.2844629, -12.9732373 ], [ 49.2839622, -12.9737785 ], [ 49.2836385, -12.9743111 ], [ 49.2829606, -12.974861 ], [ 49.282459799999984, -12.9754024 ], [ 49.2819589, -12.9759438 ], [ 49.2816456, -12.9766479 ], [ 49.2811447, -12.9771893 ], [ 49.2808316, -12.9778929 ], [ 49.280153299999988, -12.9784435 ], [ 49.2796417, -12.9788138 ], [ 49.2791193, -12.979013 ], [ 49.2784509, -12.9797354 ], [ 49.2777687, -12.9801138 ], [ 49.2770776, -12.9804942 ], [ 49.2765642, -12.9808654 ], [ 49.2764287, -12.9815595 ], [ 49.276827699999984, -12.9822237 ], [ 49.2773969, -12.9827049 ], [ 49.2774437, -12.9833849 ], [ 49.2774769, -12.9840713 ], [ 49.2768002, -12.9846216 ], [ 49.2764669, -12.984982 ], [ 49.2759979, -12.9860342 ], [ 49.275820100000011, -12.9860445 ], [ 49.275164, -12.9869358 ], [ 49.2744449, -12.9866281 ], [ 49.2737383, -12.9866663 ], [ 49.273001, -12.9863686 ], [ 49.2722652, -12.986069 ], [ 49.2717024, -12.9855851 ], [ 49.2709843, -12.9854517 ], [ 49.2704317, -12.9851381 ], [ 49.269713, -12.9850045 ], [ 49.2691932, -12.9852034 ], [ 49.2685383, -12.986096 ], [ 49.2678618, -12.9866467 ], [ 49.2671744, -12.9870265 ], [ 49.2666748, -12.9875677 ], [ 49.2663636, -12.9882701 ], [ 49.2656649, -12.9884793 ], [ 49.2649881, -12.98903 ], [ 49.2646661, -12.9895614 ], [ 49.264344300000012, -12.9900927 ], [ 49.2640466, -12.9909639 ], [ 49.2635653, -12.9916713 ], [ 49.2632787, -12.9925352 ], [ 49.2629786, -12.9932295 ], [ 49.2626789, -12.9939231 ], [ 49.2621596, -12.994122 ], [ 49.2614484, -12.994163 ], [ 49.2607653, -12.9945404 ], [ 49.2602745, -12.9950754 ], [ 49.2595773, -12.9952847 ], [ 49.258894499999982, -12.9956619 ], [ 49.2582264, -12.9962069 ], [ 49.2577367, -12.9967411 ], [ 49.2570718, -12.997284 ], [ 49.256773, -12.997976 ], [ 49.2562989, -12.9986764 ], [ 49.256, -12.9993676 ], [ 49.2557186, -13.0000466 ], [ 49.2550415, -13.0002435 ], [ 49.254365, -13.0004403 ], [ 49.25349, -13.000485 ], [ 49.2534168, -12.9998261 ], [ 49.2533545, -12.9989831 ], [ 49.2536523, -12.9982919 ], [ 49.254323, -12.9979217 ], [ 49.2548078, -12.9973903 ], [ 49.2551128, -12.9966941 ], [ 49.2549023, -12.9960186 ], [ 49.2545153, -12.9955283 ], [ 49.2535962, -12.9947165 ], [ 49.2530515, -12.9942266 ], [ 49.2526535, -12.9933909 ], [ 49.2519299, -12.9934361 ], [ 49.251363, -12.9931303 ], [ 49.2507613, -12.9923132 ], [ 49.2498083, -12.9916872 ], [ 49.249422, -12.9913682 ], [ 49.2482609, -12.9904099 ], [ 49.2477073, -12.9902703 ], [ 49.2469769, -12.9901397 ], [ 49.246797, -12.9901498 ], [ 49.2478649, -12.989918 ], [ 49.247079, -12.9889314 ], [ 49.246528, -12.9887902 ], [ 49.2459878, -12.9888202 ], [ 49.2449214, -12.9887023 ], [ 49.2443694, -12.988561 ], [ 49.2447636, -12.9888808 ], [ 49.2440093, -12.9885809 ], [ 49.2433062, -12.9887906 ], [ 49.2424071, -12.9888399 ], [ 49.2416579, -12.9885378 ], [ 49.2411425, -12.9887358 ], [ 49.2404659, -12.9891134 ], [ 49.2403487, -12.9898048 ], [ 49.240247300000014, -12.9904913 ], [ 49.2399826, -12.9911823 ], [ 49.2393142, -12.9915566 ], [ 49.2388251, -12.9919208 ], [ 49.2381814, -12.9924616 ], [ 49.237924, -12.9931475 ], [ 49.2380259, -12.9938114 ], [ 49.2381276, -12.9944736 ], [ 49.2378736, -12.9951539 ], [ 49.237797799999989, -12.9958228 ], [ 49.2375193, -12.9963357 ], [ 49.2370741, -12.9972009 ], [ 49.2365605, -12.9979182 ], [ 49.2356168, -12.9979897 ], [ 49.2350227, -12.9976947 ], [ 49.2342512, -12.9975826 ], [ 49.2333013, -12.9976539 ], [ 49.2327573, -12.9980357 ], [ 49.2322262, -12.9985876 ], [ 49.2314479, -12.9991756 ], [ 49.2306219, -12.999432 ], [ 49.2297051, -12.9994899 ], [ 49.228971, -12.9995363 ], [ 49.2282286, -12.9994099 ], [ 49.2274931, -12.9994563 ], [ 49.2267569, -12.9995027 ], [ 49.2258276, -12.999388 ], [ 49.2250893, -12.9994346 ], [ 49.2245505, -12.9998156 ], [ 49.2238264, -13.0002087 ], [ 49.2232085, -13.0012677 ], [ 49.2227211, -13.0016306 ], [ 49.2223879, -13.0018169 ], [ 49.2219239, -13.0023467 ], [ 49.2210653, -13.0034369 ], [ 49.2201626, -13.0034888 ], [ 49.219259500000014, -13.0035407 ], [ 49.218351, -13.0035945 ], [ 49.2172747, -13.0037091 ], [ 49.2167759, -13.004253 ], [ 49.2162771, -13.0047967 ], [ 49.2157784, -13.0053403 ], [ 49.2156491, -13.0060367 ], [ 49.2148355, -13.0071121 ], [ 49.2143535, -13.0078252 ], [ 49.2136954, -13.0083702 ], [ 49.2137632, -13.0090484 ], [ 49.214185, -13.0097081 ], [ 49.214927, -13.0100109 ], [ 49.2150278, -13.011026 ], [ 49.2147412, -13.01172 ], [ 49.214295, -13.0125911 ], [ 49.2140128, -13.013282 ], [ 49.2141117, -13.013941 ], [ 49.2142105, -13.0145989 ], [ 49.2136053, -13.0162687 ], [ 49.2135113, -13.0171166 ], [ 49.212816699999983, -13.0174999 ], [ 49.2120902, -13.0175473 ], [ 49.211545, -13.0175828 ], [ 49.2106841, -13.0181464 ], [ 49.2103686, -13.0186743 ], [ 49.2098713, -13.019214 ], [ 49.2092407, -13.0202692 ], [ 49.2089093, -13.0206289 ], [ 49.2087761, -13.0211441 ], [ 49.2070343, -13.0231062 ], [ 49.2061445, -13.0280254 ], [ 49.205379199999989, -13.0306769 ], [ 49.204815, -13.0336666 ], [ 49.2050359, -13.034351 ], [ 49.2052569, -13.0350354 ], [ 49.205315, -13.0360767 ], [ 49.2053634, -13.0369444 ], [ 49.2053987, -13.0378151 ], [ 49.2054545, -13.0385053 ], [ 49.2053295, -13.0392051 ], [ 49.2048355, -13.03975 ], [ 49.204164, -13.0403038 ], [ 49.2040268, -13.0408301 ], [ 49.2039306, -13.0418733 ], [ 49.2039852, -13.0425623 ] ] ], [ [ [ 49.2786986, -12.9077436 ], [ 49.278725, -12.9073217 ], [ 49.2787086, -12.9070316 ], [ 49.278690100000013, -12.9067845 ], [ 49.2789401, -12.9065063 ], [ 49.2791213, -12.9063194 ], [ 49.279306, -12.9061501 ], [ 49.2794086, -12.9060458 ], [ 49.2793297, -12.9058579 ], [ 49.2789724, -12.9056088 ], [ 49.2786105, -12.9051498 ], [ 49.2782466, -12.9047049 ], [ 49.2781659, -12.9043725 ], [ 49.2779629, -12.9039915 ], [ 49.2777802, -12.9035736 ], [ 49.2775353, -12.9030503 ], [ 49.2772681, -12.9025592 ], [ 49.2770818, -12.9021701 ], [ 49.2768992, -12.9017292 ], [ 49.2767769, -12.9012498 ], [ 49.2766954, -12.9007303 ], [ 49.2766758, -12.9002645 ], [ 49.2763891, -12.9002367 ], [ 49.2759559, -12.900232 ], [ 49.2755375, -12.9001242 ], [ 49.2752833, -12.9002084 ], [ 49.2751766, -12.9003028 ], [ 49.2753674, -12.9006586 ], [ 49.2755993, -12.901035 ], [ 49.275788, -12.9012459 ], [ 49.2758087, -12.9014276 ], [ 49.2757875, -12.9015673 ], [ 49.275577399999989, -12.9015391 ], [ 49.2753447, -12.9014073 ], [ 49.2753239, -12.9011426 ], [ 49.2751965, -12.9009534 ], [ 49.2751756, -12.9007289 ], [ 49.2750475, -12.9006405 ], [ 49.2747706, -12.9006317 ], [ 49.2745588, -12.9006908 ], [ 49.27445250000001, -12.9009562 ], [ 49.2743887, -12.901243 ], [ 49.2746214, -12.9015322 ], [ 49.2747694, -12.9018 ], [ 49.2746212, -12.901984 ], [ 49.2743034, -12.9019822 ], [ 49.2740063, -12.90196 ], [ 49.2737513, -12.901938 ], [ 49.273498100000012, -12.9019175 ], [ 49.273328799999987, -12.9018555 ], [ 49.2733075, -12.9021437 ], [ 49.2733915, -12.9025554 ], [ 49.2734968, -12.9030497 ], [ 49.2735813, -12.9034205 ], [ 49.273707500000015, -12.9037912 ], [ 49.2738343, -12.9041003 ], [ 49.273896900000011, -12.9043682 ], [ 49.2740028, -12.9045949 ], [ 49.2742993, -12.904533 ], [ 49.274788099999988, -12.9043677 ], [ 49.2752119, -12.9043467 ], [ 49.2757185, -12.9043871 ], [ 49.2761182, -12.9043456 ], [ 49.2762859, -12.9045088 ], [ 49.276180900000014, -12.9047753 ], [ 49.2759077, -12.904817 ], [ 49.2756967, -12.9050643 ], [ 49.275485, -12.9053124 ], [ 49.2752733, -12.9056425 ], [ 49.275400499999989, -12.9061136 ], [ 49.2755272, -12.9062566 ], [ 49.2758013, -12.9063582 ], [ 49.275948700000015, -12.9063578 ], [ 49.2760329, -12.906194 ], [ 49.2762225, -12.9059884 ], [ 49.2764118, -12.9058013 ], [ 49.2765582, -12.9055513 ], [ 49.2766832, -12.9054666 ], [ 49.2770145, -12.9056227 ], [ 49.2770994, -12.906114 ], [ 49.2772891, -12.9065462 ], [ 49.2774566, -12.9068729 ], [ 49.2775823, -12.9072406 ], [ 49.2777921, -12.9074663 ], [ 49.2780412, -12.9077682 ], [ 49.2782081, -12.9080122 ], [ 49.2781839, -12.9081733 ], [ 49.2781135, -12.9083706 ], [ 49.2780393, -12.9085295 ], [ 49.2778945, -12.9086513 ], [ 49.2777056, -12.9084667 ], [ 49.2775802, -12.9086712 ], [ 49.2775813, -12.9089987 ], [ 49.2774553, -12.9092652 ], [ 49.2775816, -12.9094497 ], [ 49.2779812, -12.9096754 ], [ 49.278191299999989, -12.9100855 ], [ 49.2782539, -12.9104342 ], [ 49.2784214, -12.9107008 ], [ 49.27861, -12.9109059 ], [ 49.2788406, -12.910988 ], [ 49.2790505, -12.9108651 ], [ 49.2791705, -12.9106197 ], [ 49.279242, -12.9102326 ], [ 49.279388399999988, -12.9099504 ], [ 49.2795609, -12.9099533 ], [ 49.2797228, -12.9098972 ], [ 49.2795916, -12.9096352 ], [ 49.2793659, -12.9092902 ], [ 49.279281, -12.9090073 ], [ 49.2791718, -12.9087056 ], [ 49.2790382, -12.9084261 ], [ 49.2788435, -12.908127 ], [ 49.2786986, -12.9077436 ] ] ], [ [ [ 49.3077416, -12.887621 ], [ 49.3075835, -12.8870995 ], [ 49.3072604, -12.8863499 ], [ 49.3070617, -12.8857979 ], [ 49.306903, -12.8852462 ], [ 49.3067838, -12.8848129 ], [ 49.3067513, -12.8843022 ], [ 49.3066685, -12.8825632 ], [ 49.3065337, -12.8821381 ], [ 49.3063845, -12.881709 ], [ 49.3062067, -12.8815368 ], [ 49.3060602, -12.8813833 ], [ 49.3060113, -12.8813435 ], [ 49.3055828, -12.8811081 ], [ 49.3049393, -12.8811197 ], [ 49.3044122, -12.8811849 ], [ 49.303816, -12.8812275 ], [ 49.3036463, -12.8808607 ], [ 49.3028727, -12.8806967 ], [ 49.3024852, -12.8808146 ], [ 49.301928499999988, -12.8807832 ], [ 49.3015859, -12.8810837 ], [ 49.3015048, -12.8813942 ], [ 49.3012814, -12.8816449 ], [ 49.3014235, -12.8819434 ], [ 49.3015452, -12.8822418 ], [ 49.3015857, -12.8825187 ], [ 49.3014437, -12.8828521 ], [ 49.3011791, -12.8830459 ], [ 49.3013015, -12.8831862 ], [ 49.3014639, -12.8834836 ], [ 49.3015246, -12.883997 ], [ 49.3015853, -12.8844513 ], [ 49.301848400000011, -12.8846091 ], [ 49.3021104, -12.8847662 ], [ 49.3022709, -12.8851587 ], [ 49.3024111, -12.8855306 ], [ 49.3026296, -12.885684 ], [ 49.3024713, -12.8858444 ], [ 49.3023587, -12.8861661 ], [ 49.3022545, -12.8863177 ], [ 49.302335, -12.8866124 ], [ 49.3026537, -12.8862873 ], [ 49.3027393, -12.8864728 ], [ 49.3028453, -12.8868149 ], [ 49.3026488, -12.8870233 ], [ 49.3026906, -12.8873981 ], [ 49.3028192, -12.8877232 ], [ 49.3028196, -12.888017 ], [ 49.302904899999987, -12.8883558 ], [ 49.3030665, -12.8888065 ], [ 49.3033104, -12.8891817 ], [ 49.3035575, -12.8895022 ], [ 49.3037766, -12.8899877 ], [ 49.3039788, -12.89036 ], [ 49.304143, -12.8907334 ], [ 49.3042416, -12.8910233 ], [ 49.3042565, -12.8913103 ], [ 49.3044164, -12.8916019 ], [ 49.3045927, -12.892047 ], [ 49.3048676, -12.8924346 ], [ 49.3051466, -12.892688 ], [ 49.3055089, -12.8927537 ], [ 49.30589759999998, -12.8928143 ], [ 49.3061589, -12.8929121 ], [ 49.3063347, -12.8930475 ], [ 49.3065271, -12.8932602 ], [ 49.3067073, -12.8934553 ], [ 49.3069191, -12.8935159 ], [ 49.3072212, -12.8934814 ], [ 49.3076031, -12.8933896 ], [ 49.3079844, -12.8932414 ], [ 49.3083667, -12.8930766 ], [ 49.3085597, -12.8929864 ], [ 49.308797, -12.892842 ], [ 49.3089377, -12.8928627 ], [ 49.3091143, -12.8929391 ], [ 49.309291400000014, -12.8930158 ], [ 49.3094711, -12.8930934 ], [ 49.3096292, -12.8931513 ], [ 49.3097725, -12.8931542 ], [ 49.3099111, -12.8932498 ], [ 49.3100317, -12.8932515 ], [ 49.3102265, -12.8934407 ], [ 49.3103771, -12.893647 ], [ 49.310512800000012, -12.8937225 ], [ 49.3106874, -12.8938171 ], [ 49.3108225, -12.8939303 ], [ 49.3109825, -12.8939883 ], [ 49.3111412, -12.8940648 ], [ 49.3113198, -12.8941414 ], [ 49.3114104, -12.8943283 ], [ 49.3115471, -12.8944228 ], [ 49.3117438, -12.8944986 ], [ 49.3119413, -12.8945555 ], [ 49.3121374, -12.8946121 ], [ 49.3123328, -12.8946872 ], [ 49.3125268, -12.8947806 ], [ 49.3127007, -12.8948364 ], [ 49.3129113, -12.894948 ], [ 49.3130642, -12.8950409 ], [ 49.313294, -12.8951332 ], [ 49.3134842, -12.895338 ], [ 49.3134253, -12.8955083 ], [ 49.3133274, -12.8956616 ], [ 49.3133447, -12.8958911 ], [ 49.3135767, -12.8960775 ], [ 49.3139614, -12.8960316 ], [ 49.314189, -12.895857 ], [ 49.3143763, -12.8957771 ], [ 49.3146193, -12.8958099 ], [ 49.3148446, -12.8959742 ], [ 49.3150501, -12.896156 ], [ 49.3153052, -12.8961847 ], [ 49.3154961, -12.8964255 ], [ 49.3158313, -12.8966609 ], [ 49.316108600000014, -12.896822 ], [ 49.3165684, -12.8968708 ], [ 49.3168241, -12.897081 ], [ 49.3172189, -12.8973153 ], [ 49.3175312, -12.8974332 ], [ 49.3175044, -12.8975891 ], [ 49.317548599999988, -12.8979432 ], [ 49.3177438, -12.8980585 ], [ 49.3179619, -12.8979382 ], [ 49.3180146, -12.8976619 ], [ 49.3180748, -12.8974489 ], [ 49.3182472, -12.8972923 ], [ 49.318235, -12.8971025 ], [ 49.3180178, -12.8968959 ], [ 49.3176402, -12.8969121 ], [ 49.3175364, -12.8967972 ], [ 49.3177015, -12.896533 ], [ 49.3176792, -12.8962893 ], [ 49.3175864, -12.8961029 ], [ 49.3174901, -12.8958813 ], [ 49.3176144, -12.8956496 ], [ 49.3176793, -12.8953467 ], [ 49.3178273, -12.8950989 ], [ 49.3182352, -12.894887 ], [ 49.3184501, -12.8946906 ], [ 49.3186969, -12.8944385 ], [ 49.3189664, -12.8942919 ], [ 49.3190107, -12.8941102 ], [ 49.318867, -12.8940577 ], [ 49.318704499999988, -12.8939517 ], [ 49.3188099, -12.8936427 ], [ 49.3189366, -12.8934038 ], [ 49.3191925, -12.8931403 ], [ 49.3195109, -12.8930377 ], [ 49.3195149, -12.8928162 ], [ 49.3194733, -12.8925057 ], [ 49.3192601, -12.8923881 ], [ 49.3188782, -12.8923365 ], [ 49.3186159, -12.8924102 ], [ 49.3187802, -12.8921582 ], [ 49.3189146, -12.8919828 ], [ 49.3188398, -12.8917469 ], [ 49.3187006, -12.8915347 ], [ 49.3186392, -12.8912965 ], [ 49.3186517, -12.8910158 ], [ 49.3184619, -12.8909804 ], [ 49.3181907, -12.89101 ], [ 49.3179111, -12.8909018 ], [ 49.3177633, -12.8910097 ], [ 49.3175715, -12.8908944 ], [ 49.3175792, -12.8907589 ], [ 49.317819, -12.8907583 ], [ 49.317865600000012, -12.8906589 ], [ 49.3178762, -12.8904876 ], [ 49.3178066, -12.8902929 ], [ 49.317817399999988, -12.8901023 ], [ 49.3179453, -12.8900051 ], [ 49.318116700000012, -12.8898739 ], [ 49.3181633, -12.88977 ], [ 49.3181529, -12.8895738 ], [ 49.3181443, -12.8893413 ], [ 49.3180532, -12.8891045 ], [ 49.3178917, -12.8890628 ], [ 49.3176563, -12.8889484 ], [ 49.3174629, -12.8888544 ], [ 49.3173727, -12.8886737 ], [ 49.317535600000014, -12.8885877 ], [ 49.3177818, -12.8884851 ], [ 49.3180929, -12.8883832 ], [ 49.3182667, -12.8882224 ], [ 49.3182983, -12.8880395 ], [ 49.3182691, -12.8878363 ], [ 49.3182614, -12.8874832 ], [ 49.3182263, -12.887203 ], [ 49.3181053, -12.8869787 ], [ 49.318105, -12.8865866 ], [ 49.318147, -12.8863059 ], [ 49.3180007, -12.8861028 ], [ 49.3178667, -12.8858419 ], [ 49.3177915, -12.8856365 ], [ 49.3184675, -12.885737 ], [ 49.3185695, -12.8855662 ], [ 49.3186494, -12.885396 ], [ 49.3187708, -12.8851869 ], [ 49.3188929, -12.8849772 ], [ 49.3189394, -12.8846908 ], [ 49.3188417, -12.8843887 ], [ 49.3187506, -12.8841398 ], [ 49.3186223, -12.8838704 ], [ 49.3184764, -12.8835417 ], [ 49.318415, -12.8831683 ], [ 49.3183076, -12.8828743 ], [ 49.3180688, -12.882687 ], [ 49.317908800000012, -12.882365 ], [ 49.3178693, -12.8820383 ], [ 49.3178662, -12.8815921 ], [ 49.3178269, -12.8811989 ], [ 49.3176428, -12.8809635 ], [ 49.317350499999989, -12.8808458 ], [ 49.3171692, -12.8805689 ], [ 49.3169268, -12.8803102 ], [ 49.3167632, -12.8803312 ], [ 49.3166086, -12.8805117 ], [ 49.3165897, -12.8808089 ], [ 49.3164742, -12.8810652 ], [ 49.3163466, -12.8812027 ], [ 49.3161306, -12.8811829 ], [ 49.3158781, -12.8811237 ], [ 49.3156633, -12.8810069 ], [ 49.315485, -12.8807753 ], [ 49.315195200000012, -12.8806071 ], [ 49.3149185, -12.8803183 ], [ 49.3147218, -12.8804054 ], [ 49.3144132, -12.8805956 ], [ 49.3140949, -12.8806477 ], [ 49.313752, -12.8806556 ], [ 49.3134528, -12.8806051 ], [ 49.3132367, -12.8804011 ], [ 49.3130783, -12.8803858 ], [ 49.3128761, -12.8807123 ], [ 49.3126297, -12.8810418 ], [ 49.3123764, -12.8809163 ], [ 49.3122258, -12.8806366 ], [ 49.3120585, -12.8801303 ], [ 49.3117367, -12.8794936 ], [ 49.3112908, -12.8793074 ], [ 49.310754, -12.8790362 ], [ 49.3095879, -12.8786946 ], [ 49.3089037, -12.8784137 ], [ 49.308479, -12.8781852 ], [ 49.307887199999989, -12.8777367 ], [ 49.3071489, -12.8779329 ], [ 49.3069842, -12.8785381 ], [ 49.3067162, -12.8789506 ], [ 49.306531199999988, -12.8798532 ], [ 49.3067579, -12.8806286 ], [ 49.3068414, -12.8817374 ], [ 49.3072332, -12.8827643 ], [ 49.3074988, -12.883801 ], [ 49.3080547, -12.8842459 ], [ 49.3088832, -12.8836962 ], [ 49.3091476, -12.8828163 ], [ 49.309340899999988, -12.8820714 ], [ 49.3093383, -12.8809203 ], [ 49.309474599999987, -12.880155 ], [ 49.3100168, -12.8801447 ], [ 49.3101981, -12.8809553 ], [ 49.3102526, -12.8817512 ], [ 49.3102707, -12.8822471 ], [ 49.3109363, -12.882507 ], [ 49.3114817, -12.8827023 ], [ 49.3112913, -12.8833694 ], [ 49.3111837, -12.8837688 ], [ 49.311385, -12.8842298 ], [ 49.3116437, -12.8849339 ], [ 49.3117559, -12.8853736 ], [ 49.3120877, -12.8857202 ], [ 49.3124183, -12.8860834 ], [ 49.3126743, -12.8865584 ], [ 49.312983, -12.8871364 ], [ 49.3131633, -12.8877259 ], [ 49.3132712, -12.8881342 ], [ 49.3134869, -12.8887537 ], [ 49.3137371, -12.8892653 ], [ 49.3141324, -12.8895642 ], [ 49.3145182, -12.8901922 ], [ 49.3147092, -12.8906953 ], [ 49.3149163, -12.8910733 ], [ 49.315231399999988, -12.8914684 ], [ 49.3152774, -12.8917222 ], [ 49.315172, -12.891948 ], [ 49.3150501, -12.892089 ], [ 49.3150505, -12.8923146 ], [ 49.3149112, -12.8924742 ], [ 49.3147408, -12.8926761 ], [ 49.3146748, -12.8928937 ], [ 49.3147843, -12.8931415 ], [ 49.3148585, -12.893338 ], [ 49.3147564, -12.8934704 ], [ 49.314475, -12.893466 ], [ 49.3141561, -12.8934625 ], [ 49.3139252, -12.8934045 ], [ 49.3137273, -12.8933925 ], [ 49.3135487, -12.893476 ], [ 49.3134026, -12.8933682 ], [ 49.3133282, -12.8932189 ], [ 49.3134693, -12.893042 ], [ 49.3134666, -12.8928204 ], [ 49.3133573, -12.892605 ], [ 49.3131407, -12.8925337 ], [ 49.312942, -12.8924079 ], [ 49.312726099999985, -12.8922875 ], [ 49.3125098, -12.8923307 ], [ 49.3123829, -12.8924617 ], [ 49.3122376, -12.8924302 ], [ 49.3120923, -12.8923252 ], [ 49.3119832, -12.8922207 ], [ 49.3121304, -12.8920302 ], [ 49.3120947, -12.8919044 ], [ 49.3119688, -12.8917616 ], [ 49.3118792, -12.8915838 ], [ 49.3117529, -12.8914789 ], [ 49.311570700000011, -12.8915537 ], [ 49.311332, -12.891614 ], [ 49.3111981, -12.8918039 ], [ 49.310991699999988, -12.8918314 ], [ 49.310782, -12.8918976 ], [ 49.3105161, -12.8918545 ], [ 49.3107549, -12.8916519 ], [ 49.3107993, -12.891464 ], [ 49.3109536, -12.8912759 ], [ 49.3111392, -12.891199 ], [ 49.3110557, -12.8908582 ], [ 49.31115, -12.8906612 ], [ 49.3114033, -12.8906405 ], [ 49.3116353, -12.8906754 ], [ 49.3118678, -12.8906224 ], [ 49.3120819, -12.8907266 ], [ 49.3122959, -12.890692 ], [ 49.3124565, -12.8904472 ], [ 49.3122608, -12.8903594 ], [ 49.312136599999988, -12.8901677 ], [ 49.3120124, -12.8899247 ], [ 49.3118535, -12.8895951 ], [ 49.3117647, -12.8893183 ], [ 49.3117473, -12.8889725 ], [ 49.3117109, -12.8885911 ], [ 49.3116205, -12.8881215 ], [ 49.3115295, -12.8878583 ], [ 49.3114036, -12.8876654 ], [ 49.3112422, -12.8874729 ], [ 49.311097399999987, -12.8872263 ], [ 49.3109886, -12.8870147 ], [ 49.3107954, -12.8870372 ], [ 49.3108085, -12.8868213 ], [ 49.310892, -12.8866015 ], [ 49.3108522, -12.8864195 ], [ 49.3106715, -12.8862781 ], [ 49.3104259, -12.8863054 ], [ 49.3102033, -12.8864591 ], [ 49.3100356, -12.8867497 ], [ 49.3099873, -12.887084 ], [ 49.3099569, -12.8873997 ], [ 49.310014, -12.8876961 ], [ 49.3101558, -12.8876962 ], [ 49.3104193, -12.8877119 ], [ 49.3106131, -12.8877627 ], [ 49.3108266, -12.8878844 ], [ 49.3110043, -12.8880576 ], [ 49.3111826, -12.8883175 ], [ 49.3112886, -12.888559 ], [ 49.3113783, -12.8888529 ], [ 49.3113785, -12.8890943 ], [ 49.311554, -12.8893183 ], [ 49.3116589, -12.8894912 ], [ 49.3116066, -12.889681 ], [ 49.3114638, -12.8899579 ], [ 49.3112302, -12.890098 ], [ 49.3110682, -12.8901511 ], [ 49.3110482, -12.8903261 ], [ 49.3110455, -12.8904846 ], [ 49.3108632, -12.8905569 ], [ 49.3106979, -12.8906122 ], [ 49.3104924, -12.8907051 ], [ 49.310290400000014, -12.8906899 ], [ 49.3101734, -12.8908362 ], [ 49.3100037, -12.8908579 ], [ 49.3097753, -12.8908282 ], [ 49.3096091, -12.8907226 ], [ 49.309508, -12.8905237 ], [ 49.309323899999988, -12.890418 ], [ 49.309115, -12.8903673 ], [ 49.3089093, -12.8902441 ], [ 49.308786, -12.8900472 ], [ 49.3087617, -12.8898321 ], [ 49.308887, -12.8896533 ], [ 49.3088143, -12.889565 ], [ 49.3086874, -12.8893707 ], [ 49.3085395, -12.8892117 ], [ 49.3083857, -12.889176 ], [ 49.308168, -12.8892287 ], [ 49.3079742, -12.8891571 ], [ 49.3079635, -12.8889794 ], [ 49.3080535, -12.888768 ], [ 49.3081431, -12.8885405 ], [ 49.3080348, -12.888364 ], [ 49.3077961, -12.8883418 ], [ 49.3077226, -12.8881465 ], [ 49.3078656, -12.8880797 ], [ 49.3080084, -12.887996 ], [ 49.307913, -12.887871 ], [ 49.3077767, -12.887762 ], [ 49.3077416, -12.887621 ] ] ] ] } }
]
}
