{
"type": "FeatureCollection",
"name": "MDG-352242-NODATE-secondary_zoning-001",
"crs": { "type": "name", "properties": { "name": "urn:ogc:def:crs:OGC:1.3:CRS84" } },
"features": [
{ "type": "Feature", "properties": { }, "geometry": { "type": "MultiPolygon", "coordinates": [ [ [ [ 47.9504755, -18.6937373 ], [ 47.9505203, -18.6937593 ], [ 47.9506216, -18.693786 ], [ 47.9506644, -18.6938093 ], [ 47.9506346, -18.6937391 ], [ 47.9504755, -18.6937373 ] ] ], [ [ [ 47.9623672, -18.6833809 ], [ 47.9623668, -18.6833963 ], [ 47.9623675, -18.6834084 ], [ 47.9623672, -18.6833809 ] ] ], [ [ [ 47.925632799999988, -18.6546155 ], [ 47.9256202, -18.6546156 ], [ 47.9255075, -18.6546284 ], [ 47.925632799999988, -18.6546155 ] ] ], [ [ [ 47.9847286, -18.4527886 ], [ 47.984609, -18.4524838 ], [ 47.9847001, -18.4528149 ], [ 47.9847584, -18.4528434 ], [ 47.9847286, -18.4527886 ] ] ], [ [ [ 47.977093400000015, -18.440616 ], [ 47.977103, -18.4406147 ], [ 47.9770932, -18.4406141 ], [ 47.977093400000015, -18.440616 ] ] ], [ [ [ 47.978189, -18.4389054 ], [ 47.9781714, -18.4388431 ], [ 47.9781408, -18.4388347 ], [ 47.978189, -18.4389054 ] ] ], [ [ [ 47.9628603, -18.6844232 ], [ 47.962852299999987, -18.6843337 ], [ 47.9628079, -18.6842102 ], [ 47.9627201, -18.684087 ], [ 47.9625815, -18.6839298 ], [ 47.962465, -18.6838137 ], [ 47.9623773, -18.6836974 ], [ 47.9623618, -18.6835806 ], [ 47.9623668, -18.6833963 ], [ 47.9623589, -18.6832502 ], [ 47.9623219, -18.6831541 ], [ 47.9622848, -18.6830443 ], [ 47.9623128, -18.6829408 ], [ 47.9623557, -18.6828923 ], [ 47.9624129, -18.6828299 ], [ 47.9625067, -18.6828154 ], [ 47.962622, -18.6827938 ], [ 47.9627439, -18.6826964 ], [ 47.962837, -18.6826062 ], [ 47.9628793, -18.6824889 ], [ 47.9629943, -18.6824191 ], [ 47.9631894, -18.6824313 ], [ 47.9633921, -18.6824847 ], [ 47.9635945, -18.6825106 ], [ 47.963804, -18.6825158 ], [ 47.963976, -18.6823699 ], [ 47.9639959, -18.6821632 ], [ 47.9638508, -18.6820956 ], [ 47.9637428, -18.6821309 ], [ 47.9636129, -18.6821388 ], [ 47.9634678, -18.6820643 ], [ 47.963373, -18.6819687 ], [ 47.9632204, -18.6818598 ], [ 47.9630823, -18.6817645 ], [ 47.9628587, -18.681787 ], [ 47.9627153, -18.681912 ], [ 47.9625997, -18.681906 ], [ 47.9624545, -18.6818177 ], [ 47.9623601, -18.6817565 ], [ 47.962352, -18.6816671 ], [ 47.9623366, -18.6815571 ], [ 47.9623427, -18.6814332 ], [ 47.9623485, -18.6812679 ], [ 47.9622898, -18.6811583 ], [ 47.962166, -18.6810423 ], [ 47.9621291, -18.6809531 ], [ 47.9621858, -18.6808356 ], [ 47.9622283, -18.6807458 ], [ 47.962379, -18.6806344 ], [ 47.962479, -18.6805097 ], [ 47.9626012, -18.6804468 ], [ 47.9625566, -18.6803026 ], [ 47.9624615, -18.6801657 ], [ 47.9624244, -18.6800559 ], [ 47.9624449, -18.679925 ], [ 47.9625673, -18.6798827 ], [ 47.9627474, -18.6798262 ], [ 47.9628845, -18.6798182 ], [ 47.9630001, -18.6798172 ], [ 47.9631088, -18.6798577 ], [ 47.963275, -18.6798701 ], [ 47.9633028, -18.679746 ], [ 47.9632654, -18.6796017 ], [ 47.9632355, -18.679485 ], [ 47.9632705, -18.6793608 ], [ 47.963371, -18.6792911 ], [ 47.963486, -18.6792283 ], [ 47.9635793, -18.6791656 ], [ 47.9637659, -18.6790402 ], [ 47.9637427, -18.6788614 ], [ 47.9637412, -18.6786962 ], [ 47.9636961, -18.6784901 ], [ 47.9636439, -18.6783115 ], [ 47.9635559, -18.6781608 ], [ 47.9634171, -18.677983 ], [ 47.9632932, -18.6778463 ], [ 47.963083, -18.6777654 ], [ 47.9628813, -18.6778221 ], [ 47.9627665, -18.6779056 ], [ 47.9626661, -18.6779821 ], [ 47.9625577, -18.6779761 ], [ 47.9624129, -18.677936 ], [ 47.9622827, -18.6779164 ], [ 47.9621311, -18.6779176 ], [ 47.9621588, -18.6777866 ], [ 47.9621363, -18.6776973 ], [ 47.9621783, -18.6775387 ], [ 47.9621909, -18.6773389 ], [ 47.9621751, -18.6771808 ], [ 47.962102, -18.677085 ], [ 47.9619345, -18.676928 ], [ 47.9618111, -18.6768533 ], [ 47.9616587, -18.676765 ], [ 47.9614847, -18.6766907 ], [ 47.9612963, -18.6766165 ], [ 47.9612086, -18.6765002 ], [ 47.9611647, -18.6764455 ], [ 47.9609698, -18.6764471 ], [ 47.9607161, -18.676339 ], [ 47.9605423, -18.6762853 ], [ 47.9603682, -18.6762041 ], [ 47.960194099999988, -18.676116 ], [ 47.9601568, -18.6759787 ], [ 47.960155, -18.6757791 ], [ 47.960262199999988, -18.6756474 ], [ 47.9603338, -18.675578 ], [ 47.9603984, -18.6755362 ], [ 47.9604777, -18.6755149 ], [ 47.9605715, -18.6755142 ], [ 47.960702600000012, -18.675637 ], [ 47.9607755, -18.6757121 ], [ 47.9608696, -18.675732 ], [ 47.9609204, -18.6757592 ], [ 47.9609573, -18.6758483 ], [ 47.9610379, -18.6759854 ], [ 47.9611542, -18.676067 ], [ 47.9613999, -18.6760857 ], [ 47.9615946, -18.6760566 ], [ 47.961739, -18.6760554 ], [ 47.961934299999989, -18.6760814 ], [ 47.9621517, -18.6761691 ], [ 47.9622678, -18.676237 ], [ 47.9623989, -18.6763599 ], [ 47.9624653, -18.6765108 ], [ 47.9625815, -18.6765855 ], [ 47.9627037, -18.6765295 ], [ 47.9627826, -18.67646 ], [ 47.9628618, -18.6764387 ], [ 47.9629777, -18.6764791 ], [ 47.963137, -18.6765191 ], [ 47.9632093, -18.6765323 ], [ 47.9632299, -18.6764151 ], [ 47.9633155, -18.6762974 ], [ 47.9634085, -18.6761934 ], [ 47.9634871, -18.6760964 ], [ 47.9636458, -18.6760745 ], [ 47.963702, -18.6758951 ], [ 47.9637227, -18.6757848 ], [ 47.9637876, -18.6757843 ], [ 47.9639173, -18.6757488 ], [ 47.9640034, -18.6756793 ], [ 47.9641326, -18.6755956 ], [ 47.9642404, -18.6755328 ], [ 47.9643266, -18.675484 ], [ 47.964362, -18.675408 ], [ 47.9644114, -18.6752699 ], [ 47.9644907, -18.6752555 ], [ 47.9646277, -18.6752269 ], [ 47.9647432, -18.6752259 ], [ 47.964895199999987, -18.6752591 ], [ 47.9650028, -18.6751825 ], [ 47.965117499999984, -18.6750853 ], [ 47.965123499999983, -18.6749475 ], [ 47.965122099999988, -18.6747961 ], [ 47.9650347, -18.6747142 ], [ 47.9647964, -18.6747093 ], [ 47.9646814, -18.6747721 ], [ 47.9644797, -18.6748288 ], [ 47.9643211, -18.6748576 ], [ 47.964198, -18.6748242 ], [ 47.964153, -18.6746387 ], [ 47.9641232, -18.6745357 ], [ 47.9641079, -18.6744326 ], [ 47.9640925, -18.6743295 ], [ 47.9640621, -18.6741576 ], [ 47.9639388, -18.6740967 ], [ 47.9638301, -18.6740563 ], [ 47.9637573, -18.6739949 ], [ 47.9636702, -18.6739405 ], [ 47.96359, -18.6738586 ], [ 47.9635026, -18.6737767 ], [ 47.963501900000011, -18.6736941 ], [ 47.9635013, -18.6736253 ], [ 47.963558899999988, -18.6736042 ], [ 47.9637174, -18.6735616 ], [ 47.9638329, -18.6735538 ], [ 47.9639553, -18.6735115 ], [ 47.9640636, -18.6735106 ], [ 47.9642008, -18.6735095 ], [ 47.9642937, -18.6734055 ], [ 47.9644512, -18.6732391 ], [ 47.9644717, -18.673115 ], [ 47.9644555, -18.6729155 ], [ 47.9644183, -18.6727919 ], [ 47.9644458, -18.6726403 ], [ 47.9644596, -18.6725644 ], [ 47.9645238, -18.6724744 ], [ 47.9645374, -18.672378 ], [ 47.9645363, -18.6722541 ], [ 47.964441099999988, -18.6721034 ], [ 47.9643752, -18.6720076 ], [ 47.9643525, -18.6718908 ], [ 47.9643366, -18.6717188 ], [ 47.9643357, -18.6716156 ], [ 47.9643489, -18.6714847 ], [ 47.9644565, -18.6714012 ], [ 47.9646799, -18.6713444 ], [ 47.9648022, -18.6712952 ], [ 47.964859, -18.6711846 ], [ 47.9647861, -18.6711026 ], [ 47.9647131, -18.6710137 ], [ 47.9647191, -18.6708829 ], [ 47.9647836, -18.6708204 ], [ 47.9648697, -18.6707578 ], [ 47.9650064, -18.6707085 ], [ 47.965114299999989, -18.6706525 ], [ 47.9651928, -18.6705487 ], [ 47.9651842, -18.6703904 ], [ 47.9652195, -18.6703007 ], [ 47.9653271, -18.6702172 ], [ 47.9654274, -18.6701269 ], [ 47.9654478, -18.6699891 ], [ 47.9653887, -18.6698381 ], [ 47.9652578, -18.6697359 ], [ 47.9652066, -18.6696606 ], [ 47.9652125, -18.669516 ], [ 47.965262, -18.6693917 ], [ 47.9653191, -18.6693224 ], [ 47.965398199999989, -18.6692874 ], [ 47.9654702, -18.6692524 ], [ 47.9655418, -18.669183 ], [ 47.9656275, -18.6690791 ], [ 47.9657856, -18.6689952 ], [ 47.965865, -18.6689945 ], [ 47.9659597, -18.6690764 ], [ 47.9660609, -18.6690962 ], [ 47.966169300000011, -18.6691022 ], [ 47.9662984, -18.6690048 ], [ 47.9663555, -18.6689218 ], [ 47.9664277, -18.6689212 ], [ 47.9664786, -18.6689621 ], [ 47.9664864, -18.6690239 ], [ 47.9665302, -18.6690787 ], [ 47.9666466, -18.6691741 ], [ 47.9667838, -18.669173 ], [ 47.9669065, -18.6691651 ], [ 47.9670578, -18.6691295 ], [ 47.9671655, -18.6690598 ], [ 47.9672443, -18.6689834 ], [ 47.9672944, -18.6689417 ], [ 47.9672936, -18.6688454 ], [ 47.9672353, -18.6687908 ], [ 47.9671343, -18.6687985 ], [ 47.9670845, -18.6688883 ], [ 47.9669981, -18.6689097 ], [ 47.9669179, -18.6688209 ], [ 47.9668813, -18.6687661 ], [ 47.9668664, -18.668718 ], [ 47.9668438, -18.668615 ], [ 47.9668501, -18.6685048 ], [ 47.9668491, -18.6684015 ], [ 47.9668479, -18.668257 ], [ 47.9667466, -18.6682372 ], [ 47.9666892, -18.6682789 ], [ 47.9665878, -18.6682453 ], [ 47.9665586, -18.6682112 ], [ 47.9665577, -18.6681079 ], [ 47.9665566, -18.6679909 ], [ 47.966563, -18.6678945 ], [ 47.9665908, -18.6677704 ], [ 47.9666113, -18.6676394 ], [ 47.96656, -18.6675572 ], [ 47.9665737, -18.6674745 ], [ 47.9665872, -18.6673643 ], [ 47.9666009, -18.6672816 ], [ 47.9665997, -18.6671508 ], [ 47.9666787, -18.6670951 ], [ 47.9667797, -18.6670874 ], [ 47.9668808, -18.6670866 ], [ 47.9669384, -18.6670655 ], [ 47.967004, -18.6671407 ], [ 47.9669902, -18.6672096 ], [ 47.9669978, -18.6672509 ], [ 47.9670775, -18.6672846 ], [ 47.9671133, -18.667243 ], [ 47.9671923, -18.6672011 ], [ 47.9672358, -18.6672145 ], [ 47.9672077, -18.6673042 ], [ 47.9672371, -18.6673659 ], [ 47.9673686, -18.6675301 ], [ 47.9673694, -18.6676195 ], [ 47.9673699, -18.6676815 ], [ 47.9673195, -18.6676957 ], [ 47.9672471, -18.6676756 ], [ 47.967146, -18.6676764 ], [ 47.96707390000001, -18.6676839 ], [ 47.9670603, -18.6677804 ], [ 47.9670969, -18.667842 ], [ 47.9671191, -18.6678969 ], [ 47.9670764, -18.6679661 ], [ 47.9670482, -18.6680489 ], [ 47.9670928, -18.6681862 ], [ 47.9671508, -18.6682201 ], [ 47.9672449, -18.6682469 ], [ 47.9673323, -18.6683219 ], [ 47.96739, -18.6683215 ], [ 47.9674472, -18.6682522 ], [ 47.9675119, -18.6682241 ], [ 47.96757, -18.6682512 ], [ 47.9675632, -18.6682994 ], [ 47.9674917, -18.6683826 ], [ 47.9674925, -18.6684721 ], [ 47.9675365, -18.6685543 ], [ 47.967638099999988, -18.6686017 ], [ 47.9676676, -18.6686703 ], [ 47.9676173, -18.6687051 ], [ 47.9676181, -18.6687877 ], [ 47.9676769, -18.6689111 ], [ 47.967786, -18.6689997 ], [ 47.9678085, -18.669089 ], [ 47.9677802, -18.6691581 ], [ 47.9677305, -18.6692479 ], [ 47.9676368, -18.6692762 ], [ 47.9675654, -18.6693594 ], [ 47.9674791, -18.6694083 ], [ 47.9673713, -18.6694642 ], [ 47.9673867, -18.6695673 ], [ 47.9674094, -18.6696842 ], [ 47.9674893, -18.6697455 ], [ 47.9676342, -18.6697925 ], [ 47.9677787, -18.6698051 ], [ 47.9679014, -18.6697903 ], [ 47.9679593, -18.6698105 ], [ 47.9680534, -18.6698373 ], [ 47.9681334, -18.6698986 ], [ 47.9681993, -18.6699944 ], [ 47.968193, -18.6700977 ], [ 47.9681721, -18.6701874 ], [ 47.9681362, -18.6702083 ], [ 47.9681299, -18.6703185 ], [ 47.968123899999988, -18.6704562 ], [ 47.9681823, -18.6705177 ], [ 47.968240599999987, -18.670586 ], [ 47.9682844, -18.6706339 ], [ 47.9683863, -18.6707225 ], [ 47.9684593, -18.6708114 ], [ 47.9684531, -18.6709285 ], [ 47.9684033, -18.6710115 ], [ 47.9682733, -18.6710125 ], [ 47.9681505, -18.6710135 ], [ 47.9680135, -18.6710284 ], [ 47.9679481, -18.6709807 ], [ 47.967868299999985, -18.6709401 ], [ 47.9677744, -18.6709408 ], [ 47.9677021, -18.6709345 ], [ 47.9677025, -18.6709827 ], [ 47.9677104, -18.6710515 ], [ 47.9677544, -18.6711268 ], [ 47.9678055, -18.6711884 ], [ 47.9677771, -18.6712506 ], [ 47.9677274, -18.6713404 ], [ 47.967685, -18.6714509 ], [ 47.967714799999982, -18.671547 ], [ 47.9678017, -18.6715739 ], [ 47.9679104, -18.6716143 ], [ 47.9679255, -18.6716968 ], [ 47.96802, -18.6717579 ], [ 47.968063300000011, -18.6717645 ], [ 47.9680784, -18.6718332 ], [ 47.9681299, -18.671936 ], [ 47.9681956, -18.6720181 ], [ 47.9682468, -18.6720934 ], [ 47.9683338, -18.6721271 ], [ 47.9684638, -18.6721329 ], [ 47.9686155, -18.6721317 ], [ 47.968673, -18.6721106 ], [ 47.96883230000001, -18.6721506 ], [ 47.9689921, -18.6722526 ], [ 47.9690794, -18.6723344 ], [ 47.9691447, -18.6723615 ], [ 47.9692102, -18.6724229 ], [ 47.969254199999988, -18.6724982 ], [ 47.9692118, -18.6726018 ], [ 47.9692199, -18.6726981 ], [ 47.9693216, -18.6727661 ], [ 47.9693943, -18.6728206 ], [ 47.9694387, -18.6729373 ], [ 47.9693527, -18.6730206 ], [ 47.9693026, -18.6730623 ], [ 47.9692813, -18.6731037 ], [ 47.9692243, -18.6731937 ], [ 47.9691598, -18.6732493 ], [ 47.9690373, -18.6732847 ], [ 47.9689066, -18.6732031 ], [ 47.9688197, -18.6731694 ], [ 47.9687253, -18.6731151 ], [ 47.9686383, -18.6730814 ], [ 47.9684862, -18.6730276 ], [ 47.9683414, -18.6729874 ], [ 47.968226, -18.6730021 ], [ 47.9681255, -18.6730649 ], [ 47.9681121, -18.673182 ], [ 47.9681422, -18.6733263 ], [ 47.9680781, -18.6734232 ], [ 47.968021, -18.6735062 ], [ 47.9679785, -18.6735892 ], [ 47.9678779, -18.6736519 ], [ 47.967864, -18.673714 ], [ 47.9678718, -18.6737759 ], [ 47.9679518, -18.6738372 ], [ 47.9679888, -18.6739401 ], [ 47.9679966, -18.674002 ], [ 47.9681202, -18.6741043 ], [ 47.968185799999986, -18.6741726 ], [ 47.968331, -18.674254 ], [ 47.9684468, -18.6742806 ], [ 47.9686567, -18.674334 ], [ 47.9687364, -18.6743677 ], [ 47.9687947, -18.6744223 ], [ 47.9688028, -18.6745255 ], [ 47.9687896, -18.6746564 ], [ 47.968848, -18.6747316 ], [ 47.9688921, -18.6748139 ], [ 47.9689572, -18.6748271 ], [ 47.9689651, -18.6749028 ], [ 47.9689297, -18.6749857 ], [ 47.9688148, -18.6750554 ], [ 47.9686204, -18.6751258 ], [ 47.9685339, -18.6751472 ], [ 47.9684472, -18.675141 ], [ 47.968375, -18.6751416 ], [ 47.9683238, -18.6750731 ], [ 47.968265199999983, -18.6749773 ], [ 47.9682357, -18.6749018 ], [ 47.9680762, -18.6748342 ], [ 47.9680394, -18.6747588 ], [ 47.9677938, -18.674747 ], [ 47.96768560000001, -18.6747617 ], [ 47.9676575, -18.6748583 ], [ 47.96755, -18.6749486 ], [ 47.9674275, -18.6749771 ], [ 47.9673487, -18.6750535 ], [ 47.9672552, -18.6750887 ], [ 47.9671979, -18.6751442 ], [ 47.9671988, -18.6752474 ], [ 47.9672574, -18.6753433 ], [ 47.9672582, -18.6754259 ], [ 47.9672802, -18.6754739 ], [ 47.9673027, -18.6755632 ], [ 47.9672463, -18.675722 ], [ 47.9671819, -18.6757844 ], [ 47.9671099, -18.6758057 ], [ 47.9670241, -18.6759027 ], [ 47.967032, -18.6759853 ], [ 47.9670763, -18.676095 ], [ 47.9671709, -18.6761769 ], [ 47.9672726, -18.6762449 ], [ 47.9673589, -18.6762029 ], [ 47.9674594, -18.6761332 ], [ 47.9675894, -18.6761253 ], [ 47.967654, -18.6760835 ], [ 47.9677759, -18.675993 ], [ 47.9678909, -18.6759233 ], [ 47.9680417, -18.6758257 ], [ 47.9681782, -18.6757489 ], [ 47.9683221, -18.6756858 ], [ 47.9684805, -18.6756363 ], [ 47.9686247, -18.6756076 ], [ 47.968762, -18.6756203 ], [ 47.968885, -18.6756468 ], [ 47.968936400000011, -18.6757428 ], [ 47.9690085, -18.6757284 ], [ 47.9689662, -18.6758389 ], [ 47.9688149, -18.6758814 ], [ 47.9686997, -18.6759167 ], [ 47.9686785, -18.6759789 ], [ 47.9687372, -18.6760816 ], [ 47.9687875, -18.6760537 ], [ 47.968932, -18.6760594 ], [ 47.9690332, -18.6760655 ], [ 47.9691274, -18.6760991 ], [ 47.9691858, -18.6761675 ], [ 47.9692084, -18.6762774 ], [ 47.9692237, -18.6763737 ], [ 47.969282, -18.6764351 ], [ 47.9693336, -18.6765517 ], [ 47.9693633, -18.6766479 ], [ 47.9694291, -18.6767299 ], [ 47.9694371, -18.6768194 ], [ 47.9693949, -18.6769505 ], [ 47.9694389, -18.6770189 ], [ 47.969555, -18.6770868 ], [ 47.9696206, -18.6771483 ], [ 47.9697007, -18.6772233 ], [ 47.9697879, -18.6772914 ], [ 47.9699467, -18.6772833 ], [ 47.9700471, -18.6771999 ], [ 47.9700462, -18.6770966 ], [ 47.9700237, -18.6770073 ], [ 47.970023, -18.6769247 ], [ 47.9700221, -18.6768215 ], [ 47.9700207, -18.6766701 ], [ 47.9700198, -18.67656 ], [ 47.9700336, -18.676491 ], [ 47.97004, -18.6764015 ], [ 47.9701261, -18.6763389 ], [ 47.970277, -18.676255 ], [ 47.9704212, -18.6762263 ], [ 47.9705656, -18.6762183 ], [ 47.9706594, -18.6762175 ], [ 47.9707181, -18.6763134 ], [ 47.9708276, -18.6764433 ], [ 47.970799500000012, -18.676533 ], [ 47.970785799999987, -18.6766157 ], [ 47.9708007, -18.6766707 ], [ 47.9708882, -18.6767594 ], [ 47.9708309, -18.6768218 ], [ 47.9707374, -18.676857 ], [ 47.9706432, -18.6768302 ], [ 47.9705355, -18.6768931 ], [ 47.970522, -18.6770033 ], [ 47.970501299999988, -18.6771067 ], [ 47.9704734, -18.6772171 ], [ 47.9705534, -18.6772853 ], [ 47.9706268, -18.6774223 ], [ 47.9706495, -18.6775323 ], [ 47.9706789, -18.6775871 ], [ 47.9706, -18.6776566 ], [ 47.970493, -18.677802 ], [ 47.9704939, -18.6779052 ], [ 47.970551699999987, -18.6779047 ], [ 47.9706384, -18.677904 ], [ 47.9707683, -18.677903 ], [ 47.9708846, -18.6779778 ], [ 47.9708923, -18.6780397 ], [ 47.9709146, -18.6781014 ], [ 47.9708354, -18.6781365 ], [ 47.9707198, -18.6781305 ], [ 47.9706044, -18.6781452 ], [ 47.9704961, -18.678153 ], [ 47.9704305, -18.6780847 ], [ 47.9703581, -18.6780578 ], [ 47.9702352, -18.678045 ], [ 47.970134, -18.6780389 ], [ 47.9699829, -18.6780952 ], [ 47.969889200000011, -18.6781166 ], [ 47.969810099999989, -18.6781585 ], [ 47.969854, -18.6782201 ], [ 47.9699409, -18.6782538 ], [ 47.9700206, -18.6782738 ], [ 47.9700212, -18.6783496 ], [ 47.9700006, -18.6784599 ], [ 47.9699361, -18.6785223 ], [ 47.9699367, -18.6785843 ], [ 47.9699521, -18.6786943 ], [ 47.970053900000011, -18.6787692 ], [ 47.9701772, -18.678837 ], [ 47.9702932, -18.6788842 ], [ 47.9704384, -18.6789657 ], [ 47.9705468, -18.6789786 ], [ 47.9707065, -18.6790668 ], [ 47.9707793, -18.679135 ], [ 47.970874, -18.6792237 ], [ 47.9709979, -18.6793466 ], [ 47.9710851, -18.6794078 ], [ 47.9711433, -18.6794556 ], [ 47.9711871, -18.6795103 ], [ 47.971195, -18.6796665 ], [ 47.9712566, -18.6796801 ], [ 47.9721225, -18.6799607 ], [ 47.9740024, -18.6802765 ], [ 47.9765468, -18.6804209 ], [ 47.9780329, -18.680463 ], [ 47.9784024, -18.681384 ], [ 47.9786376, -18.6816155 ], [ 47.9786466, -18.6816372 ], [ 47.9786592, -18.6816385 ], [ 47.9787681, -18.6816995 ], [ 47.9788768, -18.6817468 ], [ 47.9789711, -18.6817874 ], [ 47.979138, -18.6818755 ], [ 47.9792894, -18.6818536 ], [ 47.9793606, -18.681736 ], [ 47.979359599999981, -18.681619 ], [ 47.979372799999986, -18.6814812 ], [ 47.9793717, -18.6813642 ], [ 47.9793996, -18.6812539 ], [ 47.9794496, -18.6811915 ], [ 47.979478, -18.6811362 ], [ 47.9795788, -18.681101 ], [ 47.979629, -18.6810662 ], [ 47.9796513, -18.6811348 ], [ 47.9796591, -18.6811967 ], [ 47.9796308, -18.6812658 ], [ 47.9795736, -18.6813282 ], [ 47.9795382, -18.6814042 ], [ 47.9795318, -18.6815006 ], [ 47.9795397, -18.6815762 ], [ 47.9795619, -18.681638 ], [ 47.9796848, -18.6816508 ], [ 47.9797788, -18.6816569 ], [ 47.9798296, -18.681684 ], [ 47.9799312, -18.6817383 ], [ 47.980054, -18.6817441 ], [ 47.9801483, -18.6817916 ], [ 47.9801776, -18.6818326 ], [ 47.9802717, -18.6818594 ], [ 47.9802871, -18.6819694 ], [ 47.9803387, -18.6820791 ], [ 47.9803536, -18.682134 ], [ 47.980455, -18.6821676 ], [ 47.9805126, -18.6821465 ], [ 47.9805192, -18.6820776 ], [ 47.9806567, -18.682104 ], [ 47.9807357, -18.6820621 ], [ 47.9807716, -18.6820343 ], [ 47.9808582, -18.6820267 ], [ 47.9809453, -18.6820742 ], [ 47.981039499999987, -18.6821147 ], [ 47.9811702, -18.6821893 ], [ 47.981307400000013, -18.6821882 ], [ 47.9814227, -18.6821597 ], [ 47.9815162, -18.6821177 ], [ 47.9816604, -18.6820959 ], [ 47.9817756, -18.6820536 ], [ 47.9819052, -18.6820044 ], [ 47.9820718, -18.682065 ], [ 47.982166199999988, -18.6821193 ], [ 47.98226, -18.6821047 ], [ 47.9823677, -18.682035 ], [ 47.9824389, -18.6819243 ], [ 47.9825247, -18.6818341 ], [ 47.9825237, -18.6817171 ], [ 47.9824574, -18.6815731 ], [ 47.9824632, -18.6814148 ], [ 47.982462, -18.6812771 ], [ 47.9824897, -18.681153 ], [ 47.9825321, -18.6810494 ], [ 47.9826468, -18.6809521 ], [ 47.9827547, -18.6809031 ], [ 47.982753800000012, -18.6808067 ], [ 47.9827601, -18.6807034 ], [ 47.9826727, -18.6806146 ], [ 47.9825853, -18.6805396 ], [ 47.9824835, -18.6804579 ], [ 47.9824108, -18.6804034 ], [ 47.9822803, -18.6803425 ], [ 47.9821498, -18.6802885 ], [ 47.9820479, -18.6802067 ], [ 47.9819823, -18.6801316 ], [ 47.9819381, -18.6800356 ], [ 47.9819663, -18.6799665 ], [ 47.9820093, -18.6799249 ], [ 47.982103, -18.6799103 ], [ 47.9821534, -18.6798824 ], [ 47.9822761, -18.6798745 ], [ 47.982391500000013, -18.6798598 ], [ 47.982441399999985, -18.6797906 ], [ 47.9824262, -18.6797081 ], [ 47.9823317, -18.67964 ], [ 47.9822228, -18.6795721 ], [ 47.9821069, -18.6795386 ], [ 47.9819625, -18.6795398 ], [ 47.9818393, -18.6794926 ], [ 47.9818025, -18.6794103 ], [ 47.9817442, -18.6793557 ], [ 47.981643, -18.6793497 ], [ 47.981563, -18.6792884 ], [ 47.9814968, -18.6791444 ], [ 47.981488700000014, -18.6790549 ], [ 47.9814523, -18.6790139 ], [ 47.9814008, -18.678918 ], [ 47.9813427, -18.6788772 ], [ 47.9812707, -18.6788984 ], [ 47.9811985, -18.6789059 ], [ 47.9811046, -18.6789066 ], [ 47.9810106, -18.6788868 ], [ 47.9809013, -18.6787844 ], [ 47.9808795, -18.6787639 ], [ 47.9808715, -18.6786814 ], [ 47.9808203, -18.6786061 ], [ 47.9808197, -18.6785442 ], [ 47.9808918, -18.6785229 ], [ 47.9809719, -18.6786049 ], [ 47.981095400000015, -18.6786796 ], [ 47.981139, -18.6787136 ], [ 47.9812187, -18.6787405 ], [ 47.9813055, -18.6787605 ], [ 47.9814283, -18.6787595 ], [ 47.981493, -18.6787245 ], [ 47.9816005, -18.6786342 ], [ 47.9816503, -18.6785512 ], [ 47.9817001, -18.6784613 ], [ 47.9817792, -18.6784262 ], [ 47.981865, -18.678336 ], [ 47.9819291, -18.6782323 ], [ 47.9819281, -18.6781153 ], [ 47.9819056, -18.678026 ], [ 47.9818465, -18.677875 ], [ 47.981831100000015, -18.6777719 ], [ 47.98183010000001, -18.6776618 ], [ 47.9818068, -18.677483 ], [ 47.9818062, -18.6774073 ], [ 47.9818409, -18.6772556 ], [ 47.9818394, -18.6770904 ], [ 47.9818673, -18.6769801 ], [ 47.9818739, -18.6769043 ], [ 47.9818876, -18.6768216 ], [ 47.9819297, -18.6766836 ], [ 47.9819289, -18.6765941 ], [ 47.9819354, -18.6765183 ], [ 47.9819344, -18.6764082 ], [ 47.9819408, -18.6763187 ], [ 47.98194, -18.6762292 ], [ 47.9819539, -18.6761603 ], [ 47.981953299999986, -18.6760983 ], [ 47.9818729, -18.6759888 ], [ 47.9818434, -18.6759271 ], [ 47.9818068, -18.6758655 ], [ 47.9817991, -18.6758105 ], [ 47.981776700000012, -18.675735 ], [ 47.9817833, -18.6756592 ], [ 47.9818263, -18.6756313 ], [ 47.9818985, -18.6756238 ], [ 47.9819779, -18.6756232 ], [ 47.9819782, -18.6756576 ], [ 47.9819787, -18.6757127 ], [ 47.9819211, -18.6757338 ], [ 47.981907100000015, -18.6757752 ], [ 47.9819795, -18.6757952 ], [ 47.9820663, -18.6758152 ], [ 47.9820738, -18.6758427 ], [ 47.9820958, -18.6758769 ], [ 47.9820964, -18.6759526 ], [ 47.982104600000014, -18.6760558 ], [ 47.98217, -18.6761034 ], [ 47.9822927, -18.6760956 ], [ 47.9823212, -18.6760471 ], [ 47.9823275, -18.6759507 ], [ 47.9823628, -18.675861 ], [ 47.9824132, -18.6758468 ], [ 47.982485, -18.675798 ], [ 47.982542699999989, -18.6757838 ], [ 47.9825791, -18.6758248 ], [ 47.9826374, -18.6758794 ], [ 47.9827174, -18.6759407 ], [ 47.9827614, -18.676016 ], [ 47.9827548, -18.6760849 ], [ 47.982849, -18.6761254 ], [ 47.9829431, -18.6761453 ], [ 47.983059, -18.6761788 ], [ 47.9831748, -18.6762123 ], [ 47.9832328, -18.6762393 ], [ 47.9833124, -18.6762593 ], [ 47.9834138, -18.676286 ], [ 47.9834938, -18.6763473 ], [ 47.9835378, -18.6764296 ], [ 47.9836328, -18.6765527 ], [ 47.9837357, -18.6767514 ], [ 47.9838451, -18.6768676 ], [ 47.9840049, -18.6769695 ], [ 47.9842574, -18.6769399 ], [ 47.9842926, -18.6768364 ], [ 47.9843058, -18.6767055 ], [ 47.9843191, -18.6765746 ], [ 47.984325, -18.67643 ], [ 47.9843384, -18.6763129 ], [ 47.9843738, -18.67623 ], [ 47.9844601, -18.6761949 ], [ 47.9845467, -18.6761873 ], [ 47.9846766, -18.6761794 ], [ 47.9847411, -18.6761238 ], [ 47.9847694, -18.6760478 ], [ 47.9847758, -18.6759652 ], [ 47.9847169, -18.6758418 ], [ 47.9846224, -18.6757668 ], [ 47.9845572, -18.6757467 ], [ 47.9845493, -18.6756642 ], [ 47.9845772, -18.6755607 ], [ 47.9847427, -18.6754974 ], [ 47.984792800000015, -18.6754419 ], [ 47.9848718, -18.6753931 ], [ 47.9849142, -18.6752895 ], [ 47.98482, -18.6752559 ], [ 47.984726099999989, -18.6752566 ], [ 47.9845891, -18.6752784 ], [ 47.9845105, -18.6753685 ], [ 47.984439, -18.6754517 ], [ 47.984331, -18.675487 ], [ 47.9841931, -18.6754055 ], [ 47.9841199, -18.675296 ], [ 47.9841048, -18.6752273 ], [ 47.9841039, -18.6751309 ], [ 47.9841323, -18.6750687 ], [ 47.9841824, -18.6750201 ], [ 47.9842109, -18.6749786 ], [ 47.9842392, -18.6749164 ], [ 47.9842895, -18.6748816 ], [ 47.984317800000014, -18.6748194 ], [ 47.9843171, -18.6747437 ], [ 47.9843232, -18.6746198 ], [ 47.9844023, -18.6745778 ], [ 47.98446, -18.6745705 ], [ 47.9845826, -18.6745557 ], [ 47.984669300000014, -18.6745619 ], [ 47.9847702, -18.6745335 ], [ 47.9848274, -18.6744711 ], [ 47.9848194, -18.6743817 ], [ 47.9848261, -18.6743266 ], [ 47.9848767, -18.6743262 ], [ 47.9849785, -18.6744148 ], [ 47.9850587, -18.6744899 ], [ 47.9851303, -18.6744274 ], [ 47.9851223, -18.6743379 ], [ 47.9850641, -18.6742902 ], [ 47.984991099999988, -18.6742013 ], [ 47.9848966, -18.6741402 ], [ 47.9847159, -18.674121 ], [ 47.9846076, -18.6741219 ], [ 47.9845065, -18.6741227 ], [ 47.984391, -18.6741236 ], [ 47.9842611, -18.6741316 ], [ 47.98421, -18.6740769 ], [ 47.9842742, -18.6739869 ], [ 47.9843387, -18.6739313 ], [ 47.9843601, -18.6739036 ], [ 47.9844094, -18.6737587 ], [ 47.9844087, -18.673683 ], [ 47.984335, -18.6735184 ], [ 47.9843054, -18.673436 ], [ 47.9842542, -18.6733676 ], [ 47.984073, -18.6732934 ], [ 47.983971, -18.6731979 ], [ 47.9838765, -18.6731298 ], [ 47.9838251, -18.6730339 ], [ 47.9837524, -18.6729725 ], [ 47.9837156, -18.672904 ], [ 47.983700899999988, -18.6728766 ], [ 47.9837077, -18.6728214 ], [ 47.9837217, -18.67278 ], [ 47.983757, -18.6726834 ], [ 47.9837564, -18.6726214 ], [ 47.9837849, -18.672573 ], [ 47.9837986, -18.6724972 ], [ 47.9838415, -18.6724418 ], [ 47.9837902, -18.6723596 ], [ 47.9837462, -18.6722842 ], [ 47.9836807, -18.6722297 ], [ 47.9835931, -18.6721272 ], [ 47.9835927, -18.672079 ], [ 47.983599100000013, -18.6719895 ], [ 47.9836488, -18.6718996 ], [ 47.9837426, -18.671885 ], [ 47.9838292, -18.6718775 ], [ 47.9839452, -18.6719316 ], [ 47.9840827, -18.6719649 ], [ 47.9841255, -18.6719026 ], [ 47.9841975, -18.6718745 ], [ 47.9842551, -18.6718602 ], [ 47.984306, -18.6719011 ], [ 47.9844003, -18.6719485 ], [ 47.9845093, -18.6720165 ], [ 47.9846033, -18.6720363 ], [ 47.9846757, -18.6720564 ], [ 47.9847769, -18.6720693 ], [ 47.9848849, -18.672034 ], [ 47.9849708, -18.6719439 ], [ 47.9849409, -18.671834 ], [ 47.9849255, -18.671724 ], [ 47.9849605, -18.6715998 ], [ 47.9850318, -18.671496 ], [ 47.9851109, -18.6714678 ], [ 47.9852117, -18.6714325 ], [ 47.9852986, -18.6714525 ], [ 47.985479, -18.6714372 ], [ 47.9855223, -18.6714369 ], [ 47.985609300000014, -18.6714775 ], [ 47.9855889, -18.6716153 ], [ 47.985640300000014, -18.6717044 ], [ 47.98567, -18.6718005 ], [ 47.9857723, -18.6719373 ], [ 47.9858376, -18.6719712 ], [ 47.9858959, -18.6720258 ], [ 47.9859974, -18.6720731 ], [ 47.9860559, -18.6721553 ], [ 47.986107, -18.6722099 ], [ 47.9860424, -18.6722517 ], [ 47.9859126, -18.6722734 ], [ 47.9858411, -18.6723566 ], [ 47.9857333, -18.6724195 ], [ 47.9856543, -18.6724683 ], [ 47.9856555, -18.6725922 ], [ 47.9857132, -18.6725917 ], [ 47.985814100000013, -18.6725702 ], [ 47.9858718, -18.672556 ], [ 47.985937, -18.672583 ], [ 47.9859234, -18.6726726 ], [ 47.9859387, -18.6727757 ], [ 47.9860042, -18.6728233 ], [ 47.98615, -18.6729736 ], [ 47.9863241, -18.6730616 ], [ 47.9865055, -18.6731565 ], [ 47.9865567, -18.6732318 ], [ 47.9866943, -18.6732789 ], [ 47.9868821, -18.6732773 ], [ 47.9870043, -18.6732144 ], [ 47.9869889, -18.6731113 ], [ 47.9869161, -18.6730499 ], [ 47.9869082, -18.6729743 ], [ 47.9869364, -18.6728914 ], [ 47.9870007, -18.6728221 ], [ 47.9870797, -18.6727664 ], [ 47.9871879, -18.6727586 ], [ 47.9872385, -18.6727651 ], [ 47.9872817, -18.6727441 ], [ 47.9873536, -18.6727091 ], [ 47.9874259, -18.6727154 ], [ 47.9875125, -18.6727078 ], [ 47.9875627, -18.6726729 ], [ 47.9876061, -18.6726864 ], [ 47.987629, -18.6728169 ], [ 47.9877018, -18.6728783 ], [ 47.9878381, -18.6727808 ], [ 47.9878441, -18.6726431 ], [ 47.9878713, -18.672457 ], [ 47.987964, -18.6723324 ], [ 47.9880287, -18.6722975 ], [ 47.9881877, -18.6723099 ], [ 47.9883753, -18.6722946 ], [ 47.9883887, -18.6721775 ], [ 47.9884243, -18.6721153 ], [ 47.9883511, -18.6720057 ], [ 47.9882782, -18.6719306 ], [ 47.9881767, -18.6718901 ], [ 47.9880249, -18.6718707 ], [ 47.9878942, -18.6717961 ], [ 47.9878065, -18.6716798 ], [ 47.9877189, -18.6715704 ], [ 47.9876163, -18.671406 ], [ 47.987593, -18.6712204 ], [ 47.9874831, -18.6710492 ], [ 47.9873884, -18.6709605 ], [ 47.987307699999981, -18.6708166 ], [ 47.9872347, -18.6707346 ], [ 47.9871617, -18.6706388 ], [ 47.9870887, -18.6705568 ], [ 47.9870299, -18.6704472 ], [ 47.9870424, -18.6702268 ], [ 47.9871207, -18.6701023 ], [ 47.9871919, -18.6699916 ], [ 47.9871912, -18.669909 ], [ 47.9871542, -18.6698129 ], [ 47.9870162, -18.6697177 ], [ 47.9868063, -18.6696712 ], [ 47.986633, -18.6696726 ], [ 47.9864593, -18.6696328 ], [ 47.9863216, -18.6695788 ], [ 47.9861765, -18.6695043 ], [ 47.9860387, -18.6694366 ], [ 47.9858645, -18.6693348 ], [ 47.9857193, -18.6692533 ], [ 47.9855455, -18.6691997 ], [ 47.9854224, -18.6691594 ], [ 47.9853208, -18.6691052 ], [ 47.9852844, -18.6690711 ], [ 47.9851902, -18.6690374 ], [ 47.9850886, -18.6689832 ], [ 47.9849651, -18.6689016 ], [ 47.9848563, -18.6688474 ], [ 47.9848412, -18.6687718 ], [ 47.9847612, -18.6687036 ], [ 47.984653, -18.6687183 ], [ 47.9845302, -18.6687193 ], [ 47.9843349, -18.6686796 ], [ 47.9841752, -18.6685914 ], [ 47.9840804, -18.6684889 ], [ 47.9840216, -18.6683724 ], [ 47.9840637, -18.6682344 ], [ 47.9840844, -18.668131 ], [ 47.984257, -18.6680539 ], [ 47.9844158, -18.6680388 ], [ 47.9845315, -18.6680585 ], [ 47.9846113, -18.6680991 ], [ 47.9847125, -18.6681121 ], [ 47.984741, -18.6680637 ], [ 47.9847405, -18.6680086 ], [ 47.9846894, -18.6679471 ], [ 47.9846381, -18.6678649 ], [ 47.9846518, -18.6677891 ], [ 47.9846729, -18.667727 ], [ 47.9846576, -18.6676307 ], [ 47.9845924, -18.6676037 ], [ 47.9845339, -18.6675216 ], [ 47.9845119, -18.6674805 ], [ 47.984533, -18.6674184 ], [ 47.9845906, -18.6673972 ], [ 47.9846916, -18.6673895 ], [ 47.984785, -18.6673337 ], [ 47.9849, -18.6672777 ], [ 47.9849276, -18.6671329 ], [ 47.9849341, -18.6670572 ], [ 47.984962, -18.6669468 ], [ 47.9850624, -18.6668634 ], [ 47.9851263, -18.6667459 ], [ 47.9851398, -18.6666425 ], [ 47.9851388, -18.6665324 ], [ 47.9850513, -18.6664367 ], [ 47.9849645, -18.6664168 ], [ 47.984863, -18.6663694 ], [ 47.9848263, -18.6663078 ], [ 47.9847679, -18.6662394 ], [ 47.9847311, -18.666164 ], [ 47.9847159, -18.6660815 ], [ 47.9847151, -18.6659852 ], [ 47.9847938, -18.6659088 ], [ 47.9849016, -18.6658529 ], [ 47.98506, -18.6657965 ], [ 47.9851678, -18.6657406 ], [ 47.9852615, -18.6657192 ], [ 47.9853332, -18.6656566 ], [ 47.985441, -18.6656007 ], [ 47.9854616, -18.6654835 ], [ 47.9854896, -18.6653869 ], [ 47.9854459, -18.6653391 ], [ 47.9853809, -18.6653396 ], [ 47.9853016, -18.6653609 ], [ 47.985244, -18.6653752 ], [ 47.9851934, -18.6653687 ], [ 47.9851425, -18.6653347 ], [ 47.9851631, -18.6652106 ], [ 47.985162, -18.6650867 ], [ 47.9851468, -18.6650112 ], [ 47.9850598, -18.6649706 ], [ 47.984836, -18.6649793 ], [ 47.98484280000001, -18.664931 ], [ 47.9848782, -18.664855 ], [ 47.9849721, -18.6648543 ], [ 47.9851381, -18.6648391 ], [ 47.9852387, -18.6647833 ], [ 47.9853181, -18.6647826 ], [ 47.985476800000015, -18.6647676 ], [ 47.9855561, -18.6647463 ], [ 47.9856788, -18.6647453 ], [ 47.9858013, -18.6647167 ], [ 47.9858221, -18.6646202 ], [ 47.985945, -18.664633 ], [ 47.9860022, -18.6645705 ], [ 47.9860088, -18.6645016 ], [ 47.9859435, -18.6644609 ], [ 47.9858422, -18.664448 ], [ 47.9858129, -18.6643931 ], [ 47.9858485, -18.6643378 ], [ 47.9859276, -18.6643027 ], [ 47.9860141, -18.6642882 ], [ 47.9860206, -18.6642056 ], [ 47.9859336, -18.6641719 ], [ 47.985991, -18.6641232 ], [ 47.9860775, -18.6641088 ], [ 47.9861349, -18.664067 ], [ 47.9860696, -18.6640331 ], [ 47.9859829, -18.6640338 ], [ 47.9859399, -18.6640617 ], [ 47.9858677, -18.6640692 ], [ 47.985795499999981, -18.6640698 ], [ 47.9856878, -18.6641326 ], [ 47.9855872, -18.6641885 ], [ 47.9854939, -18.6642512 ], [ 47.9854148, -18.6642931 ], [ 47.9853575, -18.6643487 ], [ 47.9852999, -18.6643629 ], [ 47.9851771, -18.6643639 ], [ 47.9850539, -18.6643167 ], [ 47.9848797, -18.6642149 ], [ 47.9847997, -18.6641536 ], [ 47.9847054, -18.6641062 ], [ 47.9846614, -18.664024 ], [ 47.9846751, -18.6639412 ], [ 47.9847036, -18.6638997 ], [ 47.9848405, -18.6638642 ], [ 47.9848544, -18.663809 ], [ 47.9849116, -18.6637466 ], [ 47.9850049, -18.663677 ], [ 47.9850773, -18.6637039 ], [ 47.9852003, -18.6637305 ], [ 47.9852504, -18.6636819 ], [ 47.985337, -18.6636743 ], [ 47.9854672, -18.6637007 ], [ 47.9855757, -18.6637136 ], [ 47.985749, -18.6637122 ], [ 47.9858498, -18.6636839 ], [ 47.9858852, -18.663601 ], [ 47.985805, -18.663519 ], [ 47.9858407, -18.6634774 ], [ 47.9859052, -18.6634219 ], [ 47.986020800000013, -18.6634209 ], [ 47.986093, -18.6634203 ], [ 47.9861294, -18.6634613 ], [ 47.9861879, -18.6635366 ], [ 47.9861958, -18.6636122 ], [ 47.9861461, -18.6637021 ], [ 47.9861396, -18.6637847 ], [ 47.9861619, -18.6638534 ], [ 47.9861695, -18.6638946 ], [ 47.9861772, -18.6639565 ], [ 47.986243, -18.6640386 ], [ 47.9863521, -18.6641272 ], [ 47.9864169, -18.6641129 ], [ 47.986502800000011, -18.6640296 ], [ 47.9865603, -18.6639947 ], [ 47.9866977, -18.6640142 ], [ 47.9868056, -18.663972 ], [ 47.9868337, -18.6638823 ], [ 47.9868762, -18.6637856 ], [ 47.986904, -18.6636684 ], [ 47.9868745, -18.6636067 ], [ 47.9868096, -18.6636141 ], [ 47.9867367, -18.6635321 ], [ 47.9867143, -18.6634497 ], [ 47.9866775, -18.6633811 ], [ 47.9866625, -18.6633124 ], [ 47.9865967, -18.6632235 ], [ 47.9865167, -18.6631622 ], [ 47.9864225, -18.6631285 ], [ 47.9864218, -18.6630528 ], [ 47.9863988, -18.6629016 ], [ 47.9863542, -18.6627574 ], [ 47.9863535, -18.6626748 ], [ 47.9862881, -18.6626341 ], [ 47.9862305, -18.6626552 ], [ 47.9861806, -18.6627244 ], [ 47.9861594, -18.6627796 ], [ 47.9860874, -18.6628009 ], [ 47.9860152, -18.6628015 ], [ 47.9858781, -18.6628095 ], [ 47.9858412, -18.6627272 ], [ 47.9857831, -18.6626864 ], [ 47.9857104, -18.6626319 ], [ 47.98571, -18.6625837 ], [ 47.9856513, -18.6624878 ], [ 47.9855501, -18.6624749 ], [ 47.9853913, -18.6624762 ], [ 47.9852831, -18.6624908 ], [ 47.9852036, -18.6624915 ], [ 47.9851098, -18.6624922 ], [ 47.9850875, -18.6624236 ], [ 47.9851086, -18.6623615 ], [ 47.9852017, -18.6622781 ], [ 47.9852518, -18.6622226 ], [ 47.9853526, -18.6621874 ], [ 47.9854319, -18.6621799 ], [ 47.9855763, -18.6621787 ], [ 47.9857352, -18.6621774 ], [ 47.985785199999988, -18.6621219 ], [ 47.9857556, -18.6620327 ], [ 47.9856394, -18.6619648 ], [ 47.9855661, -18.6618484 ], [ 47.985515, -18.66178 ], [ 47.9855213, -18.6616767 ], [ 47.9855392, -18.6615997 ], [ 47.9854706, -18.6616256 ], [ 47.9846752, -18.6624279 ], [ 47.984497, -18.6626071 ], [ 47.9839344, -18.6627143 ], [ 47.983285, -18.6629902 ], [ 47.9828283, -18.6629812 ], [ 47.9822385, -18.6629325 ], [ 47.9816948, -18.6629253 ], [ 47.9810181, -18.6625882 ], [ 47.9808827, -18.6624627 ], [ 47.9805666, -18.6618464 ], [ 47.979185699999988, -18.6611681 ], [ 47.9777935, -18.6604975 ], [ 47.977304, -18.6588527 ], [ 47.977308, -18.65848 ], [ 47.9773131, -18.6580669 ], [ 47.9769296, -18.6568336 ], [ 47.9768386, -18.6565453 ], [ 47.975777, -18.6554036 ], [ 47.975437, -18.6542204 ], [ 47.9753926, -18.654097 ], [ 47.9745562, -18.6531453 ], [ 47.975108, -18.6516586 ], [ 47.9741775, -18.6502401 ], [ 47.9750704, -18.650545 ], [ 47.9754928, -18.6505264 ], [ 47.9766584, -18.6503743 ], [ 47.9768704, -18.6503185 ], [ 47.9779473, -18.6502987 ], [ 47.9785252, -18.6502589 ], [ 47.9794583, -18.6503063 ], [ 47.9798115, -18.6501241 ], [ 47.9807344, -18.6499101 ], [ 47.981102899999989, -18.6498247 ], [ 47.9810606, -18.6498292 ], [ 47.981315, -18.6497581 ], [ 47.9813129, -18.649755 ], [ 47.981255, -18.6497417 ], [ 47.9811685, -18.6497562 ], [ 47.9810819, -18.6497638 ], [ 47.9810238, -18.6497298 ], [ 47.9810158, -18.6496404 ], [ 47.9809646, -18.649572 ], [ 47.9808847, -18.6495176 ], [ 47.98092, -18.6494278 ], [ 47.9808831, -18.6493386 ], [ 47.9807957, -18.6492567 ], [ 47.9807949, -18.6491673 ], [ 47.9807941, -18.6490709 ], [ 47.980836700000012, -18.6489948 ], [ 47.9808796, -18.6489394 ], [ 47.9808929, -18.6488223 ], [ 47.9809645, -18.648746 ], [ 47.9809925, -18.6486563 ], [ 47.9810645, -18.6486282 ], [ 47.9811869, -18.6485859 ], [ 47.9812877, -18.6485575 ], [ 47.9813744, -18.6485568 ], [ 47.9814473, -18.6486388 ], [ 47.9815777, -18.6486928 ], [ 47.9816867, -18.6487608 ], [ 47.981745, -18.6488223 ], [ 47.9818968, -18.6488486 ], [ 47.9820922, -18.6488951 ], [ 47.9822151, -18.6489079 ], [ 47.9823385, -18.6489826 ], [ 47.9824184, -18.6490302 ], [ 47.9825559, -18.6490703 ], [ 47.9826639, -18.649035 ], [ 47.982684, -18.6488628 ], [ 47.9826831, -18.6487596 ], [ 47.9825808, -18.6486227 ], [ 47.982536499999988, -18.6485199 ], [ 47.9824276, -18.6484519 ], [ 47.9823616, -18.6483354 ], [ 47.9822742, -18.6482467 ], [ 47.982165299999984, -18.6481856 ], [ 47.9820195, -18.6480354 ], [ 47.9819169, -18.6478572 ], [ 47.981858, -18.6477407 ], [ 47.9818713, -18.6476098 ], [ 47.9818991, -18.6474926 ], [ 47.9818257, -18.6473486 ], [ 47.9817521, -18.6471978 ], [ 47.9817367, -18.6470878 ], [ 47.9817282, -18.6469433 ], [ 47.9817412, -18.6467918 ], [ 47.9817473, -18.6466609 ], [ 47.981746199999989, -18.6465439 ], [ 47.9817095, -18.6464685 ], [ 47.981586, -18.6463938 ], [ 47.981585, -18.6462768 ], [ 47.9816058, -18.6461803 ], [ 47.9816847, -18.6461246 ], [ 47.9817486, -18.6460002 ], [ 47.9817403, -18.6458763 ], [ 47.981646, -18.6458289 ], [ 47.9815744, -18.6458983 ], [ 47.9815246, -18.6459813 ], [ 47.9814882, -18.6459472 ], [ 47.9814875, -18.6458715 ], [ 47.9813998, -18.6457483 ], [ 47.9813194, -18.6456457 ], [ 47.9812391, -18.6455431 ], [ 47.9811663, -18.6454818 ], [ 47.9810436, -18.6454828 ], [ 47.9808992, -18.6454839 ], [ 47.9808053, -18.6454847 ], [ 47.9806825, -18.6454788 ], [ 47.9805954, -18.6454313 ], [ 47.9805946, -18.6453419 ], [ 47.9806587, -18.6452381 ], [ 47.9807083, -18.6451345 ], [ 47.9807941, -18.6450374 ], [ 47.9809163, -18.6449745 ], [ 47.9810675, -18.644925 ], [ 47.9811467, -18.6449037 ], [ 47.9812907, -18.6448613 ], [ 47.9813987, -18.644826 ], [ 47.9815359, -18.6448249 ], [ 47.9816146, -18.6447485 ], [ 47.9815277, -18.6447148 ], [ 47.981462, -18.6446396 ], [ 47.9814612, -18.6445433 ], [ 47.981532199999982, -18.6444119 ], [ 47.9815312, -18.6442949 ], [ 47.9815445, -18.6441709 ], [ 47.9816223, -18.6439913 ], [ 47.9816501, -18.6438741 ], [ 47.9816922, -18.6437361 ], [ 47.981778, -18.643639 ], [ 47.9818498, -18.6435971 ], [ 47.9819578, -18.6435618 ], [ 47.9821458, -18.6435878 ], [ 47.9822471, -18.6436145 ], [ 47.9824566, -18.6436266 ], [ 47.982608299999988, -18.6436322 ], [ 47.9827381, -18.6436105 ], [ 47.9828966, -18.6435748 ], [ 47.9829822, -18.6434571 ], [ 47.9829884, -18.6433469 ], [ 47.9829874, -18.6432299 ], [ 47.9829793, -18.6431336 ], [ 47.982920199999981, -18.6429896 ], [ 47.9828902, -18.642859 ], [ 47.9828024, -18.6427358 ], [ 47.9828014, -18.6426188 ], [ 47.9827426, -18.6425092 ], [ 47.9826621, -18.642386 ], [ 47.9825526, -18.6422561 ], [ 47.9825012, -18.6421601 ], [ 47.9825004, -18.6420706 ], [ 47.9824852, -18.6419813 ], [ 47.9825715, -18.6419462 ], [ 47.9826287, -18.6418769 ], [ 47.9827076, -18.6418212 ], [ 47.982757700000015, -18.6417726 ], [ 47.9828585, -18.6417373 ], [ 47.9829373, -18.6416748 ], [ 47.9828858, -18.641565 ], [ 47.9827771, -18.6415246 ], [ 47.9827546, -18.6414216 ], [ 47.982753, -18.6412495 ], [ 47.9827589, -18.641098 ], [ 47.9827646, -18.6409328 ], [ 47.9826847, -18.6408715 ], [ 47.9825331, -18.6408796 ], [ 47.982446499999988, -18.6408872 ], [ 47.9823239, -18.6409019 ], [ 47.9822157, -18.6409166 ], [ 47.9820928, -18.6408969 ], [ 47.9819696, -18.6408498 ], [ 47.9818616, -18.6408782 ], [ 47.9817601, -18.6408377 ], [ 47.9816583, -18.6407559 ], [ 47.981585, -18.6406326 ], [ 47.9815263, -18.640523 ], [ 47.9815255, -18.6404335 ], [ 47.9815387, -18.6402957 ], [ 47.9815442, -18.6401098 ], [ 47.9815936, -18.6399787 ], [ 47.9816363, -18.6399095 ], [ 47.9817156, -18.6398951 ], [ 47.9818888, -18.6398868 ], [ 47.9820111, -18.6398307 ], [ 47.9820175, -18.6397412 ], [ 47.9820311, -18.6396516 ], [ 47.9820886, -18.6396167 ], [ 47.9821899, -18.6396434 ], [ 47.9822488, -18.6397737 ], [ 47.9823142, -18.6398145 ], [ 47.982372, -18.6398209 ], [ 47.9825242, -18.6398816 ], [ 47.9825978, -18.6400393 ], [ 47.9826845, -18.6400524 ], [ 47.9828072, -18.6400376 ], [ 47.9829294, -18.6399816 ], [ 47.9830301, -18.6399394 ], [ 47.98321, -18.6398692 ], [ 47.9833399, -18.6398681 ], [ 47.9834123, -18.6398813 ], [ 47.9834999, -18.6399976 ], [ 47.983588, -18.6401552 ], [ 47.9836684, -18.6402646 ], [ 47.9837548, -18.6402433 ], [ 47.9838701, -18.6402079 ], [ 47.9839853, -18.6401795 ], [ 47.9840929, -18.6401029 ], [ 47.9840705, -18.6400205 ], [ 47.9839468, -18.6399045 ], [ 47.9838522, -18.6398226 ], [ 47.9837572, -18.6396995 ], [ 47.9835974, -18.6395907 ], [ 47.983466700000015, -18.6395091 ], [ 47.9832926, -18.6394211 ], [ 47.9831481, -18.6394085 ], [ 47.9830255, -18.6394301 ], [ 47.9829029, -18.6394449 ], [ 47.982772700000012, -18.6394184 ], [ 47.9826852, -18.6393159 ], [ 47.9826841, -18.639192 ], [ 47.982747800000013, -18.6390538 ], [ 47.9828552, -18.6389497 ], [ 47.9828614, -18.6388395 ], [ 47.9829831, -18.6387284 ], [ 47.9829891, -18.6385907 ], [ 47.983162199999988, -18.6385617 ], [ 47.983357, -18.6385533 ], [ 47.9835662, -18.638524 ], [ 47.9837824, -18.638481 ], [ 47.9839693, -18.63839 ], [ 47.9840911, -18.6382857 ], [ 47.9841182, -18.6380928 ], [ 47.9840024, -18.6380593 ], [ 47.983965800000014, -18.6379977 ], [ 47.9839001, -18.6379225 ], [ 47.9837552, -18.6378617 ], [ 47.983632, -18.6378145 ], [ 47.983538, -18.6378015 ], [ 47.9834448, -18.637878 ], [ 47.9833443, -18.6379408 ], [ 47.9832289, -18.6379486 ], [ 47.9831569, -18.6379698 ], [ 47.983143, -18.6380319 ], [ 47.9830784, -18.6380806 ], [ 47.9830273, -18.6380122 ], [ 47.9830265, -18.6379296 ], [ 47.9830256, -18.6378264 ], [ 47.9829746, -18.6377717 ], [ 47.982909, -18.6377103 ], [ 47.9827792, -18.6377182 ], [ 47.9827218, -18.63776 ], [ 47.982642399999989, -18.6377675 ], [ 47.9825847, -18.637768 ], [ 47.9824613, -18.6377002 ], [ 47.9824176, -18.6376592 ], [ 47.9823088, -18.6375982 ], [ 47.9821931, -18.6375785 ], [ 47.9821278, -18.6375515 ], [ 47.9819685, -18.6374908 ], [ 47.9819461, -18.6374153 ], [ 47.9818446, -18.637361 ], [ 47.9816997, -18.637314 ], [ 47.9816202, -18.6373078 ], [ 47.9816122, -18.6372115 ], [ 47.9816472, -18.6370942 ], [ 47.9817329, -18.6369903 ], [ 47.9818333, -18.6369137 ], [ 47.9819774, -18.6368713 ], [ 47.9820701, -18.6367466 ], [ 47.9821052, -18.6366293 ], [ 47.9821836, -18.6365185 ], [ 47.9822842, -18.6364627 ], [ 47.9824718, -18.6364542 ], [ 47.982616, -18.6364324 ], [ 47.982674, -18.6364595 ], [ 47.9827459, -18.6364176 ], [ 47.982752499999982, -18.6363556 ], [ 47.9827518, -18.636273 ], [ 47.9827006, -18.6361977 ], [ 47.9825986, -18.6360953 ], [ 47.9825114, -18.6360409 ], [ 47.9824318, -18.636014 ], [ 47.9823951, -18.6359524 ], [ 47.9824299, -18.6358076 ], [ 47.982465, -18.6356903 ], [ 47.982558, -18.6355931 ], [ 47.982673, -18.6355371 ], [ 47.982701399999989, -18.6354818 ], [ 47.9827002, -18.6353511 ], [ 47.9826416, -18.6352552 ], [ 47.9826407, -18.6351588 ], [ 47.982683099999988, -18.6350484 ], [ 47.9826248, -18.6349938 ], [ 47.9826027, -18.6349458 ], [ 47.9826092, -18.63487 ], [ 47.9827172, -18.6348347 ], [ 47.9828329, -18.6348544 ], [ 47.982890600000012, -18.6348402 ], [ 47.9829548, -18.6347571 ], [ 47.9829685, -18.6346743 ], [ 47.9829823, -18.6345985 ], [ 47.9830611, -18.6345359 ], [ 47.9831697, -18.6345626 ], [ 47.9831918, -18.6346175 ], [ 47.983234900000014, -18.6345965 ], [ 47.9833212, -18.6345545 ], [ 47.9834006, -18.6345469 ], [ 47.983531, -18.6346009 ], [ 47.9835824, -18.6346969 ], [ 47.983626, -18.6347241 ], [ 47.9837567, -18.6348056 ], [ 47.9838578, -18.6348116 ], [ 47.9839368, -18.6347628 ], [ 47.9839728, -18.6347488 ], [ 47.9840019, -18.6347829 ], [ 47.9841399, -18.6348713 ], [ 47.9842706, -18.634946 ], [ 47.9844012, -18.6350275 ], [ 47.984575, -18.6350811 ], [ 47.9846983, -18.6351421 ], [ 47.9848645, -18.6351614 ], [ 47.9848998, -18.6350647 ], [ 47.9848921, -18.6350166 ], [ 47.9847762, -18.6349694 ], [ 47.9847464, -18.6348732 ], [ 47.9848182, -18.6348245 ], [ 47.98489, -18.6347826 ], [ 47.9849617, -18.6347269 ], [ 47.9849824, -18.6346166 ], [ 47.9848951, -18.6345416 ], [ 47.984793700000012, -18.6345081 ], [ 47.9847279, -18.6344191 ], [ 47.9846406, -18.6343441 ], [ 47.9845242, -18.6342418 ], [ 47.9844437, -18.6341254 ], [ 47.9842765, -18.6340029 ], [ 47.9841307, -18.6338458 ], [ 47.9840149, -18.6338123 ], [ 47.9838987, -18.6337307 ], [ 47.9839116, -18.6335654 ], [ 47.9839683, -18.633441 ], [ 47.9838508, -18.6332286 ], [ 47.983777700000012, -18.6331259 ], [ 47.9836895, -18.6329546 ], [ 47.9836521, -18.6328103 ], [ 47.983665, -18.6326313 ], [ 47.9836352, -18.6325283 ], [ 47.9836628, -18.6323835 ], [ 47.9836694, -18.6323215 ], [ 47.983748399999989, -18.6322727 ], [ 47.9837769, -18.6322311 ], [ 47.9838705, -18.6321959 ], [ 47.9839502, -18.6322297 ], [ 47.9840009, -18.6322431 ], [ 47.9841022, -18.6322767 ], [ 47.984167, -18.6322555 ], [ 47.984269, -18.632351 ], [ 47.9843421, -18.6324606 ], [ 47.984429800000015, -18.6325769 ], [ 47.9845031, -18.6327002 ], [ 47.9846046, -18.6327475 ], [ 47.984677399999988, -18.6328089 ], [ 47.9848083, -18.6329179 ], [ 47.9847883, -18.6330971 ], [ 47.9848253, -18.6332069 ], [ 47.9849058, -18.6333232 ], [ 47.9850149, -18.6334118 ], [ 47.9852108, -18.6335204 ], [ 47.9852338, -18.6336716 ], [ 47.98535, -18.6337395 ], [ 47.9855023, -18.6338208 ], [ 47.9856253, -18.6338474 ], [ 47.9857409, -18.6338602 ], [ 47.9858057, -18.6338321 ], [ 47.9858846, -18.6337764 ], [ 47.9859202, -18.6337211 ], [ 47.9859924, -18.6337205 ], [ 47.9860576, -18.6337475 ], [ 47.986115700000013, -18.6337814 ], [ 47.986145, -18.6338363 ], [ 47.9861528, -18.6338981 ], [ 47.9862841, -18.6340416 ], [ 47.9864938, -18.6340812 ], [ 47.9866234, -18.6340388 ], [ 47.9866438, -18.633901 ], [ 47.9866856, -18.6337286 ], [ 47.9867862, -18.6336796 ], [ 47.9868867, -18.6336168 ], [ 47.9868356, -18.6335484 ], [ 47.986835, -18.6334796 ], [ 47.9869067, -18.6334308 ], [ 47.986993, -18.6333957 ], [ 47.987086800000014, -18.6333812 ], [ 47.9871074, -18.633264 ], [ 47.9872013, -18.6332701 ], [ 47.9872223, -18.6331942 ], [ 47.9871566, -18.633119 ], [ 47.9870621, -18.633051 ], [ 47.9869892, -18.6329621 ], [ 47.9869447, -18.6328317 ], [ 47.9869292, -18.6327217 ], [ 47.9868849, -18.632605 ], [ 47.9869347, -18.632522 ], [ 47.9869342, -18.632467 ], [ 47.9869334, -18.6323775 ], [ 47.986998, -18.6323425 ], [ 47.9870556, -18.6323214 ], [ 47.9871568, -18.6323344 ], [ 47.9872508, -18.6323474 ], [ 47.9873597, -18.6324153 ], [ 47.9873968, -18.6325251 ], [ 47.987419, -18.6325869 ], [ 47.9874268, -18.6326488 ], [ 47.9874346, -18.6327176 ], [ 47.9874428, -18.6328276 ], [ 47.987451, -18.6329308 ], [ 47.9873789, -18.632952 ], [ 47.987329, -18.6330144 ], [ 47.9873366, -18.6330625 ], [ 47.9873658, -18.6330967 ], [ 47.9874674, -18.6331509 ], [ 47.9875471, -18.6331847 ], [ 47.9875902, -18.6331637 ], [ 47.9876701, -18.6332112 ], [ 47.9877355, -18.6332589 ], [ 47.9878077, -18.6332583 ], [ 47.9878359, -18.6331892 ], [ 47.9879152, -18.6331679 ], [ 47.9879872, -18.6331536 ], [ 47.9880447, -18.6331187 ], [ 47.9879932, -18.6330158 ], [ 47.9879274, -18.6329269 ], [ 47.9878615, -18.6328242 ], [ 47.9879113, -18.6327412 ], [ 47.9879177, -18.6326448 ], [ 47.9880114, -18.6326302 ], [ 47.9880908, -18.6326296 ], [ 47.988199, -18.6326149 ], [ 47.9882561, -18.6325388 ], [ 47.9883206, -18.6324901 ], [ 47.988319900000015, -18.6324075 ], [ 47.98837, -18.6323589 ], [ 47.988435, -18.6323652 ], [ 47.9885721, -18.6323503 ], [ 47.988774299999989, -18.6323556 ], [ 47.9889907, -18.63234 ], [ 47.9890695, -18.6322637 ], [ 47.9891404, -18.6321186 ], [ 47.9892839, -18.632021 ], [ 47.98943460000001, -18.6319165 ], [ 47.9894269, -18.6318684 ], [ 47.9895208, -18.6318676 ], [ 47.989607400000011, -18.6318669 ], [ 47.989687, -18.6318938 ], [ 47.989795299999983, -18.6318861 ], [ 47.9899319, -18.631823 ], [ 47.989972099999989, -18.6318131 ], [ 47.9898465, -18.6316837 ], [ 47.9893521, -18.6314347 ], [ 47.9888588, -18.631063 ], [ 47.988133, -18.6304999 ], [ 47.9877394, -18.6294139 ], [ 47.9870249, -18.6285382 ], [ 47.9869009, -18.6284161 ], [ 47.9868933, -18.627067 ], [ 47.9865892, -18.6258819 ], [ 47.9866159, -18.6254076 ], [ 47.9868951, -18.6238848 ], [ 47.9870224, -18.6238209 ], [ 47.9879867, -18.6231325 ], [ 47.986978, -18.6231659 ], [ 47.986010899999989, -18.6220735 ], [ 47.9864743, -18.6209935 ], [ 47.9866397, -18.6195258 ], [ 47.987366899999984, -18.6185502 ], [ 47.9883194, -18.6175437 ], [ 47.9870336, -18.6174504 ], [ 47.9825837, -18.6178591 ], [ 47.9824132, -18.6173998 ], [ 47.983037, -18.61552 ], [ 47.9835526, -18.6140825 ], [ 47.9830063, -18.6136205 ], [ 47.982841, -18.6133885 ], [ 47.9832467, -18.6117742 ], [ 47.9831593, -18.6113034 ], [ 47.9837916, -18.610898 ], [ 47.9853798, -18.610829 ], [ 47.9861988, -18.6109014 ], [ 47.9870836, -18.6108761 ], [ 47.9882867, -18.6108684 ], [ 47.989273599999983, -18.6114381 ], [ 47.9903833, -18.6118847 ], [ 47.9904239, -18.6118837 ], [ 47.9906683, -18.6121968 ], [ 47.9908717, -18.6122705 ], [ 47.9917321, -18.6125289 ], [ 47.9925428, -18.6124599 ], [ 47.9928347, -18.611717 ], [ 47.992957, -18.6116012 ], [ 47.9932693, -18.6107094 ], [ 47.9944428, -18.6104952 ], [ 47.9949593, -18.6110643 ], [ 47.9955644, -18.6123222 ], [ 47.9961049, -18.6135227 ], [ 47.9964307, -18.6135156 ], [ 47.9964413, -18.6134822 ], [ 47.9965101, -18.6134697 ], [ 47.9965797, -18.6135349 ], [ 47.9966689, -18.6136896 ], [ 47.9966574, -18.6138032 ], [ 47.9968151, -18.6139155 ], [ 47.9969151, -18.6138848 ], [ 47.9969645, -18.6138007 ], [ 47.9971465, -18.6138231 ], [ 47.9972212, -18.6137627 ], [ 47.997428, -18.6137551 ], [ 47.9975087, -18.6136647 ], [ 47.9975956, -18.6135684 ], [ 47.9977138, -18.6134598 ], [ 47.9977632, -18.6133757 ], [ 47.9978817, -18.613315 ], [ 47.9979687, -18.6132246 ], [ 47.9980935, -18.6131638 ], [ 47.9981048, -18.6130203 ], [ 47.9980602, -18.6129489 ], [ 47.9980532, -18.6128653 ], [ 47.998191, -18.6128462 ], [ 47.998404, -18.6128385 ], [ 47.9985294, -18.6128315 ], [ 47.9986861, -18.6128362 ], [ 47.9987225, -18.6126924 ], [ 47.9987275, -18.6125609 ], [ 47.9986705, -18.6124956 ], [ 47.9985139, -18.6125028 ], [ 47.9984011, -18.6125157 ], [ 47.9982883, -18.6125226 ], [ 47.998163, -18.6125236 ], [ 47.9980503, -18.6125425 ], [ 47.9979377, -18.6125733 ], [ 47.9979246, -18.6125077 ], [ 47.9980365, -18.6124051 ], [ 47.9981237, -18.6123447 ], [ 47.9981479, -18.6122428 ], [ 47.998146899999988, -18.6121352 ], [ 47.998152399999988, -18.6120455 ], [ 47.9980378, -18.6118492 ], [ 47.997993, -18.611754 ], [ 47.9979856, -18.6116285 ], [ 47.9978967, -18.6114977 ], [ 47.9978331, -18.6113966 ], [ 47.9976257, -18.6113385 ], [ 47.9974564, -18.6113399 ], [ 47.9973619, -18.6112869 ], [ 47.9971608, -18.6112348 ], [ 47.9970909, -18.6111337 ], [ 47.9969594, -18.6111468 ], [ 47.9967901, -18.6111481 ], [ 47.9966765, -18.6110654 ], [ 47.9966762, -18.6110235 ], [ 47.9966812, -18.610892 ], [ 47.9966863, -18.6107545 ], [ 47.9966416, -18.6106712 ], [ 47.9965474, -18.610648 ], [ 47.996403199999989, -18.6106492 ], [ 47.9963216, -18.6106379 ], [ 47.996251900000011, -18.6105548 ], [ 47.9961763, -18.6105196 ], [ 47.9960629, -18.6104547 ], [ 47.9959245, -18.6104021 ], [ 47.9957921, -18.6103195 ], [ 47.9957039, -18.6102724 ], [ 47.9956408, -18.6102251 ], [ 47.9956652, -18.6101472 ], [ 47.9956645, -18.6100695 ], [ 47.9956009, -18.6099744 ], [ 47.9954811, -18.6098976 ], [ 47.9954803, -18.609808 ], [ 47.9954982, -18.6097062 ], [ 47.9955165, -18.6096523 ], [ 47.9955719, -18.6095382 ], [ 47.9956777, -18.6094537 ], [ 47.9957834, -18.6093572 ], [ 47.9958642, -18.6092728 ], [ 47.9959949, -18.6091701 ], [ 47.9960188, -18.6090384 ], [ 47.9961306, -18.608918 ], [ 47.996092, -18.6088107 ], [ 47.9959974, -18.6087457 ], [ 47.995803, -18.6087473 ], [ 47.9956648, -18.6087126 ], [ 47.9955145, -18.6087258 ], [ 47.9955087, -18.6087796 ], [ 47.9954652, -18.6088278 ], [ 47.9954276, -18.6088281 ], [ 47.9953835, -18.6087986 ], [ 47.9953455, -18.608757 ], [ 47.995301, -18.6086976 ], [ 47.9952378, -18.6086324 ], [ 47.9951306, -18.6085675 ], [ 47.9949549, -18.608551 ], [ 47.9948798, -18.6085576 ], [ 47.9946856, -18.6085831 ], [ 47.9945604, -18.6085961 ], [ 47.9944603, -18.6086268 ], [ 47.9943416, -18.6086696 ], [ 47.9942288, -18.6086706 ], [ 47.9941974, -18.6086708 ], [ 47.9941097, -18.6086775 ], [ 47.9940095, -18.6086843 ], [ 47.9939788, -18.6087623 ], [ 47.9938475, -18.6087932 ], [ 47.9936556, -18.608845 ], [ 47.9936143, -18.6089313 ], [ 47.9936032, -18.6090288 ], [ 47.993604, -18.6091262 ], [ 47.9935571, -18.6092526 ], [ 47.9935942, -18.6093727 ], [ 47.9935952, -18.6094815 ], [ 47.9936084, -18.6096132 ], [ 47.9935971, -18.6096878 ], [ 47.9934896, -18.6097632 ], [ 47.9933694, -18.6097642 ], [ 47.9932192, -18.6097654 ], [ 47.9929848, -18.6097673 ], [ 47.9928775, -18.6098713 ], [ 47.9928237, -18.6099004 ], [ 47.9927399, -18.6099298 ], [ 47.9926501, -18.6099706 ], [ 47.992609, -18.6100856 ], [ 47.9926399, -18.6101712 ], [ 47.9926951, -18.6103026 ], [ 47.9927263, -18.6104227 ], [ 47.9927822, -18.6106285 ], [ 47.9927233, -18.6107608 ], [ 47.9926277, -18.6108246 ], [ 47.9925496, -18.610831 ], [ 47.9924114, -18.6108321 ], [ 47.9923883, -18.6109354 ], [ 47.992479200000012, -18.6110206 ], [ 47.9925337, -18.611066 ], [ 47.9925941, -18.6110999 ], [ 47.9925586, -18.6111632 ], [ 47.9924636, -18.6112844 ], [ 47.9924652, -18.6114677 ], [ 47.9924001, -18.6115771 ], [ 47.9922742, -18.6116125 ], [ 47.992166, -18.6116134 ], [ 47.9919555, -18.6115922 ], [ 47.9917565, -18.6115193 ], [ 47.9916117, -18.6114518 ], [ 47.9915208, -18.6113723 ], [ 47.9915081, -18.6112979 ], [ 47.9915312, -18.6111888 ], [ 47.9914705, -18.6111263 ], [ 47.9914034, -18.611018 ], [ 47.9912825, -18.610933 ], [ 47.991335799999987, -18.6108466 ], [ 47.9912755, -18.6108242 ], [ 47.9911433, -18.6108253 ], [ 47.9910584, -18.61074 ], [ 47.9910576, -18.6106541 ], [ 47.9910152, -18.6106143 ], [ 47.9909371, -18.6106149 ], [ 47.990829, -18.610633 ], [ 47.9907514, -18.6106852 ], [ 47.9907097, -18.6107257 ], [ 47.9907163, -18.6107944 ], [ 47.990662599999986, -18.6108407 ], [ 47.9905965, -18.6108412 ], [ 47.9904877, -18.6107733 ], [ 47.9903308, -18.6107001 ], [ 47.9902638, -18.6106032 ], [ 47.9902087, -18.6104891 ], [ 47.990171600000011, -18.6103748 ], [ 47.9900745, -18.610261 ], [ 47.9900078, -18.6102042 ], [ 47.9899951, -18.6101184 ], [ 47.99003, -18.6099978 ], [ 47.9900896, -18.6099342 ], [ 47.9900769, -18.6098599 ], [ 47.9900665, -18.6098595 ], [ 47.9900687, -18.6098575 ], [ 47.9900329, -18.6097825 ], [ 47.9899091, -18.6096747 ], [ 47.989786099999989, -18.6096589 ], [ 47.9896985, -18.6096848 ], [ 47.989611, -18.6097106 ], [ 47.9895066, -18.6098119 ], [ 47.9894907, -18.6098376 ], [ 47.9892203, -18.6101994 ], [ 47.9888366, -18.6104646 ], [ 47.9885824, -18.610579 ], [ 47.988365, -18.6104186 ], [ 47.9881696, -18.6097837 ], [ 47.9881394, -18.6093348 ], [ 47.988309, -18.6092772 ], [ 47.988498, -18.6091946 ], [ 47.9884525, -18.6087273 ], [ 47.9885542, -18.6083314 ], [ 47.988735, -18.6081358 ], [ 47.9887824, -18.6079346 ], [ 47.988703, -18.6076942 ], [ 47.9885599, -18.6074008 ], [ 47.9884294, -18.6069399 ], [ 47.98845390000001, -18.606538 ], [ 47.988642199999987, -18.6063959 ], [ 47.9889497, -18.6066594 ], [ 47.9889832, -18.6066438 ], [ 47.9891104, -18.6065438 ], [ 47.9892623, -18.6064728 ], [ 47.9892729, -18.6062924 ], [ 47.9891862, -18.6061477 ], [ 47.9891666, -18.6060083 ], [ 47.9891659, -18.6059327 ], [ 47.9891583, -18.6057582 ], [ 47.9891567, -18.6055837 ], [ 47.9892106, -18.6054728 ], [ 47.9893139, -18.6054312 ], [ 47.9894362, -18.6054593 ], [ 47.9894552, -18.6055348 ], [ 47.9894935, -18.6057264 ], [ 47.9895555, -18.6058422 ], [ 47.9897086, -18.6058991 ], [ 47.9898552, -18.605927 ], [ 47.9898977, -18.6058976 ], [ 47.9899148, -18.6057637 ], [ 47.989919899999983, -18.6056589 ], [ 47.9899491, -18.6055075 ], [ 47.989960100000012, -18.6053794 ], [ 47.9899958, -18.6052744 ], [ 47.990105, -18.6052154 ], [ 47.9901779, -18.6051741 ], [ 47.9902819, -18.6052139 ], [ 47.9903862, -18.6052771 ], [ 47.9904175, -18.6053699 ], [ 47.9904917, -18.6054798 ], [ 47.9907906, -18.6054773 ], [ 47.990863, -18.6053895 ], [ 47.990941, -18.6052434 ], [ 47.9910186, -18.6050567 ], [ 47.9910966, -18.6049106 ], [ 47.9912126, -18.6049213 ], [ 47.9913065, -18.6051823 ], [ 47.9913015, -18.6053045 ], [ 47.991302600000012, -18.6054324 ], [ 47.9913774, -18.6056063 ], [ 47.9914827, -18.60578 ], [ 47.9913431, -18.6058625 ], [ 47.9911731, -18.6059512 ], [ 47.9911193, -18.6060738 ], [ 47.99109, -18.6062078 ], [ 47.9910911, -18.6063357 ], [ 47.991037, -18.6064176 ], [ 47.9909402, -18.6065115 ], [ 47.9908864, -18.606634 ], [ 47.9908939, -18.6067852 ], [ 47.9909743, -18.6069125 ], [ 47.991103, -18.6069813 ], [ 47.991183, -18.6070504 ], [ 47.9913304, -18.6071655 ], [ 47.9914289, -18.6072694 ], [ 47.9915578, -18.6073556 ], [ 47.9916988, -18.6074301 ], [ 47.9917598, -18.6074296 ], [ 47.9919484, -18.6073757 ], [ 47.9920394, -18.607311 ], [ 47.9921672, -18.6072867 ], [ 47.9922706, -18.6072509 ], [ 47.9923615, -18.6071804 ], [ 47.992471, -18.6071446 ], [ 47.9925558, -18.6070799 ], [ 47.9926162, -18.6070154 ], [ 47.992688, -18.6068578 ], [ 47.9927727, -18.6067815 ], [ 47.9928754, -18.6066701 ], [ 47.9929788, -18.6066286 ], [ 47.9931304, -18.6065343 ], [ 47.9933008, -18.6064922 ], [ 47.993434900000011, -18.6064794 ], [ 47.9935626, -18.606426 ], [ 47.9937092, -18.6064481 ], [ 47.9938314, -18.6064704 ], [ 47.9938672, -18.6063886 ], [ 47.993920599999988, -18.6062195 ], [ 47.9938587, -18.6061153 ], [ 47.9937909, -18.6060461 ], [ 47.9937964, -18.6059704 ], [ 47.9938938, -18.6059522 ], [ 47.9939418, -18.6058587 ], [ 47.993947, -18.6057598 ], [ 47.9940015, -18.6057186 ], [ 47.9940927, -18.605683 ], [ 47.9942019, -18.6056181 ], [ 47.99425, -18.6055363 ], [ 47.9943044, -18.6054835 ], [ 47.9941326, -18.6053686 ], [ 47.9940472, -18.6053693 ], [ 47.9939249, -18.6053354 ], [ 47.9939242, -18.6052656 ], [ 47.9940094, -18.6052416 ], [ 47.9940883, -18.6051944 ], [ 47.9942403, -18.6051408 ], [ 47.9942145, -18.604984 ], [ 47.99425, -18.6048674 ], [ 47.9943469, -18.6047793 ], [ 47.9944185, -18.6046101 ], [ 47.9945281, -18.6045859 ], [ 47.9946686, -18.6046022 ], [ 47.9947976, -18.6047 ], [ 47.9949142, -18.6047805 ], [ 47.9950857, -18.6048605 ], [ 47.9952382, -18.6048593 ], [ 47.995354, -18.6048467 ], [ 47.9954698, -18.6048399 ], [ 47.9956401, -18.6047746 ], [ 47.995712, -18.6046402 ], [ 47.9957478, -18.6045468 ], [ 47.9955761, -18.6044435 ], [ 47.9954057, -18.6044915 ], [ 47.9952902, -18.6045331 ], [ 47.9950948, -18.6045173 ], [ 47.9949848, -18.6044891 ], [ 47.9947944, -18.6043511 ], [ 47.994665300000015, -18.6042358 ], [ 47.9945242, -18.6041555 ], [ 47.9943781, -18.6041858 ], [ 47.9942563, -18.6042101 ], [ 47.9941531, -18.6042633 ], [ 47.9940254, -18.6043108 ], [ 47.9938914, -18.6043352 ], [ 47.9937939, -18.6043418 ], [ 47.9936658, -18.604337 ], [ 47.993476, -18.6042688 ], [ 47.9933723, -18.6042696 ], [ 47.9932875, -18.6043343 ], [ 47.9931659, -18.6043818 ], [ 47.993019099999984, -18.6043365 ], [ 47.99291430000001, -18.6042094 ], [ 47.9929008, -18.6040699 ], [ 47.9928567, -18.6039074 ], [ 47.992788300000015, -18.6037626 ], [ 47.9927266, -18.6036933 ], [ 47.992689, -18.6035831 ], [ 47.9926214, -18.6035196 ], [ 47.9925597, -18.6034503 ], [ 47.9924438, -18.6034455 ], [ 47.9923402, -18.6034521 ], [ 47.9921451, -18.6034654 ], [ 47.992156400000013, -18.6033664 ], [ 47.9921006, -18.603268 ], [ 47.9920752, -18.6031577 ], [ 47.9920077, -18.6031175 ], [ 47.991922, -18.6030775 ], [ 47.991890399999988, -18.6029614 ], [ 47.9919202, -18.6028855 ], [ 47.9919684, -18.6028154 ], [ 47.9919737, -18.6027222 ], [ 47.992052900000012, -18.6027158 ], [ 47.9921566, -18.6027149 ], [ 47.9922793, -18.6027954 ], [ 47.9923591, -18.6028412 ], [ 47.9924263, -18.6028581 ], [ 47.992524400000015, -18.6029155 ], [ 47.992609899999984, -18.6029264 ], [ 47.9927562, -18.6029136 ], [ 47.9928598, -18.6029011 ], [ 47.9931227, -18.602963 ], [ 47.9932146, -18.6030087 ], [ 47.993233599999989, -18.6030842 ], [ 47.9932589, -18.6031887 ], [ 47.9934423, -18.6032279 ], [ 47.9935643, -18.6032269 ], [ 47.9936428, -18.6031448 ], [ 47.9937462, -18.6031091 ], [ 47.9938746, -18.6031371 ], [ 47.9939606, -18.6032062 ], [ 47.9941009, -18.6032051 ], [ 47.9942349, -18.6031807 ], [ 47.9942768, -18.6030931 ], [ 47.994429, -18.603057 ], [ 47.994344100000013, -18.6028449 ], [ 47.9941978, -18.602607 ], [ 47.994144899999988, -18.6023026 ], [ 47.9941427, -18.6020635 ], [ 47.9941594, -18.6018243 ], [ 47.9943718, -18.6017389 ], [ 47.9946552, -18.601886 ], [ 47.994737799999989, -18.6020049 ], [ 47.9948696, -18.6020277 ], [ 47.9949692, -18.6019432 ], [ 47.995056, -18.6018468 ], [ 47.9951242, -18.6017626 ], [ 47.9951665, -18.6016433 ], [ 47.9952333, -18.6016079 ], [ 47.9952811, -18.601497 ], [ 47.9953899, -18.6013797 ], [ 47.9953705, -18.6012636 ], [ 47.9954183, -18.6011527 ], [ 47.995484, -18.6010009 ], [ 47.9955934, -18.6009535 ], [ 47.995629, -18.6008427 ], [ 47.9957255, -18.6007139 ], [ 47.9958226, -18.6006666 ], [ 47.995927099999989, -18.6007472 ], [ 47.996007, -18.6008163 ], [ 47.9961232, -18.6008561 ], [ 47.9962941, -18.6008605 ], [ 47.9965437, -18.6008119 ], [ 47.9967188, -18.6006069 ], [ 47.9966383, -18.6004738 ], [ 47.9965458, -18.6003582 ], [ 47.9964823, -18.6000853 ], [ 47.9963167, -18.599982 ], [ 47.996188599999989, -18.599983 ], [ 47.9959995, -18.5999904 ], [ 47.995878, -18.6000379 ], [ 47.995665, -18.6000978 ], [ 47.9955551, -18.6000871 ], [ 47.9954569, -18.6000181 ], [ 47.9953347, -18.5999959 ], [ 47.9952073, -18.6000783 ], [ 47.9951095, -18.6000501 ], [ 47.9950416, -18.5999692 ], [ 47.9949379, -18.5999642 ], [ 47.9948884, -18.599889 ], [ 47.9948873, -18.5997669 ], [ 47.9948799, -18.5996157 ], [ 47.9949703, -18.5994928 ], [ 47.995068, -18.5995094 ], [ 47.9952579, -18.5995951 ], [ 47.9954343, -18.5995413 ], [ 47.9955493, -18.5994473 ], [ 47.9955424, -18.5993485 ], [ 47.9954073, -18.5992566 ], [ 47.9952976, -18.5992633 ], [ 47.9952246, -18.5992929 ], [ 47.9951393, -18.5992995 ], [ 47.9950957, -18.5991951 ], [ 47.9949914, -18.5991262 ], [ 47.9948882, -18.5991852 ], [ 47.9948446, -18.5990867 ], [ 47.994783, -18.5990232 ], [ 47.9946786, -18.5989484 ], [ 47.994684, -18.5988611 ], [ 47.9947257, -18.5987561 ], [ 47.9947367, -18.5986222 ], [ 47.9946134, -18.5984778 ], [ 47.9944361, -18.5984327 ], [ 47.9943854, -18.5982179 ], [ 47.9943655, -18.5980378 ], [ 47.9944011, -18.597927 ], [ 47.99453470000001, -18.5978619 ], [ 47.9946932, -18.5978606 ], [ 47.9948463, -18.5979233 ], [ 47.9949211, -18.5980972 ], [ 47.9950052, -18.5979569 ], [ 47.9951511, -18.5979034 ], [ 47.9952912, -18.597879 ], [ 47.995296599999989, -18.5978033 ], [ 47.9953443, -18.597675 ], [ 47.9954225, -18.5975522 ], [ 47.9955684, -18.5974986 ], [ 47.9957637, -18.5975087 ], [ 47.9959167, -18.5975714 ], [ 47.9960015, -18.5975009 ], [ 47.9959881, -18.597373 ], [ 47.996048599999988, -18.5973086 ], [ 47.9961698, -18.5972261 ], [ 47.9962364, -18.5971732 ], [ 47.9962354, -18.5970569 ], [ 47.996192, -18.5969759 ], [ 47.9961119, -18.5968893 ], [ 47.9960264, -18.5968783 ], [ 47.9959044, -18.5968793 ], [ 47.9958068, -18.5968801 ], [ 47.9956971, -18.5968927 ], [ 47.995569, -18.5968937 ], [ 47.9954653, -18.5968887 ], [ 47.995416, -18.5968368 ], [ 47.9954091, -18.5967438 ], [ 47.9953896, -18.596616 ], [ 47.9953642, -18.5965057 ], [ 47.995442, -18.5963305 ], [ 47.9954657, -18.5962547 ], [ 47.9954343, -18.5961619 ], [ 47.995378599999988, -18.5960635 ], [ 47.9953777, -18.5959646 ], [ 47.9955115, -18.5959286 ], [ 47.9955725, -18.5959223 ], [ 47.9956823, -18.5959272 ], [ 47.9957247, -18.595892 ], [ 47.9958162, -18.5958912 ], [ 47.9959199, -18.5958962 ], [ 47.9959811, -18.5959131 ], [ 47.9960731, -18.5959706 ], [ 47.9961891, -18.5959812 ], [ 47.9962927, -18.5959746 ], [ 47.9963844, -18.5959913 ], [ 47.9964762, -18.5960254 ], [ 47.9965195, -18.5960891 ], [ 47.9966056, -18.5961698 ], [ 47.9966305, -18.5962219 ], [ 47.996625, -18.5962976 ], [ 47.9967232, -18.5963608 ], [ 47.9968025, -18.5963601 ], [ 47.9968943, -18.5963943 ], [ 47.9969254, -18.5964638 ], [ 47.996938299999989, -18.5965393 ], [ 47.997006, -18.5966086 ], [ 47.9970977, -18.5966311 ], [ 47.9971714, -18.596677 ], [ 47.997245, -18.5967229 ], [ 47.9972946, -18.5968156 ], [ 47.9973622, -18.5968674 ], [ 47.9974357, -18.5969017 ], [ 47.9975332, -18.5968951 ], [ 47.9975756, -18.5968598 ], [ 47.9976054, -18.5967781 ], [ 47.9975315, -18.5967031 ], [ 47.9974821, -18.5966395 ], [ 47.9974327, -18.596576 ], [ 47.9974563, -18.5964827 ], [ 47.9975045, -18.5964183 ], [ 47.9975776, -18.5964003 ], [ 47.9976131, -18.5962837 ], [ 47.9976369, -18.5962137 ], [ 47.9977094, -18.5961375 ], [ 47.9978008, -18.5961251 ], [ 47.9979045, -18.5961242 ], [ 47.9979598, -18.5961761 ], [ 47.998033199999988, -18.5961988 ], [ 47.9980999, -18.5961575 ], [ 47.998148, -18.5960757 ], [ 47.9982146, -18.596017 ], [ 47.99822, -18.5959413 ], [ 47.998165, -18.5959243 ], [ 47.998079, -18.5958669 ], [ 47.9980719, -18.5957506 ], [ 47.998101299999988, -18.595634 ], [ 47.9981065, -18.5955351 ], [ 47.9981055, -18.5954246 ], [ 47.9981834, -18.5952611 ], [ 47.9982367, -18.5950862 ], [ 47.9982239, -18.5950165 ], [ 47.9982047, -18.5949177 ], [ 47.9981788, -18.5947551 ], [ 47.998196, -18.5946386 ], [ 47.9982675, -18.5945693 ], [ 47.9976709, -18.5942801 ], [ 47.9954622, -18.5947696 ], [ 47.993467899999985, -18.5937889 ], [ 47.9926231, -18.5927063 ], [ 47.9910209, -18.5914001 ], [ 47.9909236, -18.59128 ], [ 47.990633, -18.5905879 ], [ 47.99128, -18.5894797 ], [ 47.9911279, -18.5886146 ], [ 47.99175, -18.5878626 ], [ 47.9924792, -18.587493 ], [ 47.9933797, -18.5873621 ], [ 47.9937525, -18.5872877 ], [ 47.9939088, -18.5872523 ], [ 47.9943805, -18.587146 ], [ 47.994761, -18.5870104 ], [ 47.9950167, -18.5869068 ], [ 47.995827, -18.5868024 ], [ 47.9965678, -18.5868599 ], [ 47.9979676, -18.586652 ], [ 47.998730599999988, -18.5872659 ], [ 47.9999327, -18.5870661 ], [ 48.0015237, -18.5869548 ], [ 48.0017016, -18.5869054 ], [ 48.0017296, -18.5868955 ], [ 48.0017248, -18.5868852 ], [ 48.0017659, -18.5867104 ], [ 48.0017523, -18.5865476 ], [ 48.0017811, -18.5863671 ], [ 48.0017859, -18.5862216 ], [ 48.0016438, -18.5860192 ], [ 48.0015577, -18.5859443 ], [ 48.0014473, -18.5858696 ], [ 48.0013126, -18.5858184 ], [ 48.0012323, -18.5857085 ], [ 48.0011517, -18.5855579 ], [ 48.001023, -18.5854892 ], [ 48.0008402, -18.5855081 ], [ 48.0006879, -18.5855327 ], [ 48.0005483, -18.5856153 ], [ 48.0005186, -18.5856969 ], [ 48.0003975, -18.5857968 ], [ 48.0003493, -18.585867 ], [ 48.0002215, -18.5858913 ], [ 48.000081300000012, -18.5859041 ], [ 47.9999839, -18.5859282 ], [ 47.9998205, -18.5860691 ], [ 47.9998036, -18.5862205 ], [ 47.9997926, -18.5863543 ], [ 47.9997327, -18.586477 ], [ 47.9996176, -18.5865652 ], [ 47.99948340000001, -18.5865663 ], [ 47.9993368, -18.5865384 ], [ 47.9992331, -18.5865392 ], [ 47.9991293, -18.5865285 ], [ 47.9988733, -18.586548 ], [ 47.9987937, -18.5865138 ], [ 47.9986831, -18.5864216 ], [ 47.9985241, -18.5863822 ], [ 47.9983471, -18.5863662 ], [ 47.9982973, -18.5862503 ], [ 47.998235500000014, -18.5861635 ], [ 47.9981319, -18.586176 ], [ 47.9980349, -18.5862466 ], [ 47.9979131, -18.5862651 ], [ 47.9977842, -18.5861731 ], [ 47.9976739, -18.5861158 ], [ 47.9974783, -18.5860767 ], [ 47.9973321, -18.5860953 ], [ 47.9972042, -18.586108 ], [ 47.997107, -18.5861553 ], [ 47.9970465, -18.5862082 ], [ 47.996998, -18.5862493 ], [ 47.9968824, -18.5862793 ], [ 47.9967847, -18.5862627 ], [ 47.9966809, -18.5862519 ], [ 47.9965589, -18.5862529 ], [ 47.996449, -18.5862364 ], [ 47.996302, -18.5861736 ], [ 47.996301, -18.5860631 ], [ 47.9962755, -18.5859353 ], [ 47.9962807, -18.5858422 ], [ 47.996432, -18.585713 ], [ 47.9965784, -18.585706 ], [ 47.9966874, -18.5856237 ], [ 47.9968642, -18.5856164 ], [ 47.9969438, -18.5856506 ], [ 47.9970845, -18.585696 ], [ 47.9971943, -18.5856951 ], [ 47.9974132, -18.5856119 ], [ 47.9974124, -18.5855305 ], [ 47.9972659, -18.5855142 ], [ 47.9971862, -18.5854683 ], [ 47.9971611, -18.5853929 ], [ 47.9971547, -18.5853581 ], [ 47.9970991, -18.5852829 ], [ 47.9970257, -18.5852603 ], [ 47.9969889, -18.5852315 ], [ 47.9969514, -18.5851387 ], [ 47.996951, -18.5850922 ], [ 47.996926, -18.5850284 ], [ 47.9969614, -18.5848885 ], [ 47.9970647, -18.5848528 ], [ 47.9971199, -18.5848814 ], [ 47.9972551, -18.5849908 ], [ 47.9972802, -18.5850662 ], [ 47.9974506, -18.5850299 ], [ 47.9975358, -18.5850118 ], [ 47.9975842, -18.584959 ], [ 47.9975836, -18.5849009 ], [ 47.9975526, -18.5848371 ], [ 47.9975092, -18.5847619 ], [ 47.9974842, -18.5846923 ], [ 47.9975201, -18.5846222 ], [ 47.997587, -18.5845984 ], [ 47.9976359, -18.5846096 ], [ 47.997734, -18.5846612 ], [ 47.997813699999988, -18.5847129 ], [ 47.9978688, -18.5847357 ], [ 47.9980035, -18.5847927 ], [ 47.9982115, -18.584855 ], [ 47.9983024, -18.5847961 ], [ 47.998351, -18.5847724 ], [ 47.9984358, -18.5847019 ], [ 47.9984655, -18.5846203 ], [ 47.9985318, -18.5845267 ], [ 47.9986294, -18.5845259 ], [ 47.998696, -18.5844788 ], [ 47.9986951, -18.5843741 ], [ 47.9986879, -18.5842578 ], [ 47.9986871, -18.5841589 ], [ 47.9986983, -18.5840483 ], [ 47.9987526, -18.5839897 ], [ 47.9988197, -18.5839834 ], [ 47.9989111, -18.5839826 ], [ 47.9989227, -18.5839127 ], [ 47.9989896, -18.5838947 ], [ 47.9990932, -18.5838764 ], [ 47.9991725, -18.5838758 ], [ 47.9992889, -18.583933 ], [ 47.999484, -18.5839256 ], [ 47.9996219, -18.5836627 ], [ 47.9996021, -18.5834942 ], [ 47.9995646, -18.5833956 ], [ 47.9996922, -18.5833422 ], [ 47.9997463, -18.5832603 ], [ 47.9996963, -18.5831211 ], [ 47.999689, -18.5829874 ], [ 47.999785800000012, -18.5829052 ], [ 47.9997482, -18.582795 ], [ 47.9996808, -18.5827548 ], [ 47.9995586, -18.5827325 ], [ 47.9994364, -18.5827045 ], [ 47.9993505, -18.5826528 ], [ 47.9992097, -18.5826016 ], [ 47.9990812, -18.5825503 ], [ 47.9989218, -18.5824644 ], [ 47.9987137, -18.5823847 ], [ 47.9986518, -18.5822746 ], [ 47.9986262, -18.5821469 ], [ 47.9986677, -18.5820186 ], [ 47.998727700000011, -18.5819018 ], [ 47.9987999, -18.5817965 ], [ 47.998976399999989, -18.5817485 ], [ 47.9991289, -18.5817531 ], [ 47.999233, -18.5817987 ], [ 47.9994771, -18.5818142 ], [ 47.9994947, -18.5817384 ], [ 47.999597399999985, -18.5816213 ], [ 47.9997614, -18.5815501 ], [ 47.9998644, -18.5814737 ], [ 47.999974, -18.5814495 ], [ 48.0001264, -18.5814482 ], [ 48.0002056, -18.5814301 ], [ 48.0002965, -18.5813712 ], [ 48.000338100000015, -18.5812487 ], [ 48.0001915, -18.5812208 ], [ 48.0000821, -18.5812625 ], [ 47.9999481, -18.581281 ], [ 47.9998383, -18.5812877 ], [ 47.9996798, -18.5812948 ], [ 47.9994846, -18.5812965 ], [ 47.9993567, -18.581315 ], [ 47.9992285, -18.5812986 ], [ 47.9990876, -18.5812299 ], [ 47.9989708, -18.581132 ], [ 47.9988478, -18.5810225 ], [ 47.9987914, -18.5808543 ], [ 47.99879, -18.5806972 ], [ 47.9988077, -18.5806331 ], [ 47.9988558, -18.5805571 ], [ 47.9989344, -18.580475 ], [ 47.9989517, -18.5803702 ], [ 47.9989626, -18.5802189 ], [ 47.9990349, -18.5801252 ], [ 47.9990768, -18.5800376 ], [ 47.9990693, -18.5798806 ], [ 47.9990136, -18.5797938 ], [ 47.9990114, -18.5795495 ], [ 47.9989737, -18.5794219 ], [ 47.998965899999988, -18.5792358 ], [ 47.9990074, -18.5791017 ], [ 47.9990983, -18.5790428 ], [ 47.9992325, -18.5790417 ], [ 47.9992924, -18.5789132 ], [ 47.9993772, -18.5788486 ], [ 47.9994617, -18.578749 ], [ 47.9995223, -18.5787136 ], [ 47.9996807, -18.578689 ], [ 47.9998082, -18.578624 ], [ 48.0000827, -18.5786275 ], [ 48.0001489, -18.5785281 ], [ 48.0000567, -18.5784533 ], [ 48.0000493, -18.5783079 ], [ 48.0000845, -18.5781564 ], [ 48.0000766, -18.5779529 ], [ 48.0000874, -18.5777957 ], [ 48.0001596, -18.5776904 ], [ 48.0002689, -18.5776372 ], [ 48.0003537, -18.5775725 ], [ 48.0004201, -18.5774905 ], [ 48.000352, -18.5773806 ], [ 48.000198800000014, -18.5773004 ], [ 48.0001006, -18.5772314 ], [ 48.0000992, -18.5770802 ], [ 48.0001104, -18.5769696 ], [ 48.0001637, -18.5767888 ], [ 48.0002172, -18.576643 ], [ 48.0002893, -18.5765202 ], [ 48.0004411, -18.5764434 ], [ 48.0005628, -18.5764133 ], [ 48.0006788, -18.576424 ], [ 48.000947, -18.5764043 ], [ 48.0011414, -18.5763155 ], [ 48.0013598, -18.5761915 ], [ 48.0014014, -18.5760632 ], [ 48.0015157, -18.5758936 ], [ 48.0015141, -18.5757133 ], [ 48.0015008, -18.5755913 ], [ 48.0013963, -18.5755049 ], [ 48.0013157, -18.5753543 ], [ 48.0011376, -18.5752278 ], [ 48.0008992, -18.5751658 ], [ 48.000753199999984, -18.5752077 ], [ 48.0006495, -18.5752086 ], [ 48.0005155, -18.5752271 ], [ 48.0003144, -18.5752462 ], [ 48.0001254, -18.5752536 ], [ 47.9999487, -18.5752667 ], [ 47.999820799999988, -18.5752968 ], [ 47.9996876, -18.5754026 ], [ 47.999437600000014, -18.5754046 ], [ 47.9991992, -18.5753484 ], [ 47.9990401, -18.5752857 ], [ 47.9988748, -18.5752231 ], [ 47.9987221, -18.5752011 ], [ 47.998635900000011, -18.5751029 ], [ 47.9985916, -18.5749288 ], [ 47.9985899, -18.5747427 ], [ 47.9986129, -18.5745854 ], [ 47.9987154, -18.5744508 ], [ 47.998843, -18.5744032 ], [ 47.9989649, -18.5743964 ], [ 47.9991967, -18.5743945 ], [ 47.9993124, -18.5743761 ], [ 47.9995745, -18.5743565 ], [ 47.9996714, -18.5742801 ], [ 47.9997687, -18.5742444 ], [ 47.9998838, -18.5741679 ], [ 47.9999988, -18.574068 ], [ 48.000108, -18.5740032 ], [ 48.0002903, -18.573926 ], [ 48.000436, -18.5738492 ], [ 48.0005319, -18.5736681 ], [ 48.0005549, -18.5735109 ], [ 48.0004981, -18.573302 ], [ 48.0002594, -18.5732109 ], [ 48.0000581, -18.5732067 ], [ 47.9998993, -18.5731789 ], [ 47.999729, -18.5732268 ], [ 47.9996447, -18.5733555 ], [ 47.9995786, -18.5734549 ], [ 47.9994202, -18.5734795 ], [ 47.99931, -18.573428 ], [ 47.99909, -18.5733891 ], [ 47.9988399, -18.5733796 ], [ 47.9986023, -18.5734106 ], [ 47.9984495, -18.5733711 ], [ 47.9982889, -18.5731456 ], [ 47.998111099999981, -18.5730482 ], [ 47.9978302, -18.5730098 ], [ 47.9976349, -18.5729997 ], [ 47.997403, -18.5729842 ], [ 47.9971469, -18.5729863 ], [ 47.9969578, -18.5729878 ], [ 47.9968045, -18.572896 ], [ 47.9966633, -18.5727866 ], [ 47.9964426, -18.5726663 ], [ 47.9963259, -18.5725742 ], [ 47.996184, -18.5723892 ], [ 47.9960063, -18.5723034 ], [ 47.995841, -18.572235 ], [ 47.9957976, -18.5721539 ], [ 47.9957235, -18.5720556 ], [ 47.9955832, -18.572051 ], [ 47.9954248, -18.5720639 ], [ 47.9953451, -18.572018 ], [ 47.9952657, -18.5720128 ], [ 47.9951437, -18.5720138 ], [ 47.995052799999989, -18.5720786 ], [ 47.9949974, -18.572015 ], [ 47.9949961, -18.5718755 ], [ 47.9949223, -18.5718004 ], [ 47.9948793, -18.5717717 ], [ 47.9947697, -18.5717901 ], [ 47.9946779, -18.5717617 ], [ 47.9946465, -18.5716573 ], [ 47.9946152, -18.5715703 ], [ 47.9945287, -18.571443 ], [ 47.9944916, -18.571391 ], [ 47.9943687, -18.5712873 ], [ 47.9942581, -18.5711893 ], [ 47.994142, -18.5711728 ], [ 47.994032, -18.5711446 ], [ 47.993904, -18.5711573 ], [ 47.9938434, -18.5711985 ], [ 47.9937332, -18.5711471 ], [ 47.9936474, -18.5711071 ], [ 47.9934951, -18.5711199 ], [ 47.9934642, -18.5710795 ], [ 47.9934938, -18.5709804 ], [ 47.9934928, -18.5708699 ], [ 47.9934314, -18.5708238 ], [ 47.9933826, -18.5708242 ], [ 47.9933038, -18.5708714 ], [ 47.9931696, -18.5708783 ], [ 47.993066, -18.5708792 ], [ 47.9930114, -18.5709145 ], [ 47.993, -18.5710018 ], [ 47.9928535, -18.5709914 ], [ 47.9927981, -18.5709337 ], [ 47.9927728, -18.570835 ], [ 47.9927721, -18.5707594 ], [ 47.9928567, -18.5706656 ], [ 47.9929601, -18.5706357 ], [ 47.9930572, -18.5705768 ], [ 47.9930932, -18.5705125 ], [ 47.9931353, -18.5704482 ], [ 47.9931527, -18.5703491 ], [ 47.9932991, -18.5703479 ], [ 47.9934337, -18.5703992 ], [ 47.9934344, -18.5704806 ], [ 47.993429399999989, -18.570597 ], [ 47.9934725, -18.570649 ], [ 47.99359960000001, -18.5705316 ], [ 47.9936476, -18.5704498 ], [ 47.9937262, -18.5703735 ], [ 47.9937862, -18.5702625 ], [ 47.9938222, -18.5701924 ], [ 47.9939379, -18.5701799 ], [ 47.9940115, -18.57022 ], [ 47.994176, -18.5702012 ], [ 47.9942734, -18.5701829 ], [ 47.9943287, -18.570229 ], [ 47.9944509, -18.5702513 ], [ 47.9945781, -18.5701572 ], [ 47.9948575, -18.5700211 ], [ 47.9948565, -18.5699164 ], [ 47.9948192, -18.5698353 ], [ 47.9946969, -18.5698014 ], [ 47.9946182, -18.5698602 ], [ 47.9944843, -18.5698962 ], [ 47.9943928, -18.5698969 ], [ 47.994325, -18.5698161 ], [ 47.994312, -18.5697231 ], [ 47.9943476, -18.5696123 ], [ 47.9944508, -18.5695591 ], [ 47.994449900000014, -18.569466 ], [ 47.9944128, -18.5694024 ], [ 47.9942904, -18.5693568 ], [ 47.9942178, -18.5694214 ], [ 47.994157, -18.5694393 ], [ 47.9940591, -18.5694053 ], [ 47.9940581, -18.5693006 ], [ 47.9940999, -18.5692013 ], [ 47.9942398, -18.5691537 ], [ 47.9943187, -18.5691123 ], [ 47.9945248, -18.5689768 ], [ 47.9945731, -18.5689183 ], [ 47.9945178, -18.568878 ], [ 47.9944989, -18.5688084 ], [ 47.9945659, -18.568802 ], [ 47.9946443, -18.5687025 ], [ 47.9946437, -18.5686269 ], [ 47.9946611, -18.5685278 ], [ 47.9946848, -18.5684578 ], [ 47.9947815, -18.5683524 ], [ 47.9947987, -18.5682359 ], [ 47.9948593, -18.5681889 ], [ 47.9949078, -18.5681536 ], [ 47.9949682, -18.5680891 ], [ 47.995047199999988, -18.5680594 ], [ 47.9950222, -18.5679898 ], [ 47.9949429, -18.5679962 ], [ 47.9948519, -18.5680435 ], [ 47.9948095, -18.5680846 ], [ 47.9946693, -18.5680857 ], [ 47.9945778, -18.5680865 ], [ 47.994462, -18.568099 ], [ 47.9943157, -18.5681061 ], [ 47.9942351, -18.5679555 ], [ 47.9942525, -18.5678564 ], [ 47.9943309, -18.5677627 ], [ 47.9944467, -18.5677444 ], [ 47.9945441, -18.5677261 ], [ 47.994659800000015, -18.5677135 ], [ 47.9947394, -18.5677478 ], [ 47.9948978, -18.567729 ], [ 47.9949089, -18.567601 ], [ 47.9949568, -18.5675017 ], [ 47.9950229, -18.5673906 ], [ 47.9950892, -18.5673087 ], [ 47.9951861, -18.5672264 ], [ 47.9952464, -18.5671561 ], [ 47.9954427, -18.5672767 ], [ 47.995638199999988, -18.5673216 ], [ 47.9957541, -18.5673207 ], [ 47.995888, -18.5672905 ], [ 47.9959606, -18.5672259 ], [ 47.9961373, -18.567207 ], [ 47.9962403, -18.5671247 ], [ 47.996233200000013, -18.5670201 ], [ 47.9961898, -18.566939 ], [ 47.99611, -18.5668873 ], [ 47.9960909, -18.5667886 ], [ 47.9961206, -18.5667069 ], [ 47.9961625, -18.5666135 ], [ 47.9962043, -18.5665201 ], [ 47.9961851, -18.5664214 ], [ 47.9961718, -18.5662993 ], [ 47.9962017, -18.5662235 ], [ 47.9962308, -18.5660778 ], [ 47.9961198, -18.5659391 ], [ 47.996058, -18.5658466 ], [ 47.996057, -18.5657419 ], [ 47.9960497, -18.5656024 ], [ 47.9960363, -18.5654745 ], [ 47.995931, -18.5652951 ], [ 47.9958324, -18.5651795 ], [ 47.9958065, -18.5650111 ], [ 47.9956473, -18.5649367 ], [ 47.995519, -18.5649145 ], [ 47.995415099999988, -18.5648863 ], [ 47.9953354, -18.5648462 ], [ 47.9952862, -18.5648001 ], [ 47.9952061, -18.5647077 ], [ 47.9951383, -18.5646326 ], [ 47.9951622, -18.5645684 ], [ 47.9952531, -18.5645037 ], [ 47.9953809, -18.5644794 ], [ 47.9953849, -18.5642409 ], [ 47.9953775, -18.5641014 ], [ 47.9953759, -18.5639211 ], [ 47.995509399999989, -18.5638443 ], [ 47.995673800000013, -18.5638197 ], [ 47.9957703, -18.5637026 ], [ 47.9957692, -18.5635805 ], [ 47.9956706, -18.563465 ], [ 47.9955723, -18.5633785 ], [ 47.9954914, -18.5632047 ], [ 47.995606500000015, -18.5631165 ], [ 47.9957037, -18.563075 ], [ 47.9958863, -18.5630386 ], [ 47.9959961, -18.5630319 ], [ 47.9961605, -18.5630014 ], [ 47.996220199999989, -18.5628672 ], [ 47.9963044, -18.5627269 ], [ 47.9964687, -18.5626906 ], [ 47.9965213, -18.5624401 ], [ 47.9964108, -18.5623537 ], [ 47.9963366, -18.5622438 ], [ 47.9962321, -18.5621516 ], [ 47.996200499999986, -18.5620297 ], [ 47.9962114, -18.5618842 ], [ 47.9960949, -18.5618154 ], [ 47.9959794, -18.5618629 ], [ 47.9958871, -18.5617647 ], [ 47.995953100000015, -18.561642 ], [ 47.9960316, -18.5615541 ], [ 47.9960427, -18.5614377 ], [ 47.9959869, -18.5613335 ], [ 47.9958464, -18.5613114 ], [ 47.995761, -18.5613121 ], [ 47.9956637, -18.5613419 ], [ 47.9955477, -18.5613254 ], [ 47.9954498, -18.5612855 ], [ 47.9954669, -18.5611516 ], [ 47.9954655, -18.5610004 ], [ 47.99555609999998, -18.5609066 ], [ 47.9956099, -18.560784 ], [ 47.9955902, -18.5606213 ], [ 47.9954552, -18.5605293 ], [ 47.9953566, -18.5604254 ], [ 47.9952514, -18.560246 ], [ 47.9953478, -18.560123 ], [ 47.9952862, -18.5600479 ], [ 47.9952428, -18.5599727 ], [ 47.9952299, -18.5598913 ], [ 47.995210199999981, -18.5597403 ], [ 47.9951667, -18.5596476 ], [ 47.9950137, -18.5595848 ], [ 47.9949884, -18.559492 ], [ 47.9950485, -18.5593868 ], [ 47.9950655, -18.5592412 ], [ 47.9951012, -18.5591479 ], [ 47.9950703, -18.5590958 ], [ 47.994929799999987, -18.5590736 ], [ 47.9948258, -18.5590396 ], [ 47.9947702, -18.5589644 ], [ 47.9947812, -18.5588306 ], [ 47.9947379, -18.5587553 ], [ 47.9947002, -18.5586335 ], [ 47.9947543, -18.5585516 ], [ 47.9947413, -18.5584586 ], [ 47.9946858, -18.5583893 ], [ 47.9945936, -18.5583086 ], [ 47.9945503, -18.5582392 ], [ 47.9945496, -18.5581694 ], [ 47.994598099999983, -18.5581341 ], [ 47.9946643, -18.5580346 ], [ 47.9947495, -18.5580107 ], [ 47.9948591, -18.5579981 ], [ 47.9949255, -18.557922 ], [ 47.9949244, -18.5577999 ], [ 47.9949417, -18.5576892 ], [ 47.9949286, -18.5575788 ], [ 47.9949158, -18.5575207 ], [ 47.9947319, -18.5574175 ], [ 47.9946152, -18.5573196 ], [ 47.9944862, -18.5572218 ], [ 47.9944672, -18.5571347 ], [ 47.9945332, -18.557012 ], [ 47.9945202, -18.5569307 ], [ 47.994452699999989, -18.5568847 ], [ 47.9944216, -18.5568151 ], [ 47.994433, -18.5567278 ], [ 47.9944991, -18.5566167 ], [ 47.994589300000015, -18.5564706 ], [ 47.9946497, -18.5564119 ], [ 47.9947652, -18.5563703 ], [ 47.9949055, -18.5563691 ], [ 47.9949657, -18.5562814 ], [ 47.9949642, -18.5561127 ], [ 47.994975400000015, -18.5560021 ], [ 47.995023, -18.5558737 ], [ 47.9949973, -18.5557285 ], [ 47.995075, -18.5555534 ], [ 47.9952689, -18.555418 ], [ 47.995383399999987, -18.5552601 ], [ 47.9953757, -18.5550856 ], [ 47.9952827, -18.5549119 ], [ 47.9951534, -18.5547792 ], [ 47.9952501, -18.5546795 ], [ 47.9953533, -18.5546263 ], [ 47.9954191, -18.5544861 ], [ 47.9954359, -18.5543173 ], [ 47.9954102, -18.5541721 ], [ 47.9954945, -18.5540493 ], [ 47.995604, -18.5540251 ], [ 47.9957313, -18.5539427 ], [ 47.9957665, -18.5537853 ], [ 47.9957414, -18.5536983 ], [ 47.9956188, -18.5536353 ], [ 47.9955379, -18.5534556 ], [ 47.9953606, -18.5533989 ], [ 47.9951719, -18.5534412 ], [ 47.9950135, -18.5534599 ], [ 47.9948984, -18.5535423 ], [ 47.9947946, -18.5535315 ], [ 47.994648, -18.5535036 ], [ 47.9945135, -18.5534698 ], [ 47.9943547, -18.553442 ], [ 47.994251, -18.5534429 ], [ 47.9941045, -18.5534208 ], [ 47.9939331, -18.5533466 ], [ 47.9939077, -18.5532363 ], [ 47.9939863, -18.55316 ], [ 47.994071, -18.5530896 ], [ 47.9941742, -18.5530305 ], [ 47.994265, -18.55296 ], [ 47.9943374, -18.5528722 ], [ 47.9944162, -18.5528192 ], [ 47.9945259, -18.5528124 ], [ 47.994591899999982, -18.5526898 ], [ 47.9945846, -18.5525619 ], [ 47.9946571, -18.5524798 ], [ 47.9947357, -18.5524094 ], [ 47.994808, -18.5523041 ], [ 47.9949042, -18.5521579 ], [ 47.994995, -18.5520757 ], [ 47.9950859, -18.552011 ], [ 47.9951834, -18.5520102 ], [ 47.9952865, -18.5519454 ], [ 47.9953587, -18.5518401 ], [ 47.9954435, -18.5517696 ], [ 47.9955832, -18.5517045 ], [ 47.9957168, -18.5516452 ], [ 47.9958387, -18.5516384 ], [ 47.9959424, -18.5516375 ], [ 47.9960585, -18.5516715 ], [ 47.9961376, -18.5516476 ], [ 47.9962095, -18.5515074 ], [ 47.9963181, -18.5513727 ], [ 47.9964334, -18.5513078 ], [ 47.9964942, -18.5512898 ], [ 47.996634199999988, -18.5512654 ], [ 47.9968174, -18.5512872 ], [ 47.9968789, -18.5513449 ], [ 47.9969346, -18.5514433 ], [ 47.997009, -18.5515706 ], [ 47.997088899999987, -18.5516456 ], [ 47.9972424, -18.5517549 ], [ 47.997358899999988, -18.5518237 ], [ 47.9974511, -18.5519102 ], [ 47.9975192, -18.5520202 ], [ 47.9976462, -18.5519086 ], [ 47.997749399999989, -18.5518496 ], [ 47.9978771, -18.5518078 ], [ 47.9980661, -18.5518063 ], [ 47.9981759, -18.5518054 ], [ 47.9982615, -18.5518338 ], [ 47.9983656, -18.5518794 ], [ 47.9984811, -18.5518378 ], [ 47.9985418, -18.5518082 ], [ 47.998602, -18.5517263 ], [ 47.9986374, -18.5515922 ], [ 47.9987402, -18.5514983 ], [ 47.9987756, -18.5513642 ], [ 47.9987196, -18.5512367 ], [ 47.9985547, -18.5512148 ], [ 47.9984751, -18.5511689 ], [ 47.9983887, -18.5510591 ], [ 47.9983333, -18.5510014 ], [ 47.9982531, -18.5508974 ], [ 47.9981239, -18.5507705 ], [ 47.9980924, -18.5506602 ], [ 47.9980915, -18.5505613 ], [ 47.9980786, -18.5504858 ], [ 47.9980774, -18.5503462 ], [ 47.9981682, -18.5502757 ], [ 47.9983389, -18.5502685 ], [ 47.9984244, -18.5502794 ], [ 47.9986137, -18.5503069 ], [ 47.9987598, -18.5502825 ], [ 47.9988616, -18.5500781 ], [ 47.9988912, -18.5499789 ], [ 47.9989764, -18.5499608 ], [ 47.9990855, -18.5498784 ], [ 47.99906, -18.5497623 ], [ 47.9989492, -18.5496469 ], [ 47.9988931, -18.5495136 ], [ 47.9988921, -18.5494031 ], [ 47.9988911, -18.5492868 ], [ 47.9989573, -18.5491931 ], [ 47.9990599, -18.5490702 ], [ 47.9992354, -18.5489233 ], [ 47.9994118, -18.5488753 ], [ 47.9995578, -18.5488392 ], [ 47.9996434, -18.5488618 ], [ 47.9997659, -18.548919 ], [ 47.999857399999989, -18.548924 ], [ 47.999918, -18.548877 ], [ 47.999923, -18.5487548 ], [ 47.9999039, -18.5486619 ], [ 47.9997203, -18.5485994 ], [ 47.9995919, -18.5485597 ], [ 47.9995124, -18.5485313 ], [ 47.9994387, -18.5484737 ], [ 47.9994252, -18.5483284 ], [ 47.9994243, -18.5482296 ], [ 47.9995456, -18.548153 ], [ 47.9996179, -18.5480535 ], [ 47.9997083, -18.5479422 ], [ 47.9997627, -18.5478836 ], [ 47.9998596, -18.5478072 ], [ 47.9998956, -18.5477487 ], [ 47.9997849, -18.5476391 ], [ 47.9995462, -18.5475422 ], [ 47.9994661, -18.5474556 ], [ 47.9993067, -18.5473639 ], [ 47.9991714, -18.5472312 ], [ 47.9990121, -18.5471569 ], [ 47.998914, -18.5470879 ], [ 47.9987302, -18.5470021 ], [ 47.9986684, -18.5469096 ], [ 47.99863, -18.5467005 ], [ 47.998580100000012, -18.5465787 ], [ 47.9985791, -18.5464741 ], [ 47.9985412, -18.546329 ], [ 47.9985585, -18.5462125 ], [ 47.9985753, -18.5460495 ], [ 47.9985928, -18.5459621 ], [ 47.9986045, -18.5459096 ], [ 47.9986042, -18.5458747 ], [ 47.9986526, -18.5458336 ], [ 47.998719099999981, -18.5457691 ], [ 47.9988285, -18.5457275 ], [ 47.9989564, -18.545709 ], [ 47.9990357, -18.5457083 ], [ 47.999109300000015, -18.5457601 ], [ 47.9992194, -18.5457883 ], [ 47.9992682, -18.5457995 ], [ 47.999342, -18.5458629 ], [ 47.999373299999988, -18.5459499 ], [ 47.9994897, -18.5460187 ], [ 47.999538, -18.5459543 ], [ 47.9995432, -18.5458554 ], [ 47.9996585, -18.5458021 ], [ 47.9998046, -18.5457718 ], [ 47.9998724, -18.5458469 ], [ 47.9999524, -18.5459335 ], [ 47.9999775, -18.5460089 ], [ 47.9999907, -18.5461135 ], [ 48.0001063, -18.5460893 ], [ 48.0001481, -18.5459959 ], [ 48.0001223, -18.5458332 ], [ 48.0001264, -18.5456121 ], [ 48.0001436, -18.5454957 ], [ 48.0001918, -18.5454313 ], [ 48.000283700000011, -18.5454771 ], [ 48.0003688, -18.5454415 ], [ 48.0003678, -18.545331 ], [ 48.0003852, -18.5452319 ], [ 48.0004149, -18.5451445 ], [ 48.000432599999982, -18.5450803 ], [ 48.0005361, -18.545062 ], [ 48.00064, -18.5450844 ], [ 48.0008537, -18.5451176 ], [ 48.000981, -18.5450351 ], [ 48.0009805, -18.5449828 ], [ 48.0009923, -18.5449361 ], [ 48.001052, -18.5447902 ], [ 48.0009824, -18.5445116 ], [ 48.0009872, -18.5443661 ], [ 48.0010593, -18.5442434 ], [ 48.0011317, -18.5441614 ], [ 48.0012716, -18.5441253 ], [ 48.00143, -18.5441008 ], [ 48.0015828, -18.5441402 ], [ 48.0017174, -18.5441915 ], [ 48.0018404, -18.5443126 ], [ 48.0019747, -18.544329 ], [ 48.0020784, -18.5443281 ], [ 48.0021694, -18.5442808 ], [ 48.0022418, -18.544193 ], [ 48.0022405, -18.5440418 ], [ 48.0022825, -18.5439658 ], [ 48.0023057, -18.5438435 ], [ 48.0023538, -18.5437616 ], [ 48.002423900000011, -18.5434237 ], [ 48.0025193, -18.5431786 ], [ 48.002614699999988, -18.5429452 ], [ 48.0027231, -18.542793 ], [ 48.0028379, -18.54267 ], [ 48.0030258, -18.5425404 ], [ 48.0031159, -18.5423885 ], [ 48.0031454, -18.5422893 ], [ 48.0032668, -18.5422185 ], [ 48.0033818, -18.5421245 ], [ 48.0033864, -18.5419616 ], [ 48.0032699, -18.541887 ], [ 48.0032019, -18.5417828 ], [ 48.0030246, -18.5417378 ], [ 48.0028721, -18.5417274 ], [ 48.0027627, -18.541769 ], [ 48.0026042, -18.5417819 ], [ 48.0023667, -18.5418071 ], [ 48.0021956, -18.5417736 ], [ 48.0020672, -18.541734 ], [ 48.0019261, -18.5416421 ], [ 48.0018699, -18.5414913 ], [ 48.001856700000012, -18.5413809 ], [ 48.0016671, -18.5413185 ], [ 48.0014287, -18.5412564 ], [ 48.0012145, -18.541171 ], [ 48.001085499999988, -18.5410673 ], [ 48.0010114, -18.5409632 ], [ 48.00095, -18.5409172 ], [ 48.000797200000015, -18.5408777 ], [ 48.000662, -18.5407683 ], [ 48.0006971, -18.5405994 ], [ 48.0006843, -18.5405355 ], [ 48.0007381, -18.5404129 ], [ 48.0007799, -18.5403137 ], [ 48.0007786, -18.5401741 ], [ 48.0007655, -18.5400637 ], [ 48.0007584, -18.5399532 ], [ 48.000721, -18.5398721 ], [ 48.0007015, -18.5397326 ], [ 48.0006826, -18.539663 ], [ 48.0007369, -18.5396044 ], [ 48.0007787, -18.5395052 ], [ 48.0007717, -18.5394063 ], [ 48.0007768, -18.5392958 ], [ 48.0008369, -18.5391964 ], [ 48.0008423, -18.5391149 ], [ 48.0009092, -18.5390969 ], [ 48.0009641, -18.5390965 ], [ 48.0010313, -18.5391192 ], [ 48.0011347, -18.5390834 ], [ 48.00114, -18.539002 ], [ 48.0011268, -18.5388857 ], [ 48.0011134, -18.5387463 ], [ 48.0010879, -18.5386301 ], [ 48.0009836, -18.5385612 ], [ 48.0009224, -18.5385384 ], [ 48.0008915, -18.5384921 ], [ 48.0008664, -18.5384051 ], [ 48.0008412, -18.5383181 ], [ 48.0008403, -18.5382192 ], [ 48.0008943, -18.5381199 ], [ 48.0009117, -18.5380266 ], [ 48.0008261, -18.5379924 ], [ 48.0007455, -18.5378535 ], [ 48.0007386, -18.5377605 ], [ 48.000755899999987, -18.5376556 ], [ 48.0006821, -18.5375865 ], [ 48.0006876, -18.5375166 ], [ 48.000669, -18.5374761 ], [ 48.0006258, -18.5374241 ], [ 48.0004483, -18.5373499 ], [ 48.0003267, -18.5373916 ], [ 48.0002228, -18.5373692 ], [ 48.000155, -18.5372883 ], [ 48.000153900000015, -18.5371662 ], [ 48.0002261, -18.5370493 ], [ 48.000231, -18.5369212 ], [ 48.0003036, -18.5368567 ], [ 48.0003819, -18.5367513 ], [ 48.0004182, -18.5367161 ], [ 48.0005159, -18.536727 ], [ 48.0006438, -18.5367201 ], [ 48.0007292, -18.5367194 ], [ 48.0007723, -18.5367656 ], [ 48.000797500000012, -18.5368526 ], [ 48.0008595, -18.5369626 ], [ 48.0009753, -18.5369617 ], [ 48.001066800000011, -18.5369609 ], [ 48.0012079, -18.5370587 ], [ 48.0013729, -18.537098 ], [ 48.0015371, -18.5370501 ], [ 48.0015791, -18.5369684 ], [ 48.0016944, -18.5369092 ], [ 48.0017302, -18.5368275 ], [ 48.0017168, -18.5366938 ], [ 48.001752300000014, -18.5365714 ], [ 48.0017577, -18.5364899 ], [ 48.0018119, -18.5364197 ], [ 48.0019629, -18.5362614 ], [ 48.0019502, -18.5361975 ], [ 48.0019011, -18.536163 ], [ 48.0018703, -18.5361284 ], [ 48.0018997, -18.5360118 ], [ 48.001874099999988, -18.5358724 ], [ 48.0017029, -18.5358215 ], [ 48.001598599999987, -18.5357525 ], [ 48.0015609, -18.5356365 ], [ 48.0013896, -18.5355681 ], [ 48.0012611, -18.5355226 ], [ 48.001120899999989, -18.5355296 ], [ 48.0009376, -18.5354846 ], [ 48.0008575, -18.5353922 ], [ 48.0007529, -18.5352883 ], [ 48.000727, -18.5351256 ], [ 48.0007197, -18.5349861 ], [ 48.0006937, -18.5348118 ], [ 48.0006129, -18.5346438 ], [ 48.0005143, -18.5345225 ], [ 48.0003914, -18.5344246 ], [ 48.000251, -18.5344083 ], [ 48.0001967, -18.5344669 ], [ 48.0000822, -18.5346133 ], [ 47.9999353, -18.5345563 ], [ 47.9997881, -18.5344586 ], [ 47.9997254, -18.534273 ], [ 47.9995593, -18.5341115 ], [ 47.9994417, -18.533943 ], [ 47.9993652, -18.5338001 ], [ 47.9993136, -18.5336451 ], [ 47.9992999, -18.5335137 ], [ 47.9993358, -18.5333222 ], [ 47.999347, -18.5331786 ], [ 47.9994342, -18.5331181 ], [ 47.9995463, -18.5330335 ], [ 47.9996342, -18.532986 ], [ 47.9990237, -18.5327157 ], [ 47.998636, -18.5333064 ], [ 47.9986389, -18.5334324 ], [ 47.9978732, -18.530871 ], [ 47.9971957, -18.5295297 ], [ 47.9973683, -18.5292583 ], [ 47.9977835, -18.5280768 ], [ 47.9976584, -18.527965 ], [ 47.9974884, -18.5278768 ], [ 47.9974193, -18.5278594 ], [ 47.9971885, -18.5279808 ], [ 47.9971014, -18.5280473 ], [ 47.9970467, -18.5282331 ], [ 47.9969591, -18.5282517 ], [ 47.9968272, -18.5282169 ], [ 47.996751, -18.528104 ], [ 47.99661889999998, -18.5280512 ], [ 47.9965374, -18.52804 ], [ 47.9964253, -18.5281186 ], [ 47.9964391, -18.5282619 ], [ 47.9964775, -18.5283513 ], [ 47.9964844, -18.528423 ], [ 47.9965227, -18.5285004 ], [ 47.9965172, -18.5285841 ], [ 47.9964359, -18.5286027 ], [ 47.9964122, -18.5287523 ], [ 47.9962807, -18.5287653 ], [ 47.9961737, -18.5287064 ], [ 47.9961544, -18.5286528 ], [ 47.99621, -18.5285687 ], [ 47.9960594, -18.52854 ], [ 47.9959146, -18.5284635 ], [ 47.99582, -18.5283985 ], [ 47.9957192, -18.5283455 ], [ 47.9955997, -18.5282927 ], [ 47.995518, -18.5282635 ], [ 47.9955104, -18.5281141 ], [ 47.9955095, -18.5280125 ], [ 47.9955651, -18.5279284 ], [ 47.995671400000013, -18.5278976 ], [ 47.9957841, -18.5278967 ], [ 47.9958531, -18.5279021 ], [ 47.9959274, -18.5278058 ], [ 47.9960275, -18.5277811 ], [ 47.9961151, -18.5277684 ], [ 47.9962332, -18.5276659 ], [ 47.9962763, -18.5275758 ], [ 47.9963318, -18.5274798 ], [ 47.9964185, -18.5273655 ], [ 47.9964552, -18.5272576 ], [ 47.9965666, -18.5271072 ], [ 47.9965842, -18.5269756 ], [ 47.9966146, -18.5268677 ], [ 47.9967331, -18.526807 ], [ 47.9969644, -18.5267453 ], [ 47.9971016, -18.5266725 ], [ 47.9972575, -18.5265875 ], [ 47.997431, -18.5263769 ], [ 47.9974113, -18.5262754 ], [ 47.9972975, -18.5261568 ], [ 47.9971528, -18.5260922 ], [ 47.9969457, -18.526064 ], [ 47.9968065, -18.5259097 ], [ 47.9967802, -18.5257784 ], [ 47.9968175, -18.5257363 ], [ 47.9969227, -18.525598 ], [ 47.9969534, -18.525526 ], [ 47.9969524, -18.5254184 ], [ 47.9969896, -18.5253643 ], [ 47.997102, -18.5253215 ], [ 47.997182099999989, -18.5251774 ], [ 47.9973127, -18.5250628 ], [ 47.9974253, -18.5250439 ], [ 47.9975945, -18.5250425 ], [ 47.997957899999989, -18.5250395 ], [ 47.998051, -18.5249431 ], [ 47.9980373, -18.5248117 ], [ 47.9979041, -18.5246335 ], [ 47.9979594, -18.5245135 ], [ 47.9981087, -18.5243927 ], [ 47.9982396, -18.524308 ], [ 47.9984881, -18.5240788 ], [ 47.9985622, -18.5239586 ], [ 47.9986616, -18.5238622 ], [ 47.998818, -18.523825 ], [ 47.9989048, -18.5237227 ], [ 47.9990416, -18.523614 ], [ 47.999085, -18.5235598 ], [ 47.99920370000001, -18.523517 ], [ 47.9993547, -18.5235875 ], [ 47.999506, -18.5236879 ], [ 47.9996686, -18.5236507 ], [ 47.9996673, -18.5235072 ], [ 47.9996662, -18.5233877 ], [ 47.9997976, -18.5233687 ], [ 47.999803, -18.523267 ], [ 47.9997335, -18.5232078 ], [ 47.9996825, -18.5231126 ], [ 47.9996063, -18.5229937 ], [ 47.9996113, -18.5228561 ], [ 47.9996607, -18.522778 ], [ 47.9997551, -18.5228191 ], [ 47.999781, -18.5229145 ], [ 47.9999075, -18.523051 ], [ 47.9999897, -18.523128 ], [ 48.00004, -18.5231515 ], [ 48.00016, -18.5232521 ], [ 48.0003169, -18.5232808 ], [ 48.0003727, -18.5232145 ], [ 48.0003773, -18.5230232 ], [ 48.0003007, -18.5228684 ], [ 48.0002366, -18.5227076 ], [ 48.0002098, -18.5225165 ], [ 48.0001579, -18.5223197 ], [ 48.0001256, -18.5222123 ], [ 48.000074399999981, -18.5220932 ], [ 48.0000605, -18.5219439 ], [ 48.0002038, -18.521853 ], [ 48.0003228, -18.5218521 ], [ 48.0004982, -18.5218387 ], [ 48.0006294, -18.5218017 ], [ 48.0007166, -18.5217353 ], [ 48.0006841, -18.521616 ], [ 48.0006144, -18.5215209 ], [ 48.0006131, -18.5213834 ], [ 48.0006812, -18.5212872 ], [ 48.0007617, -18.5211849 ], [ 48.000906099999987, -18.5212137 ], [ 48.0009938, -18.5212129 ], [ 48.0011697, -18.5212653 ], [ 48.00132, -18.5212521 ], [ 48.0014891, -18.5212388 ], [ 48.00157, -18.5211783 ], [ 48.0015063, -18.5210712 ], [ 48.0013679, -18.5210006 ], [ 48.0012792, -18.5208998 ], [ 48.0011593, -18.5208051 ], [ 48.0011335, -18.5207156 ], [ 48.0011139, -18.5206261 ], [ 48.0011696, -18.520554 ], [ 48.0013137, -18.5205528 ], [ 48.001464, -18.5205456 ], [ 48.0014626, -18.5203902 ], [ 48.0014303, -18.5202828 ], [ 48.0013854, -18.5201696 ], [ 48.0013658, -18.5200741 ], [ 48.0013273, -18.5199788 ], [ 48.0013392, -18.519901 ], [ 48.0014395, -18.5199121 ], [ 48.0015655, -18.5199888 ], [ 48.0017223, -18.5199995 ], [ 48.0017653, -18.5199035 ], [ 48.0018334, -18.5198193 ], [ 48.0019962, -18.519806 ], [ 48.0020199, -18.5196503 ], [ 48.0020196, -18.5196145 ], [ 48.001986799999983, -18.5194593 ], [ 48.0018859, -18.5193884 ], [ 48.001703, -18.5192524 ], [ 48.0015645, -18.5191818 ], [ 48.0013753, -18.5190459 ], [ 48.0012986, -18.5188732 ], [ 48.0012531, -18.5186942 ], [ 48.0013084, -18.5185742 ], [ 48.0013952, -18.5184659 ], [ 48.001526500000011, -18.518435 ], [ 48.0016575, -18.5183801 ], [ 48.0016884, -18.518326 ], [ 48.0015688, -18.5182672 ], [ 48.0014056, -18.5182327 ], [ 48.0012735, -18.51818 ], [ 48.0011234, -18.5182051 ], [ 48.0009477, -18.5181827 ], [ 48.0008469, -18.5181237 ], [ 48.0007332, -18.518023 ], [ 48.0007134, -18.5179036 ], [ 48.0007999, -18.5177714 ], [ 48.0008995, -18.5176929 ], [ 48.00106190000001, -18.5176438 ], [ 48.0012434, -18.5176184 ], [ 48.001399199999987, -18.5175214 ], [ 48.0015298, -18.5174187 ], [ 48.0016672, -18.5173638 ], [ 48.0018861, -18.5173202 ], [ 48.002030199999986, -18.517319 ], [ 48.0020294, -18.5172293 ], [ 48.0019911, -18.517146 ], [ 48.0019028, -18.5170929 ], [ 48.0018024, -18.5170698 ], [ 48.0016708, -18.5170709 ], [ 48.0017328, -18.5169927 ], [ 48.0018703, -18.5169617 ], [ 48.0020391, -18.5169125 ], [ 48.002277, -18.5168926 ], [ 48.0024148, -18.5168914 ], [ 48.0025964, -18.516878 ], [ 48.0026267, -18.5167582 ], [ 48.0025692, -18.5166391 ], [ 48.002412, -18.5165806 ], [ 48.002311100000014, -18.5165037 ], [ 48.0023036, -18.5163723 ], [ 48.0023151, -18.5162586 ], [ 48.0023386, -18.5160851 ], [ 48.0023934, -18.5159053 ], [ 48.0023173, -18.5157983 ], [ 48.0021917, -18.5157695 ], [ 48.0021405, -18.5156503 ], [ 48.0022213, -18.515578 ], [ 48.0023583, -18.5154872 ], [ 48.0024381, -18.5153072 ], [ 48.0022736, -18.5151232 ], [ 48.0020788, -18.5150591 ], [ 48.0018157, -18.5150672 ], [ 48.0017095, -18.5151099 ], [ 48.0015593, -18.5151291 ], [ 48.0013652, -18.5151426 ], [ 48.0012021, -18.5151141 ], [ 48.001138, -18.5149592 ], [ 48.0010747, -18.514888 ], [ 48.0010232, -18.514739 ], [ 48.0010094, -18.5145956 ], [ 48.0008705, -18.5144772 ], [ 48.000814899999988, -18.5145613 ], [ 48.0007845, -18.5146692 ], [ 48.000748, -18.514795 ], [ 48.0006413, -18.514766 ], [ 48.000597, -18.5147185 ], [ 48.0005642, -18.5145574 ], [ 48.0005506, -18.514444 ], [ 48.0005368, -18.5142946 ], [ 48.0005982, -18.5141626 ], [ 48.0005971, -18.5140311 ], [ 48.0006649, -18.513911 ], [ 48.0008643, -18.5137898 ], [ 48.000887899999988, -18.5136223 ], [ 48.0009178, -18.5134666 ], [ 48.000872099999988, -18.5132637 ], [ 48.0008147, -18.5131506 ], [ 48.0006578, -18.513122 ], [ 48.0005139, -18.5131411 ], [ 48.0004196, -18.513106 ], [ 48.0003432, -18.5129811 ], [ 48.0003171, -18.5128618 ], [ 48.0003221, -18.5127243 ], [ 48.0003274, -18.5126166 ], [ 48.0003765, -18.5124967 ], [ 48.0004819, -18.5123763 ], [ 48.0006444, -18.5123331 ], [ 48.0007628, -18.5122544 ], [ 48.0008815, -18.5122235 ], [ 48.0010079, -18.5123361 ], [ 48.0011896, -18.5123406 ], [ 48.0013586, -18.5123213 ], [ 48.0014269, -18.512249 ], [ 48.0015137, -18.5121526 ], [ 48.0016131, -18.5120562 ], [ 48.001618, -18.5119007 ], [ 48.0017903, -18.5115586 ], [ 48.0017451, -18.5114095 ], [ 48.0017061, -18.5112544 ], [ 48.0016297, -18.5111116 ], [ 48.0016286, -18.510992 ], [ 48.0016521, -18.5108185 ], [ 48.0016072, -18.5106993 ], [ 48.0014429, -18.5105512 ], [ 48.0013036, -18.5103909 ], [ 48.0011023, -18.5103029 ], [ 48.0010068, -18.5101304 ], [ 48.000868800000013, -18.5101136 ], [ 48.0007934, -18.5100903 ], [ 48.0006552, -18.5100496 ], [ 48.0005471, -18.5098711 ], [ 48.0005085, -18.5097638 ], [ 48.00052, -18.5096502 ], [ 48.0004882, -18.5095966 ], [ 48.0003443, -18.5096157 ], [ 48.0002313, -18.5095987 ], [ 48.0001117, -18.509528 ], [ 47.9998849, -18.5093924 ], [ 47.9997339, -18.5093278 ], [ 47.9996206, -18.509263 ], [ 47.9995315, -18.5091083 ], [ 47.999543100000011, -18.5090126 ], [ 47.999618, -18.5089821 ], [ 47.9997746, -18.5089688 ], [ 47.9998997, -18.5089499 ], [ 48.00005, -18.5089367 ], [ 48.000137, -18.5088583 ], [ 48.0002869, -18.5088033 ], [ 48.0004428, -18.5087302 ], [ 48.0006178, -18.508681 ], [ 48.0007552, -18.508632 ], [ 48.0008487, -18.5085715 ], [ 48.0008353, -18.5084819 ], [ 48.0006975, -18.5084831 ], [ 48.0005593, -18.5084483 ], [ 48.0005215, -18.5084247 ], [ 48.0004958, -18.5083532 ], [ 48.0005261, -18.5082394 ], [ 48.0006195, -18.5081729 ], [ 48.0007886, -18.5081655 ], [ 48.000857, -18.5081052 ], [ 48.0009376, -18.5080089 ], [ 48.00098, -18.5078531 ], [ 48.000822500000012, -18.5077528 ], [ 48.0006722, -18.50776 ], [ 48.0005218, -18.5077552 ], [ 48.0003523, -18.5077208 ], [ 48.0001962, -18.5077818 ], [ 47.999989, -18.5077297 ], [ 47.999863, -18.507653 ], [ 47.999824200000013, -18.5075159 ], [ 47.9997293, -18.507421 ], [ 47.9996604, -18.5074216 ], [ 47.9995852, -18.5074162 ], [ 47.9994214, -18.5073159 ], [ 47.9993022, -18.507299 ], [ 47.9992572, -18.5071798 ], [ 47.9993758, -18.507125 ], [ 47.9995449, -18.5071236 ], [ 47.9996447, -18.507069 ], [ 47.99977, -18.507068 ], [ 47.9998832, -18.5071209 ], [ 48.0000525, -18.5071314 ], [ 48.0001465, -18.5071307 ], [ 48.0002218, -18.507142 ], [ 48.000491, -18.5071159 ], [ 48.000634399999988, -18.507043 ], [ 48.0006772, -18.5069231 ], [ 48.000613300000012, -18.5067861 ], [ 48.0004875, -18.5067334 ], [ 48.0004491, -18.506638 ], [ 48.0003732, -18.5065669 ], [ 48.0003477, -18.5065193 ], [ 48.0004037, -18.506471 ], [ 48.0004849, -18.5064405 ], [ 48.000615499999988, -18.5063378 ], [ 48.0006203, -18.5061763 ], [ 48.000594, -18.5060331 ], [ 48.0005487, -18.5058721 ], [ 48.0004969, -18.5056872 ], [ 48.0005148, -18.5055854 ], [ 48.0005765, -18.5054773 ], [ 48.0006886, -18.5054107 ], [ 48.0007563, -18.5052726 ], [ 48.0007928, -18.5051468 ], [ 48.0007919, -18.5050512 ], [ 48.0007531, -18.504914 ], [ 48.0006079, -18.5047956 ], [ 48.000445, -18.504791 ], [ 48.0002825, -18.5048401 ], [ 48.0001952, -18.5048827 ], [ 48.0001329, -18.5049191 ], [ 47.9999134, -18.5048969 ], [ 47.9998676, -18.5046821 ], [ 47.9998478, -18.5045747 ], [ 47.9998472, -18.504503 ], [ 47.9999524, -18.5043586 ], [ 48.0000587, -18.5043398 ], [ 48.0001768, -18.5042373 ], [ 48.0001759, -18.5041356 ], [ 48.000244, -18.5040394 ], [ 48.0003564, -18.5039967 ], [ 48.0005122, -18.5039057 ], [ 48.0006122, -18.503875 ], [ 48.000630199999989, -18.5037912 ], [ 48.000642, -18.5037074 ], [ 48.0006161, -18.503618 ], [ 48.0006153, -18.5035283 ], [ 48.0007833, -18.5034014 ], [ 48.000863499999987, -18.5032573 ], [ 48.0008497, -18.5031139 ], [ 48.0008668, -18.5029345 ], [ 48.000916100000012, -18.5028324 ], [ 48.001066, -18.5027834 ], [ 48.00126, -18.5027639 ], [ 48.001448, -18.5027623 ], [ 48.0015921, -18.5027612 ], [ 48.0017048, -18.5027543 ], [ 48.0016976, -18.5026527 ], [ 48.0016655, -18.5025693 ], [ 48.0015574, -18.5023908 ], [ 48.0015684, -18.5022234 ], [ 48.0016235, -18.5020735 ], [ 48.0016978, -18.5019772 ], [ 48.001817400000014, -18.502042 ], [ 48.0019502, -18.5021784 ], [ 48.0021376, -18.5021111 ], [ 48.0022551, -18.5019487 ], [ 48.0023287, -18.5017688 ], [ 48.0024148, -18.5015888 ], [ 48.0025577, -18.5014561 ], [ 48.00273940000001, -18.5014606 ], [ 48.0028657, -18.5015671 ], [ 48.0029799, -18.5017276 ], [ 48.0030686, -18.5018345 ], [ 48.003226, -18.5019169 ], [ 48.003359, -18.5020831 ], [ 48.0033787, -18.5021786 ], [ 48.003486100000011, -18.5022734 ], [ 48.0035674, -18.5022667 ], [ 48.0036613, -18.502254 ], [ 48.0037436, -18.502349 ], [ 48.0037195, -18.5024508 ], [ 48.003720600000015, -18.5025763 ], [ 48.003721800000015, -18.5027078 ], [ 48.0037978, -18.5028028 ], [ 48.003904299999988, -18.502802 ], [ 48.0039855, -18.5027654 ], [ 48.0040603, -18.502723 ], [ 48.0041542, -18.5027162 ], [ 48.0043107, -18.502709 ], [ 48.0043799, -18.5027323 ], [ 48.0044742, -18.5027734 ], [ 48.0045815, -18.5028562 ], [ 48.0046011, -18.5029457 ], [ 48.0046402, -18.5031127 ], [ 48.0046975, -18.5032199 ], [ 48.004973, -18.5031997 ], [ 48.0052174, -18.5031977 ], [ 48.0054362, -18.503148 ], [ 48.0056046, -18.5030689 ], [ 48.0057102, -18.5029665 ], [ 48.005766, -18.5028943 ], [ 48.0058706, -18.5026842 ], [ 48.0060258, -18.5025275 ], [ 48.006018199999986, -18.5023781 ], [ 48.0060985, -18.5022519 ], [ 48.0061664, -18.5021438 ], [ 48.0062283, -18.5020596 ], [ 48.0063208, -18.5018974 ], [ 48.0064016, -18.501825 ], [ 48.0064823, -18.5017347 ], [ 48.0065872, -18.5015605 ], [ 48.0067306, -18.5014816 ], [ 48.0068251, -18.5015346 ], [ 48.006932400000011, -18.5016234 ], [ 48.0070714, -18.5017538 ], [ 48.0072594, -18.5017642 ], [ 48.0074664, -18.5017864 ], [ 48.007605, -18.5018749 ], [ 48.0076811, -18.5019699 ], [ 48.0077576, -18.5021247 ], [ 48.0077586, -18.5022263 ], [ 48.0077282, -18.5023282 ], [ 48.0077109, -18.5024957 ], [ 48.0077182, -18.5026092 ], [ 48.0078382, -18.5027158 ], [ 48.0082889, -18.5026763 ], [ 48.008414, -18.5026513 ], [ 48.0086511, -18.5025478 ], [ 48.0088204, -18.5025583 ], [ 48.0089587, -18.502611 ], [ 48.0091531, -18.5026273 ], [ 48.0094414, -18.5026429 ], [ 48.0096175, -18.5027131 ], [ 48.0097179, -18.5027362 ], [ 48.0097994, -18.5027356 ], [ 48.0099061, -18.5027526 ], [ 48.0099695, -18.5028358 ], [ 48.0100268, -18.5029369 ], [ 48.0101216, -18.5030318 ], [ 48.0102099, -18.5030968 ], [ 48.0103914, -18.5030714 ], [ 48.0105414, -18.5030403 ], [ 48.0106979, -18.5030211 ], [ 48.0108543, -18.5029899 ], [ 48.0110422, -18.5029883 ], [ 48.0111795, -18.5029334 ], [ 48.0113351, -18.5028126 ], [ 48.0114789, -18.5027755 ], [ 48.0116731, -18.5027739 ], [ 48.0118484, -18.5027665 ], [ 48.0122298, -18.5026737 ], [ 48.0124604, -18.5025462 ], [ 48.0125785, -18.5024437 ], [ 48.012797, -18.5023582 ], [ 48.0128719, -18.5023217 ], [ 48.0129963, -18.502219 ], [ 48.013133300000014, -18.5021342 ], [ 48.0131947, -18.5019902 ], [ 48.0132374, -18.5018644 ], [ 48.0132867, -18.5017743 ], [ 48.0133362, -18.5017022 ], [ 48.0133916, -18.5015941 ], [ 48.0134586, -18.5013843 ], [ 48.013457, -18.501205 ], [ 48.0134186, -18.5011157 ], [ 48.0133238, -18.5010328 ], [ 48.0132665, -18.5009256 ], [ 48.0132209, -18.5007407 ], [ 48.0131446, -18.5006158 ], [ 48.0131437, -18.5005082 ], [ 48.0132121, -18.5004598 ], [ 48.0133368, -18.5003931 ], [ 48.0134809, -18.5003859 ], [ 48.013562600000014, -18.5004151 ], [ 48.013563399999988, -18.5005107 ], [ 48.0135643, -18.5006064 ], [ 48.0136342, -18.5007134 ], [ 48.013823, -18.5008015 ], [ 48.0139616, -18.500896 ], [ 48.0141624, -18.5009242 ], [ 48.0143437, -18.5008869 ], [ 48.0143872, -18.5008447 ], [ 48.0144676, -18.5007244 ], [ 48.0145099, -18.5005567 ], [ 48.0145914, -18.500562 ], [ 48.0147545, -18.5005786 ], [ 48.0149305, -18.5006429 ], [ 48.0150683, -18.5006418 ], [ 48.0151744, -18.5005931 ], [ 48.015167600000012, -18.5005127 ], [ 48.0154579, -18.5005444 ], [ 48.0152441, -18.4994033 ], [ 48.0152323, -18.4993825 ], [ 48.014557, -18.4981958 ], [ 48.0145071, -18.498108 ], [ 48.0148097, -18.4962656 ], [ 48.0148587, -18.4960007 ], [ 48.0149066, -18.4959387 ], [ 48.0149428, -18.495795 ], [ 48.0150418, -18.4956507 ], [ 48.0152287, -18.4955356 ], [ 48.0152648, -18.4953739 ], [ 48.0152943, -18.4951764 ], [ 48.015362, -18.4950383 ], [ 48.015292200000012, -18.4949373 ], [ 48.0152156, -18.4947825 ], [ 48.0152327, -18.494603 ], [ 48.0151253, -18.4944963 ], [ 48.0149225, -18.4942469 ], [ 48.014733, -18.4940692 ], [ 48.014543199999984, -18.4938735 ], [ 48.0144609, -18.4937785 ], [ 48.0144281, -18.4936114 ], [ 48.0144081, -18.4934741 ], [ 48.0144255, -18.4933305 ], [ 48.0143995, -18.4932231 ], [ 48.0144049, -18.4931215 ], [ 48.0143535, -18.4929844 ], [ 48.0142892, -18.4927996 ], [ 48.0141878, -18.4926749 ], [ 48.0140238, -18.4925508 ], [ 48.013884399999988, -18.4923786 ], [ 48.0138836, -18.4922949 ], [ 48.0138073, -18.492164 ], [ 48.0137373, -18.492051 ], [ 48.0136367, -18.492004 ], [ 48.0134986, -18.4919812 ], [ 48.0133485, -18.4920064 ], [ 48.0131606, -18.4920079 ], [ 48.0130723, -18.4919429 ], [ 48.0130464, -18.4918535 ], [ 48.0130706, -18.4917636 ], [ 48.0131579, -18.4917151 ], [ 48.0132134, -18.491619 ], [ 48.0131752, -18.4915535 ], [ 48.0131681, -18.4914579 ], [ 48.0133114, -18.4913731 ], [ 48.0134296, -18.4912764 ], [ 48.0134286, -18.4911629 ], [ 48.013497, -18.4911085 ], [ 48.013578900000013, -18.4911616 ], [ 48.0136171, -18.4912331 ], [ 48.0136059, -18.4913706 ], [ 48.0136444, -18.4914779 ], [ 48.0137768, -18.4915725 ], [ 48.0139593, -18.4916546 ], [ 48.0140975, -18.4916953 ], [ 48.0141966, -18.491569 ], [ 48.0141952, -18.4914136 ], [ 48.0141562, -18.4912585 ], [ 48.0140862, -18.4911395 ], [ 48.01416, -18.4909895 ], [ 48.0140653, -18.4909125 ], [ 48.013976799999988, -18.4908236 ], [ 48.0138634, -18.4907528 ], [ 48.013737400000011, -18.4906761 ], [ 48.0136613, -18.4905692 ], [ 48.0135347, -18.4904268 ], [ 48.0134713, -18.4903496 ], [ 48.0134703, -18.490242 ], [ 48.0134942, -18.4901043 ], [ 48.0135686, -18.49002 ], [ 48.0137246, -18.4899589 ], [ 48.0138686, -18.4899458 ], [ 48.0139614, -18.4898195 ], [ 48.014066799999981, -18.4896931 ], [ 48.014211, -18.4897039 ], [ 48.0142182, -18.4898054 ], [ 48.0142756, -18.4899185 ], [ 48.014364300000011, -18.4900314 ], [ 48.0144574, -18.489935 ], [ 48.0145189, -18.4898089 ], [ 48.0146243, -18.4896825 ], [ 48.0146607, -18.4895567 ], [ 48.0146344, -18.4894194 ], [ 48.0146271, -18.4892999 ], [ 48.0146254, -18.4891206 ], [ 48.0146242, -18.4889891 ], [ 48.0146422, -18.4888933 ], [ 48.0147798, -18.4888743 ], [ 48.0148668, -18.4887958 ], [ 48.0149285, -18.4886877 ], [ 48.0150279, -18.4886032 ], [ 48.0150835, -18.4885071 ], [ 48.0151707, -18.4884526 ], [ 48.0152773, -18.4884637 ], [ 48.015307500000013, -18.4883379 ], [ 48.0152369, -18.4881532 ], [ 48.0151171, -18.4880705 ], [ 48.0149848, -18.4879879 ], [ 48.0147022, -18.4879125 ], [ 48.0145011, -18.4878484 ], [ 48.0142877, -18.4878024 ], [ 48.0141497, -18.4877856 ], [ 48.0139615, -18.4877513 ], [ 48.0138487, -18.4877522 ], [ 48.013711, -18.4877593 ], [ 48.0135791, -18.4877245 ], [ 48.0134784, -18.4876715 ], [ 48.0133906, -18.4876603 ], [ 48.0133083, -18.4875654 ], [ 48.0132891, -18.4875296 ], [ 48.0132316, -18.4874046 ], [ 48.0130806, -18.4873341 ], [ 48.0130114, -18.4872988 ], [ 48.0128922, -18.4872759 ], [ 48.012853799999988, -18.4871865 ], [ 48.0128777, -18.4870668 ], [ 48.0128144, -18.4869956 ], [ 48.0128637, -18.4868995 ], [ 48.0129508, -18.4868331 ], [ 48.012924399999989, -18.4866838 ], [ 48.0128429, -18.4866785 ], [ 48.0127922, -18.4866192 ], [ 48.0127285, -18.4865001 ], [ 48.0127965, -18.486398 ], [ 48.0128893, -18.4862717 ], [ 48.0128756, -18.4861403 ], [ 48.0128558, -18.4860269 ], [ 48.012849, -18.4859731 ], [ 48.0127159, -18.4858009 ], [ 48.0126213, -18.4857299 ], [ 48.0123956, -18.4857079 ], [ 48.0122139, -18.4857094 ], [ 48.0120133, -18.4856991 ], [ 48.0119387, -18.4857535 ], [ 48.0117762, -18.4858026 ], [ 48.0116191, -18.4857501 ], [ 48.0115426, -18.4855954 ], [ 48.011553, -18.4853621 ], [ 48.0115007, -18.4851294 ], [ 48.0114932, -18.484986 ], [ 48.0114607, -18.4848608 ], [ 48.011477899999988, -18.4846813 ], [ 48.0115775, -18.4846147 ], [ 48.0117591, -18.4846073 ], [ 48.0117894, -18.4844875 ], [ 48.0118697, -18.4843613 ], [ 48.0120196, -18.4843182 ], [ 48.0121199, -18.4843174 ], [ 48.0122072, -18.4842748 ], [ 48.012238, -18.4842148 ], [ 48.012168, -18.4841018 ], [ 48.0122234, -18.4839877 ], [ 48.012304, -18.4839034 ], [ 48.0124165, -18.4838726 ], [ 48.0125986, -18.4839189 ], [ 48.0126989, -18.4839181 ], [ 48.0128116, -18.4839171 ], [ 48.0129243, -18.4839102 ], [ 48.0130554, -18.4838553 ], [ 48.0132052, -18.4838003 ], [ 48.01323510000001, -18.4836446 ], [ 48.0132278, -18.4835251 ], [ 48.013176, -18.4833403 ], [ 48.0130059, -18.4832341 ], [ 48.0128362, -18.4831757 ], [ 48.0127408, -18.4830151 ], [ 48.012615499999988, -18.4830161 ], [ 48.0124456, -18.4829279 ], [ 48.0122692, -18.4828217 ], [ 48.0121994, -18.4827266 ], [ 48.0121733, -18.4826133 ], [ 48.0121032, -18.4824764 ], [ 48.0120201, -18.4822977 ], [ 48.012069, -18.4821598 ], [ 48.0122061, -18.482075 ], [ 48.01218, -18.4819617 ], [ 48.0120603, -18.4818909 ], [ 48.0119909, -18.4818377 ], [ 48.011764799999987, -18.4817678 ], [ 48.0116762, -18.4816729 ], [ 48.011631, -18.4815239 ], [ 48.0115232, -18.4813753 ], [ 48.0115223, -18.4812797 ], [ 48.0115277, -18.48119 ], [ 48.0114457, -18.4811189 ], [ 48.0113516, -18.4811077 ], [ 48.0112759, -18.4810545 ], [ 48.0112623, -18.4809291 ], [ 48.011318, -18.4808569 ], [ 48.0114057, -18.4808562 ], [ 48.0114868, -18.4808197 ], [ 48.0115738, -18.4807413 ], [ 48.0116416, -18.4806152 ], [ 48.011691, -18.480543 ], [ 48.011577, -18.4804065 ], [ 48.0114945, -18.4802816 ], [ 48.0115435, -18.4801677 ], [ 48.0116308, -18.4801191 ], [ 48.0117688, -18.4801419 ], [ 48.011894100000013, -18.4801349 ], [ 48.0118927, -18.4799795 ], [ 48.011916400000011, -18.4798298 ], [ 48.011959600000012, -18.4797578 ], [ 48.0120022, -18.4796199 ], [ 48.0120393, -18.4795718 ], [ 48.0120386, -18.4794881 ], [ 48.0119444, -18.479465 ], [ 48.0118181, -18.4793524 ], [ 48.0118171, -18.4792508 ], [ 48.0119425, -18.4792558 ], [ 48.0120557, -18.4793086 ], [ 48.0122072, -18.4794329 ], [ 48.0122454, -18.4795043 ], [ 48.012402099999989, -18.479515 ], [ 48.0124137, -18.4794073 ], [ 48.012639, -18.4793875 ], [ 48.0127831, -18.4793863 ], [ 48.012827699999988, -18.4794696 ], [ 48.0128161, -18.4795714 ], [ 48.0128108, -18.479673 ], [ 48.0127614, -18.4797571 ], [ 48.0127117, -18.4797994 ], [ 48.0126309, -18.4798718 ], [ 48.0125247, -18.4799085 ], [ 48.0124816, -18.4799866 ], [ 48.0124762, -18.4800882 ], [ 48.012496, -18.4801897 ], [ 48.0125404, -18.4802611 ], [ 48.012573, -18.4803923 ], [ 48.0126009, -18.4807089 ], [ 48.0125898, -18.4808704 ], [ 48.0125485, -18.4811517 ], [ 48.0125378, -18.481349 ], [ 48.0126082, -18.4815218 ], [ 48.0126662, -18.4816947 ], [ 48.0126987, -18.4818199 ], [ 48.0127627, -18.4819808 ], [ 48.0127638, -18.4821003 ], [ 48.0127841, -18.4822616 ], [ 48.0128227, -18.4823748 ], [ 48.0129736, -18.4824333 ], [ 48.0130684, -18.4825282 ], [ 48.013119300000014, -18.4826115 ], [ 48.0132013, -18.4826766 ], [ 48.0134348, -18.4828659 ], [ 48.0135289, -18.4828831 ], [ 48.0136099, -18.4828346 ], [ 48.0137788, -18.4828093 ], [ 48.0139289, -18.4827781 ], [ 48.0141609, -18.4828001 ], [ 48.0142351, -18.4826919 ], [ 48.0143095, -18.4826076 ], [ 48.0144336, -18.4824751 ], [ 48.014571, -18.4824321 ], [ 48.0146081, -18.482372 ], [ 48.0147077, -18.4822995 ], [ 48.0148821, -18.4821904 ], [ 48.0149626, -18.4820882 ], [ 48.0150683, -18.4819976 ], [ 48.0151427, -18.4819133 ], [ 48.0153062, -18.4819897 ], [ 48.0154381, -18.4820245 ], [ 48.0155264, -18.4820895 ], [ 48.0155773, -18.4821727 ], [ 48.0156912, -18.4822973 ], [ 48.0158303, -18.4824396 ], [ 48.0158994, -18.482463 ], [ 48.0159248, -18.4824986 ], [ 48.0159253, -18.4825584 ], [ 48.0159446, -18.4826121 ], [ 48.016058, -18.4826828 ], [ 48.0162021, -18.4826817 ], [ 48.0163587, -18.4826804 ], [ 48.0164722, -18.4827631 ], [ 48.0165786, -18.4827563 ], [ 48.0167411, -18.4827131 ], [ 48.016852899999989, -18.4826045 ], [ 48.0169587, -18.482526 ], [ 48.0170393, -18.4824297 ], [ 48.0171383, -18.4823033 ], [ 48.0173128, -18.4822002 ], [ 48.0175185, -18.482091 ], [ 48.0176938, -18.4820716 ], [ 48.0178187, -18.4820287 ], [ 48.0179313, -18.4820098 ], [ 48.0180375, -18.4819791 ], [ 48.0181629, -18.48199 ], [ 48.0182426, -18.481804 ], [ 48.0182917, -18.48169 ], [ 48.01835950000001, -18.4815699 ], [ 48.0183956, -18.4814022 ], [ 48.0184442, -18.4812404 ], [ 48.0184996, -18.4811324 ], [ 48.018586400000011, -18.4810241 ], [ 48.0187992, -18.4810104 ], [ 48.0189365, -18.4809494 ], [ 48.0190675, -18.4808886 ], [ 48.0191103, -18.4807747 ], [ 48.0191532, -18.4806667 ], [ 48.0190643, -18.4805359 ], [ 48.0189498, -18.4803456 ], [ 48.0189288, -18.4801067 ], [ 48.0189909, -18.4800404 ], [ 48.0190702, -18.4798126 ], [ 48.0191566, -18.4796684 ], [ 48.0192854, -18.4793625 ], [ 48.0193212, -18.4791649 ], [ 48.0193954, -18.4790627 ], [ 48.019538, -18.4789001 ], [ 48.0198133, -18.478862 ], [ 48.0200449, -18.4788361 ], [ 48.0202453, -18.4788285 ], [ 48.0203889, -18.4787795 ], [ 48.02038790000001, -18.4786659 ], [ 48.02038, -18.4784867 ], [ 48.0203033, -18.4783199 ], [ 48.0202514, -18.4781291 ], [ 48.0203689, -18.4779607 ], [ 48.0206616, -18.477767 ], [ 48.020609900000011, -18.4775941 ], [ 48.0203648, -18.4775124 ], [ 48.0201262, -18.4774487 ], [ 48.0199002, -18.4773967 ], [ 48.019818, -18.4773078 ], [ 48.0198039, -18.4771345 ], [ 48.0198519, -18.476901 ], [ 48.0200137, -18.4767921 ], [ 48.0201116, -18.4765282 ], [ 48.02011, -18.4763549 ], [ 48.020133900000012, -18.4762232 ], [ 48.0202013, -18.4760612 ], [ 48.0203195, -18.4759766 ], [ 48.020526, -18.475945 ], [ 48.0207139, -18.4759434 ], [ 48.0209089, -18.4760374 ], [ 48.0209976, -18.4761383 ], [ 48.0210424, -18.4762456 ], [ 48.0212437, -18.4763335 ], [ 48.021436, -18.4761287 ], [ 48.0215224, -18.4759845 ], [ 48.0216906, -18.4758875 ], [ 48.0219089, -18.4757781 ], [ 48.0220766, -18.4756273 ], [ 48.0220437, -18.4754542 ], [ 48.0220045, -18.4752692 ], [ 48.0219097, -18.4751803 ], [ 48.0219144, -18.4750129 ], [ 48.0219883, -18.4748688 ], [ 48.021999300000012, -18.4747014 ], [ 48.0218232, -18.4746191 ], [ 48.0216909, -18.4745425 ], [ 48.0215835, -18.4744478 ], [ 48.0215577, -18.4743643 ], [ 48.0214561, -18.4742157 ], [ 48.02138, -18.4741028 ], [ 48.0212789, -18.4740139 ], [ 48.0212825, -18.473715 ], [ 48.0212867, -18.4734938 ], [ 48.0213226, -18.4733022 ], [ 48.021365, -18.4731465 ], [ 48.0213707, -18.4730807 ], [ 48.0211891, -18.4730882 ], [ 48.0210815, -18.4729755 ], [ 48.0209314, -18.4730006 ], [ 48.0208621, -18.4729594 ], [ 48.02084259999998, -18.4728818 ], [ 48.0209544, -18.4727673 ], [ 48.0210663, -18.4726827 ], [ 48.0212911, -18.4725971 ], [ 48.021365, -18.472459 ], [ 48.0214517, -18.4723507 ], [ 48.0215511, -18.4722602 ], [ 48.0215997, -18.4720984 ], [ 48.021454, -18.4719203 ], [ 48.0213718, -18.4718254 ], [ 48.021496, -18.4717108 ], [ 48.0214507, -18.4715557 ], [ 48.0213743, -18.4714189 ], [ 48.0212798, -18.4713599 ], [ 48.0213169, -18.4712998 ], [ 48.0213161, -18.4712161 ], [ 48.0212471, -18.4712107 ], [ 48.0212209, -18.4710794 ], [ 48.0213256, -18.4708873 ], [ 48.0214438, -18.4707906 ], [ 48.0215619, -18.470688 ], [ 48.021661699999981, -18.4706454 ], [ 48.0217548, -18.470549 ], [ 48.0218232, -18.4705006 ], [ 48.0218228, -18.4704528 ], [ 48.0217163, -18.4704536 ], [ 48.0215852, -18.4705025 ], [ 48.0215657, -18.470425 ], [ 48.0216714, -18.4703345 ], [ 48.0217775, -18.4702977 ], [ 48.0218777, -18.4702909 ], [ 48.0219719, -18.47032 ], [ 48.0221291, -18.4703845 ], [ 48.0221607, -18.4704081 ], [ 48.0222179, -18.4705033 ], [ 48.022274, -18.4704729 ], [ 48.0222539, -18.4703296 ], [ 48.0222212, -18.4701745 ], [ 48.0223203, -18.4700541 ], [ 48.0224329, -18.4700412 ], [ 48.0225837, -18.4700878 ], [ 48.0227283, -18.4701404 ], [ 48.0229168, -18.4702046 ], [ 48.0231303, -18.4702626 ], [ 48.0232557, -18.4702795 ], [ 48.0234759, -18.4703793 ], [ 48.0236579, -18.4704196 ], [ 48.0237573, -18.4703351 ], [ 48.0237487, -18.4700721 ], [ 48.023684599999989, -18.4699113 ], [ 48.0237511, -18.4696537 ], [ 48.0237622, -18.4694982 ], [ 48.0237986, -18.4693604 ], [ 48.0238795, -18.4693059 ], [ 48.0239671, -18.4692932 ], [ 48.0241112, -18.469292 ], [ 48.0241731, -18.4692138 ], [ 48.024303800000013, -18.4691231 ], [ 48.0244215, -18.4689786 ], [ 48.0245827, -18.468792 ], [ 48.0248087, -18.4688439 ], [ 48.0249044, -18.4690404 ], [ 48.0249121, -18.4691957 ], [ 48.0249129, -18.4692854 ], [ 48.0249075, -18.4693751 ], [ 48.0248206, -18.4694715 ], [ 48.0247094, -18.4696338 ], [ 48.0246974, -18.4696996 ], [ 48.0247551, -18.4698366 ], [ 48.0249757, -18.4699902 ], [ 48.0251461, -18.4701323 ], [ 48.0253478, -18.4702621 ], [ 48.0255308, -18.470416 ], [ 48.0257758, -18.4704917 ], [ 48.0259954, -18.4705317 ], [ 48.0262093, -18.4706256 ], [ 48.026511, -18.4707426 ], [ 48.0267428, -18.4707466 ], [ 48.0269684, -18.4707567 ], [ 48.0280065, -18.4712502 ], [ 48.02835229999998, -18.4713848 ], [ 48.0289072, -18.4717927 ], [ 48.0297945, -18.4722336 ], [ 48.0301983, -18.4725411 ], [ 48.0309024, -18.4728221 ], [ 48.031431, -18.4730807 ], [ 48.0320594, -18.4733026 ], [ 48.0326171, -18.4733159 ], [ 48.033235800000014, -18.4731553 ], [ 48.0333062, -18.4733221 ], [ 48.0334078, -18.4734767 ], [ 48.0336464, -18.4735345 ], [ 48.0339095, -18.4735323 ], [ 48.0341793, -18.4735838 ], [ 48.0345865, -18.4735864 ], [ 48.0347988, -18.4735069 ], [ 48.0349737, -18.4734516 ], [ 48.0350978, -18.4733251 ], [ 48.0352529, -18.4731624 ], [ 48.035307, -18.4729109 ], [ 48.0353873, -18.4727966 ], [ 48.0355554, -18.4726816 ], [ 48.0358309, -18.4726614 ], [ 48.0358808, -18.4726001 ], [ 48.0320424, -18.4730018 ], [ 48.0303842, -18.4709987 ], [ 48.0303079, -18.4706467 ], [ 48.0301809, -18.4701395 ], [ 48.0298347, -18.4697882 ], [ 48.0304001, -18.4685125 ], [ 48.0308255, -18.4677989 ], [ 48.0314712, -18.4662026 ], [ 48.031458, -18.4659704 ], [ 48.0314776, -18.4657149 ], [ 48.0318719, -18.4652278 ], [ 48.0403859, -18.4610755 ], [ 48.0406107, -18.4610437 ], [ 48.0412945, -18.461095 ], [ 48.0419918, -18.4610796 ], [ 48.043054, -18.4616418 ], [ 48.0426175, -18.4617926 ], [ 48.0423015, -18.461791 ], [ 48.0417143, -18.4618675 ], [ 48.0402019, -18.4623185 ], [ 48.0405725, -18.4626054 ], [ 48.0408337, -18.4628681 ], [ 48.0414374, -18.4632768 ], [ 48.0416127, -18.4634913 ], [ 48.0416401, -18.4634513 ], [ 48.0418142, -18.4634252 ], [ 48.0419629, -18.4634548 ], [ 48.0420989, -18.4634906 ], [ 48.0422286, -18.4635511 ], [ 48.0423061, -18.4635566 ], [ 48.0424409, -18.4634754 ], [ 48.0423564, -18.4634083 ], [ 48.0423422, -18.4632729 ], [ 48.04236, -18.4631002 ], [ 48.0423457, -18.4629525 ], [ 48.0423382, -18.4628355 ], [ 48.0423222, -18.4625029 ], [ 48.0423468, -18.4623733 ], [ 48.0424176, -18.4623419 ], [ 48.0425731, -18.4624083 ], [ 48.0427805, -18.4624867 ], [ 48.0429935, -18.4624788 ], [ 48.04307, -18.4623734 ], [ 48.0430563, -18.4622872 ], [ 48.0430294, -18.4621704 ], [ 48.0429963, -18.4620844 ], [ 48.0428479, -18.462098 ], [ 48.0428088, -18.4620613 ], [ 48.0427886, -18.4619691 ], [ 48.0427938, -18.4618273 ], [ 48.042870600000015, -18.4617589 ], [ 48.042961, -18.4617581 ], [ 48.0430389, -18.4618068 ], [ 48.0432013, -18.4619101 ], [ 48.0433498, -18.4619089 ], [ 48.0433359, -18.4618043 ], [ 48.0434192, -18.4617358 ], [ 48.0434903, -18.4617414 ], [ 48.0436323, -18.4617402 ], [ 48.043734900000011, -18.4616592 ], [ 48.0436756, -18.4615303 ], [ 48.043559099999989, -18.4615005 ], [ 48.0434423, -18.461446 ], [ 48.0432807, -18.4614166 ], [ 48.0430476, -18.4613507 ], [ 48.0428731, -18.4613337 ], [ 48.042743799999982, -18.4613102 ], [ 48.0426142, -18.461262 ], [ 48.0426067, -18.4611449 ], [ 48.0427023, -18.4610086 ], [ 48.0428116, -18.4609645 ], [ 48.0428692, -18.4609086 ], [ 48.0428877, -18.460816 ], [ 48.0430808, -18.4607466 ], [ 48.043228, -18.4606098 ], [ 48.0432524, -18.4604556 ], [ 48.0433479, -18.4603008 ], [ 48.0434437, -18.460189 ], [ 48.0436046, -18.4601322 ], [ 48.0438426, -18.4600378 ], [ 48.0442033, -18.4599485 ], [ 48.044436, -18.4599712 ], [ 48.0446555, -18.4599694 ], [ 48.0448103, -18.4599557 ], [ 48.0449343, -18.4601026 ], [ 48.0451667, -18.4600945 ], [ 48.0453282, -18.4601054 ], [ 48.0455352, -18.4601468 ], [ 48.0457683, -18.4602188 ], [ 48.0459687, -18.4602479 ], [ 48.0461237, -18.4602528 ], [ 48.0462213, -18.4603382 ], [ 48.0464725, -18.4602745 ], [ 48.0465872, -18.4601072 ], [ 48.046721399999981, -18.459952 ], [ 48.046733, -18.4598163 ], [ 48.0467309, -18.4595884 ], [ 48.0467874, -18.4594154 ], [ 48.0468054, -18.4592612 ], [ 48.0468883, -18.4591558 ], [ 48.047059, -18.4590647 ], [ 48.0477855, -18.4590586 ], [ 48.0482122, -18.4591387 ], [ 48.0489537, -18.4593954 ], [ 48.0488761, -18.4606118 ], [ 48.0481089, -18.4611771 ], [ 48.0481493, -18.4616213 ], [ 48.0483108, -18.462227 ], [ 48.0484723, -18.4627519 ], [ 48.048755, -18.4631154 ], [ 48.0493203, -18.4635595 ], [ 48.0497645, -18.4639633 ], [ 48.0506125, -18.4643267 ], [ 48.052914099999988, -18.4647305 ], [ 48.0536813, -18.4646498 ], [ 48.054327400000012, -18.4644479 ], [ 48.0544889, -18.4652959 ], [ 48.0548927, -18.4661438 ], [ 48.0554984, -18.466265 ], [ 48.0563464, -18.4654978 ], [ 48.0563464, -18.4648113 ], [ 48.056306, -18.4637614 ], [ 48.056831, -18.4634384 ], [ 48.058002, -18.463398 ], [ 48.0594153, -18.4623078 ], [ 48.059496, -18.460531 ], [ 48.0591326, -18.45936 ], [ 48.0596576, -18.4585928 ], [ 48.060545900000015, -18.4583909 ], [ 48.0611516, -18.457866 ], [ 48.0630091, -18.4542722 ], [ 48.0638571, -18.4522532 ], [ 48.0637763, -18.4510014 ], [ 48.0634129, -18.4501534 ], [ 48.0633321, -18.4493862 ], [ 48.0630091, -18.448942 ], [ 48.0626457, -18.4485382 ], [ 48.0624438, -18.4482556 ], [ 48.0621611, -18.447771 ], [ 48.0618784, -18.4468019 ], [ 48.0619996, -18.4461962 ], [ 48.0622015, -18.4455905 ], [ 48.0628476, -18.4455097 ], [ 48.0640993, -18.4452271 ], [ 48.0645031, -18.4446618 ], [ 48.0645031, -18.4438542 ], [ 48.0641397, -18.4427639 ], [ 48.0638571, -18.4419967 ], [ 48.0635744, -18.441068 ], [ 48.0633321, -18.4403815 ], [ 48.0630091, -18.4400181 ], [ 48.0625245, -18.4400585 ], [ 48.0618381, -18.4403815 ], [ 48.0613939, -18.4404623 ], [ 48.060868899999988, -18.4400585 ], [ 48.0604651, -18.4399777 ], [ 48.0599806, -18.4400181 ], [ 48.0590519, -18.4400181 ], [ 48.0575578, -18.4393316 ], [ 48.0547716, -18.4367473 ], [ 48.0538429, -18.4364647 ], [ 48.052793, -18.4367473 ], [ 48.0520661, -18.4371107 ], [ 48.0519046, -18.4377972 ], [ 48.051743099999989, -18.4390086 ], [ 48.0518642, -18.439695 ], [ 48.051985400000014, -18.4407045 ], [ 48.0520661, -18.4415929 ], [ 48.0520661, -18.4427235 ], [ 48.0521469, -18.4436927 ], [ 48.051622, -18.444258 ], [ 48.0509355, -18.4445406 ], [ 48.050250800000015, -18.4445601 ], [ 48.0502, -18.4444918 ], [ 48.049912, -18.4445002 ], [ 48.0496549, -18.4444725 ], [ 48.0495108, -18.4444677 ], [ 48.049229, -18.4444701 ], [ 48.0488274, -18.4443898 ], [ 48.0485629, -18.4442246 ], [ 48.0483407, -18.4439097 ], [ 48.0481818, -18.443648 ], [ 48.0480158, -18.4433087 ], [ 48.0477135, -18.4431259 ], [ 48.0474304, -18.4429968 ], [ 48.0472406, -18.4427892 ], [ 48.0469454, -18.442696 ], [ 48.0467497, -18.4425303 ], [ 48.046679, -18.4423396 ], [ 48.0466584, -18.4421365 ], [ 48.0466078, -18.4420831 ], [ 48.0464555, -18.4418692 ], [ 48.0463083, -18.4415238 ], [ 48.0462378, -18.441351 ], [ 48.0462421, -18.4411358 ], [ 48.0462268, -18.440837 ], [ 48.0461007, -18.4407484 ], [ 48.0458937, -18.4407203 ], [ 48.0456931, -18.4406921 ], [ 48.0456054, -18.4406988 ], [ 48.0454428, -18.4407181 ], [ 48.0453489, -18.4407249 ], [ 48.0452105, -18.4406603 ], [ 48.0451534, -18.4405771 ], [ 48.0450212, -18.4405064 ], [ 48.044851, -18.4403823 ], [ 48.0446682, -18.4402583 ], [ 48.0445599, -18.440056 ], [ 48.0444016, -18.439872 ], [ 48.0442438, -18.4397359 ], [ 48.0441114, -18.4396473 ], [ 48.0440853, -18.439528 ], [ 48.0439842, -18.4394392 ], [ 48.0438702, -18.4392967 ], [ 48.043719, -18.4391963 ], [ 48.0436366, -18.4390894 ], [ 48.0436545, -18.4389936 ], [ 48.0437409, -18.4388614 ], [ 48.0439034, -18.4388242 ], [ 48.0439904, -18.4387457 ], [ 48.0440081, -18.438626 ], [ 48.0440064, -18.4384467 ], [ 48.0440048, -18.4382674 ], [ 48.0439716, -18.4380644 ], [ 48.0439696, -18.4378492 ], [ 48.0438044, -18.4375936 ], [ 48.0436841, -18.4374511 ], [ 48.0436325, -18.4372902 ], [ 48.0435681, -18.4370935 ], [ 48.0433969, -18.4368737 ], [ 48.0431196, -18.4366788 ], [ 48.042962, -18.4365725 ], [ 48.0427922, -18.4364902 ], [ 48.0426793, -18.4364733 ], [ 48.0426531, -18.4363539 ], [ 48.0427963, -18.4362631 ], [ 48.0428831, -18.4361607 ], [ 48.0428697, -18.4360712 ], [ 48.0428129, -18.4360238 ], [ 48.0427311, -18.4359767 ], [ 48.0426184, -18.4359776 ], [ 48.0425424, -18.4358886 ], [ 48.0425417, -18.4358169 ], [ 48.0425723, -18.4357389 ], [ 48.042677300000015, -18.4355766 ], [ 48.0427825, -18.4354442 ], [ 48.0428322, -18.43539 ], [ 48.0429188, -18.4352757 ], [ 48.0429239, -18.4351561 ], [ 48.0427853, -18.4350616 ], [ 48.0427152, -18.4349307 ], [ 48.0425126, -18.4346933 ], [ 48.0424303, -18.4345984 ], [ 48.0424169, -18.4345028 ], [ 48.0423656, -18.4343777 ], [ 48.0420952, -18.4342485 ], [ 48.0420315, -18.4341355 ], [ 48.0418678, -18.4340472 ], [ 48.0417975, -18.4338864 ], [ 48.041652, -18.4337262 ], [ 48.041550699999981, -18.4336075 ], [ 48.041461700000013, -18.4334648 ], [ 48.041435, -18.4332857 ], [ 48.0412589, -18.4332094 ], [ 48.0411523, -18.4331924 ], [ 48.0410395, -18.4331874 ], [ 48.040939, -18.4331583 ], [ 48.0408879, -18.4330511 ], [ 48.0407494, -18.4329626 ], [ 48.0406488, -18.4329216 ], [ 48.0406038, -18.4328025 ], [ 48.0404146, -18.4326546 ], [ 48.040282, -18.4325421 ], [ 48.040162, -18.4324236 ], [ 48.0400047, -18.4323532 ], [ 48.0398848, -18.4322526 ], [ 48.039834, -18.4321693 ], [ 48.0397954, -18.432062 ], [ 48.0396689, -18.4319256 ], [ 48.0394992, -18.4318553 ], [ 48.0392666, -18.4317646 ], [ 48.038854099999988, -18.4318517 ], [ 48.038392, -18.431999 ], [ 48.0379409, -18.4319789 ], [ 48.0376277, -18.4319696 ], [ 48.0373402, -18.4320437 ], [ 48.037090299999988, -18.4321056 ], [ 48.0367397, -18.4321204 ], [ 48.0363148, -18.4322196 ], [ 48.0359251, -18.4320675 ], [ 48.0357591, -18.4317222 ], [ 48.0356064, -18.4314604 ], [ 48.0352505, -18.4309015 ], [ 48.0352851, -18.4305665 ], [ 48.0352432, -18.4301005 ], [ 48.0345871, -18.42958 ], [ 48.0343329, -18.4291756 ], [ 48.0340417, -18.4288314 ], [ 48.0336863, -18.4283202 ], [ 48.0334071, -18.4279161 ], [ 48.032787, -18.4272278 ], [ 48.0320173, -18.4266006 ], [ 48.0315866, -18.4260782 ], [ 48.0313155, -18.4251957 ], [ 48.0308485, -18.4248051 ], [ 48.0303461, -18.4246419 ], [ 48.0300077, -18.4246208 ], [ 48.0296953, -18.4247071 ], [ 48.0294455, -18.4247809 ], [ 48.0288058, -18.4246786 ], [ 48.0284933, -18.424741 ], [ 48.0282072, -18.4249586 ], [ 48.028208400000011, -18.4250901 ], [ 48.0280207, -18.4251155 ], [ 48.0277193, -18.4250194 ], [ 48.0275685, -18.4249669 ], [ 48.0273988, -18.4249085 ], [ 48.027179, -18.4248386 ], [ 48.0269475, -18.4248585 ], [ 48.0266466, -18.4248251 ], [ 48.026439599999989, -18.424785 ], [ 48.0261759, -18.4247154 ], [ 48.0258996, -18.424634 ], [ 48.0256672, -18.4245582 ], [ 48.0254844, -18.4244223 ], [ 48.0251829, -18.4243231 ], [ 48.0249818, -18.4242531 ], [ 48.0248431, -18.4241526 ], [ 48.0246667, -18.4240285 ], [ 48.0245605, -18.4240653 ], [ 48.0243478, -18.424085 ], [ 48.0242348, -18.424062 ], [ 48.0240834, -18.4239377 ], [ 48.0240825, -18.4238421 ], [ 48.0239636, -18.4238431 ], [ 48.02387, -18.4238797 ], [ 48.023732, -18.4238629 ], [ 48.0236878, -18.4238155 ], [ 48.023637, -18.4237442 ], [ 48.023561600000015, -18.4237149 ], [ 48.023498399999987, -18.4236557 ], [ 48.0234166, -18.4236025 ], [ 48.0233345, -18.4235315 ], [ 48.023277, -18.4234064 ], [ 48.0232506, -18.4232572 ], [ 48.0232501, -18.4232034 ], [ 48.023306, -18.4231491 ], [ 48.0235241, -18.4230338 ], [ 48.0234481, -18.4229447 ], [ 48.0234037, -18.4228734 ], [ 48.0233408, -18.422844 ], [ 48.0232777, -18.4227967 ], [ 48.0232706, -18.4227071 ], [ 48.0232326, -18.4226596 ], [ 48.0232003, -18.4225463 ], [ 48.0229991, -18.4224642 ], [ 48.0228864, -18.4224652 ], [ 48.0227725, -18.4223346 ], [ 48.0227904, -18.4222328 ], [ 48.0229084, -18.4221243 ], [ 48.0230583, -18.4220872 ], [ 48.0231701, -18.4219786 ], [ 48.0232383, -18.4219004 ], [ 48.02330569999998, -18.4217384 ], [ 48.0232539, -18.4215535 ], [ 48.0232463, -18.4214042 ], [ 48.023213, -18.4211892 ], [ 48.0231558, -18.4211 ], [ 48.023017800000012, -18.4210773 ], [ 48.0228805, -18.4211203 ], [ 48.0227562, -18.4212229 ], [ 48.0226003, -18.4212959 ], [ 48.0224189, -18.4213213 ], [ 48.0222686, -18.4213286 ], [ 48.0220744, -18.4213122 ], [ 48.021867300000011, -18.4212721 ], [ 48.0217976, -18.421177 ], [ 48.0218214, -18.4210453 ], [ 48.0219207, -18.4209369 ], [ 48.0219068, -18.4207936 ], [ 48.0218872, -18.4207041 ], [ 48.0218671, -18.4205608 ], [ 48.0218659, -18.4204293 ], [ 48.0218461, -18.4203099 ], [ 48.0217075, -18.4202214 ], [ 48.02166290000001, -18.4201321 ], [ 48.021637, -18.4200426 ], [ 48.0215924, -18.4199593 ], [ 48.0213974, -18.4198653 ], [ 48.021171, -18.4197595 ], [ 48.021026, -18.4196472 ], [ 48.0209875, -18.4195459 ], [ 48.0210365, -18.4194259 ], [ 48.0211106, -18.4193177 ], [ 48.0211785, -18.4192035 ], [ 48.0213277, -18.4190887 ], [ 48.02144, -18.41904 ], [ 48.0214579, -18.4189442 ], [ 48.0214135, -18.4188788 ], [ 48.0212193, -18.4188685 ], [ 48.0209943, -18.4189241 ], [ 48.0207568, -18.4189679 ], [ 48.0205258, -18.4190535 ], [ 48.0203634, -18.4190967 ], [ 48.0200501, -18.4190754 ], [ 48.0198802, -18.4189871 ], [ 48.0195598, -18.4188702 ], [ 48.0194087, -18.4187818 ], [ 48.0193758, -18.4186087 ], [ 48.0193174, -18.418382 ], [ 48.019197, -18.4182276 ], [ 48.0190082, -18.4181216 ], [ 48.0187953, -18.4181293 ], [ 48.0185944, -18.4180712 ], [ 48.0183489, -18.4179298 ], [ 48.0181296, -18.4179196 ], [ 48.0177342, -18.4178213 ], [ 48.0174335, -18.4178058 ], [ 48.0172143, -18.4178076 ], [ 48.0171267, -18.4178083 ], [ 48.0169706, -18.4178575 ], [ 48.0167389, -18.4178594 ], [ 48.0165265, -18.4179149 ], [ 48.0163386, -18.4179165 ], [ 48.0161069, -18.4179184 ], [ 48.0159003, -18.4179261 ], [ 48.0156439, -18.417964 ], [ 48.0155312, -18.417965 ], [ 48.0153748, -18.4179782 ], [ 48.0152377, -18.4180511 ], [ 48.0150436, -18.4180586 ], [ 48.0148999, -18.4181017 ], [ 48.0147062, -18.4181391 ], [ 48.0145812, -18.418176 ], [ 48.0143437, -18.4182198 ], [ 48.0142373, -18.4182267 ], [ 48.0140745, -18.418228 ], [ 48.01395, -18.4183187 ], [ 48.0137437, -18.4183503 ], [ 48.0135747, -18.4183637 ], [ 48.0134249, -18.4184187 ], [ 48.0132816, -18.4184976 ], [ 48.013194, -18.4185043 ], [ 48.012993699999988, -18.4185179 ], [ 48.0128693, -18.4186145 ], [ 48.0127953, -18.4187347 ], [ 48.012627, -18.4188258 ], [ 48.0122327, -18.4188469 ], [ 48.011951, -18.4188612 ], [ 48.0118261, -18.4188981 ], [ 48.011669799999986, -18.4189233 ], [ 48.0115072, -18.4189485 ], [ 48.0114013, -18.4190092 ], [ 48.0112703, -18.419076 ], [ 48.011158300000012, -18.4191487 ], [ 48.0110021, -18.4191858 ], [ 48.0109403, -18.419276 ], [ 48.0107462, -18.4192836 ], [ 48.0105766, -18.4192312 ], [ 48.0103763, -18.4192328 ], [ 48.0102072, -18.4192342 ], [ 48.0099448, -18.4193081 ], [ 48.0098133, -18.4193092 ], [ 48.0097006, -18.4193101 ], [ 48.0096254, -18.4193047 ], [ 48.0095247, -18.4192518 ], [ 48.0092995, -18.4192775 ], [ 48.0092315, -18.4193737 ], [ 48.0092201, -18.4194993 ], [ 48.0091581, -18.4195716 ], [ 48.0090529, -18.419704 ], [ 48.0090542, -18.4198534 ], [ 48.009118, -18.4199844 ], [ 48.0091629, -18.4200976 ], [ 48.0092391, -18.4202165 ], [ 48.009296, -18.4202758 ], [ 48.0093462, -18.4202874 ], [ 48.0094089, -18.4202988 ], [ 48.0094713, -18.4202684 ], [ 48.0095896, -18.4201987 ], [ 48.0097531, -18.4202691 ], [ 48.0098915, -18.4203397 ], [ 48.0099669, -18.420363 ], [ 48.0100424, -18.4204102 ], [ 48.0101059, -18.4205053 ], [ 48.0101569, -18.4206005 ], [ 48.0102583, -18.4207312 ], [ 48.0102969, -18.4208504 ], [ 48.0104546, -18.4209717 ], [ 48.0105805, -18.4210543 ], [ 48.0106001, -18.4211379 ], [ 48.0106015, -18.4212933 ], [ 48.0105274, -18.4214075 ], [ 48.0104408, -18.4215277 ], [ 48.010228499999982, -18.4215952 ], [ 48.0101542, -18.4216915 ], [ 48.0101489, -18.4218051 ], [ 48.01015, -18.4219246 ], [ 48.010157400000011, -18.4220441 ], [ 48.0102336, -18.4221631 ], [ 48.010297199999989, -18.4222761 ], [ 48.0103543, -18.4223534 ], [ 48.010443, -18.4224722 ], [ 48.0106568, -18.4225601 ], [ 48.0108515, -18.4226302 ], [ 48.0109776, -18.4227189 ], [ 48.011091400000012, -18.4228375 ], [ 48.0111743, -18.4230042 ], [ 48.0112448, -18.4231829 ], [ 48.0113089, -18.4233498 ], [ 48.0113041, -18.4235052 ], [ 48.0112615, -18.423649 ], [ 48.0111563, -18.4237874 ], [ 48.0110758, -18.4238897 ], [ 48.0109327, -18.4239925 ], [ 48.0107643, -18.4240716 ], [ 48.0107023, -18.4241438 ], [ 48.0105847, -18.4242942 ], [ 48.0105296, -18.4244322 ], [ 48.0104807, -18.4245641 ], [ 48.0104066, -18.4246782 ], [ 48.010339, -18.4248282 ], [ 48.0102329, -18.424865 ], [ 48.010152500000011, -18.4249732 ], [ 48.0101532, -18.4250569 ], [ 48.0101039, -18.425147 ], [ 48.0100671, -18.425231 ], [ 48.0100431, -18.4253507 ], [ 48.0100379, -18.4254644 ], [ 48.0100198, -18.4255362 ], [ 48.0100266, -18.4256019 ], [ 48.0100773, -18.4256673 ], [ 48.0099903, -18.4257457 ], [ 48.009954, -18.4258835 ], [ 48.0099551, -18.426003 ], [ 48.009906, -18.426117 ], [ 48.0098506, -18.4262191 ], [ 48.0097514, -18.4263335 ], [ 48.0096144, -18.4264183 ], [ 48.0095148, -18.4264849 ], [ 48.0093838, -18.4265397 ], [ 48.0092967, -18.4266122 ], [ 48.00913580000001, -18.4268227 ], [ 48.009055, -18.4268951 ], [ 48.0088806, -18.4269922 ], [ 48.0086918, -18.4268921 ], [ 48.0086281, -18.4267731 ], [ 48.0084585, -18.4267147 ], [ 48.0083827, -18.4266436 ], [ 48.0082559, -18.4264713 ], [ 48.0082797, -18.4263396 ], [ 48.0080912, -18.4262694 ], [ 48.0078534, -18.4262833 ], [ 48.0076155, -18.4262972 ], [ 48.0075099, -18.4263937 ], [ 48.0073917, -18.4264724 ], [ 48.00728, -18.4265929 ], [ 48.0071496, -18.4267135 ], [ 48.0070001, -18.4268044 ], [ 48.0069698, -18.4269182 ], [ 48.0069457, -18.42702 ], [ 48.0069716, -18.4271155 ], [ 48.007054, -18.4272284 ], [ 48.0071987, -18.4272989 ], [ 48.0073557, -18.4273454 ], [ 48.0073566, -18.4274471 ], [ 48.0072316, -18.427478 ], [ 48.007088, -18.427521 ], [ 48.0069881, -18.4275577 ], [ 48.0068573, -18.4276365 ], [ 48.0068395, -18.4277442 ], [ 48.006828, -18.4278579 ], [ 48.006829, -18.4279714 ], [ 48.0068296, -18.4280432 ], [ 48.006711800000012, -18.4281756 ], [ 48.0066254, -18.4283138 ], [ 48.006545, -18.4284221 ], [ 48.0065461, -18.4285536 ], [ 48.0066038, -18.4286966 ], [ 48.0067178, -18.4288391 ], [ 48.0067376, -18.4289525 ], [ 48.0067386, -18.4290661 ], [ 48.0067215, -18.4292456 ], [ 48.0067226, -18.4293711 ], [ 48.0067115, -18.4295266 ], [ 48.0066244, -18.4295931 ], [ 48.0065687, -18.4296712 ], [ 48.006456899999989, -18.4297678 ], [ 48.0063263, -18.4298765 ], [ 48.006051199999987, -18.4299266 ], [ 48.0058316, -18.4298805 ], [ 48.0057059, -18.4298278 ], [ 48.005555099999988, -18.4297752 ], [ 48.0053987, -18.4297944 ], [ 48.0052482, -18.4297717 ], [ 48.0051793, -18.4297723 ], [ 48.0050353, -18.4297795 ], [ 48.004935599999989, -18.4298341 ], [ 48.004804, -18.4298232 ], [ 48.004628499999988, -18.4298067 ], [ 48.0045227, -18.4298793 ], [ 48.004492, -18.4299453 ], [ 48.0044487, -18.4300054 ], [ 48.0043487, -18.4300302 ], [ 48.0041595, -18.4298823 ], [ 48.0040017, -18.4297521 ], [ 48.0039947, -18.4296624 ], [ 48.0039874, -18.4295489 ], [ 48.0037614, -18.429485 ], [ 48.0037115, -18.4295093 ], [ 48.0036433, -18.4295876 ], [ 48.0036069, -18.4297194 ], [ 48.0035194, -18.4297381 ], [ 48.0033245, -18.429656 ], [ 48.0031922, -18.4295674 ], [ 48.0031035, -18.4294545 ], [ 48.0030965, -18.4293709 ], [ 48.0031016, -18.4292453 ], [ 48.0031633, -18.4291432 ], [ 48.0032379, -18.4290768 ], [ 48.0033245, -18.4289626 ], [ 48.0033112, -18.428873 ], [ 48.0032421, -18.4288497 ], [ 48.0031483, -18.4288684 ], [ 48.0030733, -18.4288809 ], [ 48.0029668, -18.4288818 ], [ 48.0028294, -18.4289248 ], [ 48.0027673, -18.4289731 ], [ 48.0027236, -18.4289914 ], [ 48.0025991, -18.4290821 ], [ 48.0025061, -18.4291844 ], [ 48.0025006, -18.4292682 ], [ 48.002452, -18.429436 ], [ 48.0024094, -18.4295678 ], [ 48.0021971, -18.4296413 ], [ 48.0021528, -18.4295938 ], [ 48.0021268, -18.4294805 ], [ 48.0021316, -18.429319 ], [ 48.002131, -18.4292533 ], [ 48.0021987, -18.4291272 ], [ 48.002273099999982, -18.4290369 ], [ 48.0023036, -18.428947 ], [ 48.0024338, -18.4288025 ], [ 48.0023073, -18.428666 ], [ 48.0022443, -18.4286247 ], [ 48.0021806, -18.4285057 ], [ 48.002023, -18.4283874 ], [ 48.0018966, -18.4282629 ], [ 48.0017893, -18.4281681 ], [ 48.0016439, -18.4280139 ], [ 48.001424, -18.427932 ], [ 48.001293, -18.4279988 ], [ 48.001212200000012, -18.4280652 ], [ 48.0011566, -18.4281434 ], [ 48.0011135, -18.4282274 ], [ 48.0010962, -18.4284009 ], [ 48.0009782, -18.4285095 ], [ 48.000935399999989, -18.4286174 ], [ 48.0008488, -18.4287377 ], [ 48.000818200000012, -18.4288217 ], [ 48.000725100000011, -18.4289121 ], [ 48.0006446, -18.4290144 ], [ 48.0005764, -18.4290986 ], [ 48.0002446, -18.4291073 ], [ 48.0000187, -18.4290553 ], [ 47.9998422, -18.4289312 ], [ 47.9996157, -18.4288195 ], [ 47.9994333, -18.4287254 ], [ 47.9993078, -18.4286965 ], [ 47.9991956, -18.4287572 ], [ 47.9990013, -18.4287408 ], [ 47.9989568, -18.4286635 ], [ 47.9988811, -18.4286043 ], [ 47.9988112, -18.4284913 ], [ 47.9987035, -18.4283607 ], [ 47.9985339, -18.4283023 ], [ 47.9983635, -18.4281542 ], [ 47.998268300000014, -18.4280116 ], [ 47.9982666, -18.4278203 ], [ 47.9983653, -18.4276521 ], [ 47.9984265, -18.4274962 ], [ 47.9986199, -18.4274109 ], [ 47.9987886, -18.4273737 ], [ 47.9989888, -18.4273422 ], [ 47.9991261, -18.4272872 ], [ 47.9993064, -18.4271423 ], [ 47.9993615, -18.4270044 ], [ 47.999442, -18.4269021 ], [ 47.9994348, -18.4267945 ], [ 47.9993333, -18.4266519 ], [ 47.9992075, -18.4265932 ], [ 47.9991565, -18.426486 ], [ 47.9990929, -18.4263849 ], [ 47.9990486, -18.4263255 ], [ 47.999023, -18.4262659 ], [ 47.9989218, -18.4261591 ], [ 47.9988211, -18.4261061 ], [ 47.9987206, -18.4260651 ], [ 47.9985391, -18.4260845 ], [ 47.9983829, -18.4261276 ], [ 47.9983078, -18.4261283 ], [ 47.9982264, -18.4261289 ], [ 47.9981831, -18.426189 ], [ 47.9981712, -18.4262549 ], [ 47.998071, -18.4262557 ], [ 47.9979209, -18.4262868 ], [ 47.9977577, -18.4262403 ], [ 47.9976758, -18.4261872 ], [ 47.9976003, -18.426146 ], [ 47.9975744, -18.4260505 ], [ 47.997517, -18.4259374 ], [ 47.997453, -18.4257825 ], [ 47.9974395, -18.4256691 ], [ 47.997345, -18.425616 ], [ 47.9971934, -18.4254678 ], [ 47.99707440000001, -18.4254688 ], [ 47.9970056, -18.4254753 ], [ 47.9969808, -18.4255054 ], [ 47.9970251, -18.4255589 ], [ 47.9969633, -18.4256431 ], [ 47.9968884, -18.4256736 ], [ 47.9968192, -18.4256442 ], [ 47.9967191, -18.425651 ], [ 47.9966142, -18.4258252 ], [ 47.9965776, -18.4259331 ], [ 47.996516, -18.4260532 ], [ 47.9962793, -18.4261926 ], [ 47.9961231, -18.4262357 ], [ 47.995941900000012, -18.426285 ], [ 47.9958046, -18.426334 ], [ 47.9957177, -18.4264243 ], [ 47.9954731, -18.4263785 ], [ 47.995354, -18.4263675 ], [ 47.9952479, -18.4264042 ], [ 47.9952048, -18.4264943 ], [ 47.9950865, -18.4265729 ], [ 47.9949867, -18.4266156 ], [ 47.9948685, -18.4267002 ], [ 47.9948632, -18.4268079 ], [ 47.9947509, -18.4268626 ], [ 47.9945764, -18.4269537 ], [ 47.994420299999987, -18.4270088 ], [ 47.99437120000001, -18.4271168 ], [ 47.9943157, -18.4272188 ], [ 47.9943041, -18.4273205 ], [ 47.9942488, -18.4274346 ], [ 47.9941372, -18.427561 ], [ 47.9940309, -18.4275798 ], [ 47.9939308, -18.4275926 ], [ 47.9937742, -18.4275938 ], [ 47.993705799999987, -18.4276422 ], [ 47.9937063, -18.427702 ], [ 47.9937071, -18.4277857 ], [ 47.9936573, -18.4278279 ], [ 47.9935698, -18.4278466 ], [ 47.9934824, -18.4278712 ], [ 47.9934514, -18.4279073 ], [ 47.9934082, -18.4279854 ], [ 47.9934029, -18.428093 ], [ 47.9933787, -18.4281829 ], [ 47.993317, -18.428291 ], [ 47.993173399999989, -18.428334 ], [ 47.9931111, -18.4283763 ], [ 47.993068, -18.4284544 ], [ 47.9930249, -18.4285384 ], [ 47.9929878, -18.4285985 ], [ 47.9928002, -18.428624 ], [ 47.9926686, -18.4286131 ], [ 47.9925871, -18.4286018 ], [ 47.9924997, -18.4286384 ], [ 47.99245, -18.4286866 ], [ 47.9924382, -18.4287644 ], [ 47.9924389, -18.4288421 ], [ 47.9923521, -18.4289384 ], [ 47.9923026, -18.4290046 ], [ 47.9922087, -18.4290113 ], [ 47.992178, -18.4290833 ], [ 47.9920972, -18.4291497 ], [ 47.9919975, -18.4292043 ], [ 47.9919351, -18.4292347 ], [ 47.9918739, -18.4293907 ], [ 47.9918876, -18.4295221 ], [ 47.9918946, -18.4296117 ], [ 47.9919142, -18.4296952 ], [ 47.991909, -18.4298148 ], [ 47.9919037, -18.4299224 ], [ 47.9918413, -18.4299468 ], [ 47.9917722, -18.4299235 ], [ 47.991665, -18.4298407 ], [ 47.9915511, -18.4297101 ], [ 47.9914194, -18.4296932 ], [ 47.9913196, -18.4297419 ], [ 47.9912201, -18.4298144 ], [ 47.9911707, -18.4298925 ], [ 47.99114, -18.4299645 ], [ 47.991053, -18.4300429 ], [ 47.990897, -18.430104 ], [ 47.9907352, -18.4302189 ], [ 47.9906357, -18.4302974 ], [ 47.9906307, -18.4304469 ], [ 47.9906131, -18.4305725 ], [ 47.9905951, -18.4306683 ], [ 47.9905207, -18.4307526 ], [ 47.99039, -18.4308433 ], [ 47.9903211, -18.4308439 ], [ 47.9902147, -18.4308507 ], [ 47.9901651, -18.4309049 ], [ 47.9901658, -18.4309826 ], [ 47.9900847, -18.4310132 ], [ 47.9899151, -18.4309667 ], [ 47.9898712, -18.4309551 ], [ 47.989795699999988, -18.4309199 ], [ 47.9897638, -18.4308544 ], [ 47.9897386, -18.4308307 ], [ 47.9896824, -18.4308491 ], [ 47.9896014, -18.4308976 ], [ 47.9895395, -18.4309758 ], [ 47.9894836, -18.431036 ], [ 47.9894467, -18.431108 ], [ 47.9893468, -18.4311387 ], [ 47.989253, -18.4311574 ], [ 47.9892158, -18.4312056 ], [ 47.989179, -18.4312895 ], [ 47.9891232, -18.4313498 ], [ 47.9890925, -18.4314217 ], [ 47.9890869, -18.4314935 ], [ 47.9890624, -18.4315595 ], [ 47.988994, -18.4316079 ], [ 47.9889067, -18.4316564 ], [ 47.9888078, -18.4318007 ], [ 47.9885533, -18.4320538 ], [ 47.9884476, -18.4321443 ], [ 47.9884233, -18.4322222 ], [ 47.9883109, -18.432265 ], [ 47.9882552, -18.4323431 ], [ 47.9881807, -18.4324155 ], [ 47.988143899999983, -18.4324995 ], [ 47.9881072, -18.4325954 ], [ 47.9881015, -18.4326672 ], [ 47.988102, -18.432721 ], [ 47.9880903, -18.4328107 ], [ 47.9880153, -18.4328293 ], [ 47.9879085, -18.4327883 ], [ 47.9878465, -18.4328605 ], [ 47.9877724, -18.4329867 ], [ 47.9876915, -18.4330351 ], [ 47.9876607, -18.4331011 ], [ 47.987630100000011, -18.4331791 ], [ 47.9875809, -18.4332811 ], [ 47.987558, -18.4333034 ], [ 47.9880439, -18.4337802 ], [ 47.9880674, -18.4346521 ], [ 47.9870682, -18.4357524 ], [ 47.9869179, -18.4359525 ], [ 47.9861658, -18.436756 ], [ 47.9855703, -18.4369348 ], [ 47.9853305, -18.4370418 ], [ 47.9846975, -18.4380639 ], [ 47.9846673, -18.4381483 ], [ 47.9862882, -18.4387133 ], [ 47.986472, -18.4390782 ], [ 47.9854831, -18.4394109 ], [ 47.9851515, -18.439465 ], [ 47.9850304, -18.4395224 ], [ 47.9853596, -18.4410753 ], [ 47.9852748, -18.4414604 ], [ 47.9850323, -18.4425619 ], [ 47.985087799999988, -18.4425906 ], [ 47.9858747, -18.4429972 ], [ 47.9863885, -18.4444834 ], [ 47.9871038, -18.4437652 ], [ 47.9872833, -18.443682 ], [ 47.9876765, -18.4436478 ], [ 47.9881851, -18.4435108 ], [ 47.9892953, -18.4434569 ], [ 47.9894448, -18.4434296 ], [ 47.9900755, -18.4433851 ], [ 47.9914806, -18.4436771 ], [ 47.9924668, -18.4439406 ], [ 47.9925724, -18.4440937 ], [ 47.9928903, -18.4448257 ], [ 47.9931364, -18.4451824 ], [ 47.9932658, -18.4453993 ], [ 47.994241200000012, -18.446849 ], [ 47.9942942, -18.446993 ], [ 47.9943444, -18.4473919 ], [ 47.993219, -18.4486129 ], [ 47.9925343, -18.447728 ], [ 47.990830599999988, -18.44627 ], [ 47.9895972, -18.4468196 ], [ 47.9894207, -18.4469592 ], [ 47.9892671, -18.4471899 ], [ 47.9866924, -18.446914 ], [ 47.9872148, -18.4474187 ], [ 47.9865768, -18.4481684 ], [ 47.987111899999988, -18.4494097 ], [ 47.9882135, -18.4497852 ], [ 47.9866977, -18.4508989 ], [ 47.9865787, -18.4508991 ], [ 47.9869028, -18.4518719 ], [ 47.986993, -18.4520722 ], [ 47.988463800000012, -18.4541544 ], [ 47.9890694, -18.4548428 ], [ 47.9892826, -18.4550166 ], [ 47.989656, -18.4552853 ], [ 47.9909098, -18.4557021 ], [ 47.9909998, -18.4557017 ], [ 47.991178699999985, -18.4557573 ], [ 47.9916338, -18.4565602 ], [ 47.9917296, -18.4567078 ], [ 47.9898193, -18.4565542 ], [ 47.9888695, -18.4564596 ], [ 47.9879391, -18.4563565 ], [ 47.9865404, -18.454936 ], [ 47.9854207, -18.4553478 ], [ 47.9852112, -18.454672 ], [ 47.9847001, -18.4528149 ], [ 47.9838594, -18.4524034 ], [ 47.983585299999987, -18.4522103 ], [ 47.9840913, -18.4512451 ], [ 47.9832148, -18.451416 ], [ 47.9816744, -18.4515298 ], [ 47.9802054, -18.4522036 ], [ 47.9793978, -18.4526406 ], [ 47.9791455, -18.4527306 ], [ 47.9793359, -18.4532128 ], [ 47.9801889, -18.4540406 ], [ 47.9796759, -18.4544638 ], [ 47.9783019, -18.4536461 ], [ 47.9774298, -18.4533588 ], [ 47.976713599999989, -18.4530328 ], [ 47.9765878, -18.4528554 ], [ 47.9775078, -18.4526386 ], [ 47.9783809, -18.4526479 ], [ 47.9783389, -18.451836 ], [ 47.9790094, -18.4518686 ], [ 47.9802389, -18.451441 ], [ 47.9815561, -18.4511852 ], [ 47.9830655, -18.4506979 ], [ 47.9845338, -18.4503627 ], [ 47.98511, -18.4501575 ], [ 47.9857187, -18.4489132 ], [ 47.9858149, -18.4475713 ], [ 47.9845858, -18.4467358 ], [ 47.9853129, -18.445626 ], [ 47.9853128, -18.4455522 ], [ 47.9853751, -18.4455377 ], [ 47.9853595, -18.4454785 ], [ 47.9849855, -18.444201 ], [ 47.9839704, -18.4438295 ], [ 47.983574399999988, -18.4430706 ], [ 47.9834052, -18.4427465 ], [ 47.9833999, -18.4427538 ], [ 47.9832689, -18.4428146 ], [ 47.9830997, -18.442804 ], [ 47.9829301, -18.4427456 ], [ 47.9827041, -18.4426817 ], [ 47.9824524, -18.4425522 ], [ 47.9823075, -18.4424518 ], [ 47.9822623, -18.4423087 ], [ 47.9822355, -18.4421056 ], [ 47.9821715, -18.4419567 ], [ 47.9820944, -18.4417362 ], [ 47.9819926, -18.4415517 ], [ 47.9819035, -18.441391 ], [ 47.9817518, -18.4412368 ], [ 47.9816191, -18.4411004 ], [ 47.9814738, -18.4409641 ], [ 47.9812978, -18.4408938 ], [ 47.9811343, -18.4408233 ], [ 47.9809776, -18.4408067 ], [ 47.9807896, -18.4407903 ], [ 47.9805825, -18.4407501 ], [ 47.9803756, -18.4407278 ], [ 47.9801437, -18.4407058 ], [ 47.9799494, -18.4406894 ], [ 47.9796674, -18.4406678 ], [ 47.979344499999989, -18.4405964 ], [ 47.9793469, -18.4405999 ], [ 47.9792363, -18.441337 ], [ 47.978978, -18.4424717 ], [ 47.9796716, -18.443009 ], [ 47.9797019, -18.4430509 ], [ 47.9802867, -18.4431971 ], [ 47.9814749, -18.4433279 ], [ 47.9815632, -18.4440313 ], [ 47.9797875, -18.4446255 ], [ 47.9792727, -18.4455796 ], [ 47.9791802, -18.4456947 ], [ 47.979072, -18.4466503 ], [ 47.9790693, -18.4467777 ], [ 47.9787524, -18.4473008 ], [ 47.978651, -18.4473437 ], [ 47.9785306, -18.4474004 ], [ 47.9783029, -18.4474846 ], [ 47.977638, -18.4480154 ], [ 47.9775046, -18.4480997 ], [ 47.9769569, -18.4485366 ], [ 47.9766742, -18.4490715 ], [ 47.9766899, -18.4483956 ], [ 47.9771504, -18.4481441 ], [ 47.9776875, -18.4475821 ], [ 47.9777625, -18.4474976 ], [ 47.9786389, -18.4466194 ], [ 47.978832, -18.4456115 ], [ 47.9793193, -18.4443965 ], [ 47.9787432, -18.4439925 ], [ 47.9780832, -18.4440927 ], [ 47.9778132, -18.4440879 ], [ 47.9773299, -18.4441991 ], [ 47.9768429, -18.4449029 ], [ 47.9761613, -18.4453422 ], [ 47.9765123, -18.4461698 ], [ 47.9764388, -18.4462521 ], [ 47.975798, -18.44682 ], [ 47.9747755, -18.4472369 ], [ 47.9740316, -18.4469159 ], [ 47.9733066, -18.4478136 ], [ 47.9733047, -18.4478502 ], [ 47.9726818, -18.4479726 ], [ 47.971929800000012, -18.4481584 ], [ 47.9719583, -18.449024 ], [ 47.9718112, -18.4492522 ], [ 47.971747600000015, -18.4504219 ], [ 47.9717738, -18.4504588 ], [ 47.9695816, -18.4520401 ], [ 47.9688942, -18.4511775 ], [ 47.9698869, -18.4501871 ], [ 47.9699807, -18.450098 ], [ 47.9708617, -18.4499348 ], [ 47.9709571, -18.4498805 ], [ 47.9710527, -18.4497901 ], [ 47.9711769, -18.4491337 ], [ 47.9713378, -18.4477225 ], [ 47.9707947, -18.4470282 ], [ 47.9707851, -18.4470009 ], [ 47.9723952, -18.4468347 ], [ 47.9743346, -18.4459523 ], [ 47.9754587, -18.4444727 ], [ 47.9765251, -18.4433154 ], [ 47.9773161, -18.4420801 ], [ 47.977093400000015, -18.440616 ], [ 47.9750284, -18.4408916 ], [ 47.9749762, -18.4406337 ], [ 47.9770449, -18.440261 ], [ 47.9773099, -18.4396251 ], [ 47.9772162, -18.4392047 ], [ 47.976516800000013, -18.4388612 ], [ 47.9756773, -18.4391297 ], [ 47.9755864, -18.4391029 ], [ 47.9758418, -18.4387724 ], [ 47.9758615, -18.4387552 ], [ 47.9758095, -18.4387605 ], [ 47.9756719, -18.4387855 ], [ 47.975540300000013, -18.4387746 ], [ 47.9754212, -18.4387636 ], [ 47.9752711, -18.4387887 ], [ 47.9750579, -18.4387605 ], [ 47.9748757, -18.4386962 ], [ 47.9746997, -18.4386199 ], [ 47.9745736, -18.4385313 ], [ 47.9744097, -18.4384071 ], [ 47.9742592, -18.4383844 ], [ 47.9740959, -18.4383319 ], [ 47.973939, -18.4382973 ], [ 47.9738329, -18.438334 ], [ 47.973727, -18.4384006 ], [ 47.9735963, -18.4384913 ], [ 47.9734343, -18.4385942 ], [ 47.9732911, -18.438691 ], [ 47.9731792, -18.4387816 ], [ 47.973035700000011, -18.4388425 ], [ 47.9728857, -18.4388856 ], [ 47.972773199999985, -18.4389104 ], [ 47.9726484, -18.4389592 ], [ 47.9725128, -18.4390683 ], [ 47.97212, -18.4392687 ], [ 47.9719204, -18.43936 ], [ 47.9718148, -18.4394624 ], [ 47.9716525, -18.4395235 ], [ 47.9715033, -18.4396443 ], [ 47.9713852, -18.4397468 ], [ 47.9713049, -18.439879 ], [ 47.9712497, -18.4400109 ], [ 47.971169499999988, -18.4401491 ], [ 47.9710634, -18.4401918 ], [ 47.9709454, -18.4403003 ], [ 47.9707966, -18.4404749 ], [ 47.9706662, -18.4406014 ], [ 47.9705299, -18.4407759 ], [ 47.9704002, -18.4409861 ], [ 47.9702517, -18.4411846 ], [ 47.9701088, -18.4413232 ], [ 47.969928399999986, -18.4414562 ], [ 47.969879, -18.4415403 ], [ 47.969786799999987, -18.4417383 ], [ 47.9697002, -18.4418585 ], [ 47.9695618, -18.4417939 ], [ 47.9694173, -18.4417472 ], [ 47.9691978, -18.4417071 ], [ 47.9690156, -18.4416428 ], [ 47.9688653, -18.441644 ], [ 47.9687338, -18.4416451 ], [ 47.9686213, -18.4416759 ], [ 47.968521299999985, -18.4416946 ], [ 47.9683836, -18.4417077 ], [ 47.9682328, -18.4416551 ], [ 47.9681571, -18.4415959 ], [ 47.9679927, -18.4414119 ], [ 47.9678851, -18.4412872 ], [ 47.9677524, -18.4411508 ], [ 47.9676198, -18.4410383 ], [ 47.9674943, -18.4410094 ], [ 47.967249, -18.4408858 ], [ 47.967161, -18.4408567 ], [ 47.967116, -18.4407255 ], [ 47.9671466, -18.4406416 ], [ 47.9671458, -18.4405519 ], [ 47.9671392, -18.4405041 ], [ 47.9671312, -18.4403129 ], [ 47.9671491, -18.4402052 ], [ 47.9672044, -18.4400912 ], [ 47.9672217, -18.4399177 ], [ 47.9672196, -18.4396845 ], [ 47.9672183, -18.4395291 ], [ 47.967223, -18.4393498 ], [ 47.9672093, -18.4392184 ], [ 47.9671203, -18.4390696 ], [ 47.9670191, -18.4389628 ], [ 47.9668671, -18.4387668 ], [ 47.9668036, -18.4386717 ], [ 47.9666834, -18.4385292 ], [ 47.966620100000014, -18.4384519 ], [ 47.9665564, -18.4383269 ], [ 47.966474, -18.43822 ], [ 47.9662724, -18.4380841 ], [ 47.9662031, -18.4380368 ], [ 47.9662021, -18.4379233 ], [ 47.9662452, -18.4378392 ], [ 47.9662445, -18.4377556 ], [ 47.9662185, -18.4376541 ], [ 47.9662112, -18.4375346 ], [ 47.9662479, -18.4374387 ], [ 47.9663409, -18.4373304 ], [ 47.96634, -18.4372228 ], [ 47.9664015, -18.4370967 ], [ 47.9664192, -18.4369711 ], [ 47.9664242, -18.4368276 ], [ 47.9663357, -18.4367326 ], [ 47.9663344, -18.4365892 ], [ 47.9663644, -18.4364335 ], [ 47.9663942, -18.4362599 ], [ 47.9663792, -18.435985 ], [ 47.9664149, -18.4357696 ], [ 47.9664131, -18.4355663 ], [ 47.9663937, -18.4354888 ], [ 47.9663484, -18.4353277 ], [ 47.9662223, -18.4352271 ], [ 47.9661461, -18.4351082 ], [ 47.9660573, -18.4349893 ], [ 47.9659558, -18.4348347 ], [ 47.9657781, -18.4345731 ], [ 47.965727199999989, -18.4344839 ], [ 47.9656947, -18.4343407 ], [ 47.9657061, -18.434215 ], [ 47.9656482, -18.4340362 ], [ 47.9655783, -18.4339231 ], [ 47.96553930000001, -18.433768 ], [ 47.965469, -18.4336012 ], [ 47.9654429, -18.4334819 ], [ 47.9654169, -18.4333805 ], [ 47.965385, -18.433309 ], [ 47.9653282, -18.4332616 ], [ 47.9652148, -18.4331848 ], [ 47.9650824, -18.4330783 ], [ 47.9650004, -18.4330191 ], [ 47.9648313, -18.4330145 ], [ 47.964656, -18.4330219 ], [ 47.9644683, -18.4330473 ], [ 47.9644917, -18.4332057 ], [ 47.9644592, -18.4332259 ], [ 47.9643602, -18.4333582 ], [ 47.9642615, -18.4335383 ], [ 47.9640132, -18.4337913 ], [ 47.9638397, -18.433996 ], [ 47.9638039, -18.4341995 ], [ 47.9638323, -18.4345818 ], [ 47.9636832, -18.4347265 ], [ 47.9633823, -18.434693 ], [ 47.9630437, -18.4346479 ], [ 47.9628304, -18.4346018 ], [ 47.9627891, -18.4345931 ], [ 47.9628217, -18.4348007 ], [ 47.9622183, -18.4349792 ], [ 47.962029, -18.4350352 ], [ 47.9616507, -18.4353298 ], [ 47.9614554, -18.4354819 ], [ 47.9612712, -18.4355404 ], [ 47.9605696, -18.4357636 ], [ 47.960385, -18.4364734 ], [ 47.960298, -18.4368078 ], [ 47.9599402, -18.4370411 ], [ 47.9595398, -18.4373022 ], [ 47.9593875, -18.4380384 ], [ 47.958931, -18.4384025 ], [ 47.9587712, -18.43853 ], [ 47.9576813, -18.4386455 ], [ 47.9572743, -18.4389369 ], [ 47.9571939, -18.4389945 ], [ 47.956906, -18.4392006 ], [ 47.9566717, -18.4393684 ], [ 47.9558647, -18.4399462 ], [ 47.9558022, -18.4400742 ], [ 47.9557053, -18.4402727 ], [ 47.9559374, -18.4406255 ], [ 47.9560728, -18.4408313 ], [ 47.9560798, -18.4411305 ], [ 47.956085699999988, -18.4413825 ], [ 47.95612, -18.4418419 ], [ 47.9561485, -18.4422239 ], [ 47.955793300000011, -18.4425742 ], [ 47.9558953, -18.442937 ], [ 47.9556174, -18.4432813 ], [ 47.9555681, -18.4433423 ], [ 47.9555677, -18.4434151 ], [ 47.9555651, -18.4438442 ], [ 47.9555644, -18.4439509 ], [ 47.9560134, -18.4443412 ], [ 47.9560773, -18.4443967 ], [ 47.9559938, -18.4447993 ], [ 47.9559786, -18.4448726 ], [ 47.9560835, -18.4453923 ], [ 47.956083799999988, -18.4453941 ], [ 47.95600790000001, -18.445673 ], [ 47.9559408, -18.4467366 ], [ 47.9558903, -18.4475053 ], [ 47.9558853, -18.4475807 ], [ 47.9558724, -18.4476378 ], [ 47.955959, -18.4477531 ], [ 47.9564681, -18.4484314 ], [ 47.9564729, -18.4484374 ], [ 47.9570638, -18.4491769 ], [ 47.9574608, -18.4494117 ], [ 47.9574682, -18.449416 ], [ 47.9578168, -18.4497013 ], [ 47.9579464, -18.4498073 ], [ 47.9589774, -18.4504724 ], [ 47.958979, -18.4505814 ], [ 47.958987799999989, -18.4511766 ], [ 47.9589958, -18.4513467 ], [ 47.9590483, -18.4524685 ], [ 47.9590463, -18.4524732 ], [ 47.9588405, -18.4529687 ], [ 47.9587499, -18.4531868 ], [ 47.9588583, -18.4533173 ], [ 47.9596873, -18.4543147 ], [ 47.9596874, -18.4543551 ], [ 47.9596718, -18.454436 ], [ 47.9595342, -18.4551501 ], [ 47.9595331, -18.455156 ], [ 47.9595224, -18.4551564 ], [ 47.9595193, -18.4551566 ], [ 47.9595139, -18.455161 ], [ 47.9592736, -18.4553547 ], [ 47.9591964, -18.4554171 ], [ 47.9591697, -18.4555126 ], [ 47.95903, -18.456013 ], [ 47.958987, -18.4561671 ], [ 47.9589991, -18.4562195 ], [ 47.9590954, -18.4566379 ], [ 47.9590792, -18.4568696 ], [ 47.9590312, -18.4575593 ], [ 47.958906, -18.4578629 ], [ 47.9588291, -18.4580491 ], [ 47.9582305, -18.4581327 ], [ 47.9578628, -18.4584491 ], [ 47.9577636, -18.4585343 ], [ 47.9578166, -18.4587463 ], [ 47.9579335, -18.4592144 ], [ 47.957990699999982, -18.4593755 ], [ 47.9581906, -18.4599388 ], [ 47.9582248, -18.4604726 ], [ 47.958681, -18.4607049 ], [ 47.9591925, -18.4609652 ], [ 47.960138499999985, -18.4617832 ], [ 47.9601698, -18.4618102 ], [ 47.9602636, -18.4618914 ], [ 47.9602873, -18.4619989 ], [ 47.9604531, -18.4627509 ], [ 47.9621421, -18.46363 ], [ 47.9622777, -18.4636887 ], [ 47.963768, -18.4643345 ], [ 47.9638814, -18.4643948 ], [ 47.9641166, -18.4645199 ], [ 47.9652836, -18.4658943 ], [ 47.9669936, -18.4661694 ], [ 47.967034, -18.4661664 ], [ 47.9671663, -18.4661924 ], [ 47.9682095, -18.4665786 ], [ 47.9690644, -18.4669244 ], [ 47.96997, -18.4673237 ], [ 47.9705485, -18.4675761 ], [ 47.9711647, -18.4678401 ], [ 47.9716619, -18.4680991 ], [ 47.9717754, -18.4681879 ], [ 47.9717844, -18.4684927 ], [ 47.9717806, -18.4687797 ], [ 47.9717895, -18.4690725 ], [ 47.971795, -18.4697001 ], [ 47.971806099999988, -18.470244 ], [ 47.9718411, -18.4706621 ], [ 47.9719746, -18.4708882 ], [ 47.9721915, -18.4713288 ], [ 47.9723256, -18.4716207 ], [ 47.97236, -18.4719671 ], [ 47.9723617, -18.4721584 ], [ 47.9724384, -18.4723311 ], [ 47.972440299999988, -18.4725463 ], [ 47.9725611, -18.4727545 ], [ 47.972562, -18.4728502 ], [ 47.9725632, -18.4729877 ], [ 47.9725711, -18.4731729 ], [ 47.972578699999985, -18.4733283 ], [ 47.9726617, -18.4735009 ], [ 47.9726811, -18.4735665 ], [ 47.9727767, -18.4737571 ], [ 47.972765500000015, -18.4739006 ], [ 47.9728552, -18.474133 ], [ 47.9728565, -18.4742765 ], [ 47.9728638, -18.474396 ], [ 47.9728645, -18.4744737 ], [ 47.9729729, -18.474688 ], [ 47.972974300000011, -18.4748494 ], [ 47.9730569, -18.4749802 ], [ 47.9731706, -18.4750929 ], [ 47.9732896, -18.4750919 ], [ 47.9734396, -18.4750489 ], [ 47.97357, -18.4749163 ], [ 47.9737952, -18.4748846 ], [ 47.973938700000012, -18.4748117 ], [ 47.9741203, -18.4748103 ], [ 47.9741834, -18.4748636 ], [ 47.9741659, -18.4750072 ], [ 47.9740535, -18.4750499 ], [ 47.9739413, -18.4751106 ], [ 47.9738668, -18.475183 ], [ 47.973755, -18.4752974 ], [ 47.9737251, -18.4754531 ], [ 47.9737134, -18.4755488 ], [ 47.9736514, -18.475627 ], [ 47.9735769, -18.4756994 ], [ 47.9734524, -18.47579 ], [ 47.9734093, -18.4758681 ], [ 47.9733979, -18.4760057 ], [ 47.9734303, -18.476125 ], [ 47.9735379, -18.4762496 ], [ 47.9736263, -18.4763266 ], [ 47.9737147, -18.4764096 ], [ 47.973797, -18.4765046 ], [ 47.9739296, -18.4766171 ], [ 47.9739932, -18.4767242 ], [ 47.9740319, -18.4768554 ], [ 47.9741149, -18.4770281 ], [ 47.9742226, -18.4771647 ], [ 47.9744051, -18.4772589 ], [ 47.9745933, -18.4772872 ], [ 47.9746749, -18.4773105 ], [ 47.9748377, -18.4772972 ], [ 47.9749629, -18.4772962 ], [ 47.9750505, -18.4772776 ], [ 47.9751757, -18.4772706 ], [ 47.975388699999989, -18.4772689 ], [ 47.9755652, -18.477399 ], [ 47.9754785, -18.4775073 ], [ 47.9753789, -18.4775798 ], [ 47.9752609, -18.4776943 ], [ 47.9753246, -18.4778193 ], [ 47.9754887, -18.4779555 ], [ 47.9756015, -18.4779606 ], [ 47.9757008, -18.4778522 ], [ 47.9757873, -18.47772 ], [ 47.9758865, -18.4776056 ], [ 47.9760557, -18.4776042 ], [ 47.9762563, -18.4776265 ], [ 47.9763572, -18.4776974 ], [ 47.9765215, -18.4778575 ], [ 47.976698, -18.4779876 ], [ 47.9769861, -18.4779793 ], [ 47.976985, -18.4778478 ], [ 47.9770524, -18.4776859 ], [ 47.9770822, -18.4775063 ], [ 47.9771559, -18.4773383 ], [ 47.9771425, -18.4772428 ], [ 47.9771101, -18.4771175 ], [ 47.9770462, -18.4769746 ], [ 47.9770201, -18.4768612 ], [ 47.9769437, -18.4767243 ], [ 47.976824699999987, -18.4767313 ], [ 47.976731, -18.4767619 ], [ 47.9767176, -18.4766604 ], [ 47.9767168, -18.4765707 ], [ 47.9767347, -18.476469 ], [ 47.9767015, -18.47626 ], [ 47.9766692, -18.4761407 ], [ 47.9766431, -18.4760274 ], [ 47.9765602, -18.4758607 ], [ 47.9765148, -18.4756877 ], [ 47.9764763, -18.4755864 ], [ 47.9765192, -18.4754724 ], [ 47.976625, -18.4753939 ], [ 47.9767622, -18.475327 ], [ 47.9768934, -18.4752841 ], [ 47.9770873, -18.4752586 ], [ 47.9772807, -18.4751674 ], [ 47.9773237, -18.4750654 ], [ 47.9773907, -18.4748557 ], [ 47.9774833, -18.4746935 ], [ 47.9776893, -18.4746201 ], [ 47.9778081, -18.4745953 ], [ 47.9779773, -18.4745939 ], [ 47.978184, -18.4745922 ], [ 47.9784095, -18.4745904 ], [ 47.9785723, -18.4745831 ], [ 47.9786525, -18.474445 ], [ 47.9788887, -18.4742339 ], [ 47.9790496, -18.4740174 ], [ 47.9791044, -18.4738376 ], [ 47.979122, -18.4737 ], [ 47.9791145, -18.4735685 ], [ 47.9790134, -18.4734618 ], [ 47.9788682, -18.4733434 ], [ 47.9787674, -18.4732724 ], [ 47.9786786, -18.4731536 ], [ 47.9787091, -18.4730577 ], [ 47.9786452, -18.4729208 ], [ 47.9785311, -18.4727603 ], [ 47.9784864, -18.472665 ], [ 47.9784039, -18.4725521 ], [ 47.9783657, -18.4724807 ], [ 47.9782774, -18.4724156 ], [ 47.9782771, -18.4723738 ], [ 47.9781002, -18.4722078 ], [ 47.978005, -18.4720711 ], [ 47.9779473, -18.4719161 ], [ 47.9778708, -18.4717673 ], [ 47.9779258, -18.4716115 ], [ 47.9780186, -18.4714792 ], [ 47.9783249, -18.471411 ], [ 47.9785066, -18.4714095 ], [ 47.9786945, -18.471408 ], [ 47.9788629, -18.4713289 ], [ 47.9789882, -18.4713279 ], [ 47.9793763, -18.4713009 ], [ 47.9794703, -18.4713001 ], [ 47.9795767, -18.4712873 ], [ 47.9797015, -18.4712325 ], [ 47.9798262, -18.4711657 ], [ 47.9800133, -18.4710805 ], [ 47.9800943, -18.4710321 ], [ 47.9801936, -18.4709177 ], [ 47.9803685, -18.4708625 ], [ 47.9805562, -18.470837 ], [ 47.9807446, -18.4708953 ], [ 47.98083290000001, -18.4709603 ], [ 47.9809902, -18.4710368 ], [ 47.9810972, -18.4710957 ], [ 47.9811603, -18.471149 ], [ 47.9813236, -18.4711955 ], [ 47.9814739, -18.4711883 ], [ 47.9816426, -18.4711451 ], [ 47.981836799999989, -18.4711495 ], [ 47.981925, -18.4712026 ], [ 47.9820074, -18.4713095 ], [ 47.9820702, -18.4713329 ], [ 47.9821724, -18.4715533 ], [ 47.982236, -18.4716603 ], [ 47.9823372, -18.4717731 ], [ 47.9825882, -18.4718129 ], [ 47.9828763, -18.4718046 ], [ 47.9830452, -18.4717853 ], [ 47.9832142, -18.471772 ], [ 47.9833207, -18.4717711 ], [ 47.9834836, -18.4717698 ], [ 47.9836527, -18.4717684 ], [ 47.9838035, -18.471815 ], [ 47.983910599999987, -18.4718919 ], [ 47.9840243, -18.4719926 ], [ 47.9841186, -18.4720277 ], [ 47.9842386, -18.4721403 ], [ 47.9843147, -18.4722413 ], [ 47.9843655, -18.4723186 ], [ 47.9844164, -18.4724078 ], [ 47.9844674, -18.4725091 ], [ 47.9845122, -18.4726223 ], [ 47.9845138, -18.4728016 ], [ 47.9845027, -18.4729571 ], [ 47.9844912, -18.4730708 ], [ 47.9845235, -18.4731841 ], [ 47.9845935, -18.4733031 ], [ 47.984807400000015, -18.4734089 ], [ 47.9848706, -18.4734742 ], [ 47.9850346, -18.4735984 ], [ 47.9851599, -18.4736033 ], [ 47.9853604, -18.4736017 ], [ 47.9855298, -18.4736362 ], [ 47.9856628, -18.4738025 ], [ 47.9854071, -18.4739241 ], [ 47.9852887, -18.4739908 ], [ 47.9851702, -18.4740516 ], [ 47.9850328, -18.4741005 ], [ 47.9848511, -18.474096 ], [ 47.984695, -18.4741511 ], [ 47.9845006, -18.4741287 ], [ 47.9844311, -18.4740695 ], [ 47.9842554, -18.4740291 ], [ 47.9840925, -18.4740244 ], [ 47.9839995, -18.4741328 ], [ 47.9840007, -18.4742703 ], [ 47.9839324, -18.4743426 ], [ 47.9838203, -18.4744152 ], [ 47.9837646, -18.4744934 ], [ 47.9837216, -18.4745893 ], [ 47.983603, -18.4746381 ], [ 47.983484, -18.4746391 ], [ 47.9834281, -18.4746874 ], [ 47.983385, -18.4747774 ], [ 47.9832796, -18.4748978 ], [ 47.9832809, -18.4750412 ], [ 47.9832883, -18.4751727 ], [ 47.9832896, -18.4753161 ], [ 47.9832344, -18.4754481 ], [ 47.9831223, -18.4755207 ], [ 47.9829961, -18.4754201 ], [ 47.9829755, -18.475223 ], [ 47.9829371, -18.4751277 ], [ 47.9827555, -18.4751292 ], [ 47.9827505, -18.4752727 ], [ 47.9826588, -18.4755305 ], [ 47.9825156, -18.4756333 ], [ 47.9823726, -18.475754 ], [ 47.9820833, -18.4756248 ], [ 47.9820385, -18.4755235 ], [ 47.981918199999988, -18.4753691 ], [ 47.9817867, -18.4753821 ], [ 47.9816427, -18.4753892 ], [ 47.981417, -18.4753672 ], [ 47.9812479, -18.4753685 ], [ 47.9811732, -18.4754289 ], [ 47.9810923, -18.4754834 ], [ 47.9810367, -18.4755735 ], [ 47.9809181, -18.4756163 ], [ 47.9808448, -18.4758321 ], [ 47.9806698, -18.4758753 ], [ 47.9804953, -18.4759843 ], [ 47.9804838, -18.476098 ], [ 47.9806293, -18.4762522 ], [ 47.980762, -18.4763827 ], [ 47.9808446, -18.4765195 ], [ 47.9808839, -18.4767045 ], [ 47.9807093, -18.4768015 ], [ 47.9805216, -18.476827 ], [ 47.9804101, -18.4769654 ], [ 47.9803929, -18.4771508 ], [ 47.9804688, -18.4772339 ], [ 47.9805194, -18.4772873 ], [ 47.980589099999989, -18.4773704 ], [ 47.9805398, -18.4774664 ], [ 47.9803901, -18.4775394 ], [ 47.9804604, -18.4777002 ], [ 47.9805543, -18.4776875 ], [ 47.9807677, -18.4777336 ], [ 47.980856, -18.4777986 ], [ 47.9810199, -18.4779169 ], [ 47.9813197, -18.4778188 ], [ 47.9815708, -18.4778706 ], [ 47.9817652, -18.4778929 ], [ 47.9819331, -18.47776 ], [ 47.9820701, -18.4776693 ], [ 47.9821518, -18.4776985 ], [ 47.9822719, -18.4778171 ], [ 47.982541499999982, -18.4778388 ], [ 47.9827104, -18.4778195 ], [ 47.9828412, -18.4777348 ], [ 47.9829591, -18.4776083 ], [ 47.9831403, -18.477547 ], [ 47.9832275, -18.4774925 ], [ 47.983384, -18.4774853 ], [ 47.983441, -18.4775566 ], [ 47.9835987, -18.4776748 ], [ 47.9837685, -18.4777512 ], [ 47.9839191, -18.4777798 ], [ 47.9839754, -18.4777614 ], [ 47.9841512, -18.4778078 ], [ 47.984245, -18.4777951 ], [ 47.9843264, -18.4777885 ], [ 47.9844516, -18.4777815 ], [ 47.9845712, -18.4778403 ], [ 47.9846776, -18.4778275 ], [ 47.9848025, -18.4777846 ], [ 47.9848647, -18.4777423 ], [ 47.984926800000011, -18.477682 ], [ 47.9850268, -18.4776573 ], [ 47.9851018, -18.4776328 ], [ 47.9851586, -18.4776801 ], [ 47.9853474, -18.4777742 ], [ 47.9855798, -18.4778441 ], [ 47.9856097, -18.4776884 ], [ 47.985671499999988, -18.4775923 ], [ 47.9857905, -18.4775913 ], [ 47.9858907, -18.4775845 ], [ 47.9859777, -18.4775061 ], [ 47.9860202, -18.4773504 ], [ 47.986258199999988, -18.4773484 ], [ 47.9864832, -18.4772928 ], [ 47.986583699999983, -18.4773159 ], [ 47.986759, -18.4773145 ], [ 47.9869031, -18.4773133 ], [ 47.9870288, -18.4773601 ], [ 47.9870855, -18.4773895 ], [ 47.9871739, -18.4774725 ], [ 47.9871939, -18.4776098 ], [ 47.9872016, -18.4777712 ], [ 47.9872283, -18.4779563 ], [ 47.9871984, -18.4781119 ], [ 47.9871814, -18.4783153 ], [ 47.9871826, -18.4784528 ], [ 47.9873411, -18.4786607 ], [ 47.9873928, -18.4788396 ], [ 47.9873935, -18.4789173 ], [ 47.9874946, -18.4790181 ], [ 47.9876074, -18.4790172 ], [ 47.9879458, -18.4790264 ], [ 47.9881023, -18.4790132 ], [ 47.9883027, -18.4790116 ], [ 47.9885096, -18.4790338 ], [ 47.9887098, -18.4790023 ], [ 47.988746, -18.4788466 ], [ 47.98882, -18.4787085 ], [ 47.9890702, -18.4786706 ], [ 47.989302, -18.4786687 ], [ 47.9894774, -18.4786673 ], [ 47.9896969, -18.4787014 ], [ 47.9897292, -18.4788087 ], [ 47.9896057, -18.479007 ], [ 47.9895438, -18.4790911 ], [ 47.9894758, -18.4791993 ], [ 47.9893575, -18.479272 ], [ 47.989302, -18.4793741 ], [ 47.989291, -18.4795415 ], [ 47.9893609, -18.4796545 ], [ 47.9895061, -18.4797849 ], [ 47.9895698, -18.4799039 ], [ 47.9894644, -18.4800243 ], [ 47.9893267, -18.4800374 ], [ 47.9892637, -18.479996 ], [ 47.9891316, -18.4799314 ], [ 47.989005, -18.4797889 ], [ 47.9888672, -18.479796 ], [ 47.9887925, -18.4798445 ], [ 47.9886742, -18.4799231 ], [ 47.988581, -18.4800076 ], [ 47.9884753, -18.4801041 ], [ 47.9883508, -18.4801888 ], [ 47.9881821, -18.480238 ], [ 47.987989, -18.4803591 ], [ 47.9879529, -18.4805327 ], [ 47.9879044, -18.4807124 ], [ 47.9879808, -18.4808493 ], [ 47.9880447, -18.4809923 ], [ 47.9880457, -18.4811058 ], [ 47.9881473, -18.4812604 ], [ 47.9882795, -18.4813311 ], [ 47.988430699999988, -18.4814195 ], [ 47.9885061, -18.4814488 ], [ 47.988563, -18.4815021 ], [ 47.9886388, -18.4815733 ], [ 47.9885903, -18.481753 ], [ 47.9885925, -18.482004 ], [ 47.9885936, -18.4821236 ], [ 47.9885947, -18.4822491 ], [ 47.988564599999989, -18.4823928 ], [ 47.9885281, -18.4825067 ], [ 47.9884471, -18.4825551 ], [ 47.9882658, -18.4826044 ], [ 47.988241800000011, -18.4827242 ], [ 47.9883493, -18.4828369 ], [ 47.9883442, -18.4829625 ], [ 47.9881442, -18.4830179 ], [ 47.9880193, -18.4830548 ], [ 47.9879953, -18.4831745 ], [ 47.987996200000012, -18.4832761 ], [ 47.9879029, -18.4833546 ], [ 47.9877526, -18.4833618 ], [ 47.9876466, -18.4834105 ], [ 47.9875661, -18.4835187 ], [ 47.9874098, -18.4835559 ], [ 47.9872851, -18.4836226 ], [ 47.987274, -18.4837841 ], [ 47.9872443, -18.4839637 ], [ 47.9871258, -18.4840244 ], [ 47.9870513, -18.4840968 ], [ 47.98687, -18.484146 ], [ 47.986681399999988, -18.4840699 ], [ 47.9865926, -18.4839451 ], [ 47.9863983, -18.4839347 ], [ 47.9862671, -18.4839776 ], [ 47.9861046, -18.4840148 ], [ 47.9859912, -18.4839499 ], [ 47.9857968, -18.4839216 ], [ 47.9856765, -18.4837851 ], [ 47.9856623, -18.4835939 ], [ 47.9855548, -18.4834872 ], [ 47.9856539, -18.4833609 ], [ 47.985578, -18.4832778 ], [ 47.9855455, -18.4831466 ], [ 47.9854568, -18.4830337 ], [ 47.9853622, -18.4829568 ], [ 47.9852551, -18.4828919 ], [ 47.985061, -18.4828994 ], [ 47.9849169, -18.4829006 ], [ 47.9848539, -18.4828593 ], [ 47.9847413, -18.4828841 ], [ 47.9847108, -18.482974 ], [ 47.9846867, -18.4830758 ], [ 47.9846691, -18.4832194 ], [ 47.9844325, -18.4833768 ], [ 47.9844337, -18.4835083 ], [ 47.9843531, -18.4836105 ], [ 47.9842284, -18.4836773 ], [ 47.9841167, -18.4837918 ], [ 47.9841054, -18.4839294 ], [ 47.9841502, -18.4840366 ], [ 47.9841009, -18.4841326 ], [ 47.9839644, -18.4842772 ], [ 47.9840844, -18.4843898 ], [ 47.9840856, -18.4845273 ], [ 47.9841931, -18.48464 ], [ 47.9842509, -18.4847949 ], [ 47.9842519, -18.4849025 ], [ 47.9842343, -18.4850461 ], [ 47.9841724, -18.4851303 ], [ 47.9841557, -18.4853576 ], [ 47.984213, -18.4854647 ], [ 47.9842646, -18.4856257 ], [ 47.9842532, -18.4857633 ], [ 47.9843112, -18.4859362 ], [ 47.9843686, -18.4860553 ], [ 47.9844263, -18.4861983 ], [ 47.9844711, -18.4863115 ], [ 47.98456, -18.4864423 ], [ 47.9845609, -18.4865439 ], [ 47.9844739, -18.4866283 ], [ 47.9844496, -18.4867062 ], [ 47.984432, -18.4868378 ], [ 47.9845139, -18.4868969 ], [ 47.9847146, -18.4869192 ], [ 47.9848217, -18.4869841 ], [ 47.984953399999988, -18.487007 ], [ 47.9850975, -18.4870058 ], [ 47.985198, -18.4870349 ], [ 47.98540520000001, -18.487087 ], [ 47.9855869, -18.4870855 ], [ 47.9857065, -18.4871563 ], [ 47.9858761, -18.4872027 ], [ 47.9859514, -18.4872141 ], [ 47.9860579, -18.4872132 ], [ 47.9861957, -18.4872121 ], [ 47.9862957, -18.4871814 ], [ 47.986314, -18.4871274 ], [ 47.986444899999988, -18.4870606 ], [ 47.9864522, -18.4871741 ], [ 47.9864654, -18.4872517 ], [ 47.9865404, -18.4872272 ], [ 47.9866218, -18.4872266 ], [ 47.986716, -18.4872437 ], [ 47.9868536, -18.4872187 ], [ 47.986960299999986, -18.4872477 ], [ 47.9870985, -18.4872825 ], [ 47.9872049, -18.4872816 ], [ 47.9873996, -18.4873338 ], [ 47.987526, -18.4874583 ], [ 47.987520599999989, -18.487554 ], [ 47.987496899999989, -18.4877037 ], [ 47.9874418, -18.4878476 ], [ 47.9873801, -18.4879557 ], [ 47.9873814, -18.4881051 ], [ 47.9873822, -18.4881947 ], [ 47.9873712, -18.4883622 ], [ 47.9873596, -18.4884699 ], [ 47.9874234, -18.4885949 ], [ 47.9875183, -18.4887017 ], [ 47.9875816, -18.488767 ], [ 47.9876451, -18.4888681 ], [ 47.9877279, -18.4890228 ], [ 47.9877288, -18.4891185 ], [ 47.987849, -18.489249 ], [ 47.9878748, -18.4893325 ], [ 47.9879005, -18.48941 ], [ 47.9879704, -18.489523 ], [ 47.987984, -18.4896365 ], [ 47.987985, -18.489744 ], [ 47.987898, -18.4898344 ], [ 47.9878866, -18.48996 ], [ 47.9877999, -18.4900743 ], [ 47.9877696, -18.4901822 ], [ 47.9877581, -18.4903018 ], [ 47.9877531, -18.4904453 ], [ 47.9878544, -18.4905581 ], [ 47.9879302, -18.4906352 ], [ 47.9880248, -18.4907002 ], [ 47.988107, -18.4907891 ], [ 47.9880767, -18.490897 ], [ 47.9880267, -18.4909153 ], [ 47.9878764, -18.4909165 ], [ 47.9877823, -18.4909054 ], [ 47.9876377, -18.4908468 ], [ 47.9875364, -18.490734 ], [ 47.9874554, -18.4907765 ], [ 47.9874374, -18.4908663 ], [ 47.9872942, -18.4909691 ], [ 47.9871757, -18.4910239 ], [ 47.9871197, -18.4910721 ], [ 47.9870139, -18.4911447 ], [ 47.9870147, -18.4912344 ], [ 47.9869779, -18.4913243 ], [ 47.9868344, -18.4913913 ], [ 47.986652599999985, -18.4913868 ], [ 47.9865278, -18.4914416 ], [ 47.9863585, -18.491425 ], [ 47.9862201, -18.4913544 ], [ 47.986069199999989, -18.4912959 ], [ 47.9859689, -18.4912847 ], [ 47.9858877, -18.4913212 ], [ 47.9856999, -18.4913287 ], [ 47.9855184, -18.4913541 ], [ 47.985375, -18.491433 ], [ 47.9853635, -18.4915526 ], [ 47.9853831, -18.4916362 ], [ 47.9854714, -18.4917072 ], [ 47.9854721, -18.4917849 ], [ 47.9854167, -18.4918989 ], [ 47.9855178, -18.4919878 ], [ 47.9856254, -18.4921124 ], [ 47.9854693, -18.4921735 ], [ 47.9852748, -18.4921451 ], [ 47.985049, -18.4921111 ], [ 47.9848931, -18.4921901 ], [ 47.984801, -18.4924001 ], [ 47.9847892, -18.4924898 ], [ 47.9846836, -18.4925863 ], [ 47.9846597, -18.492718 ], [ 47.984661, -18.4928615 ], [ 47.9846623, -18.4930049 ], [ 47.9847013, -18.493166 ], [ 47.9847711, -18.493267 ], [ 47.9849093, -18.4933138 ], [ 47.9851094, -18.4932703 ], [ 47.9852345, -18.4932454 ], [ 47.9853784, -18.4932263 ], [ 47.98551, -18.4932252 ], [ 47.9856105, -18.4932543 ], [ 47.9857428, -18.4933369 ], [ 47.985725, -18.4934446 ], [ 47.985657, -18.4935468 ], [ 47.9854947, -18.4936139 ], [ 47.9853636, -18.4936747 ], [ 47.9853021, -18.4937948 ], [ 47.9853035, -18.4939561 ], [ 47.9853983, -18.494045 ], [ 47.9855679, -18.4941034 ], [ 47.9856617, -18.4940788 ], [ 47.9857682, -18.4940779 ], [ 47.9858128, -18.4941672 ], [ 47.9858639, -18.4942684 ], [ 47.9859647, -18.4943393 ], [ 47.9860777, -18.4943623 ], [ 47.9862537, -18.4944266 ], [ 47.986355, -18.4945394 ], [ 47.9864124, -18.4946585 ], [ 47.986483, -18.4948432 ], [ 47.986484, -18.4949628 ], [ 47.9864476, -18.4950946 ], [ 47.9863486, -18.4952329 ], [ 47.9862432, -18.4953592 ], [ 47.9862378, -18.4954549 ], [ 47.9861386, -18.4955693 ], [ 47.986127, -18.495677 ], [ 47.9861856, -18.4959216 ], [ 47.9862745, -18.4960524 ], [ 47.9862752, -18.4961301 ], [ 47.9863263, -18.4962433 ], [ 47.9863645, -18.4963147 ], [ 47.9864217, -18.4964039 ], [ 47.9864913, -18.4964751 ], [ 47.9865671, -18.4965521 ], [ 47.9866118, -18.4966474 ], [ 47.9865625, -18.4967375 ], [ 47.9864131, -18.4968463 ], [ 47.9864204, -18.4969598 ], [ 47.9864526, -18.4970612 ], [ 47.9864724, -18.4971746 ], [ 47.9864607, -18.4972644 ], [ 47.9864301, -18.4973423 ], [ 47.9862856, -18.4973016 ], [ 47.9861164, -18.497297 ], [ 47.986023, -18.4973636 ], [ 47.98598, -18.4974536 ], [ 47.9858932, -18.4975559 ], [ 47.9858942, -18.4976694 ], [ 47.9859015, -18.4977889 ], [ 47.9859591, -18.49792 ], [ 47.9860726, -18.4980087 ], [ 47.9861422, -18.4980799 ], [ 47.9863116, -18.4981084 ], [ 47.9863939, -18.4982034 ], [ 47.9864882, -18.4982385 ], [ 47.9865456, -18.4983516 ], [ 47.9866467, -18.4984524 ], [ 47.9865974, -18.4985484 ], [ 47.9865797, -18.4986622 ], [ 47.9865621, -18.4987998 ], [ 47.98652580000001, -18.4989495 ], [ 47.9864703, -18.4990456 ], [ 47.9863461, -18.4991662 ], [ 47.9863154, -18.4992441 ], [ 47.986147, -18.4993232 ], [ 47.9859782, -18.4993604 ], [ 47.9857779, -18.49938 ], [ 47.9857031, -18.4994284 ], [ 47.9856791, -18.4995422 ], [ 47.9857812, -18.4996274 ], [ 47.9854815, -18.5002449 ], [ 47.9858402, -18.5023288 ], [ 47.9829938, -18.5037063 ], [ 47.9857282, -18.5046153 ], [ 47.986095399999982, -18.5047086 ], [ 47.9862976, -18.5047101 ], [ 47.9877052, -18.5059607 ], [ 47.9879226, -18.5061539 ], [ 47.9879176, -18.5064678 ], [ 47.9879141, -18.5066891 ], [ 47.9879344, -18.5071447 ], [ 47.9879043, -18.508097 ], [ 47.9878701, -18.5091821 ], [ 47.9878891, -18.5093567 ], [ 47.9874176, -18.5111074 ], [ 47.9871676, -18.5111925 ], [ 47.9849698, -18.5119402 ], [ 47.9841141, -18.5129897 ], [ 47.984169900000012, -18.5137557 ], [ 47.9844926, -18.5164548 ], [ 47.984637, -18.5165911 ], [ 47.9885631, -18.5189076 ], [ 47.9887119, -18.519227 ], [ 47.991097, -18.5224671 ], [ 47.9894347, -18.5246009 ], [ 47.9888089, -18.5254042 ], [ 47.9881724, -18.5262214 ], [ 47.9878605, -18.5266217 ], [ 47.9873756, -18.5266468 ], [ 47.9853229, -18.526753 ], [ 47.9854536, -18.529608 ], [ 47.9874924, -18.5298044 ], [ 47.9875474, -18.5299928 ], [ 47.9894189, -18.5321027 ], [ 47.9893899, -18.5341769 ], [ 47.9893892, -18.5342293 ], [ 47.9893841, -18.5345949 ], [ 47.9893763, -18.5351516 ], [ 47.9892676, -18.5353417 ], [ 47.9886718, -18.5363832 ], [ 47.9871397, -18.5377746 ], [ 47.9869963, -18.5395616 ], [ 47.9884161, -18.540303 ], [ 47.9895212, -18.5408801 ], [ 47.9895747, -18.5420383 ], [ 47.9895804, -18.5421621 ], [ 47.989603, -18.542653 ], [ 47.9896285, -18.5432046 ], [ 47.9896439, -18.5435378 ], [ 47.9891623, -18.5456302 ], [ 47.9888336, -18.5470582 ], [ 47.9887653, -18.547166 ], [ 47.9886061, -18.5474174 ], [ 47.9882995, -18.5475478 ], [ 47.9880619, -18.5476489 ], [ 47.9878343, -18.5477457 ], [ 47.9877537, -18.547897 ], [ 47.9876879, -18.5480207 ], [ 47.9875313, -18.548246 ], [ 47.9870868, -18.5488856 ], [ 47.9877822, -18.5495613 ], [ 47.9884386, -18.5503751 ], [ 47.9897037, -18.5505399 ], [ 47.9905201, -18.5506462 ], [ 47.9906702, -18.5506658 ], [ 47.9903404, -18.5514238 ], [ 47.990213300000015, -18.551716 ], [ 47.9898739, -18.5524959 ], [ 47.9897698, -18.5527352 ], [ 47.9896927, -18.5529124 ], [ 47.9885987, -18.5563583 ], [ 47.9876294, -18.5567708 ], [ 47.987542, -18.554956 ], [ 47.9875265, -18.5546357 ], [ 47.9874604, -18.5532616 ], [ 47.9860411, -18.553478 ], [ 47.9848744, -18.5531967 ], [ 47.9820862, -18.5547258 ], [ 47.9817031, -18.5547933 ], [ 47.9812334, -18.5559273 ], [ 47.9809023, -18.5559977 ], [ 47.9806287, -18.5560143 ], [ 47.9792198, -18.554029 ], [ 47.9774538, -18.5526909 ], [ 47.9770377, -18.5531176 ], [ 47.9760121, -18.5553474 ], [ 47.9759042, -18.5559147 ], [ 47.9761303, -18.5577753 ], [ 47.9762405, -18.5582576 ], [ 47.9762395, -18.5588057 ], [ 47.9761822, -18.5588075 ], [ 47.9757239, -18.5586027 ], [ 47.9744486, -18.5577858 ], [ 47.9737437, -18.5578166 ], [ 47.9723358, -18.5576343 ], [ 47.97129, -18.5578085 ], [ 47.9678388, -18.5589314 ], [ 47.9654, -18.5610965 ], [ 47.9643935, -18.5615955 ], [ 47.9649467, -18.563658 ], [ 47.9618895, -18.564982 ], [ 47.9642723, -18.566897 ], [ 47.9643526, -18.5671181 ], [ 47.9629834, -18.5685794 ], [ 47.9628716, -18.5686988 ], [ 47.9628408, -18.5692231 ], [ 47.9629297, -18.5706387 ], [ 47.9629571, -18.5710746 ], [ 47.9627149, -18.5712942 ], [ 47.9615744, -18.5740548 ], [ 47.9617426, -18.5743477 ], [ 47.9622192, -18.5767485 ], [ 47.962220599999988, -18.5767557 ], [ 47.9622579, -18.5769434 ], [ 47.9637072, -18.5777665 ], [ 47.9643302, -18.5764333 ], [ 47.967188, -18.575662 ], [ 47.969111299999987, -18.5770018 ], [ 47.97060960000001, -18.5790992 ], [ 47.9728139, -18.5818777 ], [ 47.9722547, -18.5848485 ], [ 47.9706405, -18.5869681 ], [ 47.9677754, -18.5884285 ], [ 47.9625375, -18.5890108 ], [ 47.9618449, -18.5890101 ], [ 47.9615371, -18.5890106 ], [ 47.9588997, -18.5882888 ], [ 47.9562261, -18.5870396 ], [ 47.9572329, -18.5899556 ], [ 47.9585585, -18.5945054 ], [ 47.9565496, -18.5959885 ], [ 47.9537179, -18.5959152 ], [ 47.9513183, -18.5957071 ], [ 47.9493115, -18.5954522 ], [ 47.9492759, -18.5957767 ], [ 47.9492502, -18.5960225 ], [ 47.949251, -18.5961102 ], [ 47.9492476, -18.5961614 ], [ 47.9492021, -18.5962202 ], [ 47.9491642, -18.5962716 ], [ 47.9490803, -18.5963198 ], [ 47.9490001, -18.596346 ], [ 47.9489469, -18.5963976 ], [ 47.9489165, -18.5964234 ], [ 47.9488632, -18.5964677 ], [ 47.9488637, -18.5965299 ], [ 47.9488185, -18.5966179 ], [ 47.9488305, -18.5966726 ], [ 47.9488846, -18.5967197 ], [ 47.9489348, -18.5967741 ], [ 47.9489584, -18.5968397 ], [ 47.9489858, -18.5969089 ], [ 47.9489862, -18.5969528 ], [ 47.9490172, -18.5969891 ], [ 47.949075, -18.5970252 ], [ 47.9491022, -18.5970652 ], [ 47.949137, -18.5971014 ], [ 47.9491679, -18.5971341 ], [ 47.9491722, -18.5971779 ], [ 47.9491726, -18.5972327 ], [ 47.9492037, -18.5972836 ], [ 47.9492502, -18.5973417 ], [ 47.9492775, -18.5973854 ], [ 47.9493086, -18.5974399 ], [ 47.9493396, -18.5974799 ], [ 47.9493401, -18.5975347 ], [ 47.949379, -18.5976038 ], [ 47.949391, -18.5976585 ], [ 47.9494183, -18.5977168 ], [ 47.9494303, -18.5977679 ], [ 47.9494422, -18.5978189 ], [ 47.9494427, -18.5978774 ], [ 47.9494395, -18.5979432 ], [ 47.9494399, -18.5979944 ], [ 47.9494829, -18.598089 ], [ 47.9494911, -18.5981474 ], [ 47.9494648, -18.5982134 ], [ 47.9494615, -18.5982683 ], [ 47.9494316, -18.5983635 ], [ 47.9494244, -18.5984147 ], [ 47.9494174, -18.5984842 ], [ 47.9494372, -18.5985572 ], [ 47.9494722, -18.598619 ], [ 47.9494614, -18.5986995 ], [ 47.9494618, -18.598747 ], [ 47.94953120000001, -18.598794 ], [ 47.9495779, -18.5988776 ], [ 47.9495861, -18.5989287 ], [ 47.9495484, -18.5990058 ], [ 47.949545, -18.5990533 ], [ 47.9495648, -18.5991299 ], [ 47.949569, -18.5991737 ], [ 47.9495693, -18.5992066 ], [ 47.9495542, -18.5992323 ], [ 47.9495431, -18.5992799 ], [ 47.9495438, -18.5993566 ], [ 47.949609599999988, -18.5994329 ], [ 47.9496103, -18.5995133 ], [ 47.9496493, -18.5995897 ], [ 47.9496466, -18.5997213 ], [ 47.9495978, -18.5998386 ], [ 47.9495985, -18.5999153 ], [ 47.949607, -18.600003 ], [ 47.9496574, -18.6000793 ], [ 47.9496999, -18.6001082 ], [ 47.949773, -18.6001405 ], [ 47.9498116, -18.6001804 ], [ 47.949831, -18.6002058 ], [ 47.9498737, -18.6002713 ], [ 47.9498971, -18.6003113 ], [ 47.9499432, -18.6003292 ], [ 47.9499696, -18.6002815 ], [ 47.950053499999989, -18.6002297 ], [ 47.9501029, -18.6001781 ], [ 47.9501524, -18.6001448 ], [ 47.950209799999989, -18.6001297 ], [ 47.9502669, -18.6000891 ], [ 47.9503202, -18.6000485 ], [ 47.9503891, -18.6000406 ], [ 47.9504577, -18.5999999 ], [ 47.9504955, -18.5999301 ], [ 47.9505451, -18.5999042 ], [ 47.9506176, -18.599878 ], [ 47.9506903, -18.5998591 ], [ 47.9507933, -18.5998072 ], [ 47.9508273, -18.5997521 ], [ 47.9508961, -18.5997296 ], [ 47.9509609, -18.5996816 ], [ 47.9510139, -18.5996081 ], [ 47.9510175, -18.5995898 ], [ 47.9510517, -18.5995529 ], [ 47.951058699999983, -18.5994725 ], [ 47.9510621, -18.5994213 ], [ 47.9510886, -18.5993882 ], [ 47.9511187, -18.5993258 ], [ 47.9511336, -18.5992709 ], [ 47.9511331, -18.5992197 ], [ 47.9511555, -18.5991465 ], [ 47.9511591, -18.5991209 ], [ 47.951208, -18.5990218 ], [ 47.9512567, -18.5988935 ], [ 47.9512641, -18.5988569 ], [ 47.9513135, -18.5988127 ], [ 47.9513514, -18.5987649 ], [ 47.9513896, -18.5987536 ], [ 47.951428, -18.5987606 ], [ 47.951455, -18.5987823 ], [ 47.951520799999983, -18.5988512 ], [ 47.951548, -18.5988948 ], [ 47.9515598, -18.598924 ], [ 47.9515601, -18.5989642 ], [ 47.9515028, -18.5989866 ], [ 47.9514877, -18.5990159 ], [ 47.9515227, -18.5990741 ], [ 47.9515578, -18.599136 ], [ 47.951631, -18.5991756 ], [ 47.9516771, -18.5991898 ], [ 47.9517383, -18.599182 ], [ 47.9517959, -18.5991889 ], [ 47.9518382, -18.5992141 ], [ 47.9519149, -18.5992135 ], [ 47.9519646, -18.5992058 ], [ 47.952029800000012, -18.5992053 ], [ 47.9521409, -18.5992008 ], [ 47.9521984, -18.5992076 ], [ 47.9522486, -18.5992474 ], [ 47.9522721, -18.5992984 ], [ 47.9522609, -18.599335 ], [ 47.9522652, -18.5993861 ], [ 47.9522809, -18.5994335 ], [ 47.9523043, -18.5994735 ], [ 47.9523238, -18.5995136 ], [ 47.952389, -18.599524 ], [ 47.952427299999989, -18.5995237 ], [ 47.9524657, -18.5995307 ], [ 47.952465900000014, -18.5995563 ], [ 47.9524663, -18.5996001 ], [ 47.952463, -18.599655 ], [ 47.952498, -18.5997132 ], [ 47.9525139, -18.5997788 ], [ 47.9525412, -18.5998371 ], [ 47.9525416, -18.5998846 ], [ 47.9525421, -18.5999321 ], [ 47.9525347, -18.599965 ], [ 47.9525236, -18.6000126 ], [ 47.9525202, -18.6000565 ], [ 47.952543500000012, -18.6000929 ], [ 47.9525628, -18.600111 ], [ 47.952609, -18.6001399 ], [ 47.9526095, -18.600191 ], [ 47.9526061, -18.6002386 ], [ 47.9525986, -18.6002642 ], [ 47.9525491, -18.6002938 ], [ 47.9525074, -18.6003453 ], [ 47.9524809, -18.6003821 ], [ 47.9524082, -18.6003973 ], [ 47.9523659, -18.600383 ], [ 47.9523389, -18.6003649 ], [ 47.9522581, -18.600329 ], [ 47.9522356, -18.6003913 ], [ 47.9522285, -18.6004535 ], [ 47.9522636, -18.6005154 ], [ 47.9522639, -18.6005556 ], [ 47.9522795, -18.6005883 ], [ 47.9522875, -18.6006248 ], [ 47.9523147, -18.6006685 ], [ 47.9523149, -18.6006831 ], [ 47.952307499999982, -18.6007197 ], [ 47.9523078, -18.6007562 ], [ 47.9523312, -18.6007999 ], [ 47.9523314, -18.6008255 ], [ 47.9523318, -18.600862 ], [ 47.9523208, -18.6009206 ], [ 47.9523173, -18.6009644 ], [ 47.952310099999984, -18.601012 ], [ 47.9523372, -18.6010447 ], [ 47.9524144, -18.6011062 ], [ 47.9524724, -18.6011642 ], [ 47.9524574, -18.6012009 ], [ 47.9524076, -18.6012086 ], [ 47.9523654, -18.6011979 ], [ 47.9523467, -18.6012529 ], [ 47.9523472, -18.6013077 ], [ 47.9523552, -18.6013552 ], [ 47.9524169, -18.6013985 ], [ 47.952398, -18.6014279 ], [ 47.95236, -18.6014575 ], [ 47.9523527, -18.601505 ], [ 47.9523533, -18.6015708 ], [ 47.9524, -18.6016472 ], [ 47.9523857, -18.6017679 ], [ 47.9523863, -18.6018373 ], [ 47.9523905, -18.6018811 ], [ 47.9523872, -18.6019433 ], [ 47.9523876, -18.6019908 ], [ 47.9523766, -18.6020493 ], [ 47.9523617, -18.6020933 ], [ 47.9523197, -18.6021083 ], [ 47.9521965, -18.6020471 ], [ 47.9521691, -18.6019816 ], [ 47.9521269, -18.6019746 ], [ 47.9520656, -18.6019787 ], [ 47.9520506, -18.6020117 ], [ 47.9520242, -18.6020668 ], [ 47.9520284, -18.6021106 ], [ 47.95202530000001, -18.6021874 ], [ 47.9520218, -18.6022276 ], [ 47.951922100000012, -18.6022284 ], [ 47.9518378, -18.6022254 ], [ 47.9517806, -18.6022551 ], [ 47.9517385, -18.60227 ], [ 47.9516968, -18.6023179 ], [ 47.9516704, -18.6023619 ], [ 47.9516357, -18.6023366 ], [ 47.9516164, -18.6023222 ], [ 47.9516008, -18.6023004 ], [ 47.9515815, -18.6022749 ], [ 47.9515468, -18.6022606 ], [ 47.95152, -18.6022572 ], [ 47.951497, -18.602261 ], [ 47.9514619, -18.6021882 ], [ 47.9514614, -18.6021297 ], [ 47.9514687, -18.6020931 ], [ 47.9514912, -18.6020345 ], [ 47.951490799999988, -18.601987 ], [ 47.9514906, -18.6019687 ], [ 47.9514749, -18.601925 ], [ 47.9514633, -18.6019104 ], [ 47.9514283, -18.6018559 ], [ 47.9513972, -18.6018086 ], [ 47.951370399999988, -18.6018089 ], [ 47.9513476, -18.601831 ], [ 47.9512787, -18.6018388 ], [ 47.951233, -18.6018721 ], [ 47.9512335, -18.6019342 ], [ 47.9512417, -18.6019963 ], [ 47.951238400000015, -18.6020511 ], [ 47.9511885, -18.6020478 ], [ 47.9511502, -18.6020481 ], [ 47.951135, -18.6020629 ], [ 47.9510814, -18.602067 ], [ 47.9510431, -18.6020709 ], [ 47.9509934, -18.6020859 ], [ 47.9509707, -18.602119 ], [ 47.9509171, -18.6021267 ], [ 47.9508673, -18.6021308 ], [ 47.950837, -18.6021639 ], [ 47.9507834, -18.6021753 ], [ 47.950684200000012, -18.6022309 ], [ 47.950677, -18.6022785 ], [ 47.9506851, -18.6023332 ], [ 47.9507009, -18.6023806 ], [ 47.9507167, -18.6024317 ], [ 47.95071690000001, -18.6024572 ], [ 47.9507097, -18.6025085 ], [ 47.9506987, -18.6025707 ], [ 47.9506684, -18.6026075 ], [ 47.9506078, -18.602692 ], [ 47.9506237, -18.6027613 ], [ 47.950628099999989, -18.6028197 ], [ 47.9506553, -18.6028707 ], [ 47.9506937, -18.602874 ], [ 47.9507515, -18.6029138 ], [ 47.9507482, -18.6029723 ], [ 47.9507718, -18.6030342 ], [ 47.9508185, -18.6031179 ], [ 47.9508306, -18.6031836 ], [ 47.9508428, -18.6032675 ], [ 47.9508395, -18.6033297 ], [ 47.950844, -18.6034064 ], [ 47.9508485, -18.6034831 ], [ 47.9508027, -18.6035017 ], [ 47.9507488, -18.6034766 ], [ 47.9507064, -18.6034477 ], [ 47.9506257, -18.6034264 ], [ 47.9506181, -18.6034338 ], [ 47.9505878, -18.6034779 ], [ 47.950576899999987, -18.6035364 ], [ 47.9505084, -18.6035918 ], [ 47.9504703, -18.603625 ], [ 47.9504204, -18.6036181 ], [ 47.9503513, -18.6036003 ], [ 47.9503125, -18.6035422 ], [ 47.9502431, -18.6034989 ], [ 47.9501894, -18.603492 ], [ 47.9501704, -18.6035141 ], [ 47.9501516, -18.6035508 ], [ 47.9501095, -18.6035584 ], [ 47.9500788, -18.603555 ], [ 47.9500481, -18.6035552 ], [ 47.9500291, -18.60357 ], [ 47.9500255, -18.6035993 ], [ 47.9500759, -18.6036647 ], [ 47.9500955, -18.603712 ], [ 47.9500959, -18.6037595 ], [ 47.9500616, -18.6037817 ], [ 47.9500156, -18.6037821 ], [ 47.9500041, -18.6037822 ], [ 47.9499775, -18.6038043 ], [ 47.9499587, -18.6038447 ], [ 47.9499745, -18.603903 ], [ 47.949994, -18.6039431 ], [ 47.950002, -18.6039832 ], [ 47.9499948, -18.6040271 ], [ 47.9499799, -18.604082 ], [ 47.9499381, -18.6041189 ], [ 47.9499348, -18.6041811 ], [ 47.9499273, -18.6042067 ], [ 47.9499279, -18.6042652 ], [ 47.9499281, -18.6042981 ], [ 47.9499861, -18.6043488 ], [ 47.950078, -18.6043407 ], [ 47.9501124, -18.6043295 ], [ 47.9501626, -18.6043766 ], [ 47.9501707, -18.6044277 ], [ 47.9501366, -18.6044682 ], [ 47.9501065, -18.6045378 ], [ 47.9501339, -18.6045961 ], [ 47.9501802, -18.6046359 ], [ 47.9501961, -18.6047016 ], [ 47.9501316, -18.6047715 ], [ 47.9500671, -18.6048488 ], [ 47.9500446, -18.6049074 ], [ 47.9499955, -18.6049846 ], [ 47.9499423, -18.6050361 ], [ 47.949912, -18.6050839 ], [ 47.9498392, -18.6050808 ], [ 47.9497892, -18.6050666 ], [ 47.9497429, -18.6050231 ], [ 47.9497119, -18.6049905 ], [ 47.9496081, -18.6049474 ], [ 47.9495506, -18.6049515 ], [ 47.9495124, -18.6049628 ], [ 47.9494395, -18.6049597 ], [ 47.9493473, -18.6049349 ], [ 47.9493086, -18.604884 ], [ 47.9492506, -18.6048297 ], [ 47.9492232, -18.6047641 ], [ 47.9491463, -18.6047428 ], [ 47.9491035, -18.6046664 ], [ 47.9490417, -18.6046048 ], [ 47.949003, -18.6045612 ], [ 47.9489107, -18.6045254 ], [ 47.9488487, -18.6044528 ], [ 47.9487871, -18.6044168 ], [ 47.9487062, -18.6043699 ], [ 47.9486639, -18.6043593 ], [ 47.9485873, -18.6043599 ], [ 47.9485645, -18.6043856 ], [ 47.9485533, -18.604415 ], [ 47.9485342, -18.6044334 ], [ 47.9484499, -18.6044341 ], [ 47.9483848, -18.6044346 ], [ 47.9483771, -18.6044273 ], [ 47.9482927, -18.6044207 ], [ 47.948227499999987, -18.6044176 ], [ 47.9481817, -18.6044398 ], [ 47.9481436, -18.6044657 ], [ 47.9480787, -18.6044955 ], [ 47.9480559, -18.6045176 ], [ 47.9480142, -18.6045654 ], [ 47.948003, -18.6045984 ], [ 47.9480034, -18.6046459 ], [ 47.9479812, -18.6047375 ], [ 47.9479548, -18.6047852 ], [ 47.9478745, -18.6048114 ], [ 47.9478479, -18.6048408 ], [ 47.9478216, -18.6048959 ], [ 47.9478298, -18.6049543 ], [ 47.9478302, -18.6050018 ], [ 47.9477963, -18.6050751 ], [ 47.9477853, -18.6051264 ], [ 47.9477319, -18.6051634 ], [ 47.9477055, -18.6052038 ], [ 47.9476676, -18.6052552 ], [ 47.9475761, -18.6053108 ], [ 47.9474695, -18.605392 ], [ 47.9473549, -18.6054404 ], [ 47.947221, -18.6054598 ], [ 47.947137, -18.6055043 ], [ 47.9470876, -18.6055558 ], [ 47.9470535, -18.6055963 ], [ 47.9470309, -18.605644 ], [ 47.9470045, -18.6056881 ], [ 47.9469935, -18.6057503 ], [ 47.946948299999988, -18.6058347 ], [ 47.946941, -18.6058823 ], [ 47.9469414, -18.6059298 ], [ 47.9469764, -18.6059806 ], [ 47.9470267, -18.6060351 ], [ 47.9470194, -18.606079 ], [ 47.946954500000011, -18.6061051 ], [ 47.946939299999983, -18.6061235 ], [ 47.9468784, -18.6061678 ], [ 47.9468367, -18.6062193 ], [ 47.9468256, -18.6062705 ], [ 47.9468029, -18.6063 ], [ 47.9467186, -18.6063079 ], [ 47.9466652, -18.6063376 ], [ 47.9466003, -18.6063637 ], [ 47.9465585, -18.6064042 ], [ 47.9465054, -18.6064668 ], [ 47.9465059, -18.6065252 ], [ 47.946449, -18.6065951 ], [ 47.9464495, -18.6066572 ], [ 47.9464539, -18.606712 ], [ 47.9464622, -18.606785 ], [ 47.9464242, -18.6068292 ], [ 47.9463979, -18.6068879 ], [ 47.9463677, -18.6069393 ], [ 47.9462801, -18.6069985 ], [ 47.9462689, -18.6070351 ], [ 47.946269199999989, -18.6070753 ], [ 47.9462811, -18.6071154 ], [ 47.9463311, -18.6071406 ], [ 47.9463699, -18.6071878 ], [ 47.9464203, -18.6072532 ], [ 47.9464666, -18.607293 ], [ 47.94654, -18.6073545 ], [ 47.9465789, -18.60742 ], [ 47.9466369, -18.6074817 ], [ 47.9466948, -18.6075287 ], [ 47.9467142, -18.6075614 ], [ 47.9467414, -18.6076051 ], [ 47.9467918, -18.6076632 ], [ 47.9468306, -18.6077177 ], [ 47.946877, -18.6077721 ], [ 47.9469388, -18.6078228 ], [ 47.9469929, -18.6078699 ], [ 47.9470661, -18.6079131 ], [ 47.9471276, -18.6079382 ], [ 47.9471736, -18.6079379 ], [ 47.9471848, -18.6079049 ], [ 47.9471961, -18.6078792 ], [ 47.9472341, -18.6078424 ], [ 47.9472837, -18.6078127 ], [ 47.9473373, -18.607805 ], [ 47.94741, -18.6077971 ], [ 47.9474637, -18.6077967 ], [ 47.9475291, -18.6078254 ], [ 47.9476097, -18.6078357 ], [ 47.947675, -18.6078535 ], [ 47.9477441, -18.6078749 ], [ 47.9477828, -18.6079184 ], [ 47.9478103, -18.607984 ], [ 47.9478143, -18.6080132 ], [ 47.9478531, -18.6080567 ], [ 47.9478839, -18.6080747 ], [ 47.9479184, -18.6080745 ], [ 47.9479758, -18.608074 ], [ 47.9480223, -18.6081248 ], [ 47.9480803, -18.6081828 ], [ 47.9481342, -18.6082116 ], [ 47.9482074, -18.6082512 ], [ 47.9482691, -18.6083019 ], [ 47.9483269, -18.6083307 ], [ 47.948396, -18.6083448 ], [ 47.9484461, -18.6083772 ], [ 47.9485308, -18.6084241 ], [ 47.948611700000015, -18.6084746 ], [ 47.9486695, -18.6085034 ], [ 47.9487731, -18.6085208 ], [ 47.9488689, -18.6085128 ], [ 47.9489299, -18.608483 ], [ 47.9489949, -18.6084642 ], [ 47.9490332, -18.6084603 ], [ 47.9490831, -18.6084599 ], [ 47.9491024, -18.608478 ], [ 47.9491371, -18.6085033 ], [ 47.949214, -18.6085319 ], [ 47.9492488, -18.6085718 ], [ 47.9492915, -18.6086263 ], [ 47.949341600000011, -18.6086625 ], [ 47.9493995, -18.6087095 ], [ 47.9494381, -18.6087348 ], [ 47.9494958, -18.6087636 ], [ 47.9495383, -18.6087998 ], [ 47.9495808, -18.6088433 ], [ 47.9496386, -18.6088721 ], [ 47.9496887, -18.6089082 ], [ 47.9497464, -18.6089297 ], [ 47.9497848, -18.6089367 ], [ 47.9498154, -18.6089291 ], [ 47.9498612, -18.6089068 ], [ 47.9499183, -18.6088698 ], [ 47.9499528, -18.6088659 ], [ 47.9499873, -18.6088656 ], [ 47.9500256, -18.608869 ], [ 47.9500604, -18.6088979 ], [ 47.95008, -18.6089453 ], [ 47.9500842, -18.6089891 ], [ 47.950099899999984, -18.6090365 ], [ 47.9501004, -18.6090913 ], [ 47.9501735, -18.6091236 ], [ 47.9502083, -18.6091526 ], [ 47.9502546, -18.6091851 ], [ 47.950289, -18.6091848 ], [ 47.9503314, -18.6092064 ], [ 47.9503854, -18.6092425 ], [ 47.9504239, -18.6092642 ], [ 47.9504508, -18.6092749 ], [ 47.9505081, -18.6092562 ], [ 47.950561699999987, -18.6092448 ], [ 47.9506035, -18.6092043 ], [ 47.9506303, -18.6092004 ], [ 47.9506601, -18.6092001 ], [ 47.9503541, -18.609712 ], [ 47.9503321, -18.609729 ], [ 47.9502979, -18.6097622 ], [ 47.9502716, -18.6098208 ], [ 47.950284, -18.6098254 ], [ 47.9502561, -18.6098627 ], [ 47.9502419, -18.6099334 ], [ 47.950138699999989, -18.609986 ], [ 47.9501237, -18.6099532 ], [ 47.9500439, -18.6098597 ], [ 47.9499696, -18.6098227 ], [ 47.9499003, -18.609795 ], [ 47.9498308, -18.6097532 ], [ 47.9497958, -18.6097017 ], [ 47.9497465, -18.6097021 ], [ 47.9496918, -18.6096461 ], [ 47.9496517, -18.6095806 ], [ 47.949563, -18.6095954 ], [ 47.9495244, -18.6096898 ], [ 47.9494854, -18.6097466 ], [ 47.9494266, -18.6097941 ], [ 47.949387, -18.6097709 ], [ 47.949263, -18.6096966 ], [ 47.9492325, -18.609598 ], [ 47.9491925, -18.6095372 ], [ 47.9491295, -18.6094965 ], [ 47.9490229, -18.6094974 ], [ 47.9489853, -18.6094977 ], [ 47.9488851, -18.6095045 ], [ 47.948797500000012, -18.6095291 ], [ 47.9486717, -18.6094822 ], [ 47.9486399, -18.6094287 ], [ 47.9486829, -18.6093327 ], [ 47.9486258, -18.6092555 ], [ 47.9486063, -18.609166 ], [ 47.9486431, -18.609076 ], [ 47.9486798, -18.6089741 ], [ 47.9486226, -18.6088789 ], [ 47.9485281, -18.6088259 ], [ 47.9484152, -18.6088267 ], [ 47.9483277, -18.6088514 ], [ 47.9482151, -18.6088881 ], [ 47.9481149, -18.6088949 ], [ 47.9480522, -18.6088954 ], [ 47.9479646, -18.608914 ], [ 47.9478959, -18.6089504 ], [ 47.947859, -18.6090284 ], [ 47.9478471, -18.6090943 ], [ 47.94781, -18.6091544 ], [ 47.947754, -18.6092086 ], [ 47.9476919, -18.6092689 ], [ 47.947592, -18.6093175 ], [ 47.9475172, -18.6093659 ], [ 47.9475243, -18.6094675 ], [ 47.9474996, -18.6095095 ], [ 47.9474369, -18.60951 ], [ 47.9473684, -18.6095643 ], [ 47.9472744, -18.6095651 ], [ 47.9471609, -18.6094942 ], [ 47.9471791, -18.6094164 ], [ 47.9471778, -18.6092729 ], [ 47.9471332, -18.6091896 ], [ 47.9471448, -18.6090819 ], [ 47.9471878, -18.6089859 ], [ 47.9472812, -18.6089075 ], [ 47.9473495, -18.6088352 ], [ 47.9473611, -18.6087275 ], [ 47.9473603, -18.6086319 ], [ 47.9472781, -18.6085489 ], [ 47.9471464, -18.6085499 ], [ 47.9470338, -18.6085747 ], [ 47.9469272, -18.6085696 ], [ 47.9468516, -18.6085343 ], [ 47.9467698, -18.6084931 ], [ 47.9466695, -18.6084939 ], [ 47.9465816, -18.6084827 ], [ 47.9465188, -18.6084712 ], [ 47.94642480000001, -18.608472 ], [ 47.9463679, -18.6084246 ], [ 47.946299, -18.6084251 ], [ 47.9462423, -18.6083957 ], [ 47.9462175, -18.6084318 ], [ 47.9462368, -18.6084854 ], [ 47.9462499, -18.6085511 ], [ 47.9462571, -18.6086586 ], [ 47.9462263, -18.6087126 ], [ 47.9461894, -18.6087966 ], [ 47.9461775, -18.6088744 ], [ 47.9461471, -18.6089823 ], [ 47.9461102, -18.6090603 ], [ 47.9460988, -18.6091978 ], [ 47.9460439, -18.6093716 ], [ 47.9460007, -18.6094497 ], [ 47.9460016, -18.6095453 ], [ 47.9460024, -18.6096409 ], [ 47.9459594, -18.6097369 ], [ 47.9459542, -18.6098625 ], [ 47.9459296, -18.6099165 ], [ 47.9459054, -18.6100183 ], [ 47.9459317, -18.6101556 ], [ 47.9459389, -18.6102691 ], [ 47.945984, -18.6104062 ], [ 47.9459977, -18.6105316 ], [ 47.9460048, -18.6106332 ], [ 47.9460244, -18.6107287 ], [ 47.9460877, -18.610788 ], [ 47.9462262, -18.6108586 ], [ 47.9463462, -18.6109652 ], [ 47.946427899999989, -18.6109825 ], [ 47.9464225, -18.6110842 ], [ 47.946487, -18.6112869 ], [ 47.9465194, -18.6114122 ], [ 47.9465703, -18.6114895 ], [ 47.9465773, -18.6115731 ], [ 47.9465903, -18.6116328 ], [ 47.9465534, -18.6117108 ], [ 47.9465095, -18.6117111 ], [ 47.9464209, -18.6116222 ], [ 47.94639, -18.6116702 ], [ 47.9463218, -18.6117604 ], [ 47.946304, -18.6118742 ], [ 47.9462923, -18.6119639 ], [ 47.9461489, -18.6120547 ], [ 47.9461115, -18.6120849 ], [ 47.9460367, -18.6121333 ], [ 47.9459809, -18.6121995 ], [ 47.9459815, -18.6122772 ], [ 47.9460326, -18.6123784 ], [ 47.946052599999987, -18.6125158 ], [ 47.9461536, -18.6125927 ], [ 47.9462174, -18.6127177 ], [ 47.9462184, -18.6128372 ], [ 47.9462755, -18.6129145 ], [ 47.9463635, -18.6129437 ], [ 47.9463889, -18.6129793 ], [ 47.9464082, -18.613039 ], [ 47.9464089, -18.6131107 ], [ 47.9463718, -18.6131708 ], [ 47.9463597, -18.6132246 ], [ 47.9463985, -18.6133618 ], [ 47.9464554, -18.6134092 ], [ 47.9465056, -18.6134207 ], [ 47.9465626, -18.6134801 ], [ 47.9465884, -18.6135695 ], [ 47.9465891, -18.6136412 ], [ 47.9465896, -18.613707 ], [ 47.9466844, -18.6137959 ], [ 47.9467477, -18.6138552 ], [ 47.946798, -18.6138787 ], [ 47.9468237, -18.6139502 ], [ 47.946812, -18.6140459 ], [ 47.9467562, -18.6141122 ], [ 47.9467002, -18.6141604 ], [ 47.946625699999984, -18.6142507 ], [ 47.9465704, -18.6143766 ], [ 47.9466021, -18.6144123 ], [ 47.946678, -18.6144953 ], [ 47.9466786, -18.6145671 ], [ 47.9466479, -18.614639 ], [ 47.946617499999988, -18.6147409 ], [ 47.9465493, -18.6148371 ], [ 47.9464752, -18.6149632 ], [ 47.9464514, -18.6151068 ], [ 47.9464327, -18.6151249 ], [ 47.946421, -18.6152207 ], [ 47.9464347, -18.6153461 ], [ 47.946473, -18.6154295 ], [ 47.946473799999985, -18.6155191 ], [ 47.9464056, -18.6156033 ], [ 47.9463375, -18.6156995 ], [ 47.9463258, -18.6158012 ], [ 47.9463079, -18.615909 ], [ 47.9463149, -18.6159926 ], [ 47.9463595, -18.6160759 ], [ 47.9463666, -18.6161715 ], [ 47.9463798, -18.6162431 ], [ 47.9463868, -18.6163268 ], [ 47.9464128, -18.6164282 ], [ 47.9464638, -18.6165294 ], [ 47.9464707, -18.6166011 ], [ 47.946471100000011, -18.6166429 ], [ 47.9464471, -18.6167627 ], [ 47.94636, -18.616847 ], [ 47.9462602, -18.6169016 ], [ 47.9462236, -18.6170215 ], [ 47.9461738, -18.6170577 ], [ 47.9461432, -18.6171417 ], [ 47.9460875, -18.6172258 ], [ 47.946076, -18.6173514 ], [ 47.9460522, -18.6174891 ], [ 47.94606550000001, -18.6175786 ], [ 47.9459853, -18.6177287 ], [ 47.9460177, -18.617848 ], [ 47.9460434, -18.6179255 ], [ 47.9460073, -18.6180932 ], [ 47.9459329, -18.6181954 ], [ 47.9458399, -18.6183097 ], [ 47.9458283, -18.6184234 ], [ 47.9457855, -18.6185433 ], [ 47.9457987, -18.6186149 ], [ 47.9458436, -18.6187341 ], [ 47.945813, -18.618818 ], [ 47.9457513, -18.618938 ], [ 47.9457077, -18.6189683 ], [ 47.9456454, -18.6190166 ], [ 47.9455766, -18.6190291 ], [ 47.945432899999986, -18.61909 ], [ 47.9453959, -18.619162 ], [ 47.9454032, -18.6192815 ], [ 47.945423, -18.619395 ], [ 47.9454552, -18.6194903 ], [ 47.9455183, -18.6195377 ], [ 47.945525, -18.6195794 ], [ 47.9454815, -18.6196336 ], [ 47.9454257, -18.6196998 ], [ 47.9454518, -18.6198191 ], [ 47.9454716, -18.6199325 ], [ 47.9454913, -18.620028 ], [ 47.9455045, -18.6201056 ], [ 47.9455429, -18.620201 ], [ 47.9455749, -18.6202784 ], [ 47.9456008, -18.6203619 ], [ 47.9457212, -18.6205104 ], [ 47.9458157, -18.6205694 ], [ 47.9457916, -18.6206772 ], [ 47.9457984, -18.6207429 ], [ 47.9458181, -18.6208384 ], [ 47.945813, -18.6209759 ], [ 47.9458327, -18.6210774 ], [ 47.9458966, -18.6212143 ], [ 47.94591, -18.6213099 ], [ 47.9458599, -18.6213163 ], [ 47.9458668, -18.6213879 ], [ 47.9458986, -18.6214415 ], [ 47.9459056, -18.6215311 ], [ 47.9459062, -18.6215909 ], [ 47.9458187, -18.6216214 ], [ 47.9457814, -18.6216576 ], [ 47.9457825, -18.6217831 ], [ 47.945783, -18.6218429 ], [ 47.9457585, -18.6219088 ], [ 47.9457147, -18.6219211 ], [ 47.9456464, -18.6219994 ], [ 47.945653, -18.6220352 ], [ 47.9456534, -18.622077 ], [ 47.9456287, -18.622131 ], [ 47.9455666, -18.6221973 ], [ 47.9455169, -18.6222455 ], [ 47.9454797, -18.6222936 ], [ 47.9454676, -18.6223475 ], [ 47.9454807, -18.6224072 ], [ 47.9455377, -18.6224725 ], [ 47.9455569, -18.6225142 ], [ 47.9455948, -18.6225497 ], [ 47.9456768, -18.6226089 ], [ 47.9457084, -18.6226385 ], [ 47.9457026, -18.6226923 ], [ 47.9456526, -18.6227107 ], [ 47.9455966, -18.6227589 ], [ 47.9455596, -18.622831 ], [ 47.9455228, -18.6229209 ], [ 47.9454861, -18.6230228 ], [ 47.9454425, -18.623065 ], [ 47.945418, -18.623131 ], [ 47.9454, -18.6232148 ], [ 47.9454069, -18.6232924 ], [ 47.9454011, -18.6233403 ], [ 47.9453324, -18.6233707 ], [ 47.9452825, -18.623407 ], [ 47.9452576, -18.6234251 ], [ 47.9452392, -18.6234671 ], [ 47.9452143, -18.6234912 ], [ 47.9451644, -18.6235275 ], [ 47.945158600000013, -18.6235813 ], [ 47.9452089, -18.6235929 ], [ 47.9452158, -18.6236586 ], [ 47.9452286, -18.6236943 ], [ 47.9452292, -18.6237601 ], [ 47.9451858, -18.6238142 ], [ 47.945123, -18.6238028 ], [ 47.9450853, -18.6237971 ], [ 47.945060799999986, -18.6238631 ], [ 47.9450232, -18.6238634 ], [ 47.9450176, -18.6239471 ], [ 47.9450181, -18.6240009 ], [ 47.9450184, -18.6240367 ], [ 47.9449623, -18.6240731 ], [ 47.9448499, -18.6241218 ], [ 47.944725, -18.6241825 ], [ 47.9445938, -18.6242314 ], [ 47.944538, -18.6243036 ], [ 47.9444828, -18.6244475 ], [ 47.9444713, -18.6245611 ], [ 47.9444414, -18.6247347 ], [ 47.9444307, -18.624944 ], [ 47.9444074, -18.6251474 ], [ 47.944270599999989, -18.6252741 ], [ 47.9441768, -18.6253047 ], [ 47.9440578, -18.6253236 ], [ 47.9438582, -18.6254327 ], [ 47.943702, -18.6254997 ], [ 47.943627400000011, -18.625578 ], [ 47.9435339, -18.6256385 ], [ 47.9435032, -18.6257045 ], [ 47.9435101, -18.6257822 ], [ 47.9435171, -18.6258658 ], [ 47.9434615, -18.6259619 ], [ 47.9434437, -18.6260756 ], [ 47.9433755, -18.6261658 ], [ 47.9432819, -18.6262144 ], [ 47.9431941, -18.6262151 ], [ 47.9431441, -18.6262274 ], [ 47.9430381, -18.626294 ], [ 47.9430013, -18.6263959 ], [ 47.9429389, -18.6264263 ], [ 47.9428762, -18.6264268 ], [ 47.942794799999987, -18.6264394 ], [ 47.9427196, -18.626446 ], [ 47.9426005, -18.6264469 ], [ 47.9424942, -18.6264836 ], [ 47.9424069, -18.6265381 ], [ 47.9422321, -18.6266172 ], [ 47.9421388, -18.6267017 ], [ 47.9420958, -18.6268036 ], [ 47.9420589, -18.6268876 ], [ 47.9419596, -18.6270079 ], [ 47.941891399999989, -18.6270981 ], [ 47.9417607, -18.6272068 ], [ 47.9416236, -18.6273095 ], [ 47.9415553, -18.6273817 ], [ 47.941492599999989, -18.6273822 ], [ 47.9414242, -18.6274485 ], [ 47.9413807, -18.6274847 ], [ 47.9412991, -18.6274854 ], [ 47.94118, -18.6274863 ], [ 47.9410861, -18.627499 ], [ 47.9410425, -18.6275352 ], [ 47.9410181, -18.6276131 ], [ 47.9410187, -18.6276789 ], [ 47.9410007, -18.6277687 ], [ 47.9409261, -18.627841 ], [ 47.9408069, -18.627842 ], [ 47.9407886, -18.6279019 ], [ 47.9408206, -18.6279674 ], [ 47.9408834, -18.6279788 ], [ 47.9408902, -18.6280386 ], [ 47.940897199999981, -18.6281282 ], [ 47.9408596, -18.6281344 ], [ 47.9408158, -18.6281408 ], [ 47.9407473, -18.6281891 ], [ 47.94070390000001, -18.6282552 ], [ 47.940691799999982, -18.6283031 ], [ 47.9406926, -18.6283868 ], [ 47.9406048, -18.6283935 ], [ 47.940554700000014, -18.6283999 ], [ 47.9404735, -18.6284364 ], [ 47.9404742, -18.6285081 ], [ 47.9404941, -18.6286335 ], [ 47.940532, -18.628669 ], [ 47.940576299999989, -18.6287225 ], [ 47.9405831, -18.6287822 ], [ 47.940559, -18.62889 ], [ 47.9405156, -18.6289501 ], [ 47.9404409, -18.6290105 ], [ 47.9403851, -18.6290767 ], [ 47.9402223, -18.6291019 ], [ 47.9400906, -18.6291029 ], [ 47.9399721, -18.6291756 ], [ 47.9399163, -18.6292478 ], [ 47.9398416, -18.6293141 ], [ 47.9397166, -18.629351 ], [ 47.9396603, -18.6293693 ], [ 47.9395602, -18.6294 ], [ 47.9395105, -18.6294482 ], [ 47.9394417, -18.6294727 ], [ 47.9393731, -18.6295091 ], [ 47.9393608, -18.6295391 ], [ 47.9393612, -18.6295869 ], [ 47.9391795, -18.6296003 ], [ 47.93906, -18.6295534 ], [ 47.9389409, -18.6295544 ], [ 47.9388845, -18.6295608 ], [ 47.938803, -18.6295674 ], [ 47.9387529, -18.6295678 ], [ 47.9386839, -18.6295683 ], [ 47.9385774, -18.6295752 ], [ 47.9385024, -18.6295997 ], [ 47.9384462, -18.629636 ], [ 47.9383966, -18.6296961 ], [ 47.9383911, -18.6297859 ], [ 47.9384418, -18.6298452 ], [ 47.9384732, -18.6298569 ], [ 47.9385553, -18.6299161 ], [ 47.9385997, -18.6299755 ], [ 47.9385815, -18.6300474 ], [ 47.9385067, -18.6300958 ], [ 47.938413, -18.6301443 ], [ 47.938382, -18.6301804 ], [ 47.9383197, -18.6302288 ], [ 47.9382268, -18.630355 ], [ 47.9381957, -18.6303852 ], [ 47.9381393, -18.6303916 ], [ 47.9380076, -18.6303866 ], [ 47.9378881, -18.6303457 ], [ 47.9377814, -18.6303346 ], [ 47.9377069, -18.6304129 ], [ 47.9376139, -18.6305332 ], [ 47.9375961, -18.6306529 ], [ 47.9375784, -18.6307845 ], [ 47.937505, -18.6309943 ], [ 47.9375129, -18.6311856 ], [ 47.9373567, -18.6312406 ], [ 47.9373011, -18.6313426 ], [ 47.9372328, -18.6314149 ], [ 47.9371831, -18.6314691 ], [ 47.9371269, -18.6314935 ], [ 47.9369707, -18.6315545 ], [ 47.9369457, -18.6315666 ], [ 47.9367525, -18.6316997 ], [ 47.9365276, -18.6318031 ], [ 47.9363654, -18.631888 ], [ 47.9363412, -18.6319898 ], [ 47.9362601, -18.6320383 ], [ 47.9362047, -18.6321583 ], [ 47.9362119, -18.6322718 ], [ 47.9362133, -18.6324272 ], [ 47.9362457, -18.6325465 ], [ 47.9362349, -18.6327498 ], [ 47.936237, -18.6329949 ], [ 47.936332, -18.6331017 ], [ 47.9363965, -18.6333045 ], [ 47.9364353, -18.6334416 ], [ 47.9363358, -18.6335321 ], [ 47.9362671, -18.6335685 ], [ 47.9362171, -18.6335868 ], [ 47.9361549, -18.6336471 ], [ 47.9361243, -18.633731 ], [ 47.9360748, -18.6338091 ], [ 47.9360693, -18.6338988 ], [ 47.935995, -18.634007 ], [ 47.935977, -18.6341028 ], [ 47.9359031, -18.6342528 ], [ 47.9357911, -18.6343553 ], [ 47.9357417, -18.6344454 ], [ 47.9355413, -18.6344709 ], [ 47.9354783, -18.6344295 ], [ 47.9353648, -18.6343647 ], [ 47.9351455, -18.6343724 ], [ 47.9349639, -18.6344037 ], [ 47.9347639, -18.634477 ], [ 47.9345263, -18.6345506 ], [ 47.934207, -18.6346069 ], [ 47.9339502, -18.6346448 ], [ 47.9337061, -18.6346945 ], [ 47.9334812, -18.634792 ], [ 47.9333759, -18.6349422 ], [ 47.9333334, -18.635098 ], [ 47.9333098, -18.6352655 ], [ 47.9333362, -18.6354207 ], [ 47.933501, -18.6356287 ], [ 47.9336398, -18.6357232 ], [ 47.9338094, -18.6357577 ], [ 47.933841400000013, -18.6358292 ], [ 47.9339048, -18.6359184 ], [ 47.9339251, -18.6360856 ], [ 47.9339331, -18.6362828 ], [ 47.9338588, -18.636391 ], [ 47.9337215, -18.6364698 ], [ 47.9335406, -18.6365788 ], [ 47.9334413, -18.6366991 ], [ 47.9334234, -18.6367949 ], [ 47.9333236, -18.6368614 ], [ 47.9332736, -18.6368738 ], [ 47.9331858, -18.6368805 ], [ 47.9330792, -18.6368753 ], [ 47.9329853, -18.636888 ], [ 47.932948, -18.6369361 ], [ 47.9329488, -18.6370258 ], [ 47.9329808, -18.6371032 ], [ 47.9330256, -18.6372045 ], [ 47.933033200000011, -18.6373599 ], [ 47.9330293, -18.6376289 ], [ 47.9330173, -18.6376947 ], [ 47.9329119, -18.6378271 ], [ 47.9328693, -18.6379768 ], [ 47.9327769, -18.6381748 ], [ 47.9327283, -18.6383545 ], [ 47.9325977, -18.6384751 ], [ 47.9325108, -18.6385774 ], [ 47.9323797, -18.6386442 ], [ 47.9322354, -18.6386334 ], [ 47.9321102, -18.6386583 ], [ 47.931898, -18.6387735 ], [ 47.9318044, -18.6388281 ], [ 47.9317489, -18.6389361 ], [ 47.9316687, -18.6390802 ], [ 47.9316194, -18.6391822 ], [ 47.9315699, -18.6392603 ], [ 47.9315078, -18.6393325 ], [ 47.931446, -18.6394346 ], [ 47.9314095, -18.6395664 ], [ 47.9313159, -18.639615 ], [ 47.9311595, -18.639658 ], [ 47.9310404, -18.639665 ], [ 47.9309467, -18.6397016 ], [ 47.9308727, -18.6398456 ], [ 47.930805, -18.6399926 ], [ 47.9308061, -18.6401241 ], [ 47.9308201, -18.6402913 ], [ 47.9309097, -18.6404939 ], [ 47.9309738, -18.6406607 ], [ 47.9311888, -18.6408623 ], [ 47.9313145, -18.6408972 ], [ 47.9312659, -18.6410769 ], [ 47.9311171, -18.6412813 ], [ 47.930954100000015, -18.6412826 ], [ 47.9306283, -18.641309 ], [ 47.9303643, -18.6412394 ], [ 47.930049, -18.6410267 ], [ 47.9298083, -18.6407536 ], [ 47.9297818, -18.6405864 ], [ 47.9297177, -18.6404196 ], [ 47.9296667, -18.6403243 ], [ 47.9295912, -18.640301 ], [ 47.929316, -18.6403749 ], [ 47.9290039, -18.6405447 ], [ 47.9287174, -18.6407622 ], [ 47.928218, -18.6410291 ], [ 47.927781, -18.6412477 ], [ 47.9275951, -18.6415003 ], [ 47.9274201, -18.6415734 ], [ 47.9271576, -18.6416711 ], [ 47.9269076, -18.6417687 ], [ 47.9266832, -18.6419139 ], [ 47.9265716, -18.6420702 ], [ 47.926459, -18.642095 ], [ 47.9263469, -18.6421915 ], [ 47.9263101, -18.6422844 ], [ 47.9262983, -18.6423682 ], [ 47.926299, -18.6424519 ], [ 47.926331, -18.6425234 ], [ 47.9264251, -18.6425286 ], [ 47.9264937, -18.6424803 ], [ 47.926556700000013, -18.6425216 ], [ 47.926551, -18.6425874 ], [ 47.9264952, -18.6426536 ], [ 47.9264956, -18.6427014 ], [ 47.9264461, -18.6427855 ], [ 47.926365300000015, -18.6428638 ], [ 47.9263533, -18.6429297 ], [ 47.92636, -18.6429774 ], [ 47.9263729, -18.6430192 ], [ 47.9264048, -18.6430847 ], [ 47.926506, -18.6431795 ], [ 47.926607, -18.6432565 ], [ 47.9266017, -18.6433701 ], [ 47.9266652, -18.6434652 ], [ 47.9267413, -18.6435603 ], [ 47.9267861, -18.6436735 ], [ 47.9267491, -18.6437395 ], [ 47.9266808, -18.6438237 ], [ 47.9266251, -18.6439019 ], [ 47.9265386, -18.644052 ], [ 47.9264956, -18.644154 ], [ 47.9264082, -18.6441965 ], [ 47.9263141, -18.6441972 ], [ 47.9261822, -18.6441743 ], [ 47.9259804, -18.6440444 ], [ 47.9258105, -18.643974 ], [ 47.9256723, -18.6439452 ], [ 47.9255157, -18.6439644 ], [ 47.9254031, -18.6439952 ], [ 47.925291, -18.6440797 ], [ 47.9251976, -18.6441522 ], [ 47.925123, -18.6442305 ], [ 47.925017, -18.644303 ], [ 47.9249178, -18.6444293 ], [ 47.9247542, -18.6443649 ], [ 47.9246463, -18.6442163 ], [ 47.924545, -18.6440975 ], [ 47.9244254, -18.6440506 ], [ 47.9242749, -18.6440458 ], [ 47.9242695, -18.6441475 ], [ 47.9241574, -18.644238 ], [ 47.9241077, -18.6442922 ], [ 47.924032700000012, -18.6443167 ], [ 47.9239513, -18.6443293 ], [ 47.9238821, -18.6443119 ], [ 47.9237373, -18.6442413 ], [ 47.9236927, -18.644164 ], [ 47.9236608, -18.6440985 ], [ 47.9236161, -18.6440032 ], [ 47.9235151, -18.6439263 ], [ 47.9235141, -18.6438067 ], [ 47.9235194, -18.6436931 ], [ 47.9234933, -18.6435797 ], [ 47.9234425, -18.6435084 ], [ 47.9233167, -18.6434556 ], [ 47.9232597, -18.6433903 ], [ 47.9231963, -18.6433131 ], [ 47.9230828, -18.6432422 ], [ 47.9229943, -18.6431592 ], [ 47.9229436, -18.6430939 ], [ 47.9229428, -18.6430042 ], [ 47.9228856, -18.642909 ], [ 47.9228159, -18.6428259 ], [ 47.9227144, -18.6426892 ], [ 47.9226132, -18.6425884 ], [ 47.9225249, -18.6425293 ], [ 47.9224237, -18.6424344 ], [ 47.9223479, -18.6423633 ], [ 47.9222538, -18.642364 ], [ 47.9222167, -18.6424181 ], [ 47.9221413, -18.6424008 ], [ 47.922034, -18.6423179 ], [ 47.9219707, -18.6422527 ], [ 47.9219076, -18.6422113 ], [ 47.9218131, -18.6421583 ], [ 47.9217251, -18.6421351 ], [ 47.921624799999989, -18.6421358 ], [ 47.921537, -18.6421365 ], [ 47.9214865, -18.6420951 ], [ 47.9213857, -18.6420421 ], [ 47.9212917, -18.6420428 ], [ 47.9211974, -18.6420196 ], [ 47.9211472, -18.6420081 ], [ 47.9210845, -18.6420145 ], [ 47.9210791, -18.6421162 ], [ 47.921079899999988, -18.6422059 ], [ 47.9211122, -18.6423132 ], [ 47.9211189, -18.6423669 ], [ 47.9211068, -18.6424208 ], [ 47.9210567, -18.6424212 ], [ 47.9209876, -18.6424098 ], [ 47.9209494, -18.6423444 ], [ 47.920885800000015, -18.6422432 ], [ 47.9208537, -18.6421538 ], [ 47.9207842, -18.6420886 ], [ 47.9207083, -18.6420175 ], [ 47.920664, -18.641964 ], [ 47.920595, -18.6419646 ], [ 47.9205323, -18.6419651 ], [ 47.9204444, -18.6419478 ], [ 47.9203624, -18.6418946 ], [ 47.9203054, -18.6418293 ], [ 47.9202733, -18.6417399 ], [ 47.9201904, -18.6415852 ], [ 47.9201394, -18.6414839 ], [ 47.9201074, -18.6414125 ], [ 47.9200441, -18.6413412 ], [ 47.9199494, -18.6412702 ], [ 47.9198674, -18.6412111 ], [ 47.9198608, -18.6411693 ], [ 47.9199045, -18.6411451 ], [ 47.9199607, -18.6411267 ], [ 47.9200421, -18.6411141 ], [ 47.9200292, -18.6410664 ], [ 47.9199974, -18.6410188 ], [ 47.9199342, -18.6409595 ], [ 47.9198774, -18.6409121 ], [ 47.9199084, -18.6408701 ], [ 47.9199959, -18.6408455 ], [ 47.920052, -18.6407972 ], [ 47.9201206, -18.6407548 ], [ 47.9201386, -18.640659 ], [ 47.9201376, -18.6405515 ], [ 47.9200671, -18.6403667 ], [ 47.919953, -18.6402241 ], [ 47.9198201, -18.6400817 ], [ 47.9197189, -18.6399869 ], [ 47.9195743, -18.6399402 ], [ 47.9194362, -18.6399173 ], [ 47.9192981, -18.6399005 ], [ 47.9191912, -18.6398714 ], [ 47.919009, -18.639831 ], [ 47.9189333, -18.6397778 ], [ 47.9189329, -18.63973 ], [ 47.9189569, -18.6396043 ], [ 47.9189246, -18.639485 ], [ 47.918911, -18.6393655 ], [ 47.9188474, -18.6392584 ], [ 47.918746, -18.6391337 ], [ 47.9186199, -18.639057 ], [ 47.9185058, -18.6389144 ], [ 47.9184108, -18.6388075 ], [ 47.918266, -18.6387309 ], [ 47.9181839, -18.6386658 ], [ 47.9180643, -18.638613 ], [ 47.917926, -18.6385722 ], [ 47.9177944, -18.6385852 ], [ 47.9176633, -18.638646 ], [ 47.9175449, -18.6387366 ], [ 47.9174892, -18.6388147 ], [ 47.9174401, -18.6389466 ], [ 47.9174221, -18.6390424 ], [ 47.9173538, -18.6391146 ], [ 47.9172728, -18.6391751 ], [ 47.9172803, -18.6393244 ], [ 47.9173124, -18.6394019 ], [ 47.9173442, -18.6394614 ], [ 47.9173947, -18.6395029 ], [ 47.9173451, -18.639563 ], [ 47.9173081, -18.6396351 ], [ 47.9172774, -18.639713 ], [ 47.9172278, -18.6397791 ], [ 47.9170965, -18.639822 ], [ 47.9170275, -18.6398225 ], [ 47.9168833, -18.6398177 ], [ 47.9167892, -18.6398184 ], [ 47.9166768, -18.6398731 ], [ 47.9166335, -18.6399392 ], [ 47.9165899, -18.6399754 ], [ 47.9165084, -18.639976 ], [ 47.9164332, -18.6399766 ], [ 47.9163268, -18.6400014 ], [ 47.9163023, -18.6400733 ], [ 47.9163027, -18.6401211 ], [ 47.9163035, -18.6402108 ], [ 47.9163476, -18.6402343 ], [ 47.9163604, -18.6402641 ], [ 47.9164486, -18.6403172 ], [ 47.9165363, -18.6402986 ], [ 47.916624, -18.6402979 ], [ 47.9167684, -18.6403207 ], [ 47.9168442, -18.6403799 ], [ 47.9169392, -18.6404868 ], [ 47.9169715, -18.6406061 ], [ 47.9169658, -18.6406659 ], [ 47.9169163, -18.640744 ], [ 47.9168728, -18.6407921 ], [ 47.9168732, -18.6408399 ], [ 47.9168488, -18.6409178 ], [ 47.9167553, -18.6409783 ], [ 47.9166675, -18.640979 ], [ 47.9165857, -18.6409438 ], [ 47.9164602, -18.6409388 ], [ 47.916277699999988, -18.6408625 ], [ 47.9162268, -18.6407733 ], [ 47.9162318, -18.6406238 ], [ 47.9162309, -18.6405162 ], [ 47.9162048, -18.6404028 ], [ 47.9161348, -18.6402838 ], [ 47.9160649, -18.6401768 ], [ 47.916014, -18.6400935 ], [ 47.9159764, -18.6400938 ], [ 47.9158699, -18.6401065 ], [ 47.9157262, -18.6401615 ], [ 47.9156008, -18.6401684 ], [ 47.9155194, -18.640181 ], [ 47.915438, -18.6401876 ], [ 47.9153504, -18.6402062 ], [ 47.9152566, -18.6402369 ], [ 47.9151939, -18.6402433 ], [ 47.9150687, -18.6402622 ], [ 47.9149741, -18.6402032 ], [ 47.9149362, -18.6401736 ], [ 47.9148795, -18.6401382 ], [ 47.9147914, -18.640103 ], [ 47.9147033, -18.6400618 ], [ 47.914615, -18.6400087 ], [ 47.9145899, -18.6400029 ], [ 47.9144833, -18.6400038 ], [ 47.9143893, -18.6400045 ], [ 47.9142575, -18.6399936 ], [ 47.9141321, -18.6399945 ], [ 47.9140381, -18.6400013 ], [ 47.914000600000016, -18.6400195 ], [ 47.9138943, -18.6400562 ], [ 47.9138319, -18.6400925 ], [ 47.9137571, -18.6401349 ], [ 47.913695, -18.6402072 ], [ 47.9136326, -18.6402435 ], [ 47.9135267, -18.640322 ], [ 47.9135274, -18.6404117 ], [ 47.9135156, -18.6404955 ], [ 47.9134851, -18.6405973 ], [ 47.9134922, -18.6406869 ], [ 47.9134046, -18.6407115 ], [ 47.913317, -18.6407361 ], [ 47.9132167, -18.6407429 ], [ 47.9132053, -18.6408685 ], [ 47.9131876, -18.6410061 ], [ 47.9131884, -18.6410898 ], [ 47.9131518, -18.6412096 ], [ 47.9131523, -18.6412694 ], [ 47.9130904, -18.6413655 ], [ 47.9130156, -18.6414139 ], [ 47.9129468, -18.6414384 ], [ 47.9129094, -18.6414686 ], [ 47.9128534, -18.6415108 ], [ 47.91281, -18.6415769 ], [ 47.912723, -18.6416673 ], [ 47.9126541, -18.6416798 ], [ 47.9125917, -18.6417101 ], [ 47.9125734, -18.6417701 ], [ 47.912574099999986, -18.6418478 ], [ 47.9125748, -18.6419374 ], [ 47.9125758, -18.642045 ], [ 47.9125829, -18.6421526 ], [ 47.9125835, -18.6422183 ], [ 47.9125838, -18.6422482 ], [ 47.9124848, -18.6424103 ], [ 47.9123976, -18.6424768 ], [ 47.9122786, -18.6424897 ], [ 47.9121974, -18.6425262 ], [ 47.9121288, -18.6425745 ], [ 47.9120478, -18.6426289 ], [ 47.9119352, -18.6426597 ], [ 47.91181, -18.6426906 ], [ 47.911742, -18.6427987 ], [ 47.9117367, -18.6429183 ], [ 47.911637, -18.6429848 ], [ 47.911568, -18.6429853 ], [ 47.911492699999989, -18.6429859 ], [ 47.9113487, -18.643011 ], [ 47.9111924, -18.643066 ], [ 47.9110858, -18.6430668 ], [ 47.910942, -18.6431157 ], [ 47.9107737, -18.6432246 ], [ 47.910768900000015, -18.643398 ], [ 47.910770700000015, -18.6436132 ], [ 47.9108349, -18.6437801 ], [ 47.9110118, -18.6439401 ], [ 47.911133, -18.6441842 ], [ 47.9110033, -18.6444124 ], [ 47.910884800000012, -18.644485 ], [ 47.9108169, -18.6446111 ], [ 47.9108178, -18.6447247 ], [ 47.9108069, -18.644916 ], [ 47.9108083, -18.6450774 ], [ 47.910734, -18.6451916 ], [ 47.9106714, -18.645198 ], [ 47.9105769, -18.6451509 ], [ 47.9105388, -18.6450855 ], [ 47.9104568, -18.6450383 ], [ 47.910349799999985, -18.6449913 ], [ 47.910237, -18.6449982 ], [ 47.9101568, -18.6451482 ], [ 47.9100821, -18.6452146 ], [ 47.910001, -18.645263 ], [ 47.910002, -18.6453766 ], [ 47.9100027, -18.6454662 ], [ 47.9099719, -18.6455263 ], [ 47.9099352, -18.6456401 ], [ 47.9098984, -18.6457301 ], [ 47.9099058, -18.6458615 ], [ 47.9099065, -18.6459512 ], [ 47.9099077, -18.6460886 ], [ 47.9099523, -18.646172 ], [ 47.9100215, -18.6461954 ], [ 47.9100475, -18.6463087 ], [ 47.9099857, -18.6464108 ], [ 47.9099487, -18.6464769 ], [ 47.9099126, -18.6466625 ], [ 47.9099383, -18.646728 ], [ 47.9099265, -18.6468237 ], [ 47.9099527, -18.6469491 ], [ 47.9099538, -18.6470746 ], [ 47.9098852, -18.6471229 ], [ 47.9098734, -18.6472127 ], [ 47.9099429, -18.647266 ], [ 47.9100121, -18.6472953 ], [ 47.910007500000013, -18.6474866 ], [ 47.9100338, -18.6476299 ], [ 47.9100971, -18.6477011 ], [ 47.9100665, -18.647791 ], [ 47.910074, -18.6479344 ], [ 47.9100998, -18.6480239 ], [ 47.910144099999982, -18.6480714 ], [ 47.9102074, -18.6481366 ], [ 47.910371, -18.6482011 ], [ 47.9103909, -18.6483265 ], [ 47.9103664, -18.6483984 ], [ 47.9103669, -18.6484582 ], [ 47.9104681, -18.648559 ], [ 47.910599900000015, -18.6485759 ], [ 47.9107824, -18.6486462 ], [ 47.91104, -18.64871 ], [ 47.9112659, -18.6487262 ], [ 47.9114161, -18.6486891 ], [ 47.9115476, -18.6486702 ], [ 47.9117169, -18.6486689 ], [ 47.9118555, -18.6487455 ], [ 47.912094599999989, -18.6488333 ], [ 47.9121955, -18.6489043 ], [ 47.9123218, -18.6490049 ], [ 47.9124049, -18.6491955 ], [ 47.9124616, -18.649219 ], [ 47.9125252, -18.6493321 ], [ 47.9125448, -18.6494156 ], [ 47.9126648, -18.6495163 ], [ 47.912723, -18.6497251 ], [ 47.9127369, -18.6498863 ], [ 47.9127881, -18.6500055 ], [ 47.9128459, -18.6501664 ], [ 47.9128472, -18.6503218 ], [ 47.9128794, -18.6504113 ], [ 47.9129861, -18.6504284 ], [ 47.9131683, -18.6504628 ], [ 47.9133312, -18.6504496 ], [ 47.9135005, -18.6504483 ], [ 47.913581900000011, -18.6504357 ], [ 47.9136315, -18.6503695 ], [ 47.9136808, -18.6502735 ], [ 47.9137368, -18.6502133 ], [ 47.9138494, -18.6501885 ], [ 47.9139432, -18.6501579 ], [ 47.9140561, -18.650163 ], [ 47.9141567, -18.6501861 ], [ 47.9142198, -18.6502335 ], [ 47.914315, -18.6503702 ], [ 47.9143906, -18.6504055 ], [ 47.9144539, -18.6504827 ], [ 47.9144923, -18.6505721 ], [ 47.9145374, -18.6507152 ], [ 47.9146192, -18.6507384 ], [ 47.9146186, -18.6506667 ], [ 47.9146113, -18.6505472 ], [ 47.9145857, -18.6504936 ], [ 47.9145539, -18.6504401 ], [ 47.9145658, -18.6503623 ], [ 47.9146216, -18.6502901 ], [ 47.9146902, -18.6502418 ], [ 47.9147525, -18.6501934 ], [ 47.9148529, -18.6502046 ], [ 47.9149848, -18.6502335 ], [ 47.9150539, -18.6502449 ], [ 47.9151169, -18.6502743 ], [ 47.9152172, -18.6502795 ], [ 47.9153052, -18.6502967 ], [ 47.9152936, -18.6504104 ], [ 47.9153641, -18.6505832 ], [ 47.9154009, -18.6504873 ], [ 47.9153625, -18.6504039 ], [ 47.9153618, -18.6503142 ], [ 47.9153613, -18.6502604 ], [ 47.9152728, -18.6501834 ], [ 47.9152782, -18.6500818 ], [ 47.9153338, -18.6499797 ], [ 47.9153331, -18.649902 ], [ 47.9153454, -18.649872 ], [ 47.9154013, -18.6498058 ], [ 47.9155013, -18.6497692 ], [ 47.915532, -18.6496912 ], [ 47.9157014, -18.6497019 ], [ 47.9157828, -18.6496833 ], [ 47.9158894, -18.6496825 ], [ 47.9159771, -18.6496758 ], [ 47.9160455, -18.6496095 ], [ 47.9160452, -18.6495796 ], [ 47.916013500000012, -18.6495321 ], [ 47.9160128, -18.6494544 ], [ 47.9160122, -18.6493826 ], [ 47.9160492, -18.6493046 ], [ 47.916055, -18.6492568 ], [ 47.9161048, -18.6492086 ], [ 47.9161546, -18.6491723 ], [ 47.9162486, -18.6491656 ], [ 47.9162544, -18.6491058 ], [ 47.9162538, -18.6490341 ], [ 47.9162913, -18.6490218 ], [ 47.9163415, -18.6490334 ], [ 47.9163482, -18.6490752 ], [ 47.9163796, -18.6490869 ], [ 47.9163676, -18.6491408 ], [ 47.9163178, -18.649189 ], [ 47.9162617, -18.6492253 ], [ 47.9162054, -18.6492496 ], [ 47.9162, -18.6493513 ], [ 47.9161501, -18.6493756 ], [ 47.9161819, -18.6494291 ], [ 47.9162324, -18.6494646 ], [ 47.9163455, -18.6494936 ], [ 47.9164089, -18.6495768 ], [ 47.9164722, -18.6496421 ], [ 47.916541, -18.6496236 ], [ 47.9165294, -18.6497313 ], [ 47.9165235, -18.6497791 ], [ 47.9165616, -18.6498267 ], [ 47.9166369, -18.6498321 ], [ 47.9167622, -18.6498191 ], [ 47.9168492, -18.6497288 ], [ 47.9169241, -18.6496923 ], [ 47.917074299999989, -18.6496613 ], [ 47.917168499999988, -18.6496725 ], [ 47.9172626, -18.6496777 ], [ 47.9173568, -18.6496949 ], [ 47.9174383, -18.6496943 ], [ 47.9175138, -18.6497176 ], [ 47.917576, -18.6496633 ], [ 47.9176324, -18.6496569 ], [ 47.917689, -18.6496804 ], [ 47.9176896, -18.6497461 ], [ 47.9177274, -18.6497638 ], [ 47.9177466, -18.6498174 ], [ 47.9176846, -18.6498956 ], [ 47.9175902, -18.6498545 ], [ 47.9175524, -18.6498369 ], [ 47.917477, -18.6498136 ], [ 47.9173769, -18.6498442 ], [ 47.9173335, -18.6499043 ], [ 47.917328, -18.6499881 ], [ 47.917246800000015, -18.6500305 ], [ 47.9171655, -18.6500551 ], [ 47.9170898, -18.6500019 ], [ 47.9169894, -18.6499967 ], [ 47.9168828, -18.6499975 ], [ 47.9168264, -18.649998 ], [ 47.9167576, -18.6500224 ], [ 47.916733, -18.6500764 ], [ 47.9167462, -18.650148 ], [ 47.9167532, -18.6502376 ], [ 47.916766699999989, -18.6503511 ], [ 47.9167744, -18.6505124 ], [ 47.9167696, -18.6506918 ], [ 47.9168147, -18.6508289 ], [ 47.9168783, -18.6509301 ], [ 47.9170676, -18.651072 ], [ 47.9172381, -18.6512022 ], [ 47.917426200000016, -18.6512007 ], [ 47.9177334, -18.6511924 ], [ 47.918066, -18.6512256 ], [ 47.9181787, -18.6512009 ], [ 47.9182975, -18.6511641 ], [ 47.9183657, -18.6510679 ], [ 47.9184469, -18.6510314 ], [ 47.9185155, -18.650995 ], [ 47.9185399, -18.6509111 ], [ 47.9185835, -18.6508749 ], [ 47.9186394, -18.6508207 ], [ 47.9186513, -18.6507429 ], [ 47.9186572, -18.650701 ], [ 47.918707, -18.6506528 ], [ 47.91875, -18.6505568 ], [ 47.9187558, -18.650497 ], [ 47.9187552, -18.6504312 ], [ 47.9188307, -18.6504545 ], [ 47.9189184, -18.6504419 ], [ 47.9189686, -18.6504535 ], [ 47.9189942, -18.650513 ], [ 47.9190763, -18.6505722 ], [ 47.9191389, -18.6505597 ], [ 47.919152, -18.6506254 ], [ 47.9191275, -18.6506913 ], [ 47.9190585, -18.6506978 ], [ 47.9190022, -18.6507043 ], [ 47.9189775, -18.6507583 ], [ 47.9189717, -18.6508061 ], [ 47.9189091, -18.6508245 ], [ 47.9188719, -18.6508726 ], [ 47.9188662, -18.6509385 ], [ 47.9189042, -18.650986 ], [ 47.9188361, -18.6510821 ], [ 47.918742, -18.6510829 ], [ 47.9186792, -18.6510654 ], [ 47.9186227, -18.6510659 ], [ 47.9185665, -18.6510902 ], [ 47.9185294, -18.6511443 ], [ 47.9185548, -18.6511919 ], [ 47.9186057, -18.6512692 ], [ 47.9186626, -18.6513226 ], [ 47.9187443, -18.6513459 ], [ 47.9187886, -18.6513933 ], [ 47.9188083, -18.6514948 ], [ 47.9188026, -18.6515606 ], [ 47.9188418, -18.6517516 ], [ 47.9188995, -18.6518886 ], [ 47.9189318, -18.6520019 ], [ 47.9190269, -18.6521267 ], [ 47.9192155, -18.6521791 ], [ 47.9193657, -18.652148 ], [ 47.9194713, -18.6520336 ], [ 47.9195395, -18.6519374 ], [ 47.919608, -18.6518771 ], [ 47.9197146, -18.6518763 ], [ 47.9198461, -18.6518633 ], [ 47.9199465, -18.6518625 ], [ 47.9200218, -18.6518679 ], [ 47.9201663, -18.6519086 ], [ 47.9202857, -18.6519376 ], [ 47.9204238, -18.6519484 ], [ 47.9205493, -18.6519594 ], [ 47.9206373, -18.6519826 ], [ 47.9207755, -18.6520174 ], [ 47.920933100000013, -18.6521059 ], [ 47.921047, -18.6522305 ], [ 47.9211113, -18.6524093 ], [ 47.9211129, -18.6525946 ], [ 47.9211581, -18.6527556 ], [ 47.9212346, -18.6528985 ], [ 47.9212176, -18.6531079 ], [ 47.9211818, -18.6533173 ], [ 47.9211576, -18.6534251 ], [ 47.9210836, -18.6535692 ], [ 47.9209782, -18.6537075 ], [ 47.9209601, -18.6537913 ], [ 47.9209736, -18.6538988 ], [ 47.9211441, -18.654035 ], [ 47.9214083, -18.6541285 ], [ 47.9214777, -18.6541878 ], [ 47.9215162, -18.6542891 ], [ 47.9215734, -18.6543783 ], [ 47.9217116, -18.6543951 ], [ 47.9218437, -18.6544479 ], [ 47.9218694, -18.6545194 ], [ 47.9220331, -18.6546018 ], [ 47.9221779, -18.6546665 ], [ 47.9224106, -18.6547364 ], [ 47.9224231, -18.6547363 ], [ 47.9226112, -18.6547348 ], [ 47.9227433, -18.6547756 ], [ 47.9228562, -18.6547867 ], [ 47.922975600000015, -18.6548097 ], [ 47.9230514, -18.6548808 ], [ 47.9231276, -18.6549818 ], [ 47.9231536, -18.6550952 ], [ 47.9231733, -18.6551907 ], [ 47.9231803, -18.6552803 ], [ 47.9233378, -18.6553627 ], [ 47.9234444, -18.6553619 ], [ 47.9234933, -18.6552121 ], [ 47.9234797, -18.6550926 ], [ 47.9234784, -18.6549432 ], [ 47.9235211, -18.6548054 ], [ 47.9236142, -18.6546911 ], [ 47.9237576, -18.6545943 ], [ 47.9238196, -18.6545101 ], [ 47.9239447, -18.6544793 ], [ 47.9241265, -18.6544719 ], [ 47.9244782, -18.6545289 ], [ 47.9246726, -18.6545274 ], [ 47.924892, -18.6545256 ], [ 47.9251373, -18.6546074 ], [ 47.9252941, -18.6546062 ], [ 47.9254635, -18.6546168 ], [ 47.9256202, -18.6546156 ], [ 47.9256766, -18.6546091 ], [ 47.9257643, -18.6546025 ], [ 47.9258648, -18.6546136 ], [ 47.9259158, -18.6547149 ], [ 47.9259546, -18.6548521 ], [ 47.9260928, -18.6548808 ], [ 47.9262372, -18.6548976 ], [ 47.9263749, -18.6548667 ], [ 47.9264499, -18.6548422 ], [ 47.9265373, -18.6547877 ], [ 47.9266059, -18.6547513 ], [ 47.9266941, -18.6547984 ], [ 47.9267758, -18.6548217 ], [ 47.926845, -18.6548391 ], [ 47.9268884, -18.654779 ], [ 47.926957, -18.6547366 ], [ 47.9271072, -18.6547055 ], [ 47.9272388, -18.6546985 ], [ 47.9273956, -18.6546973 ], [ 47.9276464, -18.6546893 ], [ 47.9277587, -18.6546287 ], [ 47.9279034, -18.6546813 ], [ 47.9279788, -18.6546987 ], [ 47.9280916, -18.6546858 ], [ 47.9282421, -18.6546906 ], [ 47.9284621, -18.6547546 ], [ 47.9285946, -18.6548492 ], [ 47.928739, -18.654866 ], [ 47.9288769, -18.654853 ], [ 47.9290455, -18.654774 ], [ 47.92925240000001, -18.6547723 ], [ 47.9293648, -18.6547117 ], [ 47.9295535, -18.654776 ], [ 47.9297063, -18.6550497 ], [ 47.9298828, -18.6551499 ], [ 47.9299723, -18.6553465 ], [ 47.9299426, -18.655544 ], [ 47.929968300000013, -18.6556095 ], [ 47.9300132, -18.6557287 ], [ 47.9300454, -18.6558301 ], [ 47.9301461, -18.6558712 ], [ 47.9302156, -18.6559244 ], [ 47.9302355, -18.6560498 ], [ 47.9302617, -18.6561811 ], [ 47.930269, -18.6563006 ], [ 47.9302574, -18.6564142 ], [ 47.9302521, -18.6565159 ], [ 47.9303531, -18.6565988 ], [ 47.9303728, -18.6567002 ], [ 47.9304178, -18.6568314 ], [ 47.9303685, -18.6569274 ], [ 47.930287, -18.6569281 ], [ 47.9302374, -18.6569942 ], [ 47.9302256, -18.657084 ], [ 47.9302765, -18.6571672 ], [ 47.9303718, -18.65731 ], [ 47.930429, -18.6573992 ], [ 47.9304802, -18.6575183 ], [ 47.9305249, -18.6576136 ], [ 47.930551, -18.657727 ], [ 47.9305518, -18.6578226 ], [ 47.9305911, -18.6580136 ], [ 47.9307488, -18.6581199 ], [ 47.930894, -18.6582264 ], [ 47.931108, -18.6583203 ], [ 47.9312781, -18.6584146 ], [ 47.9313231, -18.6585338 ], [ 47.9314624, -18.6586882 ], [ 47.9315257, -18.6587594 ], [ 47.9316649, -18.6589018 ], [ 47.9318228, -18.659032 ], [ 47.9319994, -18.6591442 ], [ 47.9320819, -18.6592631 ], [ 47.9321951, -18.6592981 ], [ 47.9323649, -18.6593565 ], [ 47.9324289, -18.6594995 ], [ 47.9324422, -18.659589 ], [ 47.9324495, -18.6597025 ], [ 47.9325442, -18.6597795 ], [ 47.9326389, -18.6598565 ], [ 47.9327581, -18.6598555 ], [ 47.932902, -18.6598185 ], [ 47.9329959, -18.6598058 ], [ 47.9330824, -18.6596557 ], [ 47.9331446, -18.6595895 ], [ 47.9332317, -18.6595111 ], [ 47.9332619, -18.6593853 ], [ 47.9332986, -18.6592774 ], [ 47.9333039, -18.6591578 ], [ 47.9334163, -18.6591031 ], [ 47.933441, -18.6590671 ], [ 47.9335226, -18.6590664 ], [ 47.9335484, -18.6591559 ], [ 47.9335803, -18.6592154 ], [ 47.9335872, -18.6592931 ], [ 47.9336256, -18.6593824 ], [ 47.9337201, -18.6594235 ], [ 47.9338953, -18.6593863 ], [ 47.9339638, -18.6593319 ], [ 47.9340514, -18.6593073 ], [ 47.9341389, -18.6592708 ], [ 47.93424, -18.6593537 ], [ 47.9342598, -18.6594671 ], [ 47.9343291, -18.6595144 ], [ 47.9343674, -18.6595918 ], [ 47.9343554, -18.6596457 ], [ 47.934287, -18.6597179 ], [ 47.9342378, -18.6598259 ], [ 47.9342073, -18.6599218 ], [ 47.9342398, -18.660059 ], [ 47.934272, -18.6601544 ], [ 47.9343047, -18.6603096 ], [ 47.9342932, -18.6604292 ], [ 47.9342253, -18.6605493 ], [ 47.9342571, -18.6606028 ], [ 47.9342578, -18.6606865 ], [ 47.9342583, -18.6607463 ], [ 47.9342595, -18.6608838 ], [ 47.9342228, -18.6609857 ], [ 47.9342986, -18.6610568 ], [ 47.9343371, -18.6611581 ], [ 47.9343998, -18.6611457 ], [ 47.934476700000012, -18.6612537 ], [ 47.9334821, -18.66441 ], [ 47.9334812, -18.6644107 ], [ 47.933444, -18.6644588 ], [ 47.9334381, -18.6645067 ], [ 47.93342, -18.6645905 ], [ 47.9333894, -18.6646744 ], [ 47.9333783, -18.6647393 ], [ 47.9333521, -18.6648225 ], [ 47.9334167, -18.6650492 ], [ 47.9334685, -18.6652281 ], [ 47.933644799999989, -18.6653104 ], [ 47.9337211, -18.6654293 ], [ 47.9336231, -18.6657051 ], [ 47.9337118, -18.6658119 ], [ 47.933675, -18.6659079 ], [ 47.933613, -18.6659801 ], [ 47.933753, -18.6662181 ], [ 47.9337793, -18.6663613 ], [ 47.9337056, -18.6665413 ], [ 47.933555299999988, -18.6665664 ], [ 47.9334173, -18.6665555 ], [ 47.9331799, -18.666665 ], [ 47.9331188, -18.6668448 ], [ 47.9332077, -18.6669756 ], [ 47.933411199999988, -18.6672968 ], [ 47.9335381, -18.6674751 ], [ 47.9337763, -18.6674612 ], [ 47.9339508, -18.6673283 ], [ 47.9340763, -18.6673393 ], [ 47.9340527, -18.6675069 ], [ 47.9340287, -18.6676386 ], [ 47.9340305, -18.6678418 ], [ 47.9339826, -18.6681052 ], [ 47.9337585, -18.6682982 ], [ 47.9336727, -18.6685261 ], [ 47.9335368, -18.6687662 ], [ 47.9334762, -18.6690058 ], [ 47.9334902, -18.6691731 ], [ 47.9336293, -18.6693035 ], [ 47.9338685, -18.6694092 ], [ 47.9341206, -18.6695506 ], [ 47.9342845, -18.669645 ], [ 47.9344243, -18.6698591 ], [ 47.9344258, -18.6700264 ], [ 47.9342516, -18.6701952 ], [ 47.9340907, -18.6704356 ], [ 47.9339917, -18.6705918 ], [ 47.934031, -18.6707827 ], [ 47.9341577, -18.6709371 ], [ 47.9342838, -18.6710079 ], [ 47.9343104, -18.671187 ], [ 47.9342694, -18.671346 ], [ 47.9342274, -18.6714978 ], [ 47.9342429, -18.6716215 ], [ 47.934215, -18.6717319 ], [ 47.934302, -18.6717725 ], [ 47.9343675, -18.6718339 ], [ 47.9344121, -18.6719712 ], [ 47.9347021, -18.6721066 ], [ 47.9348905, -18.6721808 ], [ 47.9350216, -18.6723037 ], [ 47.935109, -18.6723856 ], [ 47.9351753, -18.6725434 ], [ 47.9351836, -18.6726603 ], [ 47.9350979, -18.6727711 ], [ 47.9349977, -18.6728752 ], [ 47.9349696, -18.6729718 ], [ 47.9349639, -18.6731439 ], [ 47.9349864, -18.6732401 ], [ 47.9350161, -18.6733362 ], [ 47.9348935, -18.6733578 ], [ 47.9347637, -18.6733795 ], [ 47.9345694, -18.6734568 ], [ 47.9343752, -18.6735478 ], [ 47.934253, -18.6736107 ], [ 47.9342466, -18.6737002 ], [ 47.9343264, -18.6737409 ], [ 47.934413, -18.6737402 ], [ 47.9343634, -18.6738438 ], [ 47.9343282, -18.6739543 ], [ 47.9343077, -18.6740921 ], [ 47.9343025, -18.6743193 ], [ 47.934310599999982, -18.6744224 ], [ 47.9343403, -18.6745186 ], [ 47.9342617, -18.6746156 ], [ 47.934219399999982, -18.674726 ], [ 47.9339876, -18.6746521 ], [ 47.9336694, -18.6745927 ], [ 47.9334523, -18.6745462 ], [ 47.9332865, -18.674582 ], [ 47.9332009, -18.6746996 ], [ 47.9330869, -18.6748864 ], [ 47.9330384, -18.6751139 ], [ 47.9331265, -18.6752853 ], [ 47.9332875, -18.675525 ], [ 47.9334912, -18.6757023 ], [ 47.9336077, -18.6758115 ], [ 47.9336313, -18.6760316 ], [ 47.9336034, -18.6761488 ], [ 47.933598, -18.6763485 ], [ 47.9336719, -18.6765475 ], [ 47.933738700000013, -18.6767604 ], [ 47.9337989, -18.6770352 ], [ 47.9338525, -18.6773789 ], [ 47.933934, -18.6776261 ], [ 47.9339999, -18.6777219 ], [ 47.9341025, -18.6778932 ], [ 47.9343053, -18.6779604 ], [ 47.9344274, -18.6778907 ], [ 47.9344983, -18.6777318 ], [ 47.9345614, -18.6775179 ], [ 47.9346468, -18.6773727 ], [ 47.9346891, -18.6772553 ], [ 47.9348913, -18.6772537 ], [ 47.9350864, -18.677266 ], [ 47.9352599, -18.6772852 ], [ 47.9354123, -18.6773735 ], [ 47.9356165, -18.677599 ], [ 47.9357408, -18.677777 ], [ 47.9359305, -18.6779889 ], [ 47.9360404, -18.6781739 ], [ 47.936107, -18.6783592 ], [ 47.9361444, -18.6785034 ], [ 47.936153, -18.6786617 ], [ 47.9361403, -18.6788614 ], [ 47.9362142, -18.6790604 ], [ 47.9362955, -18.6792732 ], [ 47.9363623, -18.6794723 ], [ 47.9364578, -18.6796573 ], [ 47.9367266, -18.6798479 ], [ 47.9370172, -18.6800453 ], [ 47.9372212, -18.6802433 ], [ 47.9374901, -18.6804407 ], [ 47.9376001, -18.6806257 ], [ 47.9376081, -18.680722 ], [ 47.9376882, -18.6807971 ], [ 47.9377536, -18.6808379 ], [ 47.9378402, -18.6808372 ], [ 47.9379265, -18.6807883 ], [ 47.9380208, -18.6808358 ], [ 47.9381374, -18.6809587 ], [ 47.9381888, -18.6810547 ], [ 47.9382469, -18.6810886 ], [ 47.9382548, -18.6811712 ], [ 47.9381547, -18.6812821 ], [ 47.9380835, -18.6813997 ], [ 47.93802, -18.6815723 ], [ 47.9379627, -18.6816347 ], [ 47.9378402, -18.6816632 ], [ 47.9378484, -18.6817801 ], [ 47.9379068, -18.6818485 ], [ 47.9380518, -18.6819093 ], [ 47.9381613, -18.6820461 ], [ 47.9382857, -18.6822309 ], [ 47.9383812, -18.682416 ], [ 47.9384556, -18.6826632 ], [ 47.9384647, -18.6828765 ], [ 47.9384664, -18.6830761 ], [ 47.9385109, -18.6832066 ], [ 47.9385842, -18.6833368 ], [ 47.938794, -18.6833764 ], [ 47.93894, -18.6835473 ], [ 47.9389786, -18.6838361 ], [ 47.9390169, -18.6840836 ], [ 47.9390902, -18.6842138 ], [ 47.939344, -18.6843288 ], [ 47.9395312, -18.6842654 ], [ 47.9396604, -18.6841749 ], [ 47.9398049, -18.6841737 ], [ 47.9398854, -18.6843039 ], [ 47.9399163, -18.6845308 ], [ 47.9399325, -18.6847302 ], [ 47.9398479, -18.6849718 ], [ 47.9397916, -18.6851306 ], [ 47.9397685, -18.6851792 ], [ 47.9395978, -18.6851767 ], [ 47.939724399999989, -18.6852723 ], [ 47.9400638, -18.6855286 ], [ 47.9401673, -18.6862515 ], [ 47.9401744, -18.6867039 ], [ 47.9399841, -18.6868763 ], [ 47.9399256, -18.6869017 ], [ 47.9394101, -18.6871253 ], [ 47.9389334, -18.687381 ], [ 47.9381644, -18.6876259 ], [ 47.937588, -18.687879 ], [ 47.9373008, -18.6880516 ], [ 47.9369195, -18.6882245 ], [ 47.9368057, -18.6882966 ], [ 47.9367931, -18.6883046 ], [ 47.9363564, -18.6885812 ], [ 47.936450099999988, -18.6889371 ], [ 47.9365102, -18.6891504 ], [ 47.9365523, -18.6892997 ], [ 47.9368211, -18.6895531 ], [ 47.9369395, -18.6896647 ], [ 47.9376171, -18.6901258 ], [ 47.9383017, -18.6904574 ], [ 47.9385828, -18.6905936 ], [ 47.9390625, -18.6907812 ], [ 47.9396303, -18.6910534 ], [ 47.9403899, -18.6912425 ], [ 47.9409858, -18.6912431 ], [ 47.9412289, -18.6912434 ], [ 47.941796, -18.6909001 ], [ 47.9417402, -18.6904613 ], [ 47.9417333, -18.6904069 ], [ 47.9418397, -18.6898974 ], [ 47.9419756, -18.6899387 ], [ 47.9423882, -18.690064 ], [ 47.9431099, -18.6906517 ], [ 47.9431622, -18.6906683 ], [ 47.9436669, -18.6908275 ], [ 47.9443134, -18.6909098 ], [ 47.945035, -18.6909139 ], [ 47.9454316, -18.6909162 ], [ 47.9459022, -18.6906673 ], [ 47.9457232, -18.6903307 ], [ 47.9454723, -18.6900197 ], [ 47.945451899999988, -18.6899944 ], [ 47.9449932, -18.6895638 ], [ 47.9447214, -18.6890502 ], [ 47.9450697, -18.6890566 ], [ 47.945558, -18.6890655 ], [ 47.9461126, -18.6892451 ], [ 47.946753, -18.6897546 ], [ 47.947336, -18.6898286 ], [ 47.9487813, -18.6900121 ], [ 47.9488695, -18.6900108 ], [ 47.9497036, -18.6899984 ], [ 47.9495869, -18.6899181 ], [ 47.9493346, -18.6897446 ], [ 47.9489662, -18.6894047 ], [ 47.9486904, -18.6891501 ], [ 47.9482318, -18.688554 ], [ 47.948049, -18.6881263 ], [ 47.9476831, -18.6877891 ], [ 47.9473173, -18.6873624 ], [ 47.9472255, -18.6870145 ], [ 47.946765, -18.6866611 ], [ 47.9463965, -18.6862221 ], [ 47.9458429, -18.6859533 ], [ 47.9454738, -18.6856004 ], [ 47.945, -18.6852101 ], [ 47.9443271, -18.6847866 ], [ 47.9438575, -18.6845954 ], [ 47.9431042, -18.6843061 ], [ 47.9427269, -18.6840297 ], [ 47.9439522, -18.6843366 ], [ 47.9443278, -18.6844375 ], [ 47.944609700000015, -18.6847119 ], [ 47.9453761, -18.6850589 ], [ 47.945936, -18.6854347 ], [ 47.9465816, -18.6857052 ], [ 47.9468579, -18.6858829 ], [ 47.9474105, -18.6859783 ], [ 47.948327, -18.6860545 ], [ 47.9488771, -18.6860416 ], [ 47.9495201, -18.6858481 ], [ 47.9502571, -18.6855613 ], [ 47.9514612, -18.6856861 ], [ 47.9515548, -18.686116 ], [ 47.9513695, -18.6867309 ], [ 47.9513698, -18.6869914 ], [ 47.9518358, -18.6872349 ], [ 47.9524907, -18.6876469 ], [ 47.9529604, -18.6879797 ], [ 47.9532416, -18.6884144 ], [ 47.9529583, -18.6888698 ], [ 47.9526757, -18.6893241 ], [ 47.9520224, -18.6896906 ], [ 47.9516493, -18.6900537 ], [ 47.951648, -18.6906758 ], [ 47.9519268, -18.6909344 ], [ 47.9524869, -18.6910076 ], [ 47.9527088, -18.6911477 ], [ 47.9528662, -18.6912471 ], [ 47.9532442, -18.6914222 ], [ 47.9534639, -18.691524 ], [ 47.9536836, -18.6916625 ], [ 47.953712, -18.6916804 ], [ 47.9540171, -18.6918729 ], [ 47.9542802, -18.6920388 ], [ 47.9542677, -18.6918209 ], [ 47.9542176, -18.6909439 ], [ 47.9542094, -18.6908008 ], [ 47.9542091, -18.6907966 ], [ 47.9546423, -18.6894399 ], [ 47.9549538, -18.6884642 ], [ 47.9557564, -18.6891636 ], [ 47.9560815, -18.689447 ], [ 47.9561743, -18.6896492 ], [ 47.9564256, -18.6901963 ], [ 47.9583409, -18.6899146 ], [ 47.9595967, -18.6895012 ], [ 47.9605355, -18.6886642 ], [ 47.9607604, -18.6884637 ], [ 47.9613232, -18.687962 ], [ 47.9614686, -18.6877653 ], [ 47.9616992, -18.6874532 ], [ 47.9618155, -18.6872959 ], [ 47.9612461, -18.6864925 ], [ 47.9619891, -18.6863799 ], [ 47.9626376, -18.6845695 ], [ 47.9626761, -18.6844619 ], [ 47.9627573, -18.684559 ], [ 47.962811, -18.6845543 ], [ 47.9628603, -18.6844232 ] ], [ [ 47.9369156, -18.6398366 ], [ 47.9368403, -18.6398229 ], [ 47.936824, -18.6396843 ], [ 47.9368181, -18.639584 ], [ 47.936898199999987, -18.6395642 ], [ 47.9370783, -18.6395006 ], [ 47.9371692, -18.6395764 ], [ 47.9372896, -18.6395802 ], [ 47.9374208, -18.6396605 ], [ 47.9374774, -18.6398274 ], [ 47.9376255, -18.6401371 ], [ 47.9377021, -18.6402895 ], [ 47.9374473, -18.6404063 ], [ 47.9372271, -18.6404654 ], [ 47.9371767, -18.6404371 ], [ 47.9371662, -18.6403846 ], [ 47.9371056, -18.6403325 ], [ 47.9370696, -18.6402419 ], [ 47.9370239, -18.6401753 ], [ 47.9369931, -18.6400943 ], [ 47.9369566, -18.6399272 ], [ 47.9369156, -18.6398366 ] ] ], [ [ [ 48.0412339, -18.4677185 ], [ 48.0412713, -18.4675765 ], [ 48.0412322, -18.4675319 ], [ 48.0409636, -18.4677168 ], [ 48.040861, -18.4678707 ], [ 48.0409836, -18.4678808 ], [ 48.041041199999988, -18.467831 ], [ 48.0411242, -18.4677317 ], [ 48.0412339, -18.4677185 ] ] ], [ [ [ 48.0426493, -18.4657657 ], [ 48.0425201, -18.4656446 ], [ 48.042319799999987, -18.4661213 ], [ 48.0422935, -18.466156 ], [ 48.042426399999989, -18.4661003 ], [ 48.0425744, -18.4660436 ], [ 48.0426505, -18.4659013 ], [ 48.0426493, -18.4657657 ] ] ], [ [ [ 48.042499, -18.464943 ], [ 48.042552, -18.4650153 ], [ 48.0425512, -18.4649347 ], [ 48.0423979, -18.4648218 ], [ 48.042499, -18.464943 ] ] ], [ [ [ 48.0421033, -18.4644982 ], [ 48.0420882, -18.4644396 ], [ 48.0419706, -18.4642865 ], [ 48.0419592, -18.464279 ], [ 48.041976, -18.4643702 ], [ 48.0421033, -18.4644982 ] ] ] ] } }
]
}
