{
"type": "FeatureCollection",
"name": "MDG-555547961-NODATE-secondary_zoning-001",
"crs": { "type": "name", "properties": { "name": "urn:ogc:def:crs:OGC:1.3:CRS84" } },
"features": [
{ "type": "Feature", "properties": { }, "geometry": { "type": "MultiPolygon", "coordinates": [ [ [ [ 44.0741667, -17.5977222 ], [ 44.0735824, -17.596663 ], [ 44.0725746, -17.5958875 ], [ 44.0716848, -17.5957063 ], [ 44.0709444, -17.5955556 ], [ 44.0700278, -17.5956111 ], [ 44.0688889, -17.5959444 ], [ 44.0683333, -17.5963333 ], [ 44.06775, -17.5969167 ], [ 44.0672778, -17.59775 ], [ 44.0670212, -17.5987928 ], [ 44.0669969, -17.600147 ], [ 44.0676111, -17.6014167 ], [ 44.0683056, -17.6016667 ], [ 44.0689444, -17.6024444 ], [ 44.06975, -17.6026111 ], [ 44.0710833, -17.60275 ], [ 44.0712592, -17.6027861 ], [ 44.0729957, -17.6019875 ], [ 44.0741615, -17.6007374 ], [ 44.0745556, -17.5995833 ], [ 44.0741667, -17.5977222 ] ] ], [ [ [ 44.1909858, -17.5681054 ], [ 44.1908766, -17.5676063 ], [ 44.1908334, -17.5670774 ], [ 44.1908041, -17.5668575 ], [ 44.1906806, -17.5666285 ], [ 44.1904235, -17.5668056 ], [ 44.1899992, -17.5669599 ], [ 44.1896819, -17.5671324 ], [ 44.1892446, -17.5670285 ], [ 44.1889358, -17.5667856 ], [ 44.188718099999988, -17.5665082 ], [ 44.187919, -17.5660913 ], [ 44.1875494, -17.5658516 ], [ 44.1872559, -17.5660987 ], [ 44.1869861, -17.5662273 ], [ 44.187121, -17.5666131 ], [ 44.187121, -17.566956 ], [ 44.1865366, -17.5679418 ], [ 44.1855475, -17.5684991 ], [ 44.1858172, -17.5686705 ], [ 44.186042, -17.5689705 ], [ 44.1852328, -17.5690563 ], [ 44.1851879, -17.5692706 ], [ 44.185187899999988, -17.5695706 ], [ 44.185053, -17.5697421 ], [ 44.1852778, -17.5701707 ], [ 44.1854126, -17.5703421 ], [ 44.1861769, -17.570042 ], [ 44.1863567, -17.5704706 ], [ 44.1868063, -17.5704706 ], [ 44.1872559, -17.5704706 ], [ 44.1877055, -17.5702134 ], [ 44.1881101, -17.5699133 ], [ 44.1884697, -17.5701276 ], [ 44.1888744, -17.5703419 ], [ 44.1886496, -17.5707705 ], [ 44.188245, -17.5711563 ], [ 44.1879752, -17.5714992 ], [ 44.1878853, -17.5719278 ], [ 44.1877055, -17.5723992 ], [ 44.1873458, -17.5726564 ], [ 44.1869412, -17.5728707 ], [ 44.1867164, -17.5732993 ], [ 44.1865366, -17.5737708 ], [ 44.1867614, -17.5741565 ], [ 44.187166, -17.5744565 ], [ 44.1868963, -17.5748422 ], [ 44.1864018, -17.5747565 ], [ 44.186132, -17.5750994 ], [ 44.1859972, -17.575528 ], [ 44.1859972, -17.5759137 ], [ 44.1855476, -17.5759995 ], [ 44.185098, -17.575828 ], [ 44.1848283, -17.5754852 ], [ 44.1846484, -17.5750138 ], [ 44.1843337, -17.574628 ], [ 44.1839291, -17.5742852 ], [ 44.1838392, -17.5738137 ], [ 44.1839741, -17.5733852 ], [ 44.1842438, -17.5730423 ], [ 44.1845585, -17.5726137 ], [ 44.1847833, -17.5722708 ], [ 44.185187899999988, -17.5723994 ], [ 44.1855475, -17.5721422 ], [ 44.185457600000014, -17.5716708 ], [ 44.185098, -17.571285 ], [ 44.185008, -17.5708136 ], [ 44.1846484, -17.5707279 ], [ 44.1845585, -17.5702564 ], [ 44.1845135, -17.5696992 ], [ 44.1844236, -17.5693564 ], [ 44.1844686, -17.5691421 ], [ 44.1848282, -17.5688849 ], [ 44.1844236, -17.5686277 ], [ 44.1843337, -17.5680277 ], [ 44.1839291, -17.5677277 ], [ 44.183569399999989, -17.5678134 ], [ 44.1830749, -17.5681992 ], [ 44.1830749, -17.5693993 ], [ 44.1832997, -17.5699136 ], [ 44.1837942, -17.5703422 ], [ 44.183974, -17.5710279 ], [ 44.1833896, -17.5714137 ], [ 44.1832547, -17.5717994 ], [ 44.1824905, -17.571928 ], [ 44.181951, -17.5714137 ], [ 44.1817712, -17.571028 ], [ 44.1816813, -17.5706422 ], [ 44.1814116, -17.5702565 ], [ 44.1815015, -17.5698279 ], [ 44.181951, -17.5696564 ], [ 44.1823107, -17.5693136 ], [ 44.1824455, -17.568885 ], [ 44.1820409, -17.5686278 ], [ 44.1816813, -17.5687564 ], [ 44.1813666, -17.569185 ], [ 44.1812767, -17.5693564 ], [ 44.1810519, -17.5694422 ], [ 44.1810519, -17.5701279 ], [ 44.180962, -17.5708994 ], [ 44.1811868, -17.5714566 ], [ 44.1821758, -17.5720994 ], [ 44.1815914, -17.5724852 ], [ 44.1813666, -17.5732138 ], [ 44.1806923, -17.5741138 ], [ 44.1806473, -17.5745424 ], [ 44.1804225, -17.5747138 ], [ 44.1800629, -17.5747567 ], [ 44.1797931, -17.5744567 ], [ 44.1792986, -17.5742852 ], [ 44.179028900000013, -17.5740709 ], [ 44.1787592, -17.5735566 ], [ 44.1783096, -17.5736423 ], [ 44.1780399, -17.5737281 ], [ 44.1777701, -17.5736423 ], [ 44.1774105, -17.5738995 ], [ 44.1774554, -17.5741566 ], [ 44.1770658, -17.5740128 ], [ 44.176702199999987, -17.5743247 ], [ 44.1763929, -17.5744814 ], [ 44.1763315, -17.5748423 ], [ 44.1770958, -17.5749709 ], [ 44.1770058, -17.5752281 ], [ 44.1775903, -17.5753138 ], [ 44.1766462, -17.5760424 ], [ 44.1765563, -17.5765138 ], [ 44.1777087, -17.5763771 ], [ 44.1777626, -17.5760831 ], [ 44.1781973, -17.5759606 ], [ 44.1784506, -17.575959 ], [ 44.1788677, -17.575974 ], [ 44.1793038, -17.5757318 ], [ 44.1795036, -17.5754739 ], [ 44.1797762, -17.5755934 ], [ 44.1801769, -17.5759023 ], [ 44.180014, -17.5761945 ], [ 44.1794492, -17.5761434 ], [ 44.1791582, -17.5761451 ], [ 44.179449500000011, -17.5765763 ], [ 44.1799973, -17.5771478 ], [ 44.1801983, -17.5773392 ], [ 44.1804723, -17.5775479 ], [ 44.1805639, -17.5780175 ], [ 44.180525, -17.5787814 ], [ 44.180671, -17.5792324 ], [ 44.1799792, -17.579527 ], [ 44.179561, -17.5798586 ], [ 44.1784324, -17.5801875 ], [ 44.1779569, -17.5801837 ], [ 44.177407599999988, -17.579886 ], [ 44.1770966, -17.5798163 ], [ 44.1769847, -17.580143 ], [ 44.1765448, -17.5803524 ], [ 44.1760717, -17.5805659 ], [ 44.1760896, -17.5807224 ], [ 44.1762705, -17.5811214 ], [ 44.1759776, -17.5811739 ], [ 44.1755017, -17.581122 ], [ 44.175336200000011, -17.5811918 ], [ 44.1754624, -17.5813999 ], [ 44.1756244, -17.5817653 ], [ 44.1761017, -17.5818352 ], [ 44.1763375, -17.582166 ], [ 44.1763061, -17.5825054 ], [ 44.176824, -17.5829828 ], [ 44.1769722, -17.5832809 ], [ 44.1772474, -17.583247 ], [ 44.1775759, -17.5834842 ], [ 44.1780141, -17.5839257 ], [ 44.1786164, -17.5841171 ], [ 44.1788354, -17.5844651 ], [ 44.1790056, -17.5845267 ], [ 44.179214099999989, -17.5845388 ], [ 44.179324, -17.5847888 ], [ 44.179529, -17.5849001 ], [ 44.1798011, -17.5848249 ], [ 44.1803504, -17.5842215 ], [ 44.1812631, -17.5842737 ], [ 44.1819749, -17.5841867 ], [ 44.1826138, -17.5843955 ], [ 44.1827233, -17.5847609 ], [ 44.1831249, -17.5847261 ], [ 44.1835264, -17.5846043 ], [ 44.1839455, -17.5848936 ], [ 44.1842581, -17.5847888 ], [ 44.1846018, -17.5848182 ], [ 44.1847419, -17.5845952 ], [ 44.1848974, -17.584343 ], [ 44.1849433, -17.5839133 ], [ 44.1849585, -17.583721 ], [ 44.1852847, -17.5834538 ], [ 44.1858283, -17.5833207 ], [ 44.1862153, -17.5832925 ], [ 44.1862298, -17.5828196 ], [ 44.1862139, -17.5824344 ], [ 44.1862598, -17.5821092 ], [ 44.1864755, -17.5816522 ], [ 44.1865386, -17.5812499 ], [ 44.1867562, -17.580982 ], [ 44.1869732, -17.5808789 ], [ 44.1875452, -17.5810595 ], [ 44.1877728, -17.5812134 ], [ 44.1877182, -17.5816361 ], [ 44.1876864, -17.5819762 ], [ 44.1875792, -17.5822408 ], [ 44.187244, -17.5822956 ], [ 44.1869997, -17.5824102 ], [ 44.1869385, -17.5826167 ], [ 44.186984900000013, -17.5828238 ], [ 44.1874921, -17.5830177 ], [ 44.1877685, -17.5831219 ], [ 44.1881115, -17.5827511 ], [ 44.1884358, -17.5824715 ], [ 44.1887754, -17.5824268 ], [ 44.1889454, -17.5825152 ], [ 44.1887763, -17.5828835 ], [ 44.1889772, -17.5831783 ], [ 44.1891937, -17.5836922 ], [ 44.1891941, -17.5842494 ], [ 44.189025400000013, -17.5847346 ], [ 44.1890719, -17.5849706 ], [ 44.1893647, -17.5850428 ], [ 44.1898742, -17.5850448 ], [ 44.1905951, -17.5848787 ], [ 44.1913899, -17.5845678 ], [ 44.191772, -17.5844644 ], [ 44.1923081, -17.5843899 ], [ 44.1925987, -17.5844334 ], [ 44.193105, -17.5845205 ], [ 44.1935918, -17.5844172 ], [ 44.1934973, -17.5840955 ], [ 44.193417, -17.5838913 ], [ 44.1935949, -17.5834971 ], [ 44.193370099999989, -17.5830745 ], [ 44.1933087, -17.5827255 ], [ 44.1934158, -17.5823632 ], [ 44.193599399999989, -17.5821169 ], [ 44.1936147, -17.5817682 ], [ 44.1939042, -17.5813437 ], [ 44.1941477, -17.5811675 ], [ 44.1942529, -17.5806714 ], [ 44.1944962, -17.5803361 ], [ 44.194465199999989, -17.579914 ], [ 44.1949845, -17.5797095 ], [ 44.1954577, -17.5798256 ], [ 44.1958533, -17.5797523 ], [ 44.1958086, -17.5793013 ], [ 44.1955352, -17.5790825 ], [ 44.1952002, -17.5791119 ], [ 44.194603, -17.579171 ], [ 44.194223, -17.5790983 ], [ 44.1937818, -17.5788194 ], [ 44.1936592, -17.5784539 ], [ 44.1935955, -17.5780179 ], [ 44.1935026, -17.5778447 ], [ 44.1931357, -17.5778879 ], [ 44.1929204, -17.5774834 ], [ 44.1929351, -17.5772815 ], [ 44.1931793, -17.5770625 ], [ 44.1930564, -17.5764949 ], [ 44.1928069, -17.5764925 ], [ 44.1923068, -17.5767131 ], [ 44.1920224, -17.5768634 ], [ 44.1917814, -17.5769108 ], [ 44.1916124, -17.5767209 ], [ 44.1916393, -17.5763379 ], [ 44.191528, -17.5758986 ], [ 44.1913882, -17.575184 ], [ 44.191235, -17.5749073 ], [ 44.1910969, -17.5744558 ], [ 44.1918799, -17.5741899 ], [ 44.1922034, -17.5739249 ], [ 44.1923714, -17.5735159 ], [ 44.1927975, -17.5730647 ], [ 44.1935425, -17.5727296 ], [ 44.1939082, -17.5728151 ], [ 44.1944534, -17.5729123 ], [ 44.1947258, -17.5724311 ], [ 44.194953, -17.5722265 ], [ 44.1952384, -17.5722095 ], [ 44.1955278, -17.5719481 ], [ 44.1959382, -17.5712071 ], [ 44.1958753, -17.5709162 ], [ 44.1955854, -17.5706554 ], [ 44.1955238, -17.5703945 ], [ 44.1956761, -17.5701908 ], [ 44.1959642, -17.5700456 ], [ 44.1963395, -17.5693347 ], [ 44.1961011, -17.5689893 ], [ 44.1957728, -17.5685441 ], [ 44.1953195, -17.5681973 ], [ 44.1953134, -17.5676722 ], [ 44.1955115, -17.5669215 ], [ 44.195511, -17.5665455 ], [ 44.1952357, -17.5663007 ], [ 44.1950391, -17.5660264 ], [ 44.1948271, -17.5657659 ], [ 44.1952376, -17.5655336 ], [ 44.195419, -17.5655046 ], [ 44.1959553, -17.565893 ], [ 44.1963364, -17.5660803 ], [ 44.1965807, -17.5658336 ], [ 44.1970447, -17.5654438 ], [ 44.1973157, -17.56543 ], [ 44.1975141, -17.5652121 ], [ 44.197607, -17.564835 ], [ 44.1977907, -17.5645684 ], [ 44.1975177, -17.5642068 ], [ 44.1972293, -17.5641492 ], [ 44.1968488, -17.564164 ], [ 44.1965004, -17.5641211 ], [ 44.1956639, -17.564108 ], [ 44.1952674, -17.5639634 ], [ 44.1947932, -17.5639055 ], [ 44.1942881, -17.5640374 ], [ 44.1937686, -17.5644756 ], [ 44.1933567, -17.565001 ], [ 44.1929559, -17.5657358 ], [ 44.192819199999981, -17.5664213 ], [ 44.1927278, -17.5669017 ], [ 44.1930342, -17.5673975 ], [ 44.193050100000015, -17.5679216 ], [ 44.1928064, -17.5685499 ], [ 44.1924851, -17.5690633 ], [ 44.1920241, -17.5690077 ], [ 44.1913607, -17.5687042 ], [ 44.1909858, -17.5681054 ] ] ], [ [ [ 44.0569096, -17.5671357 ], [ 44.0565317, -17.5662271 ], [ 44.0564721, -17.5656425 ], [ 44.0565251, -17.56495 ], [ 44.0568028, -17.5641424 ], [ 44.0568041, -17.5641394 ], [ 44.0527775, -17.5668899 ], [ 44.0524256, -17.5671665 ], [ 44.052744, -17.5672398 ], [ 44.0529796, -17.5674926 ], [ 44.0532526, -17.5681116 ], [ 44.0534566, -17.5687213 ], [ 44.0537128, -17.5690339 ], [ 44.0540366, -17.5693782 ], [ 44.054155, -17.5697879 ], [ 44.0542991, -17.5700449 ], [ 44.0547918, -17.5701557 ], [ 44.0550335, -17.570559 ], [ 44.0551684, -17.5707102 ], [ 44.0551461, -17.570979 ], [ 44.0551229, -17.5712006 ], [ 44.0553321, -17.5715773 ], [ 44.0555659, -17.5720458 ], [ 44.0557859, -17.5724516 ], [ 44.0558987, -17.5726744 ], [ 44.0559643, -17.5732122 ], [ 44.0561883, -17.5735018 ], [ 44.0563061, -17.5737826 ], [ 44.0564237, -17.5743442 ], [ 44.0564624, -17.5749439 ], [ 44.0567276, -17.5752873 ], [ 44.0570215, -17.5753365 ], [ 44.0578495, -17.5748451 ], [ 44.0608887, -17.5732523 ], [ 44.0608889, -17.57325 ], [ 44.060306200000014, -17.5722534 ], [ 44.0595872, -17.5712811 ], [ 44.0587485, -17.5700013 ], [ 44.05858, -17.5694422 ], [ 44.0583444, -17.5688519 ], [ 44.058172500000012, -17.5684761 ], [ 44.057546, -17.5677777 ], [ 44.0569096, -17.5671357 ] ] ], [ [ [ 44.137162, -17.5717308 ], [ 44.137126699999989, -17.5717981 ], [ 44.1371125, -17.5719092 ], [ 44.1370702, -17.5720135 ], [ 44.1370155, -17.5720479 ], [ 44.1356781, -17.5716851 ], [ 44.13564, -17.571675 ], [ 44.1356699, -17.571665 ], [ 44.1356552, -17.5716249 ], [ 44.1356342, -17.5716048 ], [ 44.1355774, -17.5715407 ], [ 44.1355269, -17.5715086 ], [ 44.1354806, -17.5714605 ], [ 44.1354196, -17.5714103 ], [ 44.1353565, -17.5714063 ], [ 44.1353102, -17.5713682 ], [ 44.1352324, -17.5713762 ], [ 44.1351819, -17.5713862 ], [ 44.1351356, -17.5713301 ], [ 44.1350978, -17.5712559 ], [ 44.1350915, -17.5712138 ], [ 44.135123, -17.5711717 ], [ 44.1351083, -17.5711055 ], [ 44.1350515, -17.5710332 ], [ 44.1349947, -17.5709831 ], [ 44.134959, -17.570945 ], [ 44.1349253, -17.5708888 ], [ 44.1348832, -17.5708568 ], [ 44.1348475, -17.5708247 ], [ 44.1348517, -17.5707685 ], [ 44.134828600000013, -17.5707124 ], [ 44.1347823, -17.5706703 ], [ 44.13482650000001, -17.5706141 ], [ 44.1348601, -17.57058 ], [ 44.1348559, -17.5705078 ], [ 44.1348223, -17.5704637 ], [ 44.1347949, -17.5703775 ], [ 44.1348181, -17.5703354 ], [ 44.134858, -17.5702933 ], [ 44.1348812, -17.5702391 ], [ 44.1349317, -17.5702131 ], [ 44.1349317, -17.5701589 ], [ 44.1349211, -17.5701168 ], [ 44.1349296, -17.5700647 ], [ 44.1349758, -17.5700778 ], [ 44.1350347, -17.5700397 ], [ 44.1350642, -17.5700016 ], [ 44.1350431, -17.5699555 ], [ 44.1350053, -17.5699194 ], [ 44.1349842, -17.5698672 ], [ 44.135041, -17.569791 ], [ 44.135081, -17.569765 ], [ 44.1350768, -17.5696727 ], [ 44.1350411, -17.5696226 ], [ 44.1350347, -17.5695624 ], [ 44.1350978, -17.5695685 ], [ 44.1351294, -17.5695284 ], [ 44.1351483, -17.56941 ], [ 44.135203, -17.5692897 ], [ 44.1352009, -17.5691875 ], [ 44.1352325, -17.5689884 ], [ 44.1352661, -17.5688981 ], [ 44.135264, -17.5688219 ], [ 44.135325, -17.5687578 ], [ 44.135365, -17.5687076 ], [ 44.135369199999985, -17.5686455 ], [ 44.135365, -17.5685552 ], [ 44.1353461, -17.5685251 ], [ 44.1353692, -17.568467 ], [ 44.1354008, -17.5684509 ], [ 44.135413400000012, -17.5683998 ], [ 44.135426, -17.5683777 ], [ 44.1354071, -17.5683296 ], [ 44.1354197, -17.5682975 ], [ 44.135445, -17.5682654 ], [ 44.1354387, -17.5682253 ], [ 44.1354239, -17.5681832 ], [ 44.1354408, -17.5681371 ], [ 44.1354723, -17.568093 ], [ 44.1354891, -17.5680569 ], [ 44.1354723, -17.5680047 ], [ 44.1354744, -17.5679506 ], [ 44.1354912, -17.5679205 ], [ 44.1355207, -17.5678664 ], [ 44.1355649, -17.5678323 ], [ 44.1356048, -17.5678002 ], [ 44.1356154, -17.56774 ], [ 44.1356027, -17.5676859 ], [ 44.1355712, -17.5676498 ], [ 44.1355712, -17.5676057 ], [ 44.1355481, -17.5675395 ], [ 44.1355375, -17.5674713 ], [ 44.1355565, -17.5674573 ], [ 44.1355775, -17.5674192 ], [ 44.1356196, -17.567357 ], [ 44.1356414, -17.5673326 ], [ 44.1356772, -17.5672764 ], [ 44.1357172, -17.5672584 ], [ 44.135755, -17.5672303 ], [ 44.135795, -17.5671802 ], [ 44.1358202, -17.5671501 ], [ 44.1358244, -17.567096 ], [ 44.1358139, -17.5670438 ], [ 44.1357887, -17.5669877 ], [ 44.1357529, -17.5669576 ], [ 44.1357256, -17.5669135 ], [ 44.1357004, -17.5668634 ], [ 44.1357025, -17.5667892 ], [ 44.1357235, -17.566725 ], [ 44.1357529, -17.5666668 ], [ 44.1358203, -17.5666408 ], [ 44.1358623, -17.5666047 ], [ 44.1359023, -17.5666127 ], [ 44.1359528, -17.5666508 ], [ 44.135973799999988, -17.5667069 ], [ 44.1359612, -17.5668052 ], [ 44.135938, -17.5668593 ], [ 44.1359759, -17.5668975 ], [ 44.1360558, -17.5668975 ], [ 44.1361042, -17.5668834 ], [ 44.1361315, -17.5668594 ], [ 44.1361925, -17.5668674 ], [ 44.136222, -17.5668313 ], [ 44.1362535, -17.5667731 ], [ 44.1362809, -17.5666949 ], [ 44.1363152, -17.5666496 ], [ 44.136348899999987, -17.5666095 ], [ 44.1363846, -17.5665494 ], [ 44.1364162, -17.5665012 ], [ 44.1364645, -17.5664712 ], [ 44.1365066, -17.5664391 ], [ 44.1365844, -17.566395 ], [ 44.1366412, -17.5663488 ], [ 44.1366938, -17.5662847 ], [ 44.1367485, -17.5662305 ], [ 44.13682, -17.5662145 ], [ 44.13686, -17.5661744 ], [ 44.136881, -17.5661162 ], [ 44.1369273, -17.5660922 ], [ 44.137009299999988, -17.5661443 ], [ 44.137055599999989, -17.5661243 ], [ 44.1371461, -17.5660942 ], [ 44.1372385, -17.5660581 ], [ 44.1373353, -17.5660621 ], [ 44.1374026, -17.5660441 ], [ 44.1374699, -17.566028 ], [ 44.137554, -17.566014 ], [ 44.1376424, -17.566008 ], [ 44.1377013, -17.5659638 ], [ 44.1377118, -17.5659157 ], [ 44.1377455, -17.5658736 ], [ 44.1377707, -17.5658215 ], [ 44.1378191, -17.5658475 ], [ 44.1378864, -17.5658937 ], [ 44.1379369, -17.5658215 ], [ 44.1379705, -17.5659037 ], [ 44.1380441, -17.5659237 ], [ 44.1380505, -17.5658355 ], [ 44.1380972, -17.5657681 ], [ 44.1381558, -17.5657547 ], [ 44.1381511, -17.5657234 ], [ 44.1381628, -17.5656877 ], [ 44.1382284, -17.5656363 ], [ 44.1382683, -17.5656274 ], [ 44.1383175, -17.5656452 ], [ 44.1383737, -17.5656385 ], [ 44.1384253, -17.5656274 ], [ 44.1384651, -17.5656184 ], [ 44.1384862, -17.5655715 ], [ 44.1385377, -17.5655402 ], [ 44.1385986, -17.5655179 ], [ 44.1386385, -17.5654598 ], [ 44.1386485, -17.5653973 ], [ 44.138690700000012, -17.5653772 ], [ 44.1387305, -17.5653258 ], [ 44.1388149, -17.5653057 ], [ 44.1388922, -17.5653057 ], [ 44.1389648, -17.5653526 ], [ 44.1389953, -17.5653749 ], [ 44.1390374, -17.5653995 ], [ 44.1390609, -17.5654375 ], [ 44.139084299999986, -17.5654844 ], [ 44.1390866, -17.5655514 ], [ 44.1390538, -17.5655916 ], [ 44.1390773, -17.5656385 ], [ 44.1391148, -17.5656609 ], [ 44.1391569, -17.5656832 ], [ 44.1392319, -17.565748 ], [ 44.1393022, -17.5657882 ], [ 44.1393577, -17.5659329 ], [ 44.1393655, -17.5659828 ], [ 44.1393912, -17.5660253 ], [ 44.1394193, -17.5661079 ], [ 44.1394381, -17.5661861 ], [ 44.1394615, -17.5662531 ], [ 44.1394779, -17.5663403 ], [ 44.1394732, -17.5663849 ], [ 44.1395013, -17.5664676 ], [ 44.139492, -17.5665703 ], [ 44.1394896, -17.5666642 ], [ 44.1395037, -17.56672 ], [ 44.1395107, -17.5668004 ], [ 44.139527, -17.5668743 ], [ 44.1395645, -17.5668832 ], [ 44.1396184, -17.5669011 ], [ 44.139676899999984, -17.566881 ], [ 44.1396957, -17.5669123 ], [ 44.139766, -17.5669301 ], [ 44.1398316, -17.5669346 ], [ 44.1398738, -17.5669547 ], [ 44.1399253, -17.5669592 ], [ 44.1399909, -17.5669435 ], [ 44.1400401, -17.5669502 ], [ 44.1400987, -17.5669502 ], [ 44.1401315, -17.566986 ], [ 44.1401666, -17.5669927 ], [ 44.1402182, -17.5670016 ], [ 44.1402557, -17.567024 ], [ 44.1403119, -17.5670597 ], [ 44.1403471, -17.5671021 ], [ 44.1403939, -17.5671423 ], [ 44.1404533, -17.5671836 ], [ 44.1405025, -17.567235 ], [ 44.1405704, -17.5672841 ], [ 44.140622, -17.5673333 ], [ 44.1406688, -17.5673869 ], [ 44.1406876, -17.5674762 ], [ 44.1406876, -17.5675656 ], [ 44.1406876, -17.5676438 ], [ 44.140711, -17.5677421 ], [ 44.1407133, -17.567847 ], [ 44.140704, -17.567914 ], [ 44.1407086, -17.5680123 ], [ 44.140718, -17.5681217 ], [ 44.1407063, -17.5682513 ], [ 44.1407086, -17.5683406 ], [ 44.1406852, -17.5684345 ], [ 44.1406219, -17.568497 ], [ 44.1406079, -17.5685668 ], [ 44.1406149, -17.5686629 ], [ 44.1406242, -17.5687377 ], [ 44.1406407, -17.568808 ], [ 44.140720399999985, -17.5688952 ], [ 44.1408399, -17.5689711 ], [ 44.1409523, -17.5690515 ], [ 44.1412049, -17.5692066 ], [ 44.1413056, -17.5692401 ], [ 44.1413783, -17.5693027 ], [ 44.1414884, -17.5693719 ], [ 44.1416126, -17.5694255 ], [ 44.141753199999989, -17.5694859 ], [ 44.14191850000001, -17.5695496 ], [ 44.1420324, -17.5696168 ], [ 44.142146400000016, -17.5696375 ], [ 44.1422077, -17.5696682 ], [ 44.142252200000016, -17.5697352 ], [ 44.1422288, -17.5697664 ], [ 44.1421796, -17.5698178 ], [ 44.1422241, -17.5698781 ], [ 44.142271, -17.5699049 ], [ 44.1423132, -17.5699675 ], [ 44.1423764, -17.5699943 ], [ 44.1424561, -17.5700166 ], [ 44.142517, -17.570001 ], [ 44.1425779, -17.5700122 ], [ 44.142652899999987, -17.5699853 ], [ 44.142730199999988, -17.5699474 ], [ 44.1428052, -17.5699496 ], [ 44.1429177, -17.5699742 ], [ 44.1429856, -17.5699608 ], [ 44.1430413, -17.5699273 ], [ 44.1431116, -17.5699072 ], [ 44.143238099999984, -17.569925 ], [ 44.1433553, -17.5699407 ], [ 44.143643600000011, -17.5700098 ], [ 44.1437489, -17.5700345 ], [ 44.143868399999988, -17.570106 ], [ 44.1439583, -17.5702166 ], [ 44.1441486, -17.5703137 ], [ 44.1442492, -17.5703666 ], [ 44.1443244, -17.5703829 ], [ 44.1443665, -17.5703963 ], [ 44.1444439, -17.5703963 ], [ 44.1445118, -17.5703762 ], [ 44.1445727, -17.5703718 ], [ 44.144636, -17.5703383 ], [ 44.1446946, -17.570336 ], [ 44.1447321, -17.5703025 ], [ 44.1447836, -17.5703003 ], [ 44.1448328, -17.5702869 ], [ 44.1449172, -17.5702824 ], [ 44.144947599999988, -17.5702534 ], [ 44.145013200000015, -17.5702444 ], [ 44.1450952, -17.5702578 ], [ 44.1451491, -17.5702132 ], [ 44.1452365, -17.5702217 ], [ 44.145266, -17.5702065 ], [ 44.1453082, -17.5702221 ], [ 44.1453691, -17.57024 ], [ 44.1454066, -17.5702377 ], [ 44.1454816, -17.5702176 ], [ 44.1455237, -17.5702534 ], [ 44.1455893, -17.5702623 ], [ 44.1456057, -17.5702288 ], [ 44.1456737, -17.5702377 ], [ 44.1457065, -17.5702377 ], [ 44.1457674, -17.5702422 ], [ 44.145833, -17.5702601 ], [ 44.1459057, -17.5702444 ], [ 44.1459736, -17.5702511 ], [ 44.1460392, -17.5702154 ], [ 44.1461142, -17.5702087 ], [ 44.1461775, -17.5702198 ], [ 44.1462782, -17.5702198 ], [ 44.1463368, -17.5702265 ], [ 44.146393, -17.57026 ], [ 44.1464539, -17.5702556 ], [ 44.1465059, -17.5702332 ], [ 44.1465527, -17.5702444 ], [ 44.1466558, -17.5702556 ], [ 44.1467402, -17.5702757 ], [ 44.1467988, -17.5703293 ], [ 44.1468925, -17.570374 ], [ 44.146981499999988, -17.5703717 ], [ 44.1470495, -17.5703516 ], [ 44.1471151, -17.5703784 ], [ 44.1471784, -17.5703829 ], [ 44.147251, -17.5704186 ], [ 44.1473213, -17.5704119 ], [ 44.1473986, -17.5704075 ], [ 44.1474619, -17.5703449 ], [ 44.1475462, -17.5703002 ], [ 44.1475954, -17.5702354 ], [ 44.147700900000011, -17.5702176 ], [ 44.147722, -17.5701327 ], [ 44.147784, -17.5700752 ], [ 44.1479468, -17.5700183 ], [ 44.1480376, -17.569956 ], [ 44.148129, -17.569851 ], [ 44.1482072, -17.5697597 ], [ 44.1482695, -17.5696455 ], [ 44.148321100000011, -17.569536 ], [ 44.1484171, -17.5693819 ], [ 44.1484615, -17.5693097 ], [ 44.1484896, -17.5692382 ], [ 44.1484755, -17.5691422 ], [ 44.1485013, -17.5690372 ], [ 44.1485317, -17.5689612 ], [ 44.1485552, -17.5689032 ], [ 44.1485927, -17.5688227 ], [ 44.1485575, -17.5687468 ], [ 44.1485107, -17.5686597 ], [ 44.1484919, -17.5686239 ], [ 44.148475499999982, -17.5685525 ], [ 44.1484989, -17.5684944 ], [ 44.148524699999989, -17.5683961 ], [ 44.1485477, -17.5683185 ], [ 44.1485641, -17.5682403 ], [ 44.1485922, -17.56818 ], [ 44.1486555, -17.5681353 ], [ 44.1486696, -17.5680862 ], [ 44.1487445, -17.5680482 ], [ 44.1488195, -17.567999 ], [ 44.1488851, -17.5679141 ], [ 44.148932, -17.567865 ], [ 44.1490046, -17.5678516 ], [ 44.1490491, -17.567827 ], [ 44.1491124, -17.5678226 ], [ 44.1491405, -17.5677868 ], [ 44.1492014, -17.5677131 ], [ 44.1492623, -17.5677064 ], [ 44.1493256, -17.5676394 ], [ 44.1493443, -17.5675791 ], [ 44.1494334, -17.5675187 ], [ 44.1494486, -17.5674532 ], [ 44.1495376, -17.5674197 ], [ 44.149615, -17.5673438 ], [ 44.1496431, -17.5673013 ], [ 44.149697, -17.5672567 ], [ 44.1497485, -17.5672075 ], [ 44.1497977, -17.5671427 ], [ 44.1498165, -17.5670913 ], [ 44.1497954, -17.5670511 ], [ 44.1498352, -17.5670243 ], [ 44.1498493, -17.5669439 ], [ 44.1498727, -17.5668814 ], [ 44.149875, -17.566801 ], [ 44.1498938, -17.5667228 ], [ 44.1499289, -17.566696 ], [ 44.14995, -17.5666356 ], [ 44.1499968, -17.5665776 ], [ 44.1500119, -17.5665063 ], [ 44.1500658, -17.5664549 ], [ 44.1500892, -17.5663723 ], [ 44.1501431, -17.5663321 ], [ 44.150204, -17.566303 ], [ 44.1502579, -17.566245 ], [ 44.1503259, -17.566245 ], [ 44.1503891, -17.566207 ], [ 44.1504383, -17.5661623 ], [ 44.1505086, -17.5661422 ], [ 44.150595299999985, -17.5661265 ], [ 44.1506797, -17.5660685 ], [ 44.150704, -17.5660193 ], [ 44.1507603, -17.56595 ], [ 44.1508095, -17.565921 ], [ 44.1508821, -17.5659098 ], [ 44.1509547, -17.565854 ], [ 44.151011, -17.5658048 ], [ 44.1510977, -17.5657736 ], [ 44.1512054, -17.5657624 ], [ 44.1512664, -17.5657266 ], [ 44.1513437, -17.5657199 ], [ 44.151396699999985, -17.565686 ], [ 44.1514763, -17.5656279 ], [ 44.1515326, -17.5655676 ], [ 44.1515864, -17.565514 ], [ 44.1516849, -17.5654917 ], [ 44.1517645, -17.5654068 ], [ 44.1518559, -17.565342 ], [ 44.1519332, -17.5652638 ], [ 44.1519637, -17.5651834 ], [ 44.1520152, -17.5651007 ], [ 44.1520457, -17.5650426 ], [ 44.152069100000013, -17.5649444 ], [ 44.1521112, -17.564855 ], [ 44.1521281, -17.5647967 ], [ 44.1521352, -17.5647386 ], [ 44.1521375, -17.5646403 ], [ 44.1521867, -17.5645688 ], [ 44.1522359, -17.5644907 ], [ 44.1523038, -17.5644102 ], [ 44.1523437, -17.5643522 ], [ 44.1524186, -17.564274 ], [ 44.1524819, -17.5642114 ], [ 44.1525639, -17.5641667 ], [ 44.1526459, -17.5641355 ], [ 44.1527045, -17.5640863 ], [ 44.1527771, -17.5640394 ], [ 44.1528521, -17.563959 ], [ 44.1529247, -17.5639232 ], [ 44.1529837, -17.5639112 ], [ 44.153054, -17.5638353 ], [ 44.1531289, -17.5637861 ], [ 44.1532039, -17.5637571 ], [ 44.1532391, -17.5637102 ], [ 44.1532625, -17.5636632 ], [ 44.1532648, -17.5635918 ], [ 44.1532812, -17.5635314 ], [ 44.1533117, -17.5634778 ], [ 44.1533445, -17.5633997 ], [ 44.1533609, -17.5633393 ], [ 44.1533679, -17.5632924 ], [ 44.1534171, -17.5632388 ], [ 44.1534358, -17.563174 ], [ 44.153485, -17.5631048 ], [ 44.1535108, -17.5630378 ], [ 44.1535506, -17.5629909 ], [ 44.1535928, -17.5629596 ], [ 44.153639700000014, -17.562935 ], [ 44.1536959, -17.5629104 ], [ 44.1537756, -17.5629037 ], [ 44.1538571, -17.5628881 ], [ 44.1539438, -17.5629059 ], [ 44.1540399, -17.5629126 ], [ 44.1540985, -17.5629528 ], [ 44.1541899, -17.5629863 ], [ 44.1542508, -17.5630444 ], [ 44.1542906, -17.5631114 ], [ 44.1543351, -17.5632097 ], [ 44.1543961, -17.5632946 ], [ 44.1544734, -17.5633348 ], [ 44.1545179, -17.5633772 ], [ 44.1545859, -17.5633728 ], [ 44.1546408, -17.5633852 ], [ 44.15469, -17.5633494 ], [ 44.1547439, -17.563307 ], [ 44.1547955, -17.5632556 ], [ 44.154847, -17.5632132 ], [ 44.154929, -17.5631707 ], [ 44.1549852, -17.5631283 ], [ 44.1550134, -17.5630412 ], [ 44.1550415, -17.5629764 ], [ 44.1550907, -17.5629339 ], [ 44.1551633, -17.5628669 ], [ 44.1551914, -17.5628111 ], [ 44.1552664, -17.5627373 ], [ 44.1552968, -17.5626547 ], [ 44.1553226, -17.5626055 ], [ 44.1553835, -17.562543 ], [ 44.1554069, -17.5624603 ], [ 44.155435, -17.5623688 ], [ 44.155435, -17.5622364 ], [ 44.1554561, -17.5621113 ], [ 44.1554514, -17.5619929 ], [ 44.1554303, -17.5618767 ], [ 44.1554139, -17.5617606 ], [ 44.1554373, -17.5616377 ], [ 44.1554523, -17.5615472 ], [ 44.1554303, -17.5614367 ], [ 44.1554443, -17.5613055 ], [ 44.1554466, -17.5612072 ], [ 44.15543490000001, -17.5611514 ], [ 44.155416099999989, -17.5610062 ], [ 44.15536, -17.5609008 ], [ 44.1553318, -17.5608387 ], [ 44.1552896, -17.560727 ], [ 44.1552544, -17.5606399 ], [ 44.1552193, -17.5605416 ], [ 44.155163099999989, -17.5604548 ], [ 44.1550814, -17.5603872 ], [ 44.1549546, -17.5603441 ], [ 44.1548364, -17.5602212 ], [ 44.1547826, -17.5601236 ], [ 44.1547181, -17.5599761 ], [ 44.1546579, -17.5598838 ], [ 44.1545848, -17.5598059 ], [ 44.1544757, -17.5597476 ], [ 44.1543891, -17.559724 ], [ 44.1543075, -17.5597424 ], [ 44.1542279, -17.5597363 ], [ 44.1541355, -17.559683 ], [ 44.1540255, -17.559639 ], [ 44.1539613, -17.5596133 ], [ 44.153884, -17.5596031 ], [ 44.1538173, -17.5595928 ], [ 44.1537163, -17.5595887 ], [ 44.1536539, -17.559558 ], [ 44.1535744, -17.5595457 ], [ 44.1535185, -17.5594924 ], [ 44.153481899999989, -17.5594186 ], [ 44.1534568, -17.5593614 ], [ 44.153454600000011, -17.5593183 ], [ 44.1534331, -17.5592384 ], [ 44.1534052, -17.5591687 ], [ 44.1533557, -17.5590826 ], [ 44.1533106, -17.5590223 ], [ 44.1532697, -17.5589362 ], [ 44.1532439, -17.5588829 ], [ 44.1531859, -17.558803 ], [ 44.1531622, -17.5587436 ], [ 44.1531321, -17.5587005 ], [ 44.1531128, -17.558637 ], [ 44.1530913, -17.5585468 ], [ 44.1530397, -17.5584874 ], [ 44.1530031, -17.558391 ], [ 44.1529623, -17.5583485 ], [ 44.1529472, -17.5582994 ], [ 44.1529494, -17.558244 ], [ 44.1528806, -17.5581805 ], [ 44.1528376, -17.5581149 ], [ 44.1528053, -17.5580309 ], [ 44.1527602, -17.557955 ], [ 44.1527408, -17.5578833 ], [ 44.1527408, -17.5577931 ], [ 44.1527515, -17.5576579 ], [ 44.1528178, -17.5574128 ], [ 44.1528268, -17.5573512 ], [ 44.1528676, -17.5572754 ], [ 44.1529554, -17.5570478 ], [ 44.1530108, -17.5569379 ], [ 44.1530861, -17.5568429 ], [ 44.1531304, -17.5567541 ], [ 44.1531903, -17.5566774 ], [ 44.1532013, -17.5566056 ], [ 44.1531969, -17.5565528 ], [ 44.1532235, -17.5564535 ], [ 44.1532323, -17.5563774 ], [ 44.1532146, -17.5562739 ], [ 44.153185799999981, -17.5562359 ], [ 44.1531503, -17.5561916 ], [ 44.1530905, -17.5561514 ], [ 44.1530373, -17.5560965 ], [ 44.1529797, -17.5560564 ], [ 44.1529443, -17.5560247 ], [ 44.1529155, -17.5559571 ], [ 44.1528401, -17.5559085 ], [ 44.1527803, -17.5558388 ], [ 44.1527426, -17.5558029 ], [ 44.1527138, -17.5557151 ], [ 44.1526983, -17.5556665 ], [ 44.1526385, -17.5555841 ], [ 44.1525789, -17.5555113 ], [ 44.152547600000013, -17.5554278 ], [ 44.1524945, -17.5553518 ], [ 44.1524479, -17.5553222 ], [ 44.1523903, -17.5552778 ], [ 44.1523393, -17.5552208 ], [ 44.1523216, -17.5551511 ], [ 44.1522972, -17.555094 ], [ 44.1522618, -17.555028 ], [ 44.1522042, -17.5549477 ], [ 44.1521931, -17.5548717 ], [ 44.1521887, -17.5547787 ], [ 44.1521975, -17.5546984 ], [ 44.1521909, -17.5546456 ], [ 44.1521975, -17.5545632 ], [ 44.152224100000012, -17.5544492 ], [ 44.1522374, -17.5544006 ], [ 44.1522684, -17.5543351 ], [ 44.1522728, -17.5542464 ], [ 44.1523016, -17.5541872 ], [ 44.1523459, -17.5541407 ], [ 44.1523947, -17.5540774 ], [ 44.152416800000012, -17.5540302 ], [ 44.1524279, -17.5539415 ], [ 44.15247, -17.5539035 ], [ 44.1525121, -17.5539077 ], [ 44.1525232, -17.5538507 ], [ 44.1525232, -17.5537788 ], [ 44.1525586, -17.5537387 ], [ 44.1526229, -17.5536605 ], [ 44.1526782, -17.5536014 ], [ 44.1527093, -17.5535443 ], [ 44.1527536, -17.5535021 ], [ 44.1528178, -17.5534451 ], [ 44.1528311, -17.5534007 ], [ 44.1528976, -17.5533415 ], [ 44.1529064, -17.5532615 ], [ 44.1529663, -17.5532129 ], [ 44.1530061, -17.5531876 ], [ 44.1530239, -17.5531073 ], [ 44.152953, -17.5530207 ], [ 44.1529529, -17.5529615 ], [ 44.1529286, -17.552894 ], [ 44.1528953, -17.5527989 ], [ 44.1528554, -17.5526785 ], [ 44.1528064, -17.5525175 ], [ 44.1526959, -17.5522886 ], [ 44.1526538, -17.5522147 ], [ 44.1526405, -17.5521766 ], [ 44.1525962, -17.5521259 ], [ 44.1525585, -17.5521111 ], [ 44.1524987, -17.5521069 ], [ 44.1524433, -17.5520689 ], [ 44.1524278, -17.5520288 ], [ 44.15243, -17.5519548 ], [ 44.1524521, -17.5518978 ], [ 44.152523, -17.5518006 ], [ 44.152605, -17.551695 ], [ 44.1526675, -17.5515689 ], [ 44.152714, -17.5515245 ], [ 44.1527915, -17.5514337 ], [ 44.1528691, -17.5513745 ], [ 44.1529643, -17.551309 ], [ 44.1530795, -17.5512562 ], [ 44.1531172, -17.5512076 ], [ 44.1531903, -17.5511611 ], [ 44.1532125, -17.551121 ], [ 44.1532501, -17.5510809 ], [ 44.153259, -17.5510217 ], [ 44.1533055, -17.55099 ], [ 44.1533564, -17.5509668 ], [ 44.1534162, -17.5509541 ], [ 44.1534561, -17.5508971 ], [ 44.1535049, -17.5508907 ], [ 44.1535824, -17.5508548 ], [ 44.1536378, -17.550859 ], [ 44.1536688, -17.5508062 ], [ 44.1537198, -17.5508126 ], [ 44.1537464, -17.5507766 ], [ 44.1537907, -17.5507492 ], [ 44.1538549, -17.5507555 ], [ 44.1539413, -17.5507745 ], [ 44.1540034, -17.5508083 ], [ 44.1540654, -17.5508632 ], [ 44.1541164, -17.5509329 ], [ 44.1541939, -17.5510027 ], [ 44.1542471, -17.5510576 ], [ 44.1543579, -17.5511294 ], [ 44.1544, -17.5511463 ], [ 44.1544612, -17.5511949 ], [ 44.154521, -17.5512329 ], [ 44.1545919, -17.5512392 ], [ 44.1546584, -17.551216 ], [ 44.1547137, -17.5512308 ], [ 44.1547736, -17.5512477 ], [ 44.154844499999989, -17.5512751 ], [ 44.1548888, -17.5513195 ], [ 44.1549331, -17.5512878 ], [ 44.155004, -17.5513047 ], [ 44.1550217, -17.5513364 ], [ 44.1550705, -17.5513174 ], [ 44.1551236, -17.5513173 ], [ 44.155179, -17.5513216 ], [ 44.1552433, -17.5513152 ], [ 44.155300900000015, -17.5512709 ], [ 44.1553328, -17.5512673 ], [ 44.1553895, -17.551273 ], [ 44.1554272, -17.5512434 ], [ 44.1554826, -17.5512286 ], [ 44.1555488, -17.5512497 ], [ 44.1555975, -17.5512603 ], [ 44.1556507, -17.5512054 ], [ 44.1557105, -17.5511863 ], [ 44.1558102, -17.5511462 ], [ 44.1558969, -17.5510811 ], [ 44.1559764, -17.551049 ], [ 44.1560717, -17.5510279 ], [ 44.1561581, -17.5510258 ], [ 44.1562245, -17.5510152 ], [ 44.1562866, -17.5509814 ], [ 44.156457200000013, -17.5509032 ], [ 44.1565337, -17.5508709 ], [ 44.1565847, -17.5508265 ], [ 44.156653399999989, -17.5508265 ], [ 44.1567354, -17.5508455 ], [ 44.1568129, -17.5508646 ], [ 44.1568772, -17.5508962 ], [ 44.1569259, -17.550873 ], [ 44.156948100000015, -17.5508307 ], [ 44.1570012, -17.5508329 ], [ 44.1570345, -17.5508603 ], [ 44.1570743, -17.5508307 ], [ 44.1571475, -17.550873 ], [ 44.1571829, -17.5508434 ], [ 44.1572538, -17.5508075 ], [ 44.1572693, -17.5507737 ], [ 44.1573269, -17.5507462 ], [ 44.1574067, -17.550742 ], [ 44.1574909, -17.5507504 ], [ 44.1575308, -17.5507335 ], [ 44.1575662, -17.5507208 ], [ 44.1576039, -17.5506997 ], [ 44.1576482, -17.5506976 ], [ 44.157703399999988, -17.5507061 ], [ 44.157761, -17.5506786 ], [ 44.1578563, -17.5506976 ], [ 44.1579294, -17.5507145 ], [ 44.1579826, -17.5506912 ], [ 44.1580446, -17.5506976 ], [ 44.1581177, -17.5506933 ], [ 44.1581665, -17.550706 ], [ 44.1582174, -17.5506849 ], [ 44.1582772, -17.5506743 ], [ 44.158326, -17.5506828 ], [ 44.1583703, -17.550668 ], [ 44.1584589, -17.5506806 ], [ 44.1585475, -17.5506553 ], [ 44.1585941, -17.5506278 ], [ 44.1586373, -17.5506025 ], [ 44.1587105, -17.5505665 ], [ 44.1588013, -17.5505433 ], [ 44.1588899, -17.5505179 ], [ 44.1589653, -17.5505179 ], [ 44.1590583, -17.5504841 ], [ 44.159127, -17.5504376 ], [ 44.1592112, -17.5504017 ], [ 44.1592697, -17.5503631 ], [ 44.1593083, -17.550356 ], [ 44.1593801, -17.5503139 ], [ 44.159452, -17.5502682 ], [ 44.1595201, -17.5502103 ], [ 44.1595974, -17.5501699 ], [ 44.1596969, -17.55014 ], [ 44.159798099999989, -17.5501084 ], [ 44.1598639, -17.5501014 ], [ 44.159921, -17.5500961 ], [ 44.1599818, -17.5500908 ], [ 44.1600738, -17.5500873 ], [ 44.1601291, -17.5500979 ], [ 44.1601825, -17.550075 ], [ 44.1602396, -17.5500961 ], [ 44.1602948, -17.5500996 ], [ 44.160328, -17.5500908 ], [ 44.1603906, -17.5501119 ], [ 44.1604366, -17.5500943 ], [ 44.1604937, -17.5501101 ], [ 44.1605453, -17.5501013 ], [ 44.1605892, -17.5500908 ], [ 44.1606316, -17.5501136 ], [ 44.1606905, -17.5501276 ], [ 44.1607218, -17.5501013 ], [ 44.1607586, -17.550096 ], [ 44.1607771, -17.5500715 ], [ 44.1607844, -17.550024 ], [ 44.1608636, -17.550003 ], [ 44.1609244, -17.5499837 ], [ 44.1609796, -17.5500012 ], [ 44.1610698, -17.5500152 ], [ 44.1611546, -17.5500433 ], [ 44.1612257, -17.5500521 ], [ 44.1612939, -17.550038 ], [ 44.1613952, -17.5500468 ], [ 44.1615167, -17.5500573 ], [ 44.1615793, -17.5500784 ], [ 44.1616548, -17.5500924 ], [ 44.1617082, -17.5500766 ], [ 44.1617727, -17.5500766 ], [ 44.1617985, -17.550103 ], [ 44.16178, -17.5501433 ], [ 44.1618353, -17.5502083 ], [ 44.1618408, -17.5502662 ], [ 44.161867, -17.5503242 ], [ 44.1619149, -17.5503452 ], [ 44.1619849, -17.5503593 ], [ 44.1620945, -17.5504132 ], [ 44.1621543, -17.5504049 ], [ 44.1621911, -17.5503716 ], [ 44.1621911, -17.5503224 ], [ 44.1621745, -17.5502697 ], [ 44.1621948, -17.5502153 ], [ 44.1622187, -17.5501854 ], [ 44.1622556, -17.5501942 ], [ 44.1622648, -17.5502293 ], [ 44.1623163, -17.5502258 ], [ 44.1623366, -17.550196 ], [ 44.1623292, -17.5501626 ], [ 44.1623384, -17.5501398 ], [ 44.1623863, -17.5501538 ], [ 44.162425, -17.550124 ], [ 44.1624857, -17.5500643 ], [ 44.1625467, -17.5500498 ], [ 44.162613, -17.5500551 ], [ 44.1626866, -17.550027 ], [ 44.1626995, -17.549969 ], [ 44.1627474, -17.5498988 ], [ 44.16281, -17.5497372 ], [ 44.1628339, -17.54966 ], [ 44.1628505, -17.5496098 ], [ 44.162856, -17.5495536 ], [ 44.1628284, -17.5494939 ], [ 44.1628044, -17.5494517 ], [ 44.1628136, -17.5494008 ], [ 44.1628081, -17.5493569 ], [ 44.1627841, -17.549306 ], [ 44.1627363, -17.5492621 ], [ 44.1627326, -17.549234 ], [ 44.162747300000014, -17.5491796 ], [ 44.1627252, -17.5491287 ], [ 44.1627233, -17.5490918 ], [ 44.1627068, -17.5490567 ], [ 44.1627104, -17.5490093 ], [ 44.1627178, -17.5489619 ], [ 44.1627528, -17.5489004 ], [ 44.1627307, -17.5488636 ], [ 44.1627454, -17.5488163 ], [ 44.1627657, -17.5487549 ], [ 44.1627822, -17.5486776 ], [ 44.1628062, -17.548632 ], [ 44.1628338, -17.548574 ], [ 44.1628706, -17.5485319 ], [ 44.1629111, -17.5484722 ], [ 44.162959, -17.5484494 ], [ 44.1630179, -17.5484335 ], [ 44.1630584, -17.548423 ], [ 44.1630989, -17.5484212 ], [ 44.1631634, -17.5484125 ], [ 44.1632021, -17.5484195 ], [ 44.1632481, -17.5484335 ], [ 44.163292299999988, -17.5484651 ], [ 44.163353099999981, -17.5484827 ], [ 44.1634231, -17.5485002 ], [ 44.1634691, -17.5485178 ], [ 44.1635317, -17.5485318 ], [ 44.1636035, -17.5485494 ], [ 44.1636422, -17.5485546 ], [ 44.1637324, -17.5485827 ], [ 44.1638147, -17.5486266 ], [ 44.163892, -17.5486143 ], [ 44.1639252, -17.5486354 ], [ 44.163997, -17.5486863 ], [ 44.1639731, -17.5487583 ], [ 44.1640339, -17.548753 ], [ 44.1641094, -17.5487635 ], [ 44.1641664, -17.5487811 ], [ 44.164253, -17.5487828 ], [ 44.1643147, -17.5487652 ], [ 44.1643792, -17.5487617 ], [ 44.1644068, -17.5487003 ], [ 44.164508, -17.5486809 ], [ 44.1645946, -17.5486511 ], [ 44.1646903, -17.5486107 ], [ 44.1647529, -17.548565 ], [ 44.1648137, -17.5484895 ], [ 44.1648921, -17.5484326 ], [ 44.16494, -17.5484116 ], [ 44.1650007, -17.5483659 ], [ 44.165032, -17.5482869 ], [ 44.1650357, -17.5482448 ], [ 44.1650891, -17.5482219 ], [ 44.1651075, -17.5481815 ], [ 44.1651311, -17.5481206 ], [ 44.1651202, -17.5480792 ], [ 44.1652017, -17.5479707 ], [ 44.1652183, -17.5479268 ], [ 44.1652533, -17.5478566 ], [ 44.165255099999989, -17.5477794 ], [ 44.1652717, -17.5477372 ], [ 44.1652956, -17.5476898 ], [ 44.1653306, -17.5476617 ], [ 44.1653638, -17.5476406 ], [ 44.1654153, -17.5476283 ], [ 44.1654798, -17.5475897 ], [ 44.1655055, -17.5475493 ], [ 44.1655645, -17.5475423 ], [ 44.1655921, -17.5475124 ], [ 44.1656381, -17.5475001 ], [ 44.1656952, -17.5474914 ], [ 44.1657394, -17.5474527 ], [ 44.1658038, -17.5474176 ], [ 44.1658149, -17.5473842 ], [ 44.1658462, -17.5473526 ], [ 44.1658611, -17.5473058 ], [ 44.1658979, -17.5472918 ], [ 44.165955, -17.5472742 ], [ 44.1660084, -17.5472356 ], [ 44.166071, -17.5472215 ], [ 44.1661299, -17.5471952 ], [ 44.166187, -17.5471689 ], [ 44.1662607, -17.5471443 ], [ 44.166338, -17.5470898 ], [ 44.1663896, -17.5470424 ], [ 44.1664692, -17.5470003 ], [ 44.1665318, -17.5469458 ], [ 44.1666441, -17.546865 ], [ 44.1667527, -17.5467446 ], [ 44.16683, -17.5466649 ], [ 44.1668869, -17.5465994 ], [ 44.1669146, -17.546559 ], [ 44.1669385, -17.5465028 ], [ 44.166966099999989, -17.5464484 ], [ 44.1669956, -17.546408 ], [ 44.1670177, -17.5463606 ], [ 44.1670305, -17.5463149 ], [ 44.1670784, -17.5462447 ], [ 44.1671097, -17.5461973 ], [ 44.1671189, -17.5461534 ], [ 44.1671134, -17.5461165 ], [ 44.167106, -17.5460814 ], [ 44.1671355, -17.546041 ], [ 44.1671508, -17.5460192 ], [ 44.1671858, -17.5460315 ], [ 44.16723, -17.5460209 ], [ 44.1672539, -17.5459963 ], [ 44.1672723, -17.545963 ], [ 44.1672889, -17.5459226 ], [ 44.1672981, -17.545898 ], [ 44.167288899999988, -17.5458646 ], [ 44.1673165, -17.545826 ], [ 44.1673386, -17.5458014 ], [ 44.1673551, -17.5457839 ], [ 44.1673735, -17.5457593 ], [ 44.1673993, -17.5457294 ], [ 44.1674214, -17.5456978 ], [ 44.1674122, -17.5456557 ], [ 44.1674325, -17.5456346 ], [ 44.1674674, -17.5456013 ], [ 44.1675006, -17.5455764 ], [ 44.1675098, -17.5455416 ], [ 44.1675282, -17.5455152 ], [ 44.167557699999989, -17.5454766 ], [ 44.1676129, -17.545445 ], [ 44.1676446, -17.5454245 ], [ 44.1676778, -17.5453946 ], [ 44.1677086, -17.5453677 ], [ 44.1677404, -17.545349 ], [ 44.1677717, -17.5453209 ], [ 44.1677772, -17.5452787 ], [ 44.1678085, -17.5452664 ], [ 44.1678417, -17.5452454 ], [ 44.1678674, -17.5452559 ], [ 44.1678895, -17.5452243 ], [ 44.167895, -17.5451962 ], [ 44.1679448, -17.5451839 ], [ 44.1679724, -17.5451593 ], [ 44.1679834, -17.5451066 ], [ 44.1680037, -17.5450943 ], [ 44.1680423, -17.5450487 ], [ 44.16807, -17.5450364 ], [ 44.1681105, -17.5450276 ], [ 44.1681234, -17.544982 ], [ 44.1681528, -17.5449626 ], [ 44.1681778, -17.5449485 ], [ 44.1682036, -17.5449292 ], [ 44.168257, -17.5449133 ], [ 44.1682994, -17.5448975 ], [ 44.1683307, -17.5448765 ], [ 44.1683546, -17.5448466 ], [ 44.168391399999983, -17.544815 ], [ 44.1684334, -17.544785 ], [ 44.1684614, -17.5447465 ], [ 44.1685185, -17.5447096 ], [ 44.1686449, -17.5446505 ], [ 44.1687541, -17.5445779 ], [ 44.1687773, -17.5445543 ], [ 44.1688325, -17.5445402 ], [ 44.1689227, -17.5444805 ], [ 44.1689503, -17.5444612 ], [ 44.1690019, -17.5444384 ], [ 44.1690295, -17.5444401 ], [ 44.169071899999985, -17.5444278 ], [ 44.169105, -17.5444015 ], [ 44.1691419, -17.5444208 ], [ 44.1691768, -17.544398 ], [ 44.1692413, -17.544405 ], [ 44.1692707, -17.5443716 ], [ 44.1693094, -17.5443804 ], [ 44.1693715, -17.544341 ], [ 44.1693561, -17.5443232 ], [ 44.169191, -17.5439933 ], [ 44.1691606, -17.5439327 ], [ 44.1691545, -17.543934 ], [ 44.1691249, -17.5439423 ], [ 44.1691024, -17.5439499 ], [ 44.16908, -17.5439506 ], [ 44.1690493, -17.5439531 ], [ 44.1690188, -17.5439575 ], [ 44.1689887, -17.5439639 ], [ 44.1689592, -17.5439721 ], [ 44.1689302, -17.5439822 ], [ 44.168902, -17.5439941 ], [ 44.1688901, -17.5439997 ], [ 44.168885599999982, -17.5440008 ], [ 44.168856, -17.544009 ], [ 44.1688271, -17.5440191 ], [ 44.1688046, -17.5440284 ], [ 44.1687531, -17.5440512 ], [ 44.1687473, -17.5440538 ], [ 44.16872, -17.5440674 ], [ 44.1686936, -17.5440827 ], [ 44.168673, -17.5440963 ], [ 44.1686504, -17.5441122 ], [ 44.1686308, -17.5441251 ], [ 44.1686024, -17.544135 ], [ 44.168574199999988, -17.5441469 ], [ 44.168546899999988, -17.5441605 ], [ 44.1685205, -17.5441758 ], [ 44.168495299999989, -17.5441927 ], [ 44.1684712, -17.5442112 ], [ 44.1684485, -17.5442311 ], [ 44.1684464, -17.5442331 ], [ 44.1684064, -17.5442596 ], [ 44.1683121, -17.5443038 ], [ 44.1682881, -17.5443159 ], [ 44.1682617, -17.5443311 ], [ 44.1682555, -17.5443351 ], [ 44.1681984, -17.544372 ], [ 44.1681794, -17.5443849 ], [ 44.1681554, -17.5444034 ], [ 44.1681326, -17.5444233 ], [ 44.1681113, -17.5444447 ], [ 44.1680921, -17.5444665 ], [ 44.1680854, -17.5444719 ], [ 44.168077499999988, -17.5444785 ], [ 44.1680497, -17.5445024 ], [ 44.1680288, -17.5445099 ], [ 44.1680006, -17.5445218 ], [ 44.1679732, -17.5445354 ], [ 44.167946900000011, -17.5445507 ], [ 44.1679216, -17.5445676 ], [ 44.1679138, -17.5445733 ], [ 44.1679121, -17.5445746 ], [ 44.1678961, -17.5445842 ], [ 44.167887199999988, -17.5445898 ], [ 44.1678577, -17.5446092 ], [ 44.1678414, -17.5446204 ], [ 44.1678173, -17.5446389 ], [ 44.1677946, -17.5446588 ], [ 44.167778199999987, -17.5446749 ], [ 44.1677604, -17.5446871 ], [ 44.1677363, -17.5447056 ], [ 44.1677136, -17.5447255 ], [ 44.167692300000013, -17.5447468 ], [ 44.1676773, -17.5447636 ], [ 44.1676547, -17.5447835 ], [ 44.1676333, -17.5448048 ], [ 44.1676135, -17.5448274 ], [ 44.1676006, -17.5448439 ], [ 44.167589, -17.5448531 ], [ 44.1675663, -17.544873 ], [ 44.1675619, -17.5448772 ], [ 44.1675468, -17.5448849 ], [ 44.1675205, -17.5449002 ], [ 44.1674952, -17.5449172 ], [ 44.1674712, -17.5449356 ], [ 44.1674484, -17.5449556 ], [ 44.1674271, -17.5449769 ], [ 44.1674073, -17.5449995 ], [ 44.167389, -17.5450233 ], [ 44.1673725, -17.5450482 ], [ 44.1673693, -17.5450534 ], [ 44.1673611, -17.5450606 ], [ 44.1673556, -17.5450654 ], [ 44.1673526, -17.5450681 ], [ 44.1673165, -17.5450888 ], [ 44.1673009, -17.5450981 ], [ 44.1672757, -17.545115 ], [ 44.1672516, -17.5451335 ], [ 44.1672289, -17.5451534 ], [ 44.1672076, -17.5451747 ], [ 44.1671877, -17.5451973 ], [ 44.1671778, -17.54521 ], [ 44.1671483, -17.5452486 ], [ 44.16714, -17.5452598 ], [ 44.1671373, -17.5452637 ], [ 44.1671188, -17.5452901 ], [ 44.1671064, -17.5453089 ], [ 44.1671006, -17.5453144 ], [ 44.1670864, -17.5453285 ], [ 44.1670662, -17.5453496 ], [ 44.1670621, -17.5453538 ], [ 44.1670423, -17.5453765 ], [ 44.167024, -17.5454003 ], [ 44.1670075, -17.5454252 ], [ 44.1669926, -17.5454511 ], [ 44.1669796, -17.5454778 ], [ 44.1669684, -17.5455053 ], [ 44.1669596, -17.5455315 ], [ 44.1669466, -17.5455468 ], [ 44.1669283, -17.5455706 ], [ 44.1669007, -17.5456092 ], [ 44.166884099999983, -17.5456341 ], [ 44.1668718, -17.5456556 ], [ 44.1668688, -17.5456576 ], [ 44.1668447, -17.5456761 ], [ 44.166822, -17.545696 ], [ 44.1668007, -17.5457173 ], [ 44.1667809, -17.5457399 ], [ 44.1667626, -17.5457637 ], [ 44.1667601, -17.5457673 ], [ 44.1667473, -17.5457856 ], [ 44.1667203, -17.5458225 ], [ 44.1667179, -17.545826 ], [ 44.1667013, -17.5458509 ], [ 44.1666864, -17.5458768 ], [ 44.1666734, -17.5459035 ], [ 44.1666622, -17.5459311 ], [ 44.1666529, -17.5459592 ], [ 44.1666455, -17.5459879 ], [ 44.1666401, -17.546017 ], [ 44.1666367, -17.5460464 ], [ 44.1666355, -17.5460694 ], [ 44.1666258, -17.5460844 ], [ 44.166611, -17.5461103 ], [ 44.1665979, -17.5461371 ], [ 44.1665867, -17.5461646 ], [ 44.1665774, -17.5461928 ], [ 44.1665769, -17.5461944 ], [ 44.1665614, -17.5462179 ], [ 44.1665465, -17.5462437 ], [ 44.166542899999989, -17.5462508 ], [ 44.1665153, -17.5463052 ], [ 44.1665059, -17.5463249 ], [ 44.1665028, -17.546332 ], [ 44.166499200000011, -17.5463404 ], [ 44.166476700000011, -17.5463662 ], [ 44.166408, -17.546437 ], [ 44.1664026, -17.5464428 ], [ 44.1663967, -17.5464492 ], [ 44.1663212, -17.5465329 ], [ 44.1662494, -17.5465845 ], [ 44.1662257, -17.5466027 ], [ 44.1662156, -17.5466113 ], [ 44.1661937, -17.5466304 ], [ 44.1661621, -17.5466471 ], [ 44.1661592, -17.5466486 ], [ 44.1661328, -17.5466639 ], [ 44.1661076, -17.5466808 ], [ 44.1660835, -17.5466993 ], [ 44.1660638, -17.5467164 ], [ 44.1660375, -17.5467406 ], [ 44.1660323, -17.5467424 ], [ 44.1660122, -17.5467496 ], [ 44.165984, -17.5467615 ], [ 44.165983, -17.5467619 ], [ 44.1659285, -17.5467871 ], [ 44.1659163, -17.5467925 ], [ 44.1659012, -17.5467959 ], [ 44.1658921, -17.546798 ], [ 44.1658625, -17.5468063 ], [ 44.1658336, -17.5468163 ], [ 44.165805399999989, -17.5468282 ], [ 44.165778, -17.5468418 ], [ 44.1657517, -17.5468571 ], [ 44.1657346, -17.5468683 ], [ 44.165724, -17.5468722 ], [ 44.1656871, -17.5468862 ], [ 44.1656863, -17.5468866 ], [ 44.1656581, -17.5468984 ], [ 44.1656307, -17.5469121 ], [ 44.1656044, -17.5469274 ], [ 44.1655791, -17.5469443 ], [ 44.1655551, -17.5469627 ], [ 44.1655323, -17.5469827 ], [ 44.165511, -17.547004 ], [ 44.1654912, -17.5470266 ], [ 44.1654729, -17.5470504 ], [ 44.1654563, -17.5470753 ], [ 44.1654528, -17.5470811 ], [ 44.1654462, -17.5470831 ], [ 44.1654173, -17.5470932 ], [ 44.165389, -17.547105 ], [ 44.1653617, -17.5471186 ], [ 44.1653587, -17.5471203 ], [ 44.1653307, -17.54713 ], [ 44.1653025, -17.5471419 ], [ 44.1652752, -17.5471555 ], [ 44.1652488, -17.5471708 ], [ 44.1652236, -17.5471877 ], [ 44.1651995, -17.5472062 ], [ 44.1651768, -17.5472261 ], [ 44.1651766, -17.5472263 ], [ 44.1651607, -17.5472332 ], [ 44.165133399999988, -17.5472468 ], [ 44.165107, -17.5472621 ], [ 44.1651037, -17.5472642 ], [ 44.1650706, -17.5472853 ], [ 44.1650486, -17.5473001 ], [ 44.1650285, -17.5473155 ], [ 44.1649935, -17.5473436 ], [ 44.1649896, -17.5473467 ], [ 44.16496690000001, -17.5473666 ], [ 44.1649455, -17.5473879 ], [ 44.1649257, -17.5474106 ], [ 44.1649075, -17.5474344 ], [ 44.1648909, -17.5474593 ], [ 44.164876, -17.5474852 ], [ 44.164872, -17.547493 ], [ 44.164848, -17.5475404 ], [ 44.164839, -17.5475593 ], [ 44.1648313, -17.5475779 ], [ 44.1648147, -17.54762 ], [ 44.1648113, -17.547629 ], [ 44.164802, -17.5476572 ], [ 44.1647946, -17.5476859 ], [ 44.1647892, -17.547715 ], [ 44.1647858, -17.5477443 ], [ 44.1647854, -17.5477494 ], [ 44.1647823, -17.5477568 ], [ 44.1647384, -17.5478151 ], [ 44.1647321, -17.5478238 ], [ 44.1647155, -17.5478487 ], [ 44.1647007, -17.5478746 ], [ 44.1646876, -17.5479013 ], [ 44.1646764, -17.5479288 ], [ 44.1646671, -17.547957 ], [ 44.1646642, -17.5479675 ], [ 44.1646475, -17.5479893 ], [ 44.1646309, -17.5480142 ], [ 44.1646161, -17.5480401 ], [ 44.164603, -17.5480669 ], [ 44.1645973, -17.5480804 ], [ 44.1645297, -17.5481294 ], [ 44.164507700000016, -17.5481464 ], [ 44.164485, -17.5481664 ], [ 44.1644636, -17.5481877 ], [ 44.1644438, -17.5482103 ], [ 44.1644411, -17.5482136 ], [ 44.1644302, -17.5482271 ], [ 44.16442, -17.5482314 ], [ 44.1643818, -17.5482446 ], [ 44.1643149, -17.5482574 ], [ 44.1642905, -17.5482627 ], [ 44.1642609, -17.5482709 ], [ 44.164232, -17.548281 ], [ 44.1642228, -17.5482849 ], [ 44.1642049, -17.5482722 ], [ 44.1641915, -17.548263 ], [ 44.1641851, -17.5482589 ], [ 44.164152, -17.5482378 ], [ 44.1641324, -17.548226 ], [ 44.1641054, -17.5482118 ], [ 44.1640775, -17.5481992 ], [ 44.1640488, -17.5481885 ], [ 44.1640194, -17.5481796 ], [ 44.1639895, -17.5481725 ], [ 44.1639592, -17.5481673 ], [ 44.1639286, -17.5481641 ], [ 44.1639059, -17.5481629 ], [ 44.1638892, -17.5481569 ], [ 44.1638777, -17.5481532 ], [ 44.1637874, -17.5481251 ], [ 44.1637696, -17.5481199 ], [ 44.1637397, -17.5481128 ], [ 44.1637093, -17.5481077 ], [ 44.1637083, -17.5481075 ], [ 44.163694899999989, -17.5481057 ], [ 44.1636479, -17.5480942 ], [ 44.1636388, -17.5480921 ], [ 44.1636104, -17.5480857 ], [ 44.1635969, -17.5480806 ], [ 44.1635798, -17.5480744 ], [ 44.1635504, -17.5480655 ], [ 44.1635421, -17.5480633 ], [ 44.163502, -17.5480533 ], [ 44.1634884, -17.5480452 ], [ 44.16346140000001, -17.548031 ], [ 44.1634335, -17.5480185 ], [ 44.1634048, -17.5480077 ], [ 44.1633907, -17.5480032 ], [ 44.1633447, -17.5479891 ], [ 44.1633294, -17.5479848 ], [ 44.1632995, -17.5479777 ], [ 44.1632896, -17.5479758 ], [ 44.1632509, -17.5479688 ], [ 44.1632305, -17.5479655 ], [ 44.163199899999988, -17.5479623 ], [ 44.163169099999983, -17.5479609 ], [ 44.1631383, -17.5479615 ], [ 44.1631077, -17.5479641 ], [ 44.163097199999982, -17.5479654 ], [ 44.1630551, -17.5479711 ], [ 44.1630371, -17.5479719 ], [ 44.1630334, -17.5479721 ], [ 44.1630027, -17.5479746 ], [ 44.1629722, -17.5479791 ], [ 44.1629422, -17.5479854 ], [ 44.1629352, -17.5479872 ], [ 44.1628947, -17.5479977 ], [ 44.1628912, -17.5479987 ], [ 44.1628322, -17.5480145 ], [ 44.1628131, -17.54802 ], [ 44.1627842, -17.5480301 ], [ 44.162756, -17.548042 ], [ 44.1627495, -17.548045 ], [ 44.1627016, -17.5480678 ], [ 44.1626808, -17.5480784 ], [ 44.1626544, -17.5480937 ], [ 44.1626292, -17.5481106 ], [ 44.1626051, -17.5481291 ], [ 44.1625824, -17.548149 ], [ 44.162561, -17.5481703 ], [ 44.1625412, -17.5481929 ], [ 44.162523, -17.5482167 ], [ 44.1625166, -17.5482259 ], [ 44.1624916, -17.5482627 ], [ 44.1624731, -17.5482839 ], [ 44.1624639, -17.5482948 ], [ 44.1624456, -17.5483186 ], [ 44.162429, -17.5483435 ], [ 44.1624142, -17.5483694 ], [ 44.1624057, -17.5483863 ], [ 44.1623817, -17.5484366 ], [ 44.1623617, -17.5484747 ], [ 44.1623496, -17.5484997 ], [ 44.1623384, -17.5485273 ], [ 44.1623291, -17.5485554 ], [ 44.1623217, -17.5485841 ], [ 44.1623212, -17.5485866 ], [ 44.1623095, -17.548641 ], [ 44.1622966, -17.5486802 ], [ 44.1622945, -17.5486868 ], [ 44.1622798, -17.548734 ], [ 44.1622775, -17.5487414 ], [ 44.1622702, -17.5487701 ], [ 44.1622648, -17.5487992 ], [ 44.1622614, -17.5488285 ], [ 44.16226, -17.5488568 ], [ 44.1622573, -17.5488684 ], [ 44.1622522, -17.5488954 ], [ 44.1622449, -17.5489428 ], [ 44.1622446, -17.5489449 ], [ 44.1622412, -17.5489743 ], [ 44.162241, -17.5489758 ], [ 44.1622374, -17.5490232 ], [ 44.1622361, -17.5490512 ], [ 44.1622367, -17.5490807 ], [ 44.1622394, -17.5491102 ], [ 44.162244, -17.5491394 ], [ 44.1622506, -17.5491682 ], [ 44.1622592, -17.5491966 ], [ 44.1622604, -17.5492 ], [ 44.1622624, -17.5492114 ], [ 44.1622625, -17.5492114 ], [ 44.1622619, -17.5492285 ], [ 44.1622625, -17.5492581 ], [ 44.1622652, -17.5492875 ], [ 44.1622655, -17.5492904 ], [ 44.1622692, -17.5493185 ], [ 44.1622735, -17.5493448 ], [ 44.1622801, -17.5493737 ], [ 44.1622887, -17.549402 ], [ 44.1622992, -17.5494298 ], [ 44.162311599999988, -17.5494569 ], [ 44.1623258, -17.5494831 ], [ 44.162336499999988, -17.5495005 ], [ 44.162337, -17.5495052 ], [ 44.162341700000013, -17.5495344 ], [ 44.1623483, -17.5495633 ], [ 44.1623569, -17.5495917 ], [ 44.1623604, -17.5496016 ], [ 44.1623484, -17.5496326 ], [ 44.1623399, -17.5496349 ], [ 44.162310900000016, -17.549645 ], [ 44.1622827, -17.5496569 ], [ 44.162255400000014, -17.5496705 ], [ 44.162229, -17.5496858 ], [ 44.1622038, -17.5497027 ], [ 44.1621938, -17.5497101 ], [ 44.1621926, -17.5497104 ], [ 44.162163600000014, -17.5497205 ], [ 44.1621354, -17.5497324 ], [ 44.1621081, -17.549746 ], [ 44.162106200000011, -17.5497471 ], [ 44.1621025, -17.5497479 ], [ 44.1620968, -17.5497495 ], [ 44.1620873, -17.5497408 ], [ 44.1620638, -17.5497218 ], [ 44.1620389, -17.5497043 ], [ 44.162013, -17.5496883 ], [ 44.161986, -17.5496741 ], [ 44.1619581, -17.5496616 ], [ 44.1619294, -17.5496508 ], [ 44.1619, -17.5496419 ], [ 44.161870099999987, -17.5496348 ], [ 44.1618398, -17.5496297 ], [ 44.1618092, -17.5496264 ], [ 44.1617784, -17.5496251 ], [ 44.1617752, -17.5496252 ], [ 44.1617726, -17.5496251 ], [ 44.1617082, -17.5496251 ], [ 44.1616832, -17.5496257 ], [ 44.1616606, -17.5496274 ], [ 44.1616441, -17.5496226 ], [ 44.1616142, -17.5496156 ], [ 44.1615838, -17.5496104 ], [ 44.161559, -17.5496076 ], [ 44.1613596, -17.5495903 ], [ 44.1613362, -17.5495883 ], [ 44.1613304, -17.5495878 ], [ 44.1612996, -17.5495865 ], [ 44.1612688, -17.5495871 ], [ 44.1612381, -17.5495897 ], [ 44.1612302, -17.5495906 ], [ 44.1612236, -17.5495884 ], [ 44.1611972, -17.5495805 ], [ 44.1611673, -17.5495735 ], [ 44.1611452, -17.5495695 ], [ 44.161092, -17.5495612 ], [ 44.161072399999988, -17.549555 ], [ 44.1610517, -17.5495489 ], [ 44.1610218, -17.5495419 ], [ 44.1609915, -17.5495367 ], [ 44.1609609, -17.5495334 ], [ 44.1609301, -17.5495321 ], [ 44.1608993, -17.5495327 ], [ 44.1608686, -17.5495353 ], [ 44.1608382, -17.5495397 ], [ 44.1608081, -17.5495461 ], [ 44.1607785, -17.5495543 ], [ 44.1607763, -17.549555 ], [ 44.1607265, -17.5495708 ], [ 44.1606586, -17.5495889 ], [ 44.1606386, -17.5495947 ], [ 44.1606096, -17.5496048 ], [ 44.1605814, -17.5496166 ], [ 44.1605541, -17.5496303 ], [ 44.1605327, -17.5496425 ], [ 44.160503, -17.5496469 ], [ 44.1605017, -17.5496471 ], [ 44.1604731, -17.5496441 ], [ 44.1604424, -17.5496428 ], [ 44.1604116, -17.5496434 ], [ 44.160398, -17.5496443 ], [ 44.1603951, -17.5496439 ], [ 44.1603645, -17.5496406 ], [ 44.1603075, -17.5496397 ], [ 44.1602799, -17.5496332 ], [ 44.1602496, -17.5496281 ], [ 44.160219, -17.5496248 ], [ 44.1601882, -17.5496235 ], [ 44.1601574, -17.5496241 ], [ 44.1601267, -17.5496266 ], [ 44.1600963, -17.5496311 ], [ 44.1600734, -17.5496358 ], [ 44.1600551, -17.5496361 ], [ 44.159963, -17.5496396 ], [ 44.1599567, -17.5496399 ], [ 44.159939400000013, -17.5496411 ], [ 44.1598786, -17.5496464 ], [ 44.1598759, -17.5496466 ], [ 44.1598188, -17.5496519 ], [ 44.1598118, -17.5496526 ], [ 44.159746, -17.5496596 ], [ 44.1597424, -17.54966 ], [ 44.159712, -17.5496645 ], [ 44.1596819, -17.5496708 ], [ 44.1596525, -17.549679 ], [ 44.1595537, -17.5497098 ], [ 44.1594568, -17.5497389 ], [ 44.1594516, -17.5497405 ], [ 44.1594226, -17.5497506 ], [ 44.1593944, -17.5497625 ], [ 44.159372399999988, -17.5497733 ], [ 44.159295, -17.5498137 ], [ 44.1592897, -17.5498165 ], [ 44.1592634, -17.5498318 ], [ 44.159238099999989, -17.5498487 ], [ 44.1592141, -17.5498672 ], [ 44.1592078, -17.5498724 ], [ 44.1591644, -17.5499093 ], [ 44.1591281, -17.5499324 ], [ 44.159123799999989, -17.5499337 ], [ 44.1590949, -17.5499438 ], [ 44.1590666, -17.5499556 ], [ 44.1590393, -17.5499693 ], [ 44.159013, -17.5499846 ], [ 44.1590025, -17.5499912 ], [ 44.15898, -17.5500061 ], [ 44.1589357, -17.550025 ], [ 44.158924, -17.5500302 ], [ 44.1588966, -17.5500438 ], [ 44.1588703, -17.5500591 ], [ 44.1588574, -17.5500675 ], [ 44.1588342, -17.5500696 ], [ 44.1588037, -17.550074 ], [ 44.1587737, -17.5500804 ], [ 44.1587554, -17.5500852 ], [ 44.1586733, -17.5501087 ], [ 44.158589100000015, -17.5501302 ], [ 44.1585646, -17.5501372 ], [ 44.1585357, -17.5501473 ], [ 44.1585074, -17.5501591 ], [ 44.1584959, -17.5501646 ], [ 44.1584228, -17.5502005 ], [ 44.158407, -17.5502087 ], [ 44.1583923, -17.5502169 ], [ 44.158376, -17.5502164 ], [ 44.1583452, -17.550217 ], [ 44.1583146, -17.5502196 ], [ 44.1582906, -17.5502229 ], [ 44.158283, -17.5502228 ], [ 44.1582522, -17.5502234 ], [ 44.1582215, -17.5502259 ], [ 44.158192, -17.5502302 ], [ 44.1581322, -17.5502408 ], [ 44.1581312, -17.550241 ], [ 44.1581263, -17.5502419 ], [ 44.1581235, -17.5502418 ], [ 44.1580927, -17.5502424 ], [ 44.1580894, -17.5502426 ], [ 44.1580554, -17.5502446 ], [ 44.1580324, -17.5502422 ], [ 44.1580191, -17.550241 ], [ 44.1579883, -17.5502397 ], [ 44.1579575, -17.5502403 ], [ 44.1579268, -17.5502429 ], [ 44.1579043, -17.550246 ], [ 44.1578568, -17.5502365 ], [ 44.1578281, -17.5502316 ], [ 44.1577975, -17.5502284 ], [ 44.1577668, -17.5502271 ], [ 44.157736, -17.5502277 ], [ 44.1577053, -17.5502302 ], [ 44.1576748, -17.5502347 ], [ 44.1576447, -17.550241 ], [ 44.1576237, -17.5502467 ], [ 44.1575805, -17.5502487 ], [ 44.1575788, -17.5502488 ], [ 44.1575481, -17.5502513 ], [ 44.1575177, -17.5502558 ], [ 44.157487599999989, -17.5502621 ], [ 44.157458, -17.5502704 ], [ 44.1574291, -17.5502804 ], [ 44.157405, -17.5502904 ], [ 44.1573816, -17.5502911 ], [ 44.1573807, -17.5502911 ], [ 44.1573009, -17.5502953 ], [ 44.1572712, -17.5502978 ], [ 44.1572407, -17.5503023 ], [ 44.1572107, -17.5503086 ], [ 44.15718110000001, -17.5503169 ], [ 44.1571521, -17.5503269 ], [ 44.157123899999988, -17.5503388 ], [ 44.1571174, -17.5503418 ], [ 44.1570598, -17.5503693 ], [ 44.157039, -17.5503799 ], [ 44.1570378, -17.5503805 ], [ 44.1570236, -17.5503818 ], [ 44.1570207, -17.5503817 ], [ 44.1569675, -17.5503796 ], [ 44.1569538, -17.5503792 ], [ 44.156923, -17.5503798 ], [ 44.1568923, -17.5503824 ], [ 44.1568619, -17.5503868 ], [ 44.1568318, -17.5503932 ], [ 44.1568114, -17.5503986 ], [ 44.1567639, -17.5503876 ], [ 44.1567509, -17.5503848 ], [ 44.1567205, -17.5503796 ], [ 44.1566899, -17.5503763 ], [ 44.1566533, -17.550375 ], [ 44.1565847, -17.550375 ], [ 44.1565597, -17.5503756 ], [ 44.156529, -17.5503782 ], [ 44.1564985, -17.5503826 ], [ 44.1564684, -17.550389 ], [ 44.1564389, -17.5503972 ], [ 44.1564099, -17.5504073 ], [ 44.1563817, -17.5504191 ], [ 44.1563543, -17.5504327 ], [ 44.156328, -17.550448 ], [ 44.1563027, -17.550465 ], [ 44.1562787, -17.5504834 ], [ 44.1562743, -17.550487 ], [ 44.1562677, -17.5504898 ], [ 44.1562543, -17.5504957 ], [ 44.1560837, -17.5505739 ], [ 44.1560836, -17.550574 ], [ 44.1560792, -17.550576 ], [ 44.1560596, -17.5505765 ], [ 44.1560466, -17.5505769 ], [ 44.1560159, -17.5505795 ], [ 44.1559855, -17.5505839 ], [ 44.155965599999988, -17.5505879 ], [ 44.1558703, -17.550609 ], [ 44.1558601, -17.5506114 ], [ 44.1558305, -17.5506197 ], [ 44.1558016, -17.5506297 ], [ 44.1557939, -17.5506328 ], [ 44.1557144, -17.5506649 ], [ 44.1556939, -17.5506737 ], [ 44.1556665, -17.5506873 ], [ 44.1556402, -17.5507026 ], [ 44.1556149, -17.5507195 ], [ 44.1556067, -17.5507256 ], [ 44.1555698, -17.5507533 ], [ 44.1555452, -17.5507632 ], [ 44.1555026, -17.5507767 ], [ 44.1555006, -17.5507774 ], [ 44.1554883, -17.5507771 ], [ 44.1554575, -17.5507777 ], [ 44.1554268, -17.5507802 ], [ 44.1553964, -17.5507847 ], [ 44.1553663, -17.550791 ], [ 44.1553563, -17.5507936 ], [ 44.1553009, -17.5508084 ], [ 44.1552813, -17.550814 ], [ 44.1552617, -17.5508206 ], [ 44.1552469, -17.5508223 ], [ 44.1552452, -17.5508225 ], [ 44.1552147, -17.5508269 ], [ 44.1551846, -17.5508333 ], [ 44.1551551, -17.5508415 ], [ 44.1551261, -17.5508516 ], [ 44.1551003, -17.5508623 ], [ 44.1550466, -17.5508495 ], [ 44.1550306, -17.550846 ], [ 44.1550002, -17.5508408 ], [ 44.1549728, -17.5508378 ], [ 44.1549498, -17.5508289 ], [ 44.1549303, -17.5508219 ], [ 44.1549065, -17.5508145 ], [ 44.1548467, -17.5507976 ], [ 44.1548411, -17.5507961 ], [ 44.1548399, -17.5507957 ], [ 44.1547845, -17.5507809 ], [ 44.1547558, -17.5507742 ], [ 44.1547255, -17.550769 ], [ 44.1546949, -17.5507658 ], [ 44.1546513, -17.5507645 ], [ 44.1546403, -17.550758 ], [ 44.1546133, -17.5507438 ], [ 44.1545854, -17.5507312 ], [ 44.1545827, -17.5507301 ], [ 44.1545553, -17.5507124 ], [ 44.1545388, -17.5506953 ], [ 44.1545308, -17.5506873 ], [ 44.1545158, -17.5506731 ], [ 44.1544738, -17.5506354 ], [ 44.1544508, -17.5506039 ], [ 44.1544423, -17.5505928 ], [ 44.1544231, -17.5505697 ], [ 44.1544023, -17.5505479 ], [ 44.1543846, -17.5505314 ], [ 44.1543226, -17.5504765 ], [ 44.154318, -17.5504725 ], [ 44.1542945, -17.5504535 ], [ 44.1542697, -17.550436 ], [ 44.154243699999988, -17.55042 ], [ 44.1542358, -17.5504156 ], [ 44.1541738, -17.5503818 ], [ 44.1541547, -17.550372 ], [ 44.1541268, -17.5503595 ], [ 44.1540981, -17.5503487 ], [ 44.1540687, -17.5503398 ], [ 44.1540465, -17.5503344 ], [ 44.1539601, -17.5503154 ], [ 44.1539524, -17.5503137 ], [ 44.1539221, -17.5503086 ], [ 44.153903, -17.5503063 ], [ 44.153838799999988, -17.5503 ], [ 44.1538272, -17.550299 ], [ 44.1537964, -17.5502976 ], [ 44.1537656, -17.5502983 ], [ 44.1537349, -17.5503008 ], [ 44.1537045, -17.5503052 ], [ 44.1536744, -17.5503116 ], [ 44.153644799999988, -17.5503198 ], [ 44.1536159, -17.5503299 ], [ 44.1535877, -17.5503418 ], [ 44.1535603, -17.5503554 ], [ 44.1535352, -17.5503699 ], [ 44.1535249, -17.5503763 ], [ 44.153523, -17.5503769 ], [ 44.153494, -17.5503869 ], [ 44.1534658, -17.5503988 ], [ 44.1534385, -17.5504124 ], [ 44.1534121, -17.5504277 ], [ 44.153388899999982, -17.5504432 ], [ 44.1533794, -17.5504474 ], [ 44.1533777, -17.5504482 ], [ 44.153365099999988, -17.550454 ], [ 44.1533399, -17.5504595 ], [ 44.1533103, -17.5504677 ], [ 44.1532813, -17.5504778 ], [ 44.1532531, -17.5504897 ], [ 44.153225799999987, -17.5505033 ], [ 44.1531994, -17.5505186 ], [ 44.153174199999981, -17.5505355 ], [ 44.1531501, -17.5505539 ], [ 44.153133, -17.5505687 ], [ 44.1531032, -17.5505823 ], [ 44.1531025, -17.5505826 ], [ 44.1530752, -17.5505962 ], [ 44.1530488, -17.5506115 ], [ 44.153033, -17.5506218 ], [ 44.1529865, -17.5506535 ], [ 44.152977, -17.5506601 ], [ 44.152953, -17.5506786 ], [ 44.1529303, -17.5506985 ], [ 44.1529089, -17.5507198 ], [ 44.1528891, -17.5507425 ], [ 44.1528708, -17.5507663 ], [ 44.1528543, -17.5507912 ], [ 44.1528394, -17.550817 ], [ 44.1528263, -17.5508438 ], [ 44.1528208, -17.5508569 ], [ 44.1528112, -17.5508645 ], [ 44.152788500000014, -17.5508844 ], [ 44.152779, -17.5508935 ], [ 44.15276140000001, -17.5509016 ], [ 44.1527613, -17.5509016 ], [ 44.152734, -17.5509152 ], [ 44.1527076, -17.5509305 ], [ 44.1526901, -17.550942 ], [ 44.1525949, -17.5510075 ], [ 44.1525871, -17.5510129 ], [ 44.1525761, -17.5510211 ], [ 44.1524985, -17.5510802 ], [ 44.1524855, -17.5510906 ], [ 44.1524628, -17.5511105 ], [ 44.1524415, -17.5511318 ], [ 44.1524273, -17.5511476 ], [ 44.1523651, -17.5512206 ], [ 44.1523356, -17.5512486 ], [ 44.1523174, -17.551267 ], [ 44.1522976, -17.5512896 ], [ 44.1522793, -17.5513134 ], [ 44.1522627, -17.5513383 ], [ 44.1522479, -17.5513642 ], [ 44.1522423, -17.5513751 ], [ 44.1521997, -17.551461 ], [ 44.1521455, -17.551531 ], [ 44.1521374, -17.5515417 ], [ 44.1520665, -17.5516389 ], [ 44.152064, -17.5516423 ], [ 44.1520474, -17.5516672 ], [ 44.1520326, -17.5516931 ], [ 44.1520195, -17.5517199 ], [ 44.1520111, -17.5517401 ], [ 44.1519889, -17.5517972 ], [ 44.1519862, -17.5518044 ], [ 44.1519768, -17.5518326 ], [ 44.1519695, -17.5518613 ], [ 44.1519641, -17.5518904 ], [ 44.151960699999989, -17.5519198 ], [ 44.1519595, -17.5519419 ], [ 44.1519573, -17.5520158 ], [ 44.1519571, -17.5520232 ], [ 44.1519577, -17.5520528 ], [ 44.1519604, -17.5520822 ], [ 44.151965, -17.5521114 ], [ 44.1519716, -17.5521403 ], [ 44.1519802, -17.5521687 ], [ 44.1519864, -17.5521857 ], [ 44.1520019, -17.5522259 ], [ 44.1520062, -17.5522366 ], [ 44.1520186, -17.5522636 ], [ 44.1520328, -17.5522899 ], [ 44.1520487, -17.5523152 ], [ 44.1520664, -17.5523394 ], [ 44.1520856, -17.5523625 ], [ 44.1521064, -17.5523843 ], [ 44.1521286, -17.5524047 ], [ 44.1521522, -17.5524238 ], [ 44.1521694, -17.5524361 ], [ 44.1522248, -17.5524742 ], [ 44.1522324, -17.5524793 ], [ 44.1522583, -17.5524952 ], [ 44.1522833, -17.5525084 ], [ 44.1523645, -17.5526766 ], [ 44.1524036, -17.5528052 ], [ 44.1524068, -17.5528152 ], [ 44.1524467, -17.5529357 ], [ 44.1524478, -17.5529388 ], [ 44.1524491, -17.5529425 ], [ 44.1524823, -17.5530376 ], [ 44.1524826, -17.5530384 ], [ 44.1524829, -17.5530447 ], [ 44.1524842, -17.5530619 ], [ 44.1524738, -17.5530836 ], [ 44.1524626, -17.5531111 ], [ 44.1524574, -17.5531262 ], [ 44.152443, -17.5531452 ], [ 44.1524264, -17.5531701 ], [ 44.152416599999988, -17.5531867 ], [ 44.1523774, -17.5532241 ], [ 44.1523592, -17.5532425 ], [ 44.1523394, -17.5532651 ], [ 44.1523211, -17.5532889 ], [ 44.1523045, -17.5533138 ], [ 44.1522919, -17.5533355 ], [ 44.15228840000001, -17.553342 ], [ 44.1522727, -17.5533588 ], [ 44.1522532, -17.5533809 ], [ 44.1521941, -17.5534529 ], [ 44.152164, -17.553487 ], [ 44.1521533, -17.5534996 ], [ 44.152135, -17.5535234 ], [ 44.1521184, -17.5535483 ], [ 44.1521036, -17.5535742 ], [ 44.1520905, -17.5536009 ], [ 44.1520793, -17.5536285 ], [ 44.1520743, -17.5536437 ], [ 44.152058, -17.5536622 ], [ 44.15203970000001, -17.553686 ], [ 44.1520232, -17.5537109 ], [ 44.1520083, -17.5537368 ], [ 44.1519953, -17.5537636 ], [ 44.151984, -17.5537911 ], [ 44.1519747, -17.5538193 ], [ 44.1519674, -17.553848 ], [ 44.1519625, -17.5538738 ], [ 44.1519543, -17.5538825 ], [ 44.151951499999988, -17.5538853 ], [ 44.1519317, -17.5539079 ], [ 44.1519135, -17.5539317 ], [ 44.1518969, -17.5539566 ], [ 44.151882, -17.5539825 ], [ 44.1518751, -17.5539961 ], [ 44.151846299999988, -17.5540553 ], [ 44.1518402, -17.5540684 ], [ 44.151829, -17.554096 ], [ 44.1518197, -17.5541241 ], [ 44.1518123, -17.5541528 ], [ 44.1518069, -17.5541819 ], [ 44.1518035, -17.5542113 ], [ 44.1518026, -17.5542248 ], [ 44.1518025, -17.5542278 ], [ 44.1517935, -17.5542502 ], [ 44.1517842, -17.5542784 ], [ 44.1517821, -17.554286 ], [ 44.1517688, -17.5543345 ], [ 44.1517647, -17.5543507 ], [ 44.1517381, -17.5544647 ], [ 44.151737, -17.5544697 ], [ 44.1517316, -17.5544988 ], [ 44.1517282, -17.5545282 ], [ 44.1517282, -17.5545284 ], [ 44.1517215, -17.5546108 ], [ 44.1517202, -17.5546401 ], [ 44.1517208, -17.5546696 ], [ 44.1517234, -17.5546991 ], [ 44.151723499999989, -17.5546998 ], [ 44.1517238, -17.5547018 ], [ 44.151720499999989, -17.5547312 ], [ 44.1517194, -17.5547436 ], [ 44.151718, -17.5547732 ], [ 44.1517184, -17.5547994 ], [ 44.151722899999982, -17.5548923 ], [ 44.151723, -17.5548957 ], [ 44.1517257, -17.5549251 ], [ 44.1517269, -17.5549342 ], [ 44.151738, -17.5550102 ], [ 44.151741399999985, -17.5550304 ], [ 44.151748, -17.5550592 ], [ 44.1517566, -17.5550876 ], [ 44.1517671, -17.5551154 ], [ 44.1517795, -17.5551424 ], [ 44.1517937, -17.5551687 ], [ 44.1518096, -17.555194 ], [ 44.1518165, -17.5552038 ], [ 44.151857, -17.5552603 ], [ 44.1518694, -17.5552834 ], [ 44.1518727, -17.555291 ], [ 44.151882, -17.5553278 ], [ 44.1518832, -17.5553323 ], [ 44.1518918, -17.5553607 ], [ 44.1519023, -17.5553885 ], [ 44.1519146, -17.5554155 ], [ 44.1519288, -17.5554418 ], [ 44.1519448, -17.555467 ], [ 44.1519624, -17.5554913 ], [ 44.1519817, -17.5555143 ], [ 44.151982, -17.5555147 ], [ 44.1520329, -17.5555717 ], [ 44.1520534, -17.5555932 ], [ 44.1520756, -17.5556136 ], [ 44.1520957, -17.55563 ], [ 44.1521343, -17.5556597 ], [ 44.1521359, -17.5556639 ], [ 44.1521418, -17.5556789 ], [ 44.1521542, -17.555706 ], [ 44.1521684, -17.5557322 ], [ 44.1521843, -17.5557575 ], [ 44.152202, -17.5557817 ], [ 44.1522086, -17.55579 ], [ 44.1522599, -17.5558528 ], [ 44.1522701, -17.5558669 ], [ 44.1522936, -17.5559385 ], [ 44.1522951, -17.5559428 ], [ 44.1523056, -17.5559706 ], [ 44.1523179, -17.5559976 ], [ 44.1523321, -17.5560239 ], [ 44.1523481, -17.5560491 ], [ 44.1523657, -17.5560734 ], [ 44.1523849, -17.5560964 ], [ 44.1524057, -17.5561182 ], [ 44.1524108, -17.5561232 ], [ 44.1524318, -17.5561432 ], [ 44.1524767, -17.5561955 ], [ 44.1524824, -17.5562021 ], [ 44.152503200000012, -17.5562239 ], [ 44.1525254, -17.5562443 ], [ 44.1525405, -17.5562567 ], [ 44.1525497, -17.5562709 ], [ 44.1525673, -17.5562952 ], [ 44.152586599999985, -17.5563182 ], [ 44.1526074, -17.55634 ], [ 44.1526234, -17.5563551 ], [ 44.1526589, -17.5563868 ], [ 44.152665, -17.5563922 ], [ 44.1526886, -17.5564112 ], [ 44.1527031, -17.5564217 ], [ 44.1527236, -17.556436 ], [ 44.1527383, -17.5564511 ], [ 44.152736399999988, -17.5564593 ], [ 44.152731, -17.5564884 ], [ 44.1527276, -17.5565177 ], [ 44.1527273, -17.5565209 ], [ 44.1527257, -17.5565236 ], [ 44.1527108, -17.5565495 ], [ 44.1527059, -17.5565591 ], [ 44.1526823, -17.5566063 ], [ 44.152636, -17.5566647 ], [ 44.1526226, -17.5566825 ], [ 44.1526061, -17.5567074 ], [ 44.1525912, -17.5567333 ], [ 44.152587, -17.5567413 ], [ 44.1525317, -17.5568512 ], [ 44.1525228, -17.5568699 ], [ 44.152514, -17.556891 ], [ 44.1524362, -17.5570927 ], [ 44.1524085, -17.557144 ], [ 44.1524072, -17.5571465 ], [ 44.1523941, -17.5571733 ], [ 44.1523829, -17.5572008 ], [ 44.1523736, -17.557229 ], [ 44.1523662, -17.5572577 ], [ 44.1523608, -17.5572868 ], [ 44.1523606, -17.5572885 ], [ 44.152355299999989, -17.5573245 ], [ 44.1522959, -17.5575445 ], [ 44.152291, -17.5575643 ], [ 44.1522856, -17.5575934 ], [ 44.1522822, -17.5576228 ], [ 44.1522822, -17.5576236 ], [ 44.1522714, -17.5577588 ], [ 44.1522701, -17.5577876 ], [ 44.1522701, -17.5577931 ], [ 44.1522701, -17.5578833 ], [ 44.1522707, -17.5579073 ], [ 44.1522734, -17.5579367 ], [ 44.152278, -17.557966 ], [ 44.1522847, -17.5579948 ], [ 44.1522851, -17.5579964 ], [ 44.1523044, -17.5580682 ], [ 44.1523126, -17.5580949 ], [ 44.1523231, -17.5581227 ], [ 44.1523354, -17.5581498 ], [ 44.1523496, -17.558176 ], [ 44.1523514, -17.558179 ], [ 44.1523771, -17.5582222 ], [ 44.1523958, -17.5582709 ], [ 44.1524005, -17.5582826 ], [ 44.1524128, -17.5583096 ], [ 44.152427, -17.5583359 ], [ 44.1524391, -17.5583553 ], [ 44.1524821, -17.5584209 ], [ 44.152486, -17.5584267 ], [ 44.1525026, -17.5584497 ], [ 44.1525106, -17.5584757 ], [ 44.1525147, -17.5584884 ], [ 44.1525252, -17.5585162 ], [ 44.1525375, -17.5585433 ], [ 44.1525517, -17.5585695 ], [ 44.1525677, -17.5585948 ], [ 44.1525853, -17.558619 ], [ 44.1525917, -17.558627 ], [ 44.1525973, -17.5586418 ], [ 44.1526026, -17.558655 ], [ 44.1526149, -17.5586821 ], [ 44.1526291, -17.5587083 ], [ 44.1526451, -17.5587336 ], [ 44.1526572, -17.5587506 ], [ 44.1526609, -17.5587636 ], [ 44.1526803, -17.5588272 ], [ 44.1526845, -17.5588404 ], [ 44.152695, -17.5588682 ], [ 44.1527074, -17.5588952 ], [ 44.1527216, -17.5589215 ], [ 44.1527375, -17.5589468 ], [ 44.1527412, -17.5589521 ], [ 44.1527415, -17.5589525 ], [ 44.1527461, -17.558964 ], [ 44.1527488, -17.5589707 ], [ 44.1527611, -17.5589977 ], [ 44.1527753, -17.559024 ], [ 44.152791300000011, -17.5590492 ], [ 44.1527996, -17.5590611 ], [ 44.1528342, -17.5591088 ], [ 44.152842, -17.5591249 ], [ 44.1528821, -17.5592094 ], [ 44.1528858, -17.559217 ], [ 44.1529, -17.5592433 ], [ 44.152916, -17.5592685 ], [ 44.1529281, -17.5592856 ], [ 44.1529569, -17.5593241 ], [ 44.1529774, -17.5593596 ], [ 44.1529841, -17.5593763 ], [ 44.1529867, -17.5593863 ], [ 44.1529893, -17.5594148 ], [ 44.152994, -17.559444 ], [ 44.1530006, -17.5594729 ], [ 44.1530092, -17.5595013 ], [ 44.1530197, -17.559529 ], [ 44.153023, -17.5595368 ], [ 44.1530482, -17.5595941 ], [ 44.153056799999987, -17.5596125 ], [ 44.1530933, -17.5596862 ], [ 44.1530938, -17.5596872 ], [ 44.153108, -17.5597134 ], [ 44.1531239, -17.5597387 ], [ 44.1531415, -17.5597629 ], [ 44.1531608, -17.559786 ], [ 44.1531816, -17.5598078 ], [ 44.1531867, -17.5598127 ], [ 44.1532426, -17.559866 ], [ 44.1532597, -17.5598815 ], [ 44.1532833, -17.5599006 ], [ 44.1533081, -17.5599181 ], [ 44.153334, -17.559934 ], [ 44.153361, -17.5599482 ], [ 44.1533889, -17.5599608 ], [ 44.1534176, -17.5599715 ], [ 44.153447, -17.5599804 ], [ 44.153476900000015, -17.5599875 ], [ 44.1534995, -17.5599915 ], [ 44.1535053, -17.5599924 ], [ 44.1535308, -17.5600038 ], [ 44.1535595, -17.5600145 ], [ 44.1535889, -17.5600235 ], [ 44.1536188, -17.5600305 ], [ 44.1536491, -17.5600357 ], [ 44.1536797, -17.5600389 ], [ 44.1536964, -17.5600399 ], [ 44.15377, -17.5600429 ], [ 44.1538095, -17.560049 ], [ 44.1538168, -17.56005 ], [ 44.1538196, -17.5600504 ], [ 44.1538364, -17.5600526 ], [ 44.1538441, -17.5600557 ], [ 44.1538444, -17.5600558 ], [ 44.1539226, -17.5600871 ], [ 44.1539855, -17.5601234 ], [ 44.1539876, -17.5601246 ], [ 44.1540146, -17.5601388 ], [ 44.1540425, -17.5601513 ], [ 44.154071200000011, -17.5601621 ], [ 44.1541005, -17.560171 ], [ 44.1541304, -17.5601781 ], [ 44.1541608, -17.5601832 ], [ 44.1541901, -17.5601864 ], [ 44.1542697, -17.5601925 ], [ 44.1542709, -17.5601926 ], [ 44.1543017, -17.560194 ], [ 44.154302299999983, -17.5601939 ], [ 44.1543029, -17.560194 ], [ 44.1543485, -17.5602982 ], [ 44.1543579, -17.5603184 ], [ 44.1543664, -17.5603346 ], [ 44.1544202, -17.5604322 ], [ 44.1544258, -17.5604421 ], [ 44.1544418, -17.5604674 ], [ 44.1544594, -17.5604917 ], [ 44.1544787, -17.5605147 ], [ 44.154490399999986, -17.5605273 ], [ 44.1546086, -17.5606503 ], [ 44.1546177, -17.5606595 ], [ 44.1546399, -17.56068 ], [ 44.1546635, -17.560699 ], [ 44.154688299999989, -17.5607165 ], [ 44.1547143, -17.5607324 ], [ 44.1547412, -17.5607467 ], [ 44.1547691, -17.5607592 ], [ 44.1547976, -17.5607699 ], [ 44.154804, -17.560772 ], [ 44.1548092, -17.5607864 ], [ 44.1548154, -17.5608029 ], [ 44.1548488, -17.5608854 ], [ 44.1548892, -17.5609925 ], [ 44.1548947, -17.5610063 ], [ 44.1549003, -17.5610192 ], [ 44.1549286, -17.5610813 ], [ 44.1549353, -17.5610955 ], [ 44.1549408, -17.5611061 ], [ 44.1549592, -17.5611407 ], [ 44.1549677, -17.5612069 ], [ 44.1549721, -17.561234 ], [ 44.15497340000001, -17.5612405 ], [ 44.1549748, -17.5612471 ], [ 44.1549741, -17.5612773 ], [ 44.154962, -17.5613907 ], [ 44.154961, -17.5614016 ], [ 44.1549596, -17.5614311 ], [ 44.1549602, -17.5614607 ], [ 44.1549629, -17.5614901 ], [ 44.1549675, -17.5615193 ], [ 44.1549679, -17.5615214 ], [ 44.1549745, -17.5615544 ], [ 44.1549733, -17.5615616 ], [ 44.1549509, -17.5616793 ], [ 44.154948, -17.5616961 ], [ 44.1549446, -17.5617255 ], [ 44.1549432, -17.561755 ], [ 44.1549438, -17.5617846 ], [ 44.1549465, -17.561814 ], [ 44.1549474, -17.5618212 ], [ 44.1549638, -17.5619374 ], [ 44.1549666, -17.5619542 ], [ 44.1549822, -17.5620404 ], [ 44.1549839, -17.5620835 ], [ 44.1549703, -17.5621643 ], [ 44.1549691, -17.5621719 ], [ 44.1549657, -17.5622013 ], [ 44.1549643, -17.5622364 ], [ 44.1549643, -17.5623037 ], [ 44.1549601, -17.5623175 ], [ 44.15495270000001, -17.5623263 ], [ 44.154934399999988, -17.5623501 ], [ 44.1549178, -17.562375 ], [ 44.154903, -17.5624009 ], [ 44.1549021, -17.5624026 ], [ 44.1548763, -17.5624518 ], [ 44.1548642, -17.5624768 ], [ 44.1548573, -17.5624929 ], [ 44.1548544, -17.5624957 ], [ 44.1548413, -17.5625092 ], [ 44.1548215, -17.5625318 ], [ 44.1548032, -17.5625556 ], [ 44.1547867, -17.5625805 ], [ 44.1547771, -17.5625967 ], [ 44.15477, -17.5626032 ], [ 44.154726700000012, -17.5626406 ], [ 44.1547127, -17.5626532 ], [ 44.1546914, -17.5626745 ], [ 44.1546715, -17.5626971 ], [ 44.1546533, -17.5627209 ], [ 44.1546367, -17.5627458 ], [ 44.1546235, -17.5627689 ], [ 44.1546085, -17.5627509 ], [ 44.1545877, -17.5627291 ], [ 44.1545826, -17.5627241 ], [ 44.1545217, -17.562666 ], [ 44.15450460000001, -17.5626505 ], [ 44.154481, -17.5626315 ], [ 44.1544562, -17.562614 ], [ 44.1544302, -17.5625981 ], [ 44.1544032, -17.5625838 ], [ 44.1543753, -17.5625713 ], [ 44.1543579, -17.5625645 ], [ 44.1543231, -17.5625518 ], [ 44.1543138, -17.5625454 ], [ 44.1543062, -17.5625403 ], [ 44.154280299999989, -17.5625244 ], [ 44.1542533, -17.5625101 ], [ 44.1542254, -17.5624976 ], [ 44.1541967, -17.5624869 ], [ 44.1541673, -17.5624779 ], [ 44.1541374, -17.5624709 ], [ 44.1541071, -17.5624657 ], [ 44.1540764, -17.5624624 ], [ 44.154074, -17.5624623 ], [ 44.1540107, -17.5624579 ], [ 44.153956, -17.5624466 ], [ 44.1539546, -17.5624463 ], [ 44.1539243, -17.5624411 ], [ 44.1538937, -17.5624379 ], [ 44.1538629, -17.5624366 ], [ 44.1538321, -17.5624372 ], [ 44.1538014, -17.5624397 ], [ 44.153771, -17.5624441 ], [ 44.1537649, -17.5624453 ], [ 44.1537086, -17.5624561 ], [ 44.1536547, -17.5624606 ], [ 44.1536402, -17.562462 ], [ 44.1536097, -17.5624665 ], [ 44.1535796, -17.5624729 ], [ 44.1535501, -17.5624811 ], [ 44.1535211, -17.5624912 ], [ 44.153500699999988, -17.5624995 ], [ 44.1534445, -17.5625241 ], [ 44.1534367, -17.5625276 ], [ 44.1534138, -17.5625388 ], [ 44.153367, -17.5625634 ], [ 44.153362500000014, -17.5625658 ], [ 44.1533361, -17.5625811 ], [ 44.1533108, -17.562598 ], [ 44.1533049, -17.5626023 ], [ 44.1532627, -17.5626336 ], [ 44.1532446, -17.5626477 ], [ 44.1532219, -17.5626677 ], [ 44.1532005, -17.562689 ], [ 44.1531856, -17.5627057 ], [ 44.1531458, -17.5627526 ], [ 44.1531409, -17.5627585 ], [ 44.1531226, -17.5627823 ], [ 44.1531061, -17.5628072 ], [ 44.1530912, -17.5628331 ], [ 44.1530781, -17.5628599 ], [ 44.1530692, -17.5628815 ], [ 44.1530634, -17.5628964 ], [ 44.1530468, -17.5629197 ], [ 44.1530311, -17.5629435 ], [ 44.153016199999989, -17.5629694 ], [ 44.1530032, -17.5629961 ], [ 44.1529941, -17.5630179 ], [ 44.152979699999989, -17.563037 ], [ 44.1529631, -17.5630619 ], [ 44.1529483, -17.5630878 ], [ 44.1529352, -17.5631145 ], [ 44.152924, -17.563142 ], [ 44.1529147, -17.5631702 ], [ 44.1529074, -17.5631989 ], [ 44.152902, -17.563228 ], [ 44.1529019, -17.5632282 ], [ 44.152898700000016, -17.56325 ], [ 44.1528966, -17.5632578 ], [ 44.1528852, -17.5632849 ], [ 44.1528679, -17.5633154 ], [ 44.1528616, -17.5633268 ], [ 44.1528486, -17.5633535 ], [ 44.1528374, -17.5633811 ], [ 44.1528281, -17.5634092 ], [ 44.1528257, -17.5634175 ], [ 44.1528189, -17.5634424 ], [ 44.1527884, -17.5634624 ], [ 44.152772, -17.5634737 ], [ 44.152748, -17.5634921 ], [ 44.1527252, -17.5635121 ], [ 44.1527208, -17.5635162 ], [ 44.1527098, -17.5635215 ], [ 44.1526372, -17.5635572 ], [ 44.1526217, -17.5635652 ], [ 44.1525954, -17.5635805 ], [ 44.1525701, -17.5635974 ], [ 44.1525461, -17.5636158 ], [ 44.1525233, -17.5636358 ], [ 44.152502, -17.5636571 ], [ 44.1525012, -17.563658 ], [ 44.1524654, -17.5636963 ], [ 44.1524415, -17.5637118 ], [ 44.1524225, -17.5637247 ], [ 44.1523984, -17.5637432 ], [ 44.1523969, -17.5637445 ], [ 44.15239, -17.5637471 ], [ 44.1523891, -17.5637475 ], [ 44.1523609, -17.5637593 ], [ 44.1523335, -17.5637729 ], [ 44.1523314, -17.5637741 ], [ 44.1522494, -17.5638188 ], [ 44.1522252, -17.5638329 ], [ 44.1521999, -17.5638498 ], [ 44.1521759, -17.5638683 ], [ 44.1521531, -17.5638882 ], [ 44.152144, -17.563897 ], [ 44.1520807, -17.5639595 ], [ 44.1520722, -17.5639683 ], [ 44.151997200000011, -17.5640465 ], [ 44.1519936, -17.5640503 ], [ 44.1519737, -17.5640729 ], [ 44.1519555, -17.5640967 ], [ 44.1519504, -17.564104 ], [ 44.1519234, -17.5641433 ], [ 44.1518702, -17.5642063 ], [ 44.151866, -17.5642114 ], [ 44.1518477, -17.5642352 ], [ 44.1518329, -17.5642573 ], [ 44.1517886, -17.5643277 ], [ 44.1517446, -17.5643915 ], [ 44.1517327, -17.5644098 ], [ 44.1517179, -17.5644356 ], [ 44.1517048, -17.5644624 ], [ 44.1516936, -17.5644899 ], [ 44.1516843, -17.5645181 ], [ 44.1516769, -17.5645468 ], [ 44.1516716, -17.5645759 ], [ 44.1516682, -17.5646053 ], [ 44.1516669, -17.56463 ], [ 44.151665099999988, -17.5647055 ], [ 44.151640199999989, -17.5647581 ], [ 44.1516364, -17.5647664 ], [ 44.1516252, -17.564794 ], [ 44.1516159, -17.5648221 ], [ 44.1516102, -17.5648437 ], [ 44.1515998, -17.5648872 ], [ 44.1515597, -17.5649516 ], [ 44.1515589, -17.5649528 ], [ 44.151544, -17.5649787 ], [ 44.151531, -17.5650055 ], [ 44.1515276, -17.5650132 ], [ 44.1514847, -17.5650436 ], [ 44.1514825, -17.5650452 ], [ 44.1514585, -17.5650636 ], [ 44.1514358, -17.5650836 ], [ 44.1514315, -17.5650876 ], [ 44.1514117, -17.5650947 ], [ 44.1513834, -17.5651066 ], [ 44.1513561, -17.5651202 ], [ 44.1513297, -17.5651355 ], [ 44.1513045, -17.5651524 ], [ 44.1512804, -17.5651709 ], [ 44.1512577, -17.5651908 ], [ 44.1512476, -17.5652006 ], [ 44.1511937, -17.5652542 ], [ 44.1511825, -17.5652657 ], [ 44.1511817, -17.5652666 ], [ 44.1511636, -17.565286 ], [ 44.1511501, -17.5652891 ], [ 44.1511205, -17.5652973 ], [ 44.1510916, -17.5653074 ], [ 44.1510634, -17.5653192 ], [ 44.1510533, -17.565324 ], [ 44.1510471, -17.5653246 ], [ 44.151042, -17.5653252 ], [ 44.1510115, -17.5653296 ], [ 44.1509814, -17.565336 ], [ 44.1509518, -17.5653442 ], [ 44.1509319, -17.5653509 ], [ 44.1508453, -17.5653822 ], [ 44.1508362, -17.5653855 ], [ 44.150808, -17.5653974 ], [ 44.1507806, -17.565411 ], [ 44.150754299999988, -17.5654263 ], [ 44.150729, -17.5654432 ], [ 44.150705, -17.5654617 ], [ 44.1506939, -17.565471 ], [ 44.1506739, -17.5654886 ], [ 44.1506637, -17.5654916 ], [ 44.1506347, -17.5655017 ], [ 44.1506065, -17.5655136 ], [ 44.1505791, -17.5655272 ], [ 44.1505628, -17.5655364 ], [ 44.1505136, -17.5655655 ], [ 44.1505036, -17.5655715 ], [ 44.150478299999989, -17.5655884 ], [ 44.1504543, -17.5656069 ], [ 44.1504315, -17.5656268 ], [ 44.1504102, -17.5656482 ], [ 44.1503904, -17.5656708 ], [ 44.1503889, -17.5656726 ], [ 44.150354299999989, -17.5657151 ], [ 44.1503038, -17.5657296 ], [ 44.1502925, -17.5657329 ], [ 44.1502635, -17.565743 ], [ 44.1502353, -17.5657549 ], [ 44.150208, -17.5657685 ], [ 44.1501816, -17.5657838 ], [ 44.1501564, -17.5658007 ], [ 44.1501499, -17.5658055 ], [ 44.1501417, -17.5658074 ], [ 44.1501121, -17.5658156 ], [ 44.1500831, -17.5658257 ], [ 44.1500549, -17.5658375 ], [ 44.1500276, -17.5658511 ], [ 44.1500012, -17.5658664 ], [ 44.149976, -17.5658834 ], [ 44.1499519, -17.5659018 ], [ 44.1499292, -17.5659218 ], [ 44.149912, -17.5659387 ], [ 44.1498864, -17.5659536 ], [ 44.1498612, -17.5659705 ], [ 44.1498541, -17.5659757 ], [ 44.1498002, -17.5660159 ], [ 44.1497832, -17.5660292 ], [ 44.1497605, -17.5660491 ], [ 44.1497391, -17.5660704 ], [ 44.1497193, -17.566093 ], [ 44.1497011, -17.5661168 ], [ 44.149684499999985, -17.5661417 ], [ 44.1496696, -17.5661676 ], [ 44.1496566, -17.5661944 ], [ 44.1496454, -17.5662219 ], [ 44.1496446, -17.5662238 ], [ 44.149642, -17.566227 ], [ 44.1496237, -17.5662508 ], [ 44.149607200000013, -17.5662757 ], [ 44.1495923, -17.5663016 ], [ 44.1495792, -17.5663284 ], [ 44.149568, -17.5663559 ], [ 44.1495587, -17.5663841 ], [ 44.1495585, -17.5663849 ], [ 44.1495452, -17.5664051 ], [ 44.1495304, -17.566431 ], [ 44.1495242, -17.566443 ], [ 44.1495238, -17.5664435 ], [ 44.1495056, -17.5664673 ], [ 44.149489, -17.5664922 ], [ 44.1494741, -17.5665181 ], [ 44.1494611, -17.5665448 ], [ 44.1494499, -17.5665724 ], [ 44.1494406, -17.5666005 ], [ 44.149435, -17.5666216 ], [ 44.1494162, -17.5666998 ], [ 44.1494145, -17.5667074 ], [ 44.1494091, -17.5667365 ], [ 44.1494057, -17.5667659 ], [ 44.1494044, -17.5667884 ], [ 44.1494042, -17.5667967 ], [ 44.149402, -17.5668032 ], [ 44.1493906, -17.5668206 ], [ 44.1493758, -17.5668465 ], [ 44.1493627, -17.5668732 ], [ 44.1493515, -17.5669007 ], [ 44.1493422, -17.5669289 ], [ 44.1493348, -17.5669576 ], [ 44.1493342, -17.5669606 ], [ 44.1493143, -17.5669781 ], [ 44.149293, -17.5669994 ], [ 44.1492732, -17.5670221 ], [ 44.1492593, -17.5670398 ], [ 44.1492456, -17.5670458 ], [ 44.1492183, -17.5670594 ], [ 44.1491919, -17.5670747 ], [ 44.1491666, -17.5670916 ], [ 44.1491426, -17.5671101 ], [ 44.1491199, -17.56713 ], [ 44.1490985, -17.5671513 ], [ 44.1490787, -17.567174 ], [ 44.1490604, -17.5671978 ], [ 44.1490438, -17.5672227 ], [ 44.1490338, -17.5672396 ], [ 44.1490156, -17.5672559 ], [ 44.1489943, -17.5672772 ], [ 44.1489744, -17.5672998 ], [ 44.1489562, -17.5673236 ], [ 44.1489513, -17.5673305 ], [ 44.1489447, -17.5673346 ], [ 44.1489195, -17.5673515 ], [ 44.1488954, -17.56737 ], [ 44.1488727, -17.5673899 ], [ 44.1488513, -17.5674112 ], [ 44.1488419, -17.5674216 ], [ 44.1488411, -17.5674219 ], [ 44.1488157, -17.5674274 ], [ 44.148786099999981, -17.5674357 ], [ 44.1487572, -17.5674457 ], [ 44.148729, -17.5674576 ], [ 44.1487016, -17.5674712 ], [ 44.1486753, -17.5674865 ], [ 44.14865, -17.5675034 ], [ 44.148626, -17.5675219 ], [ 44.1486032, -17.5675418 ], [ 44.1485846, -17.5675602 ], [ 44.1485377, -17.5676094 ], [ 44.148535, -17.5676123 ], [ 44.1485152, -17.5676349 ], [ 44.1485069, -17.5676452 ], [ 44.1484909, -17.567666 ], [ 44.1484497, -17.5676868 ], [ 44.1484392, -17.5676923 ], [ 44.1484129, -17.5677076 ], [ 44.1483876, -17.5677246 ], [ 44.1483635, -17.567743 ], [ 44.1483408, -17.567763 ], [ 44.1483195, -17.5677843 ], [ 44.1482996, -17.5678069 ], [ 44.1482814, -17.5678307 ], [ 44.1482648, -17.5678555 ], [ 44.1482635, -17.5678568 ], [ 44.1482422, -17.5678781 ], [ 44.1482223, -17.5679007 ], [ 44.1482041, -17.5679245 ], [ 44.1481875, -17.5679494 ], [ 44.1481726, -17.5679753 ], [ 44.1481625, -17.5679957 ], [ 44.1481344, -17.568056 ], [ 44.1481315, -17.5680624 ], [ 44.1481202, -17.5680899 ], [ 44.1481109, -17.5681181 ], [ 44.1481036, -17.5681468 ], [ 44.1481026, -17.5681512 ], [ 44.1480899, -17.568212 ], [ 44.1480719, -17.5682725 ], [ 44.1480715, -17.5682739 ], [ 44.1480682, -17.5682859 ], [ 44.1480494, -17.5683573 ], [ 44.1480365, -17.5683895 ], [ 44.1480316, -17.5684021 ], [ 44.148022300000015, -17.5684302 ], [ 44.148015, -17.5684589 ], [ 44.1480096, -17.568488 ], [ 44.1480062, -17.5685174 ], [ 44.1480048, -17.5685469 ], [ 44.1480054, -17.5685764 ], [ 44.148008, -17.5686059 ], [ 44.1480127, -17.5686351 ], [ 44.1480157, -17.5686495 ], [ 44.1480322, -17.568721 ], [ 44.1480357, -17.5687354 ], [ 44.1480443, -17.5687638 ], [ 44.1480548, -17.5687916 ], [ 44.1480672, -17.5688187 ], [ 44.1480714, -17.5688269 ], [ 44.148077, -17.5688375 ], [ 44.1480619, -17.5688751 ], [ 44.1480574, -17.5688868 ], [ 44.1480481, -17.568915 ], [ 44.148043099999988, -17.5689337 ], [ 44.1480173, -17.5690387 ], [ 44.148015, -17.5690486 ], [ 44.1480096, -17.5690777 ], [ 44.1480062, -17.5691071 ], [ 44.1480053, -17.5691627 ], [ 44.147917, -17.5693043 ], [ 44.147916300000013, -17.5693055 ], [ 44.1479015, -17.5693313 ], [ 44.1478921, -17.5693501 ], [ 44.1478462, -17.5694476 ], [ 44.1478126, -17.569509 ], [ 44.1477664, -17.569563 ], [ 44.1477191, -17.5696173 ], [ 44.1476228, -17.5696509 ], [ 44.1476093, -17.5696559 ], [ 44.147581, -17.5696678 ], [ 44.1475537, -17.5696814 ], [ 44.1475273, -17.5696967 ], [ 44.1475021, -17.5697136 ], [ 44.147478, -17.5697321 ], [ 44.1474571, -17.5697503 ], [ 44.147395, -17.5698078 ], [ 44.1473932, -17.5698095 ], [ 44.1473719, -17.5698308 ], [ 44.1473592, -17.5698448 ], [ 44.1473387, -17.5698569 ], [ 44.1473135, -17.5698738 ], [ 44.1472894, -17.5698923 ], [ 44.1472667, -17.5699122 ], [ 44.1472453, -17.5699336 ], [ 44.1472434, -17.5699357 ], [ 44.1472282, -17.5699339 ], [ 44.1472063, -17.5699258 ], [ 44.1471769, -17.5699169 ], [ 44.147147, -17.5699099 ], [ 44.1471167, -17.5699047 ], [ 44.1470861, -17.5699014 ], [ 44.1470553, -17.5699001 ], [ 44.1470245, -17.5699007 ], [ 44.1470047, -17.5699021 ], [ 44.1469806, -17.5698874 ], [ 44.1469536, -17.5698732 ], [ 44.1469257, -17.5698606 ], [ 44.146897, -17.5698499 ], [ 44.1468676, -17.569841 ], [ 44.1468537, -17.5698374 ], [ 44.1467694, -17.5698173 ], [ 44.1467534, -17.5698138 ], [ 44.146723, -17.5698086 ], [ 44.1467087, -17.5698069 ], [ 44.1466363, -17.569799 ], [ 44.1466194, -17.569795 ], [ 44.1466034, -17.5697915 ], [ 44.1465731, -17.5697863 ], [ 44.1465425, -17.569783 ], [ 44.1465117, -17.5697817 ], [ 44.1464809, -17.5697823 ], [ 44.1464502, -17.5697849 ], [ 44.1464404, -17.5697861 ], [ 44.1464343, -17.5697848 ], [ 44.146404, -17.5697796 ], [ 44.1463925, -17.5697782 ], [ 44.1463339, -17.5697715 ], [ 44.1463148, -17.5697696 ], [ 44.1462782, -17.5697683 ], [ 44.1462204, -17.5697683 ], [ 44.1461994, -17.5697646 ], [ 44.1461814, -17.5697617 ], [ 44.1461508, -17.5697585 ], [ 44.14612, -17.5697572 ], [ 44.1460892, -17.5697578 ], [ 44.1460705, -17.5697591 ], [ 44.1459955, -17.5697658 ], [ 44.145983500000014, -17.569767 ], [ 44.1459531, -17.5697714 ], [ 44.145923, -17.5697778 ], [ 44.1458934, -17.569786 ], [ 44.1458695, -17.5697942 ], [ 44.14585, -17.569796 ], [ 44.1458444, -17.5697967 ], [ 44.145834600000015, -17.5697953 ], [ 44.145804, -17.569792 ], [ 44.1458033, -17.5697919 ], [ 44.1457424, -17.5697875 ], [ 44.145712300000014, -17.5697862 ], [ 44.1457065, -17.5697862 ], [ 44.1457058, -17.5697862 ], [ 44.1456697, -17.5697814 ], [ 44.1456423, -17.5697786 ], [ 44.1455872, -17.5697776 ], [ 44.1455791, -17.5697759 ], [ 44.1455487, -17.5697707 ], [ 44.1455181, -17.5697674 ], [ 44.1454874, -17.5697661 ], [ 44.1454566, -17.5697667 ], [ 44.1454259, -17.5697692 ], [ 44.1453985, -17.5697732 ], [ 44.145393399999989, -17.5697718 ], [ 44.1453635, -17.5697647 ], [ 44.14533320000001, -17.5697595 ], [ 44.1453026, -17.5697563 ], [ 44.145271799999989, -17.5697549 ], [ 44.145241, -17.5697555 ], [ 44.1452103, -17.5697581 ], [ 44.1451798, -17.5697625 ], [ 44.1451797, -17.5697626 ], [ 44.1451549, -17.5697616 ], [ 44.1451241, -17.5697622 ], [ 44.1450934, -17.5697648 ], [ 44.145063, -17.5697692 ], [ 44.1450329, -17.5697756 ], [ 44.1450033, -17.5697838 ], [ 44.1449743, -17.5697939 ], [ 44.1449726, -17.5697946 ], [ 44.1449575, -17.5697961 ], [ 44.144947, -17.5697974 ], [ 44.1448814, -17.5698063 ], [ 44.1448615, -17.5698094 ], [ 44.1448314, -17.5698158 ], [ 44.14480180000001, -17.569824 ], [ 44.1447728, -17.5698341 ], [ 44.1447543, -17.5698416 ], [ 44.1447467, -17.569843 ], [ 44.1447166, -17.5698493 ], [ 44.1447077, -17.5698516 ], [ 44.1447071, -17.5698516 ], [ 44.1446764, -17.5698541 ], [ 44.1446459, -17.5698586 ], [ 44.1446158, -17.5698649 ], [ 44.1445862, -17.5698732 ], [ 44.144557299999988, -17.5698832 ], [ 44.1445291, -17.5698951 ], [ 44.1445148, -17.5699019 ], [ 44.1444902, -17.5699089 ], [ 44.1444612, -17.569919 ], [ 44.144433, -17.5699308 ], [ 44.1444323, -17.5699312 ], [ 44.1444257, -17.5699323 ], [ 44.1444089, -17.5699356 ], [ 44.1443749, -17.5699177 ], [ 44.1443696, -17.569915 ], [ 44.144268, -17.5698632 ], [ 44.1442399, -17.5698285 ], [ 44.1442262, -17.5698124 ], [ 44.1442054, -17.5697906 ], [ 44.1441832, -17.5697702 ], [ 44.1441596, -17.5697511 ], [ 44.144134799999989, -17.5697336 ], [ 44.1441175, -17.5697228 ], [ 44.143998, -17.5696513 ], [ 44.143989300000015, -17.5696462 ], [ 44.1439623, -17.569632 ], [ 44.1439344, -17.5696195 ], [ 44.143905700000012, -17.5696087 ], [ 44.1438764, -17.5695998 ], [ 44.1438608, -17.5695958 ], [ 44.1437566, -17.5695714 ], [ 44.1434694, -17.5695026 ], [ 44.1434528, -17.5694989 ], [ 44.1434225, -17.5694937 ], [ 44.1434202, -17.5694934 ], [ 44.1433048, -17.569478 ], [ 44.1431802, -17.5694604 ], [ 44.1431788, -17.5694602 ], [ 44.1431482, -17.569457 ], [ 44.1431174, -17.5694556 ], [ 44.1430866, -17.5694562 ], [ 44.1430559, -17.5694588 ], [ 44.1430255, -17.5694632 ], [ 44.1429954, -17.5694696 ], [ 44.1429771, -17.5694744 ], [ 44.1429068, -17.5694945 ], [ 44.1428955, -17.5694979 ], [ 44.1428785, -17.5695036 ], [ 44.1428724, -17.5695027 ], [ 44.1428418, -17.5694994 ], [ 44.1428198, -17.5694983 ], [ 44.1427448, -17.569496 ], [ 44.142736, -17.5694958 ], [ 44.142705199999988, -17.5694964 ], [ 44.1426745, -17.569499 ], [ 44.1426551, -17.5695018 ], [ 44.1426492, -17.5694925 ], [ 44.1426047, -17.5694255 ], [ 44.1426023, -17.5694219 ], [ 44.1425847, -17.5693977 ], [ 44.1425655, -17.5693746 ], [ 44.1425447, -17.5693528 ], [ 44.1425225, -17.5693323 ], [ 44.1424989, -17.5693133 ], [ 44.1424741, -17.5692958 ], [ 44.1424481, -17.5692799 ], [ 44.1424253, -17.5692677 ], [ 44.1423639, -17.569237 ], [ 44.1423598, -17.569235 ], [ 44.142331899999981, -17.5692225 ], [ 44.1423032, -17.5692117 ], [ 44.1422738, -17.5692028 ], [ 44.1422439, -17.5691957 ], [ 44.1422339, -17.5691938 ], [ 44.1422052, -17.5691886 ], [ 44.1421652, -17.569165 ], [ 44.1421589, -17.5691613 ], [ 44.1421319, -17.5691471 ], [ 44.142104, -17.5691346 ], [ 44.142094, -17.5691306 ], [ 44.1419371, -17.5690701 ], [ 44.1418053, -17.5690135 ], [ 44.1417154, -17.5689748 ], [ 44.1416662, -17.5689438 ], [ 44.1416201, -17.5689041 ], [ 44.1415968, -17.5688853 ], [ 44.141572, -17.5688678 ], [ 44.141546, -17.5688519 ], [ 44.141519, -17.5688376 ], [ 44.14149110000001, -17.5688251 ], [ 44.1414624, -17.5688144 ], [ 44.1414598, -17.5688135 ], [ 44.141411800000014, -17.5687975 ], [ 44.1412202, -17.5686799 ], [ 44.1411212, -17.5686091 ], [ 44.1411198, -17.5686081 ], [ 44.1411291, -17.5685849 ], [ 44.1411384, -17.5685567 ], [ 44.141143, -17.5685397 ], [ 44.14116640000001, -17.5684458 ], [ 44.1411692, -17.5684342 ], [ 44.1411746, -17.5684051 ], [ 44.141178, -17.5683757 ], [ 44.1411792, -17.5683293 ], [ 44.1411776, -17.5682652 ], [ 44.141187, -17.5681607 ], [ 44.1411873, -17.5681568 ], [ 44.1411887, -17.5681273 ], [ 44.1411881, -17.5680978 ], [ 44.1411872, -17.5680848 ], [ 44.1411785, -17.5679835 ], [ 44.1411762, -17.5679338 ], [ 44.1411799, -17.567907 ], [ 44.1411827, -17.5678821 ], [ 44.141184, -17.5678373 ], [ 44.1411816, -17.5677324 ], [ 44.1411811, -17.5677181 ], [ 44.141178400000015, -17.5676887 ], [ 44.1411738, -17.5676594 ], [ 44.1411699, -17.5676414 ], [ 44.1411583, -17.5675928 ], [ 44.1411583, -17.5674762 ], [ 44.1411576, -17.5674523 ], [ 44.141155, -17.5674228 ], [ 44.1411504, -17.5673936 ], [ 44.1411491, -17.5673872 ], [ 44.1411303, -17.5672978 ], [ 44.141125, -17.5672754 ], [ 44.1411164, -17.567247 ], [ 44.1411059, -17.5672193 ], [ 44.1410936, -17.5671922 ], [ 44.1410794, -17.567166 ], [ 44.1410634, -17.5671407 ], [ 44.1410458, -17.5671164 ], [ 44.1410295, -17.5670968 ], [ 44.1409827, -17.5670432 ], [ 44.1409797, -17.5670398 ], [ 44.1409589, -17.5670179 ], [ 44.1409538, -17.567013 ], [ 44.1409023, -17.5669639 ], [ 44.1408851, -17.5669483 ], [ 44.1408616, -17.5669293 ], [ 44.140853799999988, -17.5669236 ], [ 44.1408201, -17.5668992 ], [ 44.140799900000012, -17.5668781 ], [ 44.1407902, -17.5668683 ], [ 44.140768, -17.5668478 ], [ 44.1407444, -17.5668288 ], [ 44.1407296, -17.5668181 ], [ 44.1406904, -17.5667908 ], [ 44.1406805, -17.5667788 ], [ 44.1406696, -17.5667662 ], [ 44.1406489, -17.5667444 ], [ 44.1406266, -17.5667239 ], [ 44.1406031, -17.5667049 ], [ 44.1405783, -17.5666874 ], [ 44.1405719, -17.5666833 ], [ 44.1405157, -17.5666475 ], [ 44.1405041, -17.5666404 ], [ 44.1404666, -17.566618 ], [ 44.1404586, -17.5666134 ], [ 44.1404316, -17.5665991 ], [ 44.1404037, -17.5665866 ], [ 44.140375, -17.5665758 ], [ 44.1403491, -17.5665679 ], [ 44.1403391, -17.566562 ], [ 44.1403121, -17.5665477 ], [ 44.1402842, -17.5665352 ], [ 44.140255499999988, -17.5665245 ], [ 44.140226100000014, -17.5665155 ], [ 44.1401962, -17.5665085 ], [ 44.1401659, -17.5665033 ], [ 44.1401353, -17.5665 ], [ 44.1401045, -17.5664987 ], [ 44.1401013, -17.5664988 ], [ 44.1400987, -17.5664987 ], [ 44.1400734, -17.5664987 ], [ 44.1400571, -17.5664965 ], [ 44.1400275, -17.5664933 ], [ 44.1399967, -17.566492 ], [ 44.1399712, -17.5664925 ], [ 44.1399721, -17.5664732 ], [ 44.1399714, -17.5664436 ], [ 44.1399688, -17.5664142 ], [ 44.139964200000016, -17.566385 ], [ 44.1399575, -17.5663561 ], [ 44.139949, -17.5663277 ], [ 44.1399489, -17.5663275 ], [ 44.1399484, -17.5663262 ], [ 44.139948, -17.5663163 ], [ 44.1399454, -17.5662868 ], [ 44.1399412, -17.56626 ], [ 44.139924799999982, -17.5661729 ], [ 44.1399243, -17.5661705 ], [ 44.1399177, -17.5661417 ], [ 44.1399091, -17.5661133 ], [ 44.1399078, -17.5661096 ], [ 44.1398917, -17.5660634 ], [ 44.1398781, -17.5660067 ], [ 44.1398755, -17.5659965 ], [ 44.1398669, -17.5659681 ], [ 44.1398669, -17.5659679 ], [ 44.1398388, -17.5658852 ], [ 44.1398283, -17.5658576 ], [ 44.1398165, -17.5658316 ], [ 44.1398139, -17.5658214 ], [ 44.1398053, -17.565793 ], [ 44.1397995, -17.5657769 ], [ 44.139744, -17.5656322 ], [ 44.1397393, -17.5656206 ], [ 44.1397269, -17.5655935 ], [ 44.1397128, -17.5655673 ], [ 44.1396968, -17.565542 ], [ 44.139679199999989, -17.5655178 ], [ 44.1396599, -17.5654947 ], [ 44.1396392, -17.5654729 ], [ 44.1396169, -17.5654524 ], [ 44.1395934, -17.5654334 ], [ 44.1395685, -17.5654159 ], [ 44.1395473, -17.5654027 ], [ 44.1395471, -17.5654018 ], [ 44.1395405, -17.5653729 ], [ 44.1395319, -17.5653445 ], [ 44.1395214, -17.5653168 ], [ 44.139509, -17.5652897 ], [ 44.1395088, -17.5652893 ], [ 44.1394854, -17.5652424 ], [ 44.1394714, -17.5652166 ], [ 44.139466, -17.5652075 ], [ 44.1394426, -17.5651695 ], [ 44.1394321, -17.5651533 ], [ 44.1394144, -17.5651291 ], [ 44.1393952, -17.565106 ], [ 44.1393744, -17.5650842 ], [ 44.1393522, -17.5650637 ], [ 44.1393286, -17.5650447 ], [ 44.1393038, -17.5650272 ], [ 44.1392818, -17.5650136 ], [ 44.1392612, -17.5650015 ], [ 44.1392507, -17.5649939 ], [ 44.1392312, -17.5649803 ], [ 44.1392277, -17.564978 ], [ 44.139155099999989, -17.5649311 ], [ 44.139132600000011, -17.5649175 ], [ 44.1391056, -17.5649032 ], [ 44.1390777, -17.5648907 ], [ 44.139049, -17.5648799 ], [ 44.139019599999983, -17.564871 ], [ 44.1389897, -17.5648639 ], [ 44.1389594, -17.5648588 ], [ 44.1389288, -17.5648555 ], [ 44.138898, -17.5648542 ], [ 44.1388948, -17.5648542 ], [ 44.1388922, -17.5648541 ], [ 44.1388149, -17.5648541 ], [ 44.1387899, -17.5648548 ], [ 44.1387592, -17.5648573 ], [ 44.1387287, -17.5648618 ], [ 44.1387013, -17.5648675 ], [ 44.138617, -17.5648876 ], [ 44.1386143, -17.5648882 ], [ 44.1385847, -17.5648964 ], [ 44.1385557, -17.5649065 ], [ 44.1385275, -17.5649184 ], [ 44.1385002, -17.564932 ], [ 44.1384738, -17.5649473 ], [ 44.1384486, -17.5649642 ], [ 44.1384245, -17.5649826 ], [ 44.1384018, -17.5650026 ], [ 44.1383804, -17.5650239 ], [ 44.1383751, -17.5650297 ], [ 44.1383666, -17.5650357 ], [ 44.1383425, -17.5650541 ], [ 44.1383198, -17.5650741 ], [ 44.1382984, -17.5650954 ], [ 44.1382786, -17.565118 ], [ 44.1382603, -17.5651418 ], [ 44.1382438, -17.5651667 ], [ 44.1382377, -17.5651767 ], [ 44.1382126, -17.565179 ], [ 44.1381821, -17.5651834 ], [ 44.1381611, -17.5651877 ], [ 44.1381213, -17.5651966 ], [ 44.1381122, -17.5651987 ], [ 44.1380826, -17.5652069 ], [ 44.138053700000015, -17.565217 ], [ 44.1380255, -17.5652289 ], [ 44.1379981, -17.5652425 ], [ 44.1379718, -17.5652578 ], [ 44.1379465, -17.5652747 ], [ 44.1379307, -17.5652865 ], [ 44.137865099999985, -17.5653379 ], [ 44.1378568, -17.5653445 ], [ 44.1378341, -17.5653644 ], [ 44.1378253, -17.5653732 ], [ 44.1378073, -17.5653713 ], [ 44.1377765, -17.5653699 ], [ 44.1377457, -17.5653705 ], [ 44.137715, -17.5653731 ], [ 44.1376846, -17.5653775 ], [ 44.1376545, -17.5653839 ], [ 44.1376249, -17.5653921 ], [ 44.1375959, -17.5654022 ], [ 44.1375677, -17.565414 ], [ 44.1375404, -17.5654277 ], [ 44.137514, -17.5654429 ], [ 44.1374888, -17.5654599 ], [ 44.1374647, -17.5654783 ], [ 44.137442, -17.5654983 ], [ 44.1374206, -17.5655196 ], [ 44.1374008, -17.5655422 ], [ 44.1373826, -17.565566 ], [ 44.1373683, -17.5655871 ], [ 44.1373564, -17.5655898 ], [ 44.1372891, -17.5656058 ], [ 44.1372864, -17.5656065 ], [ 44.1372808, -17.5656079 ], [ 44.1372589, -17.565607 ], [ 44.1372444, -17.5656066 ], [ 44.1372136, -17.5656072 ], [ 44.1371829, -17.5656097 ], [ 44.1371524, -17.5656142 ], [ 44.1371223, -17.5656205 ], [ 44.1370927, -17.5656287 ], [ 44.1370638, -17.5656388 ], [ 44.1370611, -17.5656398 ], [ 44.1370308, -17.5656517 ], [ 44.1370248, -17.5656504 ], [ 44.1369945, -17.5656452 ], [ 44.1369639, -17.565642 ], [ 44.136933100000014, -17.5656406 ], [ 44.1369023, -17.5656412 ], [ 44.1368716, -17.5656438 ], [ 44.1368412, -17.5656482 ], [ 44.1368111, -17.5656546 ], [ 44.1367815, -17.5656628 ], [ 44.1367525, -17.5656729 ], [ 44.1367243, -17.5656847 ], [ 44.136703, -17.5656952 ], [ 44.1366567, -17.5657193 ], [ 44.1366507, -17.5657224 ], [ 44.1366244, -17.5657377 ], [ 44.1365991, -17.5657546 ], [ 44.136575, -17.5657731 ], [ 44.1365523, -17.565793 ], [ 44.136531, -17.5658143 ], [ 44.1365111, -17.5658369 ], [ 44.1365057, -17.5658437 ], [ 44.1364918, -17.565852 ], [ 44.1364666, -17.5658689 ], [ 44.1364425, -17.5658874 ], [ 44.1364198, -17.5659073 ], [ 44.1364104, -17.5659163 ], [ 44.136355699999989, -17.5659705 ], [ 44.1363438, -17.5659828 ], [ 44.1363239, -17.5660054 ], [ 44.1363237, -17.5660056 ], [ 44.1363044, -17.5660292 ], [ 44.1362671, -17.5660503 ], [ 44.1362499, -17.5660606 ], [ 44.1362247, -17.5660775 ], [ 44.1362137, -17.5660856 ], [ 44.1361894, -17.5661041 ], [ 44.1361601, -17.5661223 ], [ 44.1361595, -17.5661227 ], [ 44.1361342, -17.5661396 ], [ 44.1361102, -17.5661581 ], [ 44.1360874, -17.566178 ], [ 44.1360732, -17.5661922 ], [ 44.1360591, -17.5661869 ], [ 44.1360297, -17.566178 ], [ 44.1359998, -17.5661709 ], [ 44.1359987, -17.5661707 ], [ 44.1359587, -17.5661627 ], [ 44.1359295, -17.5661577 ], [ 44.1358989, -17.5661545 ], [ 44.1358681, -17.5661531 ], [ 44.1358373, -17.5661538 ], [ 44.1358067, -17.5661563 ], [ 44.1357762, -17.5661607 ], [ 44.1357461, -17.5661671 ], [ 44.1357165, -17.5661753 ], [ 44.135687600000011, -17.5661854 ], [ 44.1356594, -17.5661972 ], [ 44.135632, -17.5662108 ], [ 44.1356056, -17.5662261 ], [ 44.1355804, -17.5662431 ], [ 44.1355699, -17.5662508 ], [ 44.13555, -17.5662594 ], [ 44.1355226, -17.566273 ], [ 44.1354963, -17.5662883 ], [ 44.135471, -17.5663052 ], [ 44.135447, -17.5663237 ], [ 44.1354242, -17.5663436 ], [ 44.1354029, -17.5663649 ], [ 44.135383, -17.5663875 ], [ 44.1353648, -17.5664113 ], [ 44.1353482, -17.5664362 ], [ 44.1353333, -17.5664621 ], [ 44.1353295, -17.5664695 ], [ 44.1353001, -17.5665277 ], [ 44.1352908, -17.566547 ], [ 44.1352796, -17.5665746 ], [ 44.1352744, -17.5665895 ], [ 44.135253400000011, -17.5666537 ], [ 44.1352493, -17.5666669 ], [ 44.1352419, -17.5666956 ], [ 44.1352365, -17.5667247 ], [ 44.1352331, -17.5667541 ], [ 44.1352319, -17.5667769 ], [ 44.1352298, -17.5668511 ], [ 44.1352296, -17.5668578 ], [ 44.1352303, -17.5668873 ], [ 44.1352329, -17.5669168 ], [ 44.1352375, -17.566946 ], [ 44.1352442, -17.5669748 ], [ 44.1352527, -17.5670032 ], [ 44.1352632, -17.567031 ], [ 44.1352709, -17.5670483 ], [ 44.1352595, -17.5670662 ], [ 44.1352497, -17.5670777 ], [ 44.1352314, -17.5671015 ], [ 44.1352247, -17.5671111 ], [ 44.1351827, -17.5671733 ], [ 44.1351792, -17.5671784 ], [ 44.135167599999981, -17.567192 ], [ 44.1351494, -17.5672158 ], [ 44.1351328, -17.5672407 ], [ 44.1351179, -17.5672666 ], [ 44.1351049, -17.5672934 ], [ 44.1350937, -17.5673209 ], [ 44.1350844, -17.5673491 ], [ 44.135077, -17.5673777 ], [ 44.135071599999989, -17.5674068 ], [ 44.1350682, -17.5674362 ], [ 44.1350668, -17.5674657 ], [ 44.1350674, -17.5674953 ], [ 44.1350701, -17.5675247 ], [ 44.1350719, -17.5675374 ], [ 44.1350824, -17.5676056 ], [ 44.1350852, -17.5676221 ], [ 44.1350919, -17.567651 ], [ 44.1350971, -17.567669 ], [ 44.1350752, -17.5677093 ], [ 44.1350596, -17.5677371 ], [ 44.1350548, -17.5677459 ], [ 44.1350418, -17.5677726 ], [ 44.1350306, -17.5678002 ], [ 44.1350212, -17.5678283 ], [ 44.1350139, -17.567857 ], [ 44.1350085, -17.5678861 ], [ 44.1350051, -17.5679155 ], [ 44.135004, -17.5679338 ], [ 44.1350025, -17.5679722 ], [ 44.1349969, -17.5679866 ], [ 44.1349964, -17.5679879 ], [ 44.1349796, -17.568034 ], [ 44.1349708, -17.5680609 ], [ 44.1349634, -17.5680896 ], [ 44.134958, -17.5681187 ], [ 44.1349546, -17.5681481 ], [ 44.1349532, -17.5681776 ], [ 44.1349538, -17.5682072 ], [ 44.1349539, -17.5682075 ], [ 44.1349466, -17.568236 ], [ 44.1349412, -17.5682651 ], [ 44.1349387, -17.5682843 ], [ 44.1349366, -17.568289 ], [ 44.1349294, -17.568306 ], [ 44.1349063, -17.5683641 ], [ 44.1349022, -17.5683747 ], [ 44.1348929, -17.5684029 ], [ 44.1348856, -17.5684316 ], [ 44.1348802, -17.5684607 ], [ 44.1348768, -17.56849 ], [ 44.1348754, -17.5685196 ], [ 44.134876, -17.5685491 ], [ 44.1348771, -17.5685647 ], [ 44.1348759, -17.5685664 ], [ 44.1348593, -17.5685913 ], [ 44.1348444, -17.5686172 ], [ 44.1348314, -17.568644 ], [ 44.1348202, -17.5686715 ], [ 44.1348109, -17.5686997 ], [ 44.1348035, -17.5687284 ], [ 44.1347981, -17.5687574 ], [ 44.1347947, -17.5687868 ], [ 44.1347933, -17.5688254 ], [ 44.1347892, -17.5688362 ], [ 44.1347886, -17.5688379 ], [ 44.1347793, -17.5688661 ], [ 44.1347719, -17.5688948 ], [ 44.1347671, -17.5689205 ], [ 44.1347355, -17.5691196 ], [ 44.134735, -17.569123 ], [ 44.1347316, -17.5691523 ], [ 44.1347303, -17.5691963 ], [ 44.1347303, -17.5691998 ], [ 44.1347168, -17.5692296 ], [ 44.1347167, -17.5692299 ], [ 44.134706, -17.5692392 ], [ 44.1346847, -17.5692605 ], [ 44.1346648, -17.5692831 ], [ 44.1346466, -17.5693069 ], [ 44.13463, -17.5693318 ], [ 44.1346151, -17.5693577 ], [ 44.1346021, -17.5693845 ], [ 44.1345909, -17.569412 ], [ 44.1345816, -17.5694402 ], [ 44.1345742, -17.5694689 ], [ 44.1345688, -17.569498 ], [ 44.1345654, -17.5695273 ], [ 44.134564, -17.5695569 ], [ 44.1345647, -17.5695864 ], [ 44.1345664, -17.5696076 ], [ 44.1345709, -17.5696511 ], [ 44.1345646, -17.5696625 ], [ 44.1345516, -17.5696893 ], [ 44.1345404, -17.5697168 ], [ 44.1345311, -17.569745 ], [ 44.1345237, -17.5697737 ], [ 44.1345183, -17.5698028 ], [ 44.1345149, -17.5698321 ], [ 44.1345139, -17.569853 ], [ 44.13451, -17.5698599 ], [ 44.134496899999981, -17.5698867 ], [ 44.1344857, -17.5699142 ], [ 44.1344764, -17.5699424 ], [ 44.134469, -17.5699711 ], [ 44.1344643, -17.5699956 ], [ 44.1344565, -17.5700443 ], [ 44.1344543, -17.5700488 ], [ 44.1344482, -17.5700561 ], [ 44.1344299, -17.5700799 ], [ 44.1344133, -17.5701048 ], [ 44.1344016, -17.5701248 ], [ 44.1343785, -17.5701669 ], [ 44.134375299999988, -17.5701728 ], [ 44.1343623, -17.5701995 ], [ 44.1343511, -17.5702271 ], [ 44.1343417, -17.5702552 ], [ 44.1343344, -17.5702839 ], [ 44.134329, -17.570313 ], [ 44.1343256, -17.5703424 ], [ 44.1343242, -17.5703719 ], [ 44.1343248, -17.5704014 ], [ 44.1343275, -17.5704309 ], [ 44.1343321, -17.5704601 ], [ 44.1343387, -17.5704889 ], [ 44.1343437, -17.5705062 ], [ 44.1343384, -17.5705198 ], [ 44.134329099999988, -17.570548 ], [ 44.134321700000015, -17.5705767 ], [ 44.1343164, -17.5706058 ], [ 44.134313, -17.5706352 ], [ 44.1343116, -17.5706647 ], [ 44.1343122, -17.5706942 ], [ 44.1343148, -17.5707237 ], [ 44.1343195, -17.5707529 ], [ 44.134326099999981, -17.5707817 ], [ 44.1343347, -17.5708101 ], [ 44.1343452, -17.5708379 ], [ 44.1343575, -17.5708649 ], [ 44.1343717, -17.5708912 ], [ 44.134386, -17.5709141 ], [ 44.134391299999983, -17.5709361 ], [ 44.1343999, -17.5709645 ], [ 44.1344104, -17.5709923 ], [ 44.1344227, -17.5710194 ], [ 44.1344369, -17.5710456 ], [ 44.1344529, -17.5710709 ], [ 44.1344705, -17.5710951 ], [ 44.1344897, -17.5711182 ], [ 44.1345105, -17.57114 ], [ 44.1345259, -17.5711544 ], [ 44.1345606, -17.5711856 ], [ 44.1345643, -17.5711912 ], [ 44.134582, -17.5712154 ], [ 44.1346012, -17.5712385 ], [ 44.1346091, -17.5712471 ], [ 44.1346235, -17.5712624 ], [ 44.134624, -17.5712672 ], [ 44.1346255, -17.571278 ], [ 44.1346318, -17.5713201 ], [ 44.134635, -17.5713385 ], [ 44.134641599999981, -17.5713674 ], [ 44.1346502, -17.5713957 ], [ 44.1346607, -17.5714235 ], [ 44.134673, -17.5714506 ], [ 44.134675, -17.5714544 ], [ 44.1347128, -17.5715286 ], [ 44.1347251, -17.571551 ], [ 44.134741, -17.5715763 ], [ 44.1347586, -17.5716005 ], [ 44.1347663, -17.5716101 ], [ 44.1348126, -17.5716663 ], [ 44.1348242, -17.5716798 ], [ 44.1348449, -17.5717016 ], [ 44.1348672, -17.571722 ], [ 44.1348907, -17.5717411 ], [ 44.1349156, -17.5717586 ], [ 44.1349415, -17.5717745 ], [ 44.1349685, -17.5717887 ], [ 44.1349964, -17.5718013 ], [ 44.1350251, -17.571812 ], [ 44.1350321, -17.5718142 ], [ 44.1350302, -17.5718199 ], [ 44.1350226, -17.5718446 ], [ 44.1350212, -17.5718492 ], [ 44.135021, -17.5718504 ], [ 44.1350148, -17.5718514 ], [ 44.1349848, -17.5718577 ], [ 44.1349552, -17.571866 ], [ 44.1349262, -17.571876 ], [ 44.1349149, -17.5718805 ], [ 44.134913, -17.5718811 ], [ 44.134884, -17.5718912 ], [ 44.1348558, -17.571903 ], [ 44.1348285, -17.5719166 ], [ 44.1348021, -17.5719319 ], [ 44.1347768, -17.5719489 ], [ 44.1347528, -17.5719673 ], [ 44.13473, -17.5719872 ], [ 44.1347285, -17.5719887 ], [ 44.134712, -17.5720042 ], [ 44.1347096, -17.5720065 ], [ 44.1346849, -17.572017 ], [ 44.1346575, -17.5720307 ], [ 44.1346312, -17.5720459 ], [ 44.1346059, -17.5720629 ], [ 44.1345819, -17.5720813 ], [ 44.1345591, -17.5721012 ], [ 44.1345378, -17.5721226 ], [ 44.1345242, -17.5721378 ], [ 44.1345022, -17.5721571 ], [ 44.1344808, -17.5721784 ], [ 44.134461, -17.572201 ], [ 44.1344428, -17.5722248 ], [ 44.1344341, -17.5722374 ], [ 44.1344238, -17.5722456 ], [ 44.134401, -17.5722655 ], [ 44.1343797, -17.5722868 ], [ 44.1343598, -17.5723094 ], [ 44.1343416, -17.5723332 ], [ 44.134325, -17.5723581 ], [ 44.1343101, -17.572384 ], [ 44.1342971, -17.5724108 ], [ 44.1342954, -17.5724146 ], [ 44.1342876, -17.5724326 ], [ 44.134278, -17.5724563 ], [ 44.1342687, -17.5724845 ], [ 44.1342614, -17.5725131 ], [ 44.134256, -17.5725422 ], [ 44.1342526, -17.5725716 ], [ 44.1342512, -17.5726011 ], [ 44.1342518, -17.5726307 ], [ 44.1342522, -17.5726365 ], [ 44.1342539, -17.5726616 ], [ 44.1342562, -17.5726852 ], [ 44.1342608, -17.5727144 ], [ 44.1342674, -17.5727433 ], [ 44.134276, -17.5727717 ], [ 44.1342865, -17.5727994 ], [ 44.1342989, -17.5728265 ], [ 44.1343131, -17.5728527 ], [ 44.134327700000014, -17.5728761 ], [ 44.134334300000013, -17.5728858 ], [ 44.1343285, -17.5729039 ], [ 44.1343212, -17.5729325 ], [ 44.1343158, -17.5729616 ], [ 44.134314200000013, -17.5729734 ], [ 44.1342955, -17.5729859 ], [ 44.1342774, -17.5729988 ], [ 44.1342771, -17.5729991 ], [ 44.134257, -17.5730144 ], [ 44.1342383, -17.5730293 ], [ 44.1342344, -17.5730325 ], [ 44.1342266, -17.573039 ], [ 44.1342204, -17.5730397 ], [ 44.1341899, -17.5730441 ], [ 44.1341599, -17.5730505 ], [ 44.1341303, -17.5730587 ], [ 44.1341013, -17.5730688 ], [ 44.134073099999988, -17.5730807 ], [ 44.1340457, -17.5730943 ], [ 44.1340194, -17.5731096 ], [ 44.1340119, -17.5731143 ], [ 44.1339864, -17.573127 ], [ 44.1339601, -17.5731423 ], [ 44.1339348, -17.5731593 ], [ 44.1339108, -17.5731777 ], [ 44.133888, -17.5731976 ], [ 44.1338667, -17.573219 ], [ 44.1338469, -17.5732416 ], [ 44.1338286, -17.5732654 ], [ 44.133812, -17.5732903 ], [ 44.1337972, -17.5733162 ], [ 44.1337842, -17.5733427 ], [ 44.1337641, -17.5733628 ], [ 44.1337443, -17.5733854 ], [ 44.133726, -17.5734092 ], [ 44.1337094, -17.5734341 ], [ 44.1336946, -17.57346 ], [ 44.1336815, -17.5734868 ], [ 44.1336703, -17.5735143 ], [ 44.133661, -17.5735425 ], [ 44.1336536, -17.5735712 ], [ 44.1336482, -17.5736003 ], [ 44.1336464, -17.5736139 ], [ 44.1336461, -17.5736145 ], [ 44.1336361, -17.5736319 ], [ 44.1336286, -17.5736454 ], [ 44.1336207, -17.5736616 ], [ 44.1336132, -17.5736647 ], [ 44.1335858, -17.5736783 ], [ 44.1335595, -17.5736936 ], [ 44.1335342, -17.5737105 ], [ 44.1335101, -17.573729 ], [ 44.1334874, -17.5737489 ], [ 44.133485, -17.5737512 ], [ 44.133466, -17.573766 ], [ 44.1334433, -17.5737859 ], [ 44.1334219, -17.5738072 ], [ 44.1334025, -17.5738293 ], [ 44.1334022, -17.5738295 ], [ 44.1333981, -17.5738321 ], [ 44.1333728, -17.573849 ], [ 44.1333487, -17.5738674 ], [ 44.133326, -17.5738874 ], [ 44.1333213, -17.5738921 ], [ 44.1333039, -17.5739022 ], [ 44.1332786, -17.5739191 ], [ 44.1332546, -17.5739375 ], [ 44.1332318, -17.5739575 ], [ 44.1332105, -17.5739788 ], [ 44.1331907, -17.5740014 ], [ 44.133190600000013, -17.5740015 ], [ 44.1331756, -17.5740197 ], [ 44.133157499999989, -17.5740434 ], [ 44.1331409, -17.5740683 ], [ 44.1331287, -17.5740892 ], [ 44.1331181, -17.5741086 ], [ 44.1331154, -17.5741136 ], [ 44.1331023, -17.5741404 ], [ 44.1330911, -17.5741679 ], [ 44.1330818, -17.5741961 ], [ 44.1330744, -17.5742248 ], [ 44.13307240000001, -17.5742345 ], [ 44.1330708, -17.57424 ], [ 44.1330634, -17.5742687 ], [ 44.133058, -17.5742978 ], [ 44.1330546, -17.5743272 ], [ 44.1330532, -17.5743567 ], [ 44.1330538, -17.5743862 ], [ 44.1330565, -17.5744157 ], [ 44.1330611, -17.5744449 ], [ 44.1330677, -17.5744738 ], [ 44.1330763, -17.5745021 ], [ 44.1330802, -17.5745132 ], [ 44.1330786, -17.5745215 ], [ 44.1330719, -17.5745386 ], [ 44.1330626, -17.5745667 ], [ 44.1330552, -17.5745954 ], [ 44.1330498, -17.5746245 ], [ 44.1330464, -17.5746539 ], [ 44.1330451, -17.5746834 ], [ 44.133045700000011, -17.5747129 ], [ 44.1330483, -17.5747424 ], [ 44.133053, -17.5747716 ], [ 44.1330596, -17.5748005 ], [ 44.133067, -17.5748253 ], [ 44.1330743, -17.5748475 ], [ 44.1330755, -17.574851 ], [ 44.133086, -17.5748788 ], [ 44.1330983, -17.5749059 ], [ 44.1331125, -17.5749321 ], [ 44.1331285, -17.5749574 ], [ 44.1331416, -17.5749757 ], [ 44.1331512, -17.5749905 ], [ 44.1331569, -17.5749987 ], [ 44.1331681, -17.5750191 ], [ 44.1331841, -17.5750444 ], [ 44.1332017, -17.5750686 ], [ 44.1332209, -17.5750917 ], [ 44.1332286, -17.5751 ], [ 44.1332321, -17.5751038 ], [ 44.1332367, -17.5751105 ], [ 44.1332483, -17.5751278 ], [ 44.1332496, -17.5751297 ], [ 44.1332672, -17.5751539 ], [ 44.1332824, -17.5751723 ], [ 44.1332896, -17.5751833 ], [ 44.1333072, -17.5752075 ], [ 44.1333264, -17.5752306 ], [ 44.1333472, -17.5752524 ], [ 44.1333694, -17.5752729 ], [ 44.1333697, -17.5752731 ], [ 44.1333704, -17.5752793 ], [ 44.133375, -17.5753085 ], [ 44.1333765, -17.5753155 ], [ 44.1333764, -17.5753209 ], [ 44.133377, -17.5753504 ], [ 44.133379599999984, -17.5753798 ], [ 44.1333843, -17.5754091 ], [ 44.1333909, -17.5754379 ], [ 44.1333995, -17.5754663 ], [ 44.13341, -17.5754941 ], [ 44.1334223, -17.5755211 ], [ 44.1334365, -17.5755474 ], [ 44.1334374, -17.5755489 ], [ 44.1334381, -17.5755732 ], [ 44.1334407, -17.5756027 ], [ 44.1334449, -17.5756296 ], [ 44.1334403, -17.5756445 ], [ 44.1334329, -17.5756732 ], [ 44.1334275, -17.5757023 ], [ 44.1334256, -17.5757165 ], [ 44.1334174, -17.5757372 ], [ 44.1334081, -17.5757654 ], [ 44.1334007, -17.575794 ], [ 44.1333953, -17.5758231 ], [ 44.1333919, -17.5758525 ], [ 44.133390599999984, -17.575882 ], [ 44.1333909, -17.5758975 ], [ 44.1333809, -17.5759089 ], [ 44.1333626, -17.5759327 ], [ 44.133346, -17.5759576 ], [ 44.1333312, -17.5759835 ], [ 44.1333181, -17.5760102 ], [ 44.1333069, -17.5760377 ], [ 44.1332976, -17.5760659 ], [ 44.1332902, -17.5760946 ], [ 44.1332849, -17.5761237 ], [ 44.1332847, -17.5761247 ], [ 44.1332807, -17.5761412 ], [ 44.1332753, -17.5761703 ], [ 44.1332719, -17.5761997 ], [ 44.1332718, -17.5762008 ], [ 44.1332457, -17.5762138 ], [ 44.1332193, -17.5762291 ], [ 44.1332011, -17.5762411 ], [ 44.133182300000016, -17.5762541 ], [ 44.1331678, -17.5762616 ], [ 44.1331414, -17.5762769 ], [ 44.1331252, -17.5762874 ], [ 44.1331038, -17.5763 ], [ 44.1330786, -17.5763169 ], [ 44.133071, -17.5763224 ], [ 44.1330606, -17.576327 ], [ 44.1330386, -17.5763379 ], [ 44.1330247, -17.5763384 ], [ 44.133019, -17.5763387 ], [ 44.1329927, -17.5763403 ], [ 44.1329677, -17.5763426 ], [ 44.1329373, -17.576347 ], [ 44.1329072, -17.5763534 ], [ 44.1328776, -17.5763616 ], [ 44.1328486, -17.5763716 ], [ 44.1328204, -17.5763835 ], [ 44.1327931, -17.5763971 ], [ 44.1327688, -17.5764111 ], [ 44.1327447, -17.5764133 ], [ 44.1327345, -17.5764144 ], [ 44.1327041, -17.5764188 ], [ 44.132674, -17.5764252 ], [ 44.1326444, -17.5764334 ], [ 44.132619, -17.5764421 ], [ 44.1326051, -17.5764453 ], [ 44.1325755, -17.5764535 ], [ 44.1325466, -17.5764636 ], [ 44.1325184, -17.5764755 ], [ 44.1324957, -17.5764866 ], [ 44.1324739, -17.576498 ], [ 44.1324541, -17.5765051 ], [ 44.1324259, -17.576517 ], [ 44.1323985, -17.5765306 ], [ 44.132384, -17.5765387 ], [ 44.1323642, -17.5765485 ], [ 44.1323418, -17.5765602 ], [ 44.1323371, -17.5765627 ], [ 44.1323107, -17.576578 ], [ 44.1322854, -17.576595 ], [ 44.1322614, -17.5766134 ], [ 44.132244, -17.5766284 ], [ 44.1322358, -17.5766321 ], [ 44.1322085, -17.5766457 ], [ 44.1321821, -17.576661 ], [ 44.1321568, -17.5766779 ], [ 44.1321328, -17.5766964 ], [ 44.1321234, -17.5767043 ], [ 44.1320951, -17.5767161 ], [ 44.1320678, -17.5767298 ], [ 44.1320414, -17.576745 ], [ 44.1320162, -17.576762 ], [ 44.131996, -17.5767772 ], [ 44.1319587, -17.5768072 ], [ 44.1319548, -17.5768104 ], [ 44.131932099999986, -17.5768303 ], [ 44.1319107, -17.5768516 ], [ 44.131890899999988, -17.5768742 ], [ 44.1318899, -17.5768755 ], [ 44.131886900000012, -17.5768782 ], [ 44.1318656, -17.5768995 ], [ 44.1318458, -17.5769221 ], [ 44.1318275, -17.5769459 ], [ 44.1318109, -17.5769708 ], [ 44.1317961, -17.5769967 ], [ 44.131783, -17.5770235 ], [ 44.1317793, -17.5770319 ], [ 44.1317709, -17.5770519 ], [ 44.1317633, -17.577071 ], [ 44.131754, -17.5770992 ], [ 44.131748799999983, -17.5771195 ], [ 44.1317352, -17.5771299 ], [ 44.1317125, -17.5771498 ], [ 44.1317084, -17.5771537 ], [ 44.1316885, -17.5771728 ], [ 44.1316712, -17.5771902 ], [ 44.1316514, -17.5772128 ], [ 44.1316332, -17.5772366 ], [ 44.131622, -17.577253 ], [ 44.1316121, -17.5772646 ], [ 44.1315939, -17.5772884 ], [ 44.1315773, -17.5773133 ], [ 44.1315624, -17.5773392 ], [ 44.1315494, -17.577366 ], [ 44.1315382, -17.5773935 ], [ 44.1315289, -17.5774216 ], [ 44.1315215, -17.5774503 ], [ 44.1315206, -17.5774544 ], [ 44.1315142, -17.5774661 ], [ 44.1315011, -17.5774928 ], [ 44.1314941, -17.5775095 ], [ 44.1314787, -17.5775129 ], [ 44.1314544, -17.5775196 ], [ 44.1314311, -17.5775265 ], [ 44.1314259, -17.5775282 ], [ 44.1313969, -17.5775382 ], [ 44.131368699999982, -17.5775501 ], [ 44.1313413, -17.5775637 ], [ 44.131315, -17.577579 ], [ 44.1312897, -17.5775959 ], [ 44.1312669, -17.5776133 ], [ 44.131266, -17.5776136 ], [ 44.131237, -17.5776237 ], [ 44.1312088, -17.5776355 ], [ 44.131181500000011, -17.5776491 ], [ 44.1311584, -17.5776624 ], [ 44.1311506, -17.5776637 ], [ 44.131101, -17.5776723 ], [ 44.131099, -17.5776727 ], [ 44.1310689, -17.577679 ], [ 44.1310393, -17.5776872 ], [ 44.1310103, -17.5776973 ], [ 44.1309821, -17.5777092 ], [ 44.1309548, -17.5777228 ], [ 44.130928399999988, -17.5777381 ], [ 44.1309031, -17.577755 ], [ 44.1308791, -17.5777734 ], [ 44.130856299999984, -17.5777934 ], [ 44.130835, -17.5778147 ], [ 44.1308243, -17.5778269 ], [ 44.130799100000011, -17.5778357 ], [ 44.1307709, -17.5778475 ], [ 44.1307435, -17.5778611 ], [ 44.1307172, -17.5778764 ], [ 44.130691899999988, -17.5778933 ], [ 44.1306678, -17.5779118 ], [ 44.1306604, -17.5779181 ], [ 44.1306499, -17.5779218 ], [ 44.1306447, -17.5779226 ], [ 44.1306146, -17.577929 ], [ 44.1305851, -17.5779372 ], [ 44.1305561, -17.5779473 ], [ 44.1305279, -17.5779591 ], [ 44.1305005, -17.5779728 ], [ 44.1304742, -17.577988 ], [ 44.1304489, -17.578005 ], [ 44.1304249, -17.5780234 ], [ 44.1304119, -17.5780344 ], [ 44.1303927, -17.5780514 ], [ 44.1303828, -17.5780604 ], [ 44.1303615, -17.5780817 ], [ 44.1303525, -17.5780916 ], [ 44.1303416, -17.5780962 ], [ 44.1303199, -17.5781059 ], [ 44.1303146, -17.5781083 ], [ 44.1302873, -17.5781219 ], [ 44.1302609, -17.5781372 ], [ 44.130235600000013, -17.5781541 ], [ 44.130230899999987, -17.5781575 ], [ 44.1302123, -17.5781629 ], [ 44.1301954, -17.5781685 ], [ 44.1301879, -17.5781698 ], [ 44.1301578, -17.5781762 ], [ 44.1301365, -17.5781819 ], [ 44.1301329, -17.5781821 ], [ 44.1301022, -17.5781846 ], [ 44.1300717, -17.5781891 ], [ 44.1300416, -17.5781954 ], [ 44.130012, -17.5782036 ], [ 44.129985, -17.578213 ], [ 44.1299611, -17.578222 ], [ 44.1299592, -17.5782227 ], [ 44.1299479, -17.5782272 ], [ 44.129946, -17.5782278 ], [ 44.129917, -17.5782379 ], [ 44.129888799999989, -17.5782498 ], [ 44.1298614, -17.5782634 ], [ 44.1298588, -17.5782648 ], [ 44.1298314, -17.5782763 ], [ 44.129804, -17.57829 ], [ 44.1297777, -17.5783052 ], [ 44.1297524, -17.5783222 ], [ 44.129728400000012, -17.5783406 ], [ 44.1297056, -17.5783605 ], [ 44.1297043, -17.5783619 ], [ 44.1296872, -17.5783644 ], [ 44.1296571, -17.5783707 ], [ 44.1296328, -17.5783774 ], [ 44.1296095, -17.5783843 ], [ 44.1296043, -17.5783859 ], [ 44.1295881, -17.5783916 ], [ 44.1295787, -17.578388 ], [ 44.1295494, -17.5783791 ], [ 44.1295195, -17.578372 ], [ 44.1294891, -17.5783669 ], [ 44.1294585, -17.5783636 ], [ 44.1294277, -17.5783623 ], [ 44.1293969, -17.5783629 ], [ 44.1293854, -17.5783636 ], [ 44.1293732, -17.5783625 ], [ 44.1293424, -17.5783612 ], [ 44.1293116, -17.5783618 ], [ 44.1292809, -17.5783643 ], [ 44.1292505, -17.5783688 ], [ 44.1292271, -17.5783735 ], [ 44.1291918, -17.5783816 ], [ 44.129185, -17.5783832 ], [ 44.1291554, -17.5783915 ], [ 44.1291265, -17.5784015 ], [ 44.1290983, -17.5784134 ], [ 44.1290709, -17.578427 ], [ 44.1290445, -17.5784423 ], [ 44.12901930000001, -17.5784592 ], [ 44.1289952, -17.5784777 ], [ 44.1289725, -17.5784976 ], [ 44.128951099999988, -17.5785189 ], [ 44.1289313, -17.5785415 ], [ 44.1289131, -17.5785653 ], [ 44.1288992, -17.5785859 ], [ 44.1288843, -17.5785855 ], [ 44.1288535, -17.5785861 ], [ 44.128822799999988, -17.5785886 ], [ 44.1287923, -17.5785931 ], [ 44.1287622, -17.5785994 ], [ 44.1287326, -17.5786076 ], [ 44.1287037, -17.5786177 ], [ 44.1286755, -17.5786296 ], [ 44.1286481, -17.5786432 ], [ 44.1286218, -17.5786585 ], [ 44.1286049, -17.5786695 ], [ 44.1285983, -17.5786703 ], [ 44.1285763, -17.5786731 ], [ 44.1285532, -17.5786767 ], [ 44.1285231, -17.578683 ], [ 44.128502800000014, -17.5786885 ], [ 44.1284775, -17.5786875 ], [ 44.1284467, -17.5786881 ], [ 44.128416, -17.5786906 ], [ 44.1283856, -17.5786951 ], [ 44.1283555, -17.5787014 ], [ 44.1283259, -17.5787097 ], [ 44.1283081, -17.5787156 ], [ 44.1282917, -17.5787183 ], [ 44.1282616, -17.5787246 ], [ 44.128232, -17.5787329 ], [ 44.128203, -17.5787429 ], [ 44.1281748, -17.5787548 ], [ 44.1281475, -17.5787684 ], [ 44.1281211, -17.5787837 ], [ 44.1280958, -17.5788006 ], [ 44.1280718, -17.578819 ], [ 44.1280529, -17.5788354 ], [ 44.1280422, -17.5788366 ], [ 44.1280387, -17.578837 ], [ 44.1280083, -17.5788414 ], [ 44.1279782, -17.5788478 ], [ 44.1279486, -17.578856 ], [ 44.1279196, -17.578866 ], [ 44.127901, -17.5788737 ], [ 44.1278824, -17.5788803 ], [ 44.1278542, -17.5788922 ], [ 44.1278268, -17.5789058 ], [ 44.1278005, -17.5789211 ], [ 44.1277752, -17.578938 ], [ 44.1277512, -17.5789565 ], [ 44.1277284, -17.5789764 ], [ 44.1277269, -17.5789778 ], [ 44.1277104, -17.5789934 ], [ 44.127707799999989, -17.5789959 ], [ 44.1276992, -17.5790041 ], [ 44.1276772, -17.579009 ], [ 44.127654, -17.5790152 ], [ 44.1276469, -17.5790142 ], [ 44.127626199999987, -17.5790118 ], [ 44.1275897, -17.5790083 ], [ 44.1275838, -17.5790062 ], [ 44.1275544, -17.5789973 ], [ 44.1275245, -17.5789903 ], [ 44.1274942, -17.5789851 ], [ 44.1274658, -17.578982 ], [ 44.12742, -17.5789783 ], [ 44.1274178, -17.5789782 ], [ 44.1273954, -17.578977 ], [ 44.1273735, -17.5789637 ], [ 44.1273465, -17.5789495 ], [ 44.1273186, -17.5789369 ], [ 44.1272899, -17.5789262 ], [ 44.1272605, -17.5789173 ], [ 44.1272306, -17.5789102 ], [ 44.1272003, -17.578905 ], [ 44.1271697, -17.5789017 ], [ 44.127133099999988, -17.5789004 ], [ 44.1270987, -17.5789004 ], [ 44.1270737, -17.578901 ], [ 44.127043, -17.5789035 ], [ 44.1270126, -17.578908 ], [ 44.1269825, -17.5789143 ], [ 44.1269529, -17.5789226 ], [ 44.1269239, -17.5789326 ], [ 44.12692209999998, -17.5789333 ], [ 44.1269152, -17.5789309 ], [ 44.1268732, -17.5789163 ], [ 44.12687, -17.5789152 ], [ 44.1268407, -17.5789063 ], [ 44.1268108, -17.5788992 ], [ 44.1267804, -17.5788941 ], [ 44.1267598, -17.5788917 ], [ 44.1267216, -17.578888 ], [ 44.1267116, -17.5788872 ], [ 44.1266809, -17.5788858 ], [ 44.1266501, -17.5788864 ], [ 44.1266194, -17.578889 ], [ 44.1265889, -17.5788934 ], [ 44.1265735, -17.5788964 ], [ 44.1265391, -17.5789037 ], [ 44.1265245, -17.578907 ], [ 44.1264949, -17.5789153 ], [ 44.1264659, -17.5789253 ], [ 44.1264377, -17.5789372 ], [ 44.1264104, -17.5789508 ], [ 44.126384, -17.5789661 ], [ 44.1263587, -17.578983 ], [ 44.1263347, -17.5790015 ], [ 44.1263119, -17.5790214 ], [ 44.1263013, -17.579032 ], [ 44.1264307, -17.5795375 ], [ 44.1268352, -17.5811858 ], [ 44.1268581, -17.5812186 ], [ 44.1268734, -17.5812586 ], [ 44.1268887, -17.5812877 ], [ 44.126923, -17.5813095 ], [ 44.1270392, -17.5817471 ], [ 44.1270688, -17.5817389 ], [ 44.1270978, -17.5817288 ], [ 44.127126, -17.581717 ], [ 44.1271533, -17.5817034 ], [ 44.1271638, -17.5816976 ], [ 44.1271766, -17.5817004 ], [ 44.1272069, -17.5817055 ], [ 44.1272225, -17.5817074 ], [ 44.1272568, -17.5817111 ], [ 44.1272719, -17.5817124 ], [ 44.1273027, -17.5817138 ], [ 44.1273335, -17.5817132 ], [ 44.1273642, -17.5817106 ], [ 44.1273946, -17.5817062 ], [ 44.1274247, -17.5816998 ], [ 44.1274543, -17.5816916 ], [ 44.1274833, -17.5816815 ], [ 44.1275115, -17.5816697 ], [ 44.1275388, -17.5816561 ], [ 44.1275589, -17.5816447 ], [ 44.1275892, -17.581644 ], [ 44.1276066, -17.5816429 ], [ 44.1276486, -17.5816392 ], [ 44.1276619, -17.5816379 ], [ 44.1276924, -17.5816334 ], [ 44.1277224, -17.5816271 ], [ 44.127752, -17.5816189 ], [ 44.127781, -17.5816088 ], [ 44.1278092, -17.5815969 ], [ 44.1278366, -17.5815833 ], [ 44.1278629, -17.581568 ], [ 44.1278882, -17.5815511 ], [ 44.1279122, -17.5815327 ], [ 44.127935, -17.5815127 ], [ 44.1279563, -17.5814914 ], [ 44.1279616, -17.5814857 ], [ 44.127972199999981, -17.5814784 ], [ 44.1279962, -17.5814599 ], [ 44.128019, -17.58144 ], [ 44.1280219, -17.5814372 ], [ 44.128047300000013, -17.5814333 ], [ 44.1280774, -17.581427 ], [ 44.128107, -17.5814187 ], [ 44.128136, -17.5814087 ], [ 44.128146799999989, -17.5814044 ], [ 44.1281493, -17.5814033 ], [ 44.1281581, -17.5814058 ], [ 44.1281614, -17.5814067 ], [ 44.1281913, -17.5814137 ], [ 44.1282216, -17.5814189 ], [ 44.1282522, -17.5814222 ], [ 44.128271, -17.5814232 ], [ 44.1283615, -17.5814265 ], [ 44.128373499999988, -17.5814268 ], [ 44.1284043, -17.5814262 ], [ 44.128435, -17.5814237 ], [ 44.1284655, -17.5814192 ], [ 44.1284956, -17.5814128 ], [ 44.1285251, -17.5814046 ], [ 44.1285541, -17.5813946 ], [ 44.1285823, -17.5813827 ], [ 44.1286097, -17.5813691 ], [ 44.128636, -17.5813538 ], [ 44.1286604, -17.5813375 ], [ 44.1286741, -17.5813353 ], [ 44.1287042, -17.581329 ], [ 44.1287077, -17.5813281 ], [ 44.1287885, -17.5813802 ], [ 44.1288107, -17.5813937 ], [ 44.1288377, -17.5814079 ], [ 44.1288656, -17.5814204 ], [ 44.1288943, -17.5814312 ], [ 44.1289236, -17.5814401 ], [ 44.1289536, -17.5814472 ], [ 44.1289839, -17.5814524 ], [ 44.1290145, -17.5814556 ], [ 44.1290453, -17.581457 ], [ 44.1290761, -17.5814564 ], [ 44.1291068, -17.5814538 ], [ 44.1291372, -17.5814494 ], [ 44.1291673, -17.581443 ], [ 44.1291969, -17.5814348 ], [ 44.1292234, -17.5814257 ], [ 44.1292343, -17.5814239 ], [ 44.1292654, -17.5814185 ], [ 44.1292675, -17.5814181 ], [ 44.1292961, -17.5814121 ], [ 44.129309, -17.5814113 ], [ 44.1293251, -17.5814112 ], [ 44.1293462, -17.5814106 ], [ 44.1293667, -17.5814091 ], [ 44.129397, -17.5814063 ], [ 44.1294072, -17.5814052 ], [ 44.1294376, -17.5814008 ], [ 44.1294677, -17.5813944 ], [ 44.1294973, -17.5813862 ], [ 44.1295263, -17.5813761 ], [ 44.1295286, -17.5813752 ], [ 44.129540200000015, -17.5813802 ], [ 44.1295689, -17.581391 ], [ 44.1295983, -17.5813999 ], [ 44.1296282, -17.581407 ], [ 44.1296585, -17.5814121 ], [ 44.1296892, -17.5814154 ], [ 44.1297297, -17.5814168 ], [ 44.1297592, -17.5814165 ], [ 44.1297802, -17.5814159 ], [ 44.1298109, -17.5814134 ], [ 44.1298414, -17.5814089 ], [ 44.1298715, -17.5814026 ], [ 44.1299011, -17.5813943 ], [ 44.12993, -17.5813843 ], [ 44.1299486, -17.5813767 ], [ 44.1299505, -17.5813759 ], [ 44.1299598, -17.5813737 ], [ 44.1299894, -17.5813655 ], [ 44.130018299999989, -17.5813554 ], [ 44.1300193, -17.5813551 ], [ 44.1300345, -17.5813545 ], [ 44.1300652, -17.581352 ], [ 44.1300956, -17.5813475 ], [ 44.130125699999986, -17.5813412 ], [ 44.1301553, -17.581333 ], [ 44.1301843, -17.5813229 ], [ 44.130212499999985, -17.581311 ], [ 44.1302398, -17.5812974 ], [ 44.1302662, -17.5812821 ], [ 44.1302736, -17.5812774 ], [ 44.1302897, -17.5812692 ], [ 44.130316, -17.5812539 ], [ 44.1303413, -17.581237 ], [ 44.1303654, -17.5812185 ], [ 44.1303881, -17.5811986 ], [ 44.1304039, -17.5811831 ], [ 44.1304065, -17.5811804 ], [ 44.1304314, -17.5811637 ], [ 44.1304554, -17.5811452 ], [ 44.1304782, -17.5811253 ], [ 44.1304995, -17.581104 ], [ 44.1305193, -17.5810814 ], [ 44.1305284, -17.58107 ], [ 44.1305461, -17.5810595 ], [ 44.1305714, -17.5810426 ], [ 44.1305954, -17.5810241 ], [ 44.1306182, -17.5810042 ], [ 44.1306395, -17.5809829 ], [ 44.1306593, -17.5809603 ], [ 44.1306619, -17.5809571 ], [ 44.1306672, -17.5809529 ], [ 44.1306711, -17.5809497 ], [ 44.130684, -17.5809387 ], [ 44.1307082, -17.5809173 ], [ 44.1307171, -17.5809093 ], [ 44.13073, -17.5809045 ], [ 44.1307582, -17.5808927 ], [ 44.1307855, -17.5808791 ], [ 44.1308119, -17.5808638 ], [ 44.1308372, -17.5808469 ], [ 44.1308479, -17.5808389 ], [ 44.1308542, -17.5808361 ], [ 44.1308815, -17.5808225 ], [ 44.1309037, -17.5808098 ], [ 44.130918799999989, -17.5808006 ], [ 44.130923, -17.580798 ], [ 44.130948300000014, -17.5807811 ], [ 44.130972299999989, -17.5807626 ], [ 44.1309756, -17.5807599 ], [ 44.1309846, -17.5807572 ], [ 44.1310135, -17.5807472 ], [ 44.1310249, -17.5807426 ], [ 44.1310518, -17.5807369 ], [ 44.1310547, -17.5807361 ], [ 44.1310738, -17.5807314 ], [ 44.1311005, -17.5807239 ], [ 44.1311294, -17.5807138 ], [ 44.1311576, -17.5807019 ], [ 44.131185, -17.5806883 ], [ 44.1312114, -17.580673 ], [ 44.1312366, -17.5806561 ], [ 44.1312607, -17.5806377 ], [ 44.1312769, -17.5806235 ], [ 44.1312917, -17.5806203 ], [ 44.1313213, -17.5806121 ], [ 44.1313503, -17.580602 ], [ 44.1313785, -17.5805902 ], [ 44.1314059, -17.5805766 ], [ 44.1314322, -17.5805613 ], [ 44.1314575, -17.5805444 ], [ 44.1314746, -17.5805315 ], [ 44.1314805, -17.5805284 ], [ 44.1315068, -17.5805131 ], [ 44.1315255, -17.5805009 ], [ 44.1315338, -17.5804966 ], [ 44.1315527, -17.5804867 ], [ 44.131557400000013, -17.5804842 ], [ 44.1315796, -17.5804715 ], [ 44.1315815, -17.5804703 ], [ 44.1315867, -17.5804676 ], [ 44.1315914, -17.5804651 ], [ 44.1316178, -17.5804498 ], [ 44.131643, -17.5804329 ], [ 44.1316671, -17.5804144 ], [ 44.1316898, -17.5803945 ], [ 44.1317112, -17.5803732 ], [ 44.1317239, -17.5803591 ], [ 44.1317303, -17.5803567 ], [ 44.1317323, -17.5803559 ], [ 44.1317506, -17.5803518 ], [ 44.1317802, -17.5803436 ], [ 44.1318092, -17.5803335 ], [ 44.1318374, -17.5803216 ], [ 44.1318647, -17.580308 ], [ 44.1318888, -17.5802942 ], [ 44.1319003, -17.580293 ], [ 44.1319121, -17.5802915 ], [ 44.1319152, -17.5802919 ], [ 44.1319458, -17.5802952 ], [ 44.1319766, -17.5802965 ], [ 44.1320074, -17.5802959 ], [ 44.1320381, -17.5802934 ], [ 44.1320686, -17.5802889 ], [ 44.1320986, -17.5802826 ], [ 44.1321282, -17.5802743 ], [ 44.1321516, -17.5802664 ], [ 44.132169, -17.5802625 ], [ 44.1321986, -17.5802542 ], [ 44.1322276, -17.5802442 ], [ 44.13225580000001, -17.5802323 ], [ 44.1322679, -17.5802266 ], [ 44.1322908, -17.5802168 ], [ 44.1322921, -17.5802162 ], [ 44.132300199999989, -17.5802155 ], [ 44.1323194, -17.5802149 ], [ 44.1323501, -17.5802124 ], [ 44.1323805, -17.5802079 ], [ 44.1324106, -17.5802016 ], [ 44.132413499999984, -17.5802008 ], [ 44.1324371, -17.5801949 ], [ 44.1324393, -17.5801945 ], [ 44.1324414, -17.5801942 ], [ 44.1324644, -17.5801895 ], [ 44.1324823, -17.5801878 ], [ 44.1325127, -17.5801833 ], [ 44.1325428, -17.580177 ], [ 44.1325724, -17.5801687 ], [ 44.1326014, -17.5801587 ], [ 44.1326256, -17.5801486 ], [ 44.1326563, -17.5801499 ], [ 44.132687100000012, -17.5801493 ], [ 44.1327076, -17.5801479 ], [ 44.132727100000011, -17.580146 ], [ 44.1327372, -17.580145 ], [ 44.1327677, -17.5801405 ], [ 44.1327977, -17.5801342 ], [ 44.1328273, -17.580126 ], [ 44.1328322, -17.5801244 ], [ 44.1328532, -17.5801176 ], [ 44.132877, -17.5801092 ], [ 44.1329049, -17.5801068 ], [ 44.1329354, -17.5801024 ], [ 44.1329654, -17.580096 ], [ 44.132968, -17.5800954 ], [ 44.1329685, -17.5800955 ], [ 44.1329989, -17.5801007 ], [ 44.1330193, -17.5801031 ], [ 44.1330368, -17.5801058 ], [ 44.1330425, -17.580107 ], [ 44.1330505, -17.5801086 ], [ 44.1330702, -17.5801122 ], [ 44.1330925, -17.5801158 ], [ 44.1331231, -17.5801191 ], [ 44.1331381, -17.58012 ], [ 44.13316, -17.5801221 ], [ 44.1331908, -17.5801234 ], [ 44.1332216, -17.5801228 ], [ 44.1332421, -17.5801213 ], [ 44.1332616, -17.5801195 ], [ 44.1332717, -17.5801185 ], [ 44.133302199999989, -17.580114 ], [ 44.1333295, -17.5801084 ], [ 44.1333525, -17.5801106 ], [ 44.1333958, -17.5801119 ], [ 44.1333978, -17.5801122 ], [ 44.1334285, -17.5801155 ], [ 44.1334572, -17.5801168 ], [ 44.1334779, -17.5801171 ], [ 44.1334799, -17.5801171 ], [ 44.1335107, -17.5801165 ], [ 44.1335414, -17.580114 ], [ 44.1335719, -17.5801096 ], [ 44.133593, -17.5801053 ], [ 44.1335935, -17.5801053 ], [ 44.1336242, -17.5801027 ], [ 44.1336547, -17.5800983 ], [ 44.1336848, -17.5800919 ], [ 44.1337143, -17.5800837 ], [ 44.1337159, -17.5800832 ], [ 44.1337358, -17.5800826 ], [ 44.1337665, -17.5800801 ], [ 44.133797, -17.5800756 ], [ 44.1338271, -17.5800693 ], [ 44.1338567, -17.5800611 ], [ 44.1338856, -17.580051 ], [ 44.1339138, -17.5800391 ], [ 44.1339365, -17.580028 ], [ 44.133941, -17.5800257 ], [ 44.133945700000012, -17.5800232 ], [ 44.133972, -17.5800079 ], [ 44.133997, -17.5799912 ], [ 44.1340115, -17.5799808 ], [ 44.1340118, -17.5799806 ], [ 44.1340294, -17.5799673 ], [ 44.1340337, -17.5799671 ], [ 44.1340644, -17.5799645 ], [ 44.1340949, -17.5799601 ], [ 44.134125, -17.5799537 ], [ 44.1341546, -17.5799455 ], [ 44.1341835, -17.5799355 ], [ 44.134211799999989, -17.5799236 ], [ 44.1342391, -17.57991 ], [ 44.1342428, -17.579908 ], [ 44.134254, -17.5799046 ], [ 44.1342829, -17.5798946 ], [ 44.1343112, -17.5798827 ], [ 44.1343385, -17.5798691 ], [ 44.1343649, -17.5798538 ], [ 44.1343898, -17.5798371 ], [ 44.1344043, -17.5798267 ], [ 44.1344046, -17.5798265 ], [ 44.1344287, -17.579808 ], [ 44.1344514, -17.5797881 ], [ 44.1344728, -17.5797668 ], [ 44.1344926, -17.5797442 ], [ 44.1345109, -17.5797204 ], [ 44.134527399999989, -17.5796955 ], [ 44.1345423, -17.5796696 ], [ 44.1345455, -17.5796635 ], [ 44.1345488, -17.57966 ], [ 44.1345687, -17.5796374 ], [ 44.1345869, -17.5796136 ], [ 44.1346035, -17.5795887 ], [ 44.1346073, -17.5795821 ], [ 44.134609, -17.5795815 ], [ 44.1346372, -17.5795696 ], [ 44.1346646, -17.579556 ], [ 44.1346909, -17.5795407 ], [ 44.1347162, -17.5795238 ], [ 44.1347248, -17.5795175 ], [ 44.1347288, -17.5795154 ], [ 44.1347336, -17.5795129 ], [ 44.1347599, -17.5794976 ], [ 44.1347852, -17.5794807 ], [ 44.1348092, -17.5794622 ], [ 44.134832, -17.5794423 ], [ 44.1348533, -17.579421 ], [ 44.1348732, -17.5793983 ], [ 44.1348914, -17.5793745 ], [ 44.134908, -17.5793496 ], [ 44.1349126, -17.5793419 ], [ 44.1349195, -17.5793417 ], [ 44.1349502, -17.5793392 ], [ 44.1349576, -17.5793383 ], [ 44.1349823, -17.5793351 ], [ 44.1350054, -17.5793315 ], [ 44.1350355, -17.5793252 ], [ 44.135065, -17.5793169 ], [ 44.135094, -17.5793069 ], [ 44.1351222, -17.579295 ], [ 44.1351496, -17.5792814 ], [ 44.1351759, -17.5792661 ], [ 44.1352012, -17.5792492 ], [ 44.1352252, -17.5792307 ], [ 44.135248, -17.5792108 ], [ 44.1352693, -17.5791895 ], [ 44.13528920000001, -17.5791669 ], [ 44.1353074, -17.5791431 ], [ 44.1353195, -17.579125 ], [ 44.1353446, -17.579118 ], [ 44.1353735, -17.5791079 ], [ 44.1354018, -17.5790961 ], [ 44.1354291, -17.5790825 ], [ 44.1354555, -17.5790672 ], [ 44.1354685, -17.5790587 ], [ 44.1354927, -17.5790484 ], [ 44.1355154, -17.5790373 ], [ 44.135540500000012, -17.5790242 ], [ 44.1355452, -17.5790217 ], [ 44.1355716, -17.5790064 ], [ 44.1355968, -17.5789895 ], [ 44.1356209, -17.578971 ], [ 44.1356274, -17.5789656 ], [ 44.135638, -17.5789582 ], [ 44.1356621, -17.5789397 ], [ 44.1356848, -17.5789198 ], [ 44.135693, -17.5789119 ], [ 44.1357269, -17.5788785 ], [ 44.1357345, -17.5788709 ], [ 44.1357652, -17.5788393 ], [ 44.13577080000001, -17.5788334 ], [ 44.1357906, -17.5788108 ], [ 44.1358089, -17.578787 ], [ 44.1358255, -17.5787621 ], [ 44.1358403, -17.5787362 ], [ 44.1358534, -17.5787095 ], [ 44.1358646, -17.578682 ], [ 44.1358725, -17.5786584 ], [ 44.1358738, -17.5786542 ], [ 44.1358803, -17.5786464 ], [ 44.1358895, -17.5786349 ], [ 44.135907, -17.5786121 ], [ 44.1359161, -17.5785998 ], [ 44.1359327, -17.5785749 ], [ 44.1359448, -17.5785541 ], [ 44.135956799999988, -17.5785322 ], [ 44.1359595, -17.5785272 ], [ 44.1359719, -17.5785019 ], [ 44.1359723, -17.5785015 ], [ 44.1359762, -17.5784973 ], [ 44.1359927, -17.5784901 ], [ 44.13602, -17.5784765 ], [ 44.1360464, -17.5784612 ], [ 44.1360716, -17.5784443 ], [ 44.1360957, -17.5784258 ], [ 44.1361184, -17.5784059 ], [ 44.1361398, -17.5783846 ], [ 44.1361596, -17.578362 ], [ 44.1361759, -17.5783409 ], [ 44.136182, -17.5783341 ], [ 44.1361981, -17.578316 ], [ 44.136209300000012, -17.5783029 ], [ 44.1362275, -17.5782791 ], [ 44.1362441, -17.5782542 ], [ 44.136259, -17.5782283 ], [ 44.136264, -17.5782185 ], [ 44.1362644, -17.5782181 ], [ 44.1362842, -17.5781955 ], [ 44.1363025, -17.5781717 ], [ 44.136319099999987, -17.5781468 ], [ 44.1363339, -17.5781209 ], [ 44.136347, -17.5780941 ], [ 44.1363582, -17.5780666 ], [ 44.1363675, -17.5780384 ], [ 44.1363749, -17.5780097 ], [ 44.1363771, -17.577999 ], [ 44.1363817, -17.5779752 ], [ 44.1363849, -17.5779568 ], [ 44.1363883, -17.5779274 ], [ 44.1363888, -17.5779164 ], [ 44.1363991, -17.5779061 ], [ 44.136419, -17.5778835 ], [ 44.1364218, -17.57788 ], [ 44.1364516, -17.577843 ], [ 44.136467, -17.5778227 ], [ 44.1364835, -17.5777978 ], [ 44.136498400000015, -17.5777719 ], [ 44.1365115, -17.5777452 ], [ 44.1365227, -17.5777176 ], [ 44.136532, -17.5776895 ], [ 44.1365392, -17.5776612 ], [ 44.1365425, -17.5776527 ], [ 44.1365518, -17.5776246 ], [ 44.1365591, -17.5775959 ], [ 44.1365645, -17.5775668 ], [ 44.1365646, -17.5775662 ], [ 44.1365697, -17.5775325 ], [ 44.1365727, -17.5775074 ], [ 44.1365749, -17.5774829 ], [ 44.1365752, -17.5774791 ], [ 44.1365763, -17.5774613 ], [ 44.1365779, -17.5774215 ], [ 44.1365782, -17.5774098 ], [ 44.136578, -17.5774042 ], [ 44.1365782, -17.5774004 ], [ 44.1365777, -17.57735 ], [ 44.1365771, -17.5773299 ], [ 44.1365761, -17.5773157 ], [ 44.1365731, -17.5772822 ], [ 44.1365728, -17.5772786 ], [ 44.1365756, -17.577253 ], [ 44.136577, -17.5772235 ], [ 44.1365764, -17.577194 ], [ 44.1365737, -17.5771645 ], [ 44.136569099999988, -17.5771353 ], [ 44.1365625, -17.5771065 ], [ 44.1365539, -17.5770781 ], [ 44.1365434, -17.5770503 ], [ 44.136531, -17.5770232 ], [ 44.1365287, -17.5770186 ], [ 44.1365149, -17.5769916 ], [ 44.1365119, -17.5769825 ], [ 44.1365076, -17.5769704 ], [ 44.1365109, -17.576965 ], [ 44.1365258, -17.5769391 ], [ 44.1365389, -17.5769123 ], [ 44.1365464, -17.5768944 ], [ 44.1365511, -17.5768887 ], [ 44.1365573, -17.576881 ], [ 44.1365575, -17.5768809 ], [ 44.1365697, -17.5768724 ], [ 44.1365938, -17.576854 ], [ 44.1366003, -17.5768485 ], [ 44.1366109, -17.5768411 ], [ 44.136635, -17.5768227 ], [ 44.1366415, -17.5768172 ], [ 44.1366593, -17.576802 ], [ 44.1366755, -17.5767876 ], [ 44.1366968, -17.5767662 ], [ 44.1367167, -17.5767436 ], [ 44.1367349, -17.5767198 ], [ 44.1367515, -17.5766949 ], [ 44.1367664, -17.576669 ], [ 44.136775, -17.5766519 ], [ 44.1367754, -17.5766513 ], [ 44.1367876, -17.5766304 ], [ 44.1367922, -17.576622 ], [ 44.1367995, -17.5766121 ], [ 44.136816, -17.5765872 ], [ 44.1368309, -17.5765613 ], [ 44.136844, -17.5765345 ], [ 44.1368552, -17.576507 ], [ 44.1368605, -17.5764918 ], [ 44.1368725, -17.576467 ], [ 44.1368837, -17.5764395 ], [ 44.1368916, -17.5764159 ], [ 44.1368987, -17.5763927 ], [ 44.1369001, -17.5763882 ], [ 44.1369074, -17.5763595 ], [ 44.1369128, -17.5763304 ], [ 44.1369161, -17.5763024 ], [ 44.1369197, -17.576282 ], [ 44.1369208, -17.5762739 ], [ 44.136927, -17.5762266 ], [ 44.1369291, -17.5762159 ], [ 44.1369308, -17.5762064 ], [ 44.1369414, -17.5761845 ], [ 44.1369526, -17.5761569 ], [ 44.1369605, -17.5761334 ], [ 44.1369672, -17.5761115 ], [ 44.1369686, -17.5761069 ], [ 44.1369711, -17.5760979 ], [ 44.1369731, -17.5760942 ], [ 44.1369861, -17.5760674 ], [ 44.1369974, -17.5760399 ], [ 44.1370053, -17.5760163 ], [ 44.1370116, -17.5759955 ], [ 44.1370146, -17.575989 ], [ 44.1370258, -17.5759615 ], [ 44.1370337, -17.5759379 ], [ 44.137039799999989, -17.575918 ], [ 44.137041200000013, -17.5759134 ], [ 44.1370485, -17.5758847 ], [ 44.1370539, -17.5758556 ], [ 44.1370555, -17.5758438 ], [ 44.1370617, -17.5758193 ], [ 44.1370667, -17.5757927 ], [ 44.1370676, -17.5757898 ], [ 44.137069, -17.5757852 ], [ 44.137076300000011, -17.5757565 ], [ 44.1370817, -17.5757274 ], [ 44.1370848, -17.5757018 ], [ 44.1370886, -17.5756597 ], [ 44.1370889, -17.575656 ], [ 44.13709, -17.5756387 ], [ 44.137091600000012, -17.5756256 ], [ 44.1370941, -17.5756025 ], [ 44.1370952, -17.5755908 ], [ 44.1370966, -17.5755613 ], [ 44.137096, -17.5755318 ], [ 44.1370934, -17.5755023 ], [ 44.1370905, -17.5754831 ], [ 44.13709990000001, -17.5754704 ], [ 44.1371165, -17.5754455 ], [ 44.1371287, -17.5754247 ], [ 44.1371389, -17.5754059 ], [ 44.1371416, -17.5754009 ], [ 44.1371547, -17.5753742 ], [ 44.1371659, -17.5753466 ], [ 44.1371752, -17.5753185 ], [ 44.1371826, -17.5752898 ], [ 44.137188, -17.5752607 ], [ 44.137191400000013, -17.5752313 ], [ 44.1371927, -17.5752018 ], [ 44.1371921, -17.5751722 ], [ 44.1371907, -17.5751542 ], [ 44.1371931, -17.5751438 ], [ 44.1371981, -17.5751178 ], [ 44.1371988, -17.5751167 ], [ 44.1372136, -17.5750908 ], [ 44.1372267, -17.575064 ], [ 44.1372298, -17.5750569 ], [ 44.1372311, -17.5750545 ], [ 44.1372355, -17.5750485 ], [ 44.1372521, -17.5750236 ], [ 44.1372642, -17.5750027 ], [ 44.1372714, -17.5749895 ], [ 44.1372843, -17.57497 ], [ 44.1372991, -17.5749441 ], [ 44.1373122, -17.5749173 ], [ 44.1373234, -17.5748898 ], [ 44.1373313, -17.5748662 ], [ 44.137345299999986, -17.5748205 ], [ 44.1373467, -17.5748159 ], [ 44.137354, -17.5747872 ], [ 44.1373594, -17.5747581 ], [ 44.137361, -17.5747469 ], [ 44.1373621, -17.5747431 ], [ 44.1373635, -17.5747386 ], [ 44.1373708, -17.5747099 ], [ 44.1373762, -17.5746808 ], [ 44.1373793, -17.5746552 ], [ 44.1373812, -17.5746341 ], [ 44.1373815, -17.5746304 ], [ 44.1373829, -17.5746008 ], [ 44.1373823, -17.5745713 ], [ 44.1373796, -17.5745419 ], [ 44.137375, -17.5745126 ], [ 44.1373714, -17.5744972 ], [ 44.1373807, -17.5744832 ], [ 44.1373956, -17.5744574 ], [ 44.1374086, -17.5744306 ], [ 44.137419799999989, -17.5744031 ], [ 44.1374278, -17.5743795 ], [ 44.1374338, -17.5743596 ], [ 44.1374352, -17.574355 ], [ 44.1374426, -17.5743263 ], [ 44.137448, -17.5742972 ], [ 44.1374514, -17.5742679 ], [ 44.137452, -17.5742583 ], [ 44.1374537, -17.5742307 ], [ 44.1374544, -17.5742108 ], [ 44.137453799999989, -17.5741812 ], [ 44.1374511, -17.5741518 ], [ 44.137447, -17.5741251 ], [ 44.1374481, -17.5741179 ], [ 44.1374497, -17.5741058 ], [ 44.1374553, -17.5740836 ], [ 44.1374607, -17.5740545 ], [ 44.137464, -17.5740252 ], [ 44.1374654, -17.5739956 ], [ 44.1374648, -17.5739661 ], [ 44.137464, -17.5739538 ], [ 44.1374649, -17.5739308 ], [ 44.1374642, -17.5739012 ], [ 44.1374616, -17.5738718 ], [ 44.1374572, -17.5738436 ], [ 44.1374528, -17.5738208 ], [ 44.1374526, -17.5738198 ], [ 44.137446, -17.5737909 ], [ 44.1374394, -17.5737685 ], [ 44.1374361, -17.5737492 ], [ 44.1374358, -17.5737423 ], [ 44.1374331, -17.5737129 ], [ 44.1374285, -17.5736836 ], [ 44.1374219, -17.5736548 ], [ 44.1374145, -17.5736299 ], [ 44.1374074, -17.5736086 ], [ 44.1374062, -17.573605 ], [ 44.1373957, -17.5735773 ], [ 44.1373834, -17.5735502 ], [ 44.1373834, -17.5735501 ], [ 44.137374, -17.5735313 ], [ 44.1373745, -17.5735295 ], [ 44.1373818, -17.5735057 ], [ 44.1373832, -17.5735011 ], [ 44.1373906, -17.5734724 ], [ 44.137396, -17.5734433 ], [ 44.137399, -17.5734177 ], [ 44.1374009, -17.5733967 ], [ 44.1374012, -17.5733929 ], [ 44.1374024, -17.5733438 ], [ 44.1374073, -17.573317 ], [ 44.1374107, -17.5732876 ], [ 44.1374121, -17.5732581 ], [ 44.1374115, -17.5732286 ], [ 44.1374089, -17.5731991 ], [ 44.1374044, -17.5731709 ], [ 44.1374, -17.5731482 ], [ 44.1373998, -17.5731471 ], [ 44.1373932, -17.5731183 ], [ 44.1373846, -17.5730899 ], [ 44.1373742, -17.5730621 ], [ 44.1373706, -17.5730538 ], [ 44.1373682, -17.5730445 ], [ 44.1373596, -17.5730161 ], [ 44.1373491, -17.5729883 ], [ 44.1373368, -17.5729612 ], [ 44.137324, -17.5729375 ], [ 44.1373193, -17.5729293 ], [ 44.1373047, -17.5728996 ], [ 44.137304, -17.5728982 ], [ 44.1372898, -17.572872 ], [ 44.1372738, -17.5728467 ], [ 44.1372651, -17.5728342 ], [ 44.1372652, -17.5728273 ], [ 44.1372652, -17.5728179 ], [ 44.1372652, -17.5728165 ], [ 44.137268, -17.5727911 ], [ 44.1372694, -17.5727616 ], [ 44.1372688, -17.5727321 ], [ 44.1372687, -17.5727306 ], [ 44.1372711, -17.5727096 ], [ 44.1372727, -17.5726925 ], [ 44.1372741, -17.5726793 ], [ 44.1372829, -17.5726701 ], [ 44.137291600000012, -17.5726606 ], [ 44.1373192, -17.5726294 ], [ 44.1373304, -17.5726164 ], [ 44.1373486, -17.5725925 ], [ 44.1373652, -17.5725676 ], [ 44.1373801, -17.5725418 ], [ 44.1373931, -17.572515 ], [ 44.1374043, -17.5724875 ], [ 44.1374123, -17.5724639 ], [ 44.137419, -17.572442 ], [ 44.1374203, -17.5724374 ], [ 44.1374277, -17.5724087 ], [ 44.137429900000015, -17.572398 ], [ 44.1374304, -17.5723956 ], [ 44.1374447, -17.5723739 ], [ 44.1374596, -17.5723481 ], [ 44.1374726, -17.5723213 ], [ 44.1374838, -17.5722938 ], [ 44.1374931, -17.5722656 ], [ 44.1375005, -17.5722369 ], [ 44.1375059, -17.5722078 ], [ 44.1375093, -17.5721784 ], [ 44.1375094, -17.572176 ], [ 44.1375512, -17.5720731 ], [ 44.1375564, -17.5720596 ], [ 44.1375657, -17.5720314 ], [ 44.1375731, -17.5720027 ], [ 44.1375785, -17.5719737 ], [ 44.1375798, -17.5719639 ], [ 44.137584, -17.5719308 ], [ 44.137594600000014, -17.5719088 ], [ 44.1376058, -17.5718812 ], [ 44.1376151, -17.5718531 ], [ 44.1376225, -17.5718244 ], [ 44.1376279, -17.5717953 ], [ 44.1376313, -17.5717659 ], [ 44.1376324, -17.571747 ], [ 44.137636, -17.5716528 ], [ 44.1376362, -17.5716422 ], [ 44.1376356, -17.5716126 ], [ 44.137633, -17.5715832 ], [ 44.1376283, -17.571554 ], [ 44.1376217, -17.5715251 ], [ 44.1376131, -17.5714967 ], [ 44.1376026, -17.571469 ], [ 44.1375903, -17.5714419 ], [ 44.1375761, -17.5714157 ], [ 44.137560099999988, -17.5713904 ], [ 44.1375565, -17.5713851 ], [ 44.1375525, -17.5713794 ], [ 44.1375463, -17.5713527 ], [ 44.1375378, -17.5713244 ], [ 44.1375273, -17.5712966 ], [ 44.1375149, -17.5712695 ], [ 44.1375007, -17.5712433 ], [ 44.1374848, -17.571218 ], [ 44.1374671, -17.5711938 ], [ 44.1374479, -17.5711707 ], [ 44.1374271, -17.5711489 ], [ 44.137408, -17.5711311 ], [ 44.1373927, -17.571106 ], [ 44.1373809, -17.5710877 ], [ 44.1373656, -17.5710665 ], [ 44.1373666, -17.5710566 ], [ 44.137368, -17.571027 ], [ 44.1373673, -17.5709975 ], [ 44.1373657, -17.5709774 ], [ 44.1373733, -17.5709637 ], [ 44.1373864, -17.5709369 ], [ 44.1373976, -17.5709094 ], [ 44.137406899999981, -17.5708812 ], [ 44.1374143, -17.5708525 ], [ 44.137419699999988, -17.5708234 ], [ 44.1374197, -17.5708232 ], [ 44.1374338, -17.570729 ], [ 44.1374372, -17.5706998 ], [ 44.1374386, -17.5706703 ], [ 44.1374379, -17.5706408 ], [ 44.1374353, -17.5706113 ], [ 44.137430699999982, -17.5705821 ], [ 44.137424, -17.5705533 ], [ 44.1374155, -17.5705249 ], [ 44.137405, -17.5704971 ], [ 44.1373926, -17.57047 ], [ 44.1373908, -17.5704667 ], [ 44.1373971, -17.5704595 ], [ 44.1374153, -17.5704357 ], [ 44.1374319, -17.5704108 ], [ 44.1374468, -17.5703849 ], [ 44.137459799999988, -17.5703582 ], [ 44.137471, -17.5703306 ], [ 44.1374803, -17.5703025 ], [ 44.1374877, -17.5702738 ], [ 44.1374931, -17.5702447 ], [ 44.1374965, -17.5702153 ], [ 44.1374979, -17.5701858 ], [ 44.1374973, -17.5701563 ], [ 44.137494599999982, -17.5701268 ], [ 44.13749, -17.5700976 ], [ 44.137486, -17.570079 ], [ 44.1374874, -17.570076 ], [ 44.1374923, -17.5700654 ], [ 44.1375035, -17.5700379 ], [ 44.1375128, -17.5700097 ], [ 44.1375202, -17.569981 ], [ 44.1375256, -17.5699519 ], [ 44.137529, -17.5699226 ], [ 44.1375304, -17.5698931 ], [ 44.1375297, -17.5698635 ], [ 44.1375271, -17.5698341 ], [ 44.137522499999989, -17.5698049 ], [ 44.1375208, -17.5697968 ], [ 44.137482, -17.5696151 ], [ 44.137477, -17.5695943 ], [ 44.1374684, -17.5695659 ], [ 44.1374579, -17.5695381 ], [ 44.1374456, -17.5695111 ], [ 44.1374314, -17.5694848 ], [ 44.1374154, -17.5694595 ], [ 44.1373998, -17.5694379 ], [ 44.1373308, -17.5693481 ], [ 44.1373288, -17.5693456 ], [ 44.1373099, -17.5693228 ], [ 44.1372746, -17.5692832 ], [ 44.1371386, -17.5691269 ], [ 44.137135, -17.5691228 ], [ 44.1371142, -17.569101 ], [ 44.137092, -17.5690805 ], [ 44.1370684, -17.5690615 ], [ 44.1370436, -17.569044 ], [ 44.1370184, -17.5690285 ], [ 44.1368595, -17.5689376 ], [ 44.1368588, -17.5689372 ], [ 44.1368318, -17.568923 ], [ 44.1368039, -17.5689104 ], [ 44.1367852, -17.5689034 ], [ 44.13679, -17.5688951 ], [ 44.1368031, -17.5688683 ], [ 44.1368143, -17.5688408 ], [ 44.1368218, -17.5688178 ], [ 44.1368374, -17.5688135 ], [ 44.1368664, -17.5688034 ], [ 44.1368869, -17.5687948 ], [ 44.1369089, -17.5688103 ], [ 44.1369152, -17.5688144 ], [ 44.1370423, -17.5688952 ], [ 44.1370619, -17.568907 ], [ 44.1370889, -17.5689213 ], [ 44.1371168, -17.5689338 ], [ 44.13714550000001, -17.5689445 ], [ 44.1371749, -17.5689535 ], [ 44.1372048, -17.5689605 ], [ 44.1372351, -17.5689657 ], [ 44.1372657, -17.568969 ], [ 44.1372965, -17.5689703 ], [ 44.1373273, -17.5689697 ], [ 44.137358, -17.5689672 ], [ 44.1373724, -17.5689653 ], [ 44.1374889, -17.5689485 ], [ 44.1375049, -17.5689459 ], [ 44.137535, -17.5689395 ], [ 44.1375646, -17.5689313 ], [ 44.1375936, -17.5689212 ], [ 44.1376033, -17.5689174 ], [ 44.1376774, -17.5688871 ], [ 44.1376959, -17.5688791 ], [ 44.1377233, -17.5688655 ], [ 44.1377496, -17.5688502 ], [ 44.137774899999989, -17.5688333 ], [ 44.1377989, -17.5688148 ], [ 44.1378217, -17.5687949 ], [ 44.137843, -17.5687736 ], [ 44.1378564, -17.5687587 ], [ 44.1379199, -17.5686846 ], [ 44.1379264, -17.5686769 ], [ 44.1379446, -17.5686531 ], [ 44.1379612, -17.5686282 ], [ 44.1379761, -17.5686023 ], [ 44.1379891, -17.5685756 ], [ 44.137993, -17.5685668 ], [ 44.1380543, -17.5684212 ], [ 44.1380617, -17.5684024 ], [ 44.138071, -17.5683743 ], [ 44.1380776, -17.5683483 ], [ 44.1381128, -17.5683604 ], [ 44.1381145, -17.568361 ], [ 44.1381233, -17.5683639 ], [ 44.1382147, -17.5683929 ], [ 44.138235300000012, -17.568399 ], [ 44.1382652, -17.568406 ], [ 44.1382955, -17.5684112 ], [ 44.1383261, -17.5684144 ], [ 44.1383711, -17.5684157 ], [ 44.1385262, -17.5684131 ], [ 44.13854280000001, -17.5684125 ], [ 44.1385735, -17.56841 ], [ 44.1385879, -17.5684081 ], [ 44.1386146, -17.5684222 ], [ 44.1386425, -17.5684347 ], [ 44.1386712, -17.5684455 ], [ 44.1387005, -17.5684544 ], [ 44.1387304, -17.5684615 ], [ 44.138760800000014, -17.5684666 ], [ 44.138791399999981, -17.5684699 ], [ 44.1388222, -17.5684712 ], [ 44.138853, -17.5684706 ], [ 44.1388836, -17.5684681 ], [ 44.1389141, -17.5684636 ], [ 44.138926, -17.5684614 ], [ 44.1390036, -17.5684455 ], [ 44.1390217, -17.5684414 ], [ 44.1390513, -17.5684332 ], [ 44.1390803, -17.5684232 ], [ 44.1391085, -17.5684113 ], [ 44.1391358, -17.5683977 ], [ 44.1391622, -17.5683824 ], [ 44.1391874, -17.5683655 ], [ 44.1392115, -17.568347 ], [ 44.1392342, -17.5683271 ], [ 44.1392556, -17.5683058 ], [ 44.1392754, -17.5682832 ], [ 44.1392937, -17.5682594 ], [ 44.1393103, -17.5682345 ], [ 44.1393251, -17.5682086 ], [ 44.1393382, -17.5681818 ], [ 44.1393494, -17.5681543 ], [ 44.139358699999988, -17.5681261 ], [ 44.139366, -17.5680974 ], [ 44.1393714, -17.5680683 ], [ 44.1393748, -17.568039 ], [ 44.1393762, -17.5680094 ], [ 44.1393756, -17.5679799 ], [ 44.139373, -17.5679505 ], [ 44.1393683, -17.5679212 ], [ 44.139367, -17.5679148 ], [ 44.1393532, -17.5678488 ], [ 44.1393528, -17.5678468 ], [ 44.1393278, -17.5677307 ], [ 44.1393229, -17.5677102 ], [ 44.1393143, -17.5676818 ], [ 44.1393038, -17.5676541 ], [ 44.1392915, -17.567627 ], [ 44.139284, -17.5676127 ], [ 44.1392797, -17.567586 ], [ 44.1392731, -17.5675571 ], [ 44.1392645, -17.5675287 ], [ 44.139254, -17.5675009 ], [ 44.1392416, -17.5674739 ], [ 44.1392275, -17.5674476 ], [ 44.139211499999988, -17.5674224 ], [ 44.1391939, -17.5673981 ], [ 44.1391746, -17.5673751 ], [ 44.1391539, -17.5673532 ], [ 44.1391316, -17.5673328 ], [ 44.1391081, -17.5673138 ], [ 44.1390832, -17.5672962 ], [ 44.1390573, -17.5672803 ], [ 44.1390303, -17.5672661 ], [ 44.1390024, -17.5672536 ], [ 44.138998, -17.5672518 ], [ 44.1389122, -17.5672175 ], [ 44.1388879, -17.5672085 ], [ 44.1388585, -17.5671996 ], [ 44.1388286, -17.5671925 ], [ 44.1387983, -17.5671873 ], [ 44.1387676, -17.5671841 ], [ 44.1387451, -17.5671829 ], [ 44.1387247, -17.567174 ], [ 44.138696, -17.5671632 ], [ 44.1386666, -17.5671543 ], [ 44.1386367, -17.5671472 ], [ 44.1386064, -17.567142 ], [ 44.1385758, -17.5671388 ], [ 44.138545, -17.5671375 ], [ 44.1385142, -17.5671381 ], [ 44.1385135, -17.5671381 ], [ 44.138488699999989, -17.5671324 ], [ 44.1384583, -17.5671272 ], [ 44.1384545, -17.5671267 ], [ 44.1384486, -17.5671242 ], [ 44.1384199, -17.5671134 ], [ 44.1383905, -17.5671045 ], [ 44.138360600000013, -17.5670974 ], [ 44.1383303, -17.5670923 ], [ 44.1382996, -17.567089 ], [ 44.1382759, -17.5670878 ], [ 44.1382659, -17.5670876 ], [ 44.1382407, -17.56708 ], [ 44.1382108, -17.5670729 ], [ 44.1381804, -17.5670678 ], [ 44.1381498, -17.5670645 ], [ 44.138119, -17.5670632 ], [ 44.1380882, -17.5670638 ], [ 44.1380576, -17.5670663 ], [ 44.1380271, -17.5670708 ], [ 44.1380124, -17.5670736 ], [ 44.137996, -17.5670771 ], [ 44.1379859, -17.5670653 ], [ 44.1379659, -17.5670443 ], [ 44.1379448, -17.5670234 ], [ 44.1379028, -17.5669578 ], [ 44.1378961, -17.5669477 ], [ 44.1378785, -17.5669235 ], [ 44.1378593, -17.5669004 ], [ 44.1378392, -17.5668793 ], [ 44.1377617, -17.5668027 ], [ 44.1377609, -17.566802 ], [ 44.1377469, -17.566789 ], [ 44.1377532, -17.5667824 ], [ 44.137812, -17.5667227 ], [ 44.1378187, -17.5667175 ], [ 44.1378405, -17.5667189 ], [ 44.1378658, -17.5667198 ], [ 44.137895, -17.5667193 ], [ 44.1380611, -17.5667114 ], [ 44.1380627, -17.5667113 ], [ 44.138093399999988, -17.5667088 ], [ 44.1381239, -17.5667043 ], [ 44.138154, -17.566698 ], [ 44.1381836, -17.5666898 ], [ 44.138212499999987, -17.5666797 ], [ 44.1382407, -17.5666678 ], [ 44.1382681, -17.5666542 ], [ 44.1382739, -17.5666511 ], [ 44.1384068, -17.5665771 ], [ 44.1384274, -17.566565 ], [ 44.138452600000015, -17.5665481 ], [ 44.1384767, -17.5665296 ], [ 44.1384994, -17.5665097 ], [ 44.1385207, -17.5664884 ], [ 44.1385406, -17.5664658 ], [ 44.1385588, -17.566442 ], [ 44.1385632, -17.5664357 ], [ 44.1385783, -17.5664139 ], [ 44.1386046, -17.5664274 ], [ 44.138614, -17.5664321 ], [ 44.1386419, -17.5664447 ], [ 44.1386706, -17.5664554 ], [ 44.138699900000013, -17.5664643 ], [ 44.1387299, -17.5664714 ], [ 44.138731, -17.5664716 ], [ 44.1388362, -17.5664927 ], [ 44.1388433, -17.5664941 ], [ 44.1389286, -17.5665099 ], [ 44.1389302, -17.56652 ], [ 44.1389368, -17.5665488 ], [ 44.1389454, -17.5665772 ], [ 44.1389559, -17.566605 ], [ 44.1389563, -17.5666059 ], [ 44.1389571, -17.566608 ], [ 44.1389569, -17.5666108 ], [ 44.1389555, -17.5666403 ], [ 44.1389561, -17.5666699 ], [ 44.1389588, -17.5666993 ], [ 44.1389597, -17.5667059 ], [ 44.1389604, -17.5667114 ], [ 44.1389564, -17.5667243 ], [ 44.1389491, -17.566753 ], [ 44.1389437, -17.5667821 ], [ 44.1389403, -17.5668115 ], [ 44.1389389, -17.566841 ], [ 44.1389395, -17.5668705 ], [ 44.1389422, -17.5669 ], [ 44.1389468, -17.5669292 ], [ 44.1389534, -17.566958 ], [ 44.138962, -17.5669864 ], [ 44.1389725, -17.5670142 ], [ 44.1389849, -17.5670413 ], [ 44.1389991, -17.5670675 ], [ 44.139015, -17.5670928 ], [ 44.1390309, -17.5671147 ], [ 44.139039, -17.5671356 ], [ 44.139051300000013, -17.5671627 ], [ 44.1390655, -17.5671889 ], [ 44.1390815, -17.5672142 ], [ 44.1390991, -17.5672384 ], [ 44.1391183, -17.5672615 ], [ 44.1391391, -17.5672833 ], [ 44.1391613, -17.5673038 ], [ 44.1391849, -17.5673228 ], [ 44.1391865, -17.567324 ], [ 44.1392265, -17.567354 ], [ 44.1392497, -17.5673703 ], [ 44.1392757, -17.5673862 ], [ 44.139283399999982, -17.5673905 ], [ 44.1393331, -17.5674176 ], [ 44.1393524, -17.5674275 ], [ 44.1393803, -17.5674401 ], [ 44.1394039, -17.5674491 ], [ 44.1394538, -17.5674666 ], [ 44.1394589, -17.5674683 ], [ 44.1394882, -17.5674773 ], [ 44.1395181, -17.5674843 ], [ 44.1395239, -17.5674855 ], [ 44.1395764, -17.5674955 ], [ 44.139601, -17.5674995 ], [ 44.1396316, -17.5675028 ], [ 44.1396624, -17.5675041 ], [ 44.1396932, -17.5675035 ], [ 44.1397239, -17.567501 ], [ 44.1397543, -17.5674965 ], [ 44.1397844, -17.5674902 ], [ 44.139814, -17.5674819 ], [ 44.1398191, -17.5674803 ], [ 44.1398438, -17.5674765 ], [ 44.1398738, -17.5674702 ], [ 44.1399034, -17.567462 ], [ 44.139908800000015, -17.5674602 ], [ 44.1399421, -17.5674639 ], [ 44.139968, -17.5674696 ], [ 44.1399783, -17.567476 ], [ 44.1399811, -17.5674778 ], [ 44.1400134, -17.5674976 ], [ 44.140047, -17.5675319 ], [ 44.1400532, -17.5675381 ], [ 44.1400656, -17.5675496 ], [ 44.1400682, -17.5675783 ], [ 44.1400728, -17.5676075 ], [ 44.1400795, -17.5676364 ], [ 44.140088, -17.5676648 ], [ 44.1400917, -17.567675 ], [ 44.1400947, -17.567726 ], [ 44.1400972, -17.5677538 ], [ 44.1401019, -17.567783 ], [ 44.140105, -17.5677976 ], [ 44.1401382, -17.5679423 ], [ 44.1401382, -17.567995 ], [ 44.1401358, -17.5681371 ], [ 44.1401276, -17.5682307 ], [ 44.1401205, -17.5682381 ], [ 44.1401006, -17.5682607 ], [ 44.1400838, -17.5682826 ], [ 44.1400284, -17.5683592 ], [ 44.140027, -17.5683611 ], [ 44.140010400000016, -17.568386 ], [ 44.1399955, -17.5684119 ], [ 44.1399946, -17.5684137 ], [ 44.1399503, -17.5684981 ], [ 44.139938199999989, -17.5685231 ], [ 44.139928, -17.5685479 ], [ 44.1398933, -17.5686403 ], [ 44.1398922, -17.568643 ], [ 44.1398829, -17.5686712 ], [ 44.1398756, -17.5686999 ], [ 44.1398702, -17.568729 ], [ 44.1398668, -17.5687583 ], [ 44.1398654, -17.5687879 ], [ 44.139866, -17.5688174 ], [ 44.1398687, -17.5688469 ], [ 44.1398733, -17.5688761 ], [ 44.1398799, -17.5689049 ], [ 44.1398885, -17.5689333 ], [ 44.139899, -17.5689611 ], [ 44.1399114, -17.5689881 ], [ 44.1399255, -17.5690144 ], [ 44.1399303, -17.5690223 ], [ 44.1399789, -17.5691016 ], [ 44.1399901, -17.5691189 ], [ 44.1400077, -17.5691431 ], [ 44.1400269, -17.5691662 ], [ 44.1400477, -17.569188 ], [ 44.1401363, -17.5692751 ], [ 44.1401586, -17.5692956 ], [ 44.1401649, -17.569301 ], [ 44.1402951, -17.5694092 ], [ 44.1403123, -17.5694229 ], [ 44.140337099999989, -17.5694404 ], [ 44.1403416, -17.5694433 ], [ 44.1404105, -17.5694875 ], [ 44.1405041, -17.5695699 ], [ 44.1405075, -17.5695728 ], [ 44.140513299999988, -17.5695777 ], [ 44.1406241, -17.5696701 ], [ 44.1406418, -17.5696842 ], [ 44.1406666, -17.5697017 ], [ 44.1406926, -17.5697177 ], [ 44.1407028, -17.5697233 ], [ 44.1407068, -17.5697255 ], [ 44.1407156, -17.5697371 ], [ 44.1407349, -17.5697602 ], [ 44.1407556, -17.569782 ], [ 44.140777899999989, -17.5698025 ], [ 44.1408014, -17.5698215 ], [ 44.1408262, -17.569839 ], [ 44.1408522, -17.5698549 ], [ 44.1408792, -17.5698692 ], [ 44.1409071, -17.5698817 ], [ 44.1409358, -17.5698925 ], [ 44.1409652, -17.5699014 ], [ 44.1409951, -17.5699085 ], [ 44.141025400000011, -17.5699136 ], [ 44.141056, -17.5699169 ], [ 44.141086799999989, -17.5699182 ], [ 44.1411176, -17.5699176 ], [ 44.1411483, -17.5699151 ], [ 44.1411787, -17.5699106 ], [ 44.1411845, -17.5699096 ], [ 44.1411998, -17.5699173 ], [ 44.1413891, -17.5700215 ], [ 44.14141, -17.5700324 ], [ 44.141412, -17.5700333 ], [ 44.14168020000001, -17.5701627 ], [ 44.1416833, -17.5701824 ], [ 44.14169, -17.5702113 ], [ 44.1416985, -17.5702397 ], [ 44.141709, -17.5702675 ], [ 44.1417214, -17.5702945 ], [ 44.1417356, -17.5703208 ], [ 44.1417515, -17.570346 ], [ 44.1417692, -17.5703703 ], [ 44.1417884, -17.5703933 ], [ 44.1418092, -17.5704152 ], [ 44.1418314, -17.5704356 ], [ 44.141855, -17.5704547 ], [ 44.1418798, -17.5704722 ], [ 44.141905699999988, -17.5704881 ], [ 44.1419327, -17.5705023 ], [ 44.1419606, -17.5705148 ], [ 44.1419893, -17.5705256 ], [ 44.1420074, -17.5705313 ], [ 44.1420877, -17.5705551 ], [ 44.142099, -17.5705583 ], [ 44.1421289, -17.5705653 ], [ 44.1421592, -17.5705705 ], [ 44.1421707, -17.570572 ], [ 44.1422399, -17.5705799 ], [ 44.1422591, -17.5705817 ], [ 44.1422899, -17.570583 ], [ 44.1423207, -17.5705824 ], [ 44.1423514, -17.5705799 ], [ 44.142363499999988, -17.5705783 ], [ 44.1423642, -17.5705784 ], [ 44.1423948, -17.5705817 ], [ 44.142425599999989, -17.570583 ], [ 44.1424564, -17.5705824 ], [ 44.1424871, -17.5705799 ], [ 44.1425175, -17.5705754 ], [ 44.1425476, -17.5705691 ], [ 44.1425772, -17.5705609 ], [ 44.1425785, -17.5705604 ], [ 44.1425942, -17.5705613 ], [ 44.1426158, -17.570562 ], [ 44.1426466, -17.5705614 ], [ 44.1426773, -17.5705589 ], [ 44.1427077, -17.5705544 ], [ 44.142737800000013, -17.5705481 ], [ 44.1427674, -17.5705398 ], [ 44.1427964, -17.5705298 ], [ 44.1428122, -17.5705234 ], [ 44.1428155, -17.5705236 ], [ 44.1428463, -17.5705249 ], [ 44.1428771, -17.5705243 ], [ 44.1429078, -17.5705218 ], [ 44.1429382, -17.5705174 ], [ 44.1429683, -17.570511 ], [ 44.1429979, -17.5705028 ], [ 44.1430098, -17.5704989 ], [ 44.1430299, -17.5704995 ], [ 44.1430635, -17.5705072 ], [ 44.1430758, -17.5705099 ], [ 44.1431061, -17.5705151 ], [ 44.1431367, -17.5705183 ], [ 44.1431723, -17.5705197 ], [ 44.1432045, -17.5705258 ], [ 44.1432291, -17.5705299 ], [ 44.1432597, -17.5705331 ], [ 44.1432963, -17.5705345 ], [ 44.14331, -17.5705345 ], [ 44.1433125, -17.5705355 ], [ 44.1433411, -17.5705463 ], [ 44.1433499, -17.5705491 ], [ 44.1433972, -17.5705641 ], [ 44.1434178, -17.5705702 ], [ 44.1434477, -17.5705773 ], [ 44.143478, -17.5705824 ], [ 44.1435086, -17.5705857 ], [ 44.1435107, -17.5705858 ], [ 44.1435495, -17.5705886 ], [ 44.1436024, -17.5706244 ], [ 44.1436032, -17.570625 ], [ 44.1437015, -17.5706913 ], [ 44.1437537, -17.5707327 ], [ 44.1437628, -17.5707398 ], [ 44.1437876, -17.5707573 ], [ 44.1438128, -17.5707728 ], [ 44.1438821, -17.5708124 ], [ 44.1438828, -17.5708128 ], [ 44.1439098, -17.570827 ], [ 44.1439137, -17.5708289 ], [ 44.1439801, -17.5708606 ], [ 44.1440041, -17.5708712 ], [ 44.1440328, -17.570882 ], [ 44.1440622, -17.5708909 ], [ 44.1440921, -17.570898 ], [ 44.1441225, -17.5709032 ], [ 44.1441531, -17.5709064 ], [ 44.144201, -17.5709076 ], [ 44.1442099, -17.5709095 ], [ 44.14424, -17.5709147 ], [ 44.1442463, -17.5709178 ], [ 44.1442742, -17.5709304 ], [ 44.1443029, -17.5709411 ], [ 44.1443323, -17.57095 ], [ 44.1443622, -17.5709571 ], [ 44.1443925, -17.5709623 ], [ 44.1444231, -17.5709655 ], [ 44.1444539, -17.5709669 ], [ 44.1444847, -17.5709663 ], [ 44.1445114, -17.5709642 ], [ 44.1445586, -17.5709592 ], [ 44.1445627, -17.5709587 ], [ 44.14458, -17.5709564 ], [ 44.1446588, -17.5709445 ], [ 44.1446719, -17.5709424 ], [ 44.1446806, -17.5709408 ], [ 44.1447609, -17.5709249 ], [ 44.1447823, -17.5709202 ], [ 44.1448119, -17.570912 ], [ 44.1448408, -17.5709019 ], [ 44.1448691, -17.57089 ], [ 44.144878, -17.5708858 ], [ 44.1449429, -17.5708544 ], [ 44.1450195, -17.5708248 ], [ 44.1450349, -17.5708185 ], [ 44.1450826, -17.5707981 ], [ 44.1451284, -17.5707861 ], [ 44.1451449, -17.5707814 ], [ 44.1451685, -17.5707743 ], [ 44.14517, -17.5707747 ], [ 44.145199900000016, -17.5707818 ], [ 44.1452303, -17.570787 ], [ 44.1452609, -17.5707902 ], [ 44.1452858, -17.5707915 ], [ 44.1453965, -17.5707941 ], [ 44.1454024, -17.5707942 ], [ 44.1454167, -17.5707942 ], [ 44.1455703, -17.5707915 ], [ 44.1455869, -17.570791 ], [ 44.1456176, -17.5707884 ], [ 44.1456296, -17.5707869 ], [ 44.1456659, -17.5707818 ], [ 44.1456778, -17.5707839 ], [ 44.145696799999989, -17.570787 ], [ 44.1457274, -17.5707902 ], [ 44.1457582, -17.5707916 ], [ 44.145789, -17.5707909 ], [ 44.1458197, -17.5707884 ], [ 44.1458379, -17.570786 ], [ 44.1458602, -17.5707896 ], [ 44.1458908, -17.5707929 ], [ 44.1459216, -17.5707942 ], [ 44.1459524, -17.5707936 ], [ 44.145983099999981, -17.5707911 ], [ 44.1460136, -17.5707866 ], [ 44.1460436, -17.5707802 ], [ 44.1460732, -17.570772 ], [ 44.146089499999988, -17.5707666 ], [ 44.1461182, -17.5707678 ], [ 44.146149, -17.5707672 ], [ 44.1461695, -17.5707657 ], [ 44.1462139, -17.5707616 ], [ 44.1462262, -17.5707639 ], [ 44.1462448, -17.5707688 ], [ 44.1462719, -17.5707751 ], [ 44.1463023, -17.5707803 ], [ 44.1463329, -17.5707836 ], [ 44.1463544, -17.5707847 ], [ 44.1464358, -17.5707872 ], [ 44.1464451, -17.5707874 ], [ 44.1464759, -17.5707868 ], [ 44.1464835, -17.5707864 ], [ 44.1465332, -17.5708245 ], [ 44.1465363, -17.5708268 ], [ 44.1465611, -17.5708443 ], [ 44.146587, -17.5708603 ], [ 44.146614, -17.5708745 ], [ 44.1466419, -17.570887 ], [ 44.1466706, -17.5708978 ], [ 44.1467, -17.5709067 ], [ 44.1467051, -17.570908 ], [ 44.1468369, -17.5709421 ], [ 44.146842299999989, -17.5709456 ], [ 44.1468448, -17.5709473 ], [ 44.1468707, -17.5709632 ], [ 44.1468977, -17.5709775 ], [ 44.1469256, -17.57099 ], [ 44.1469543, -17.5710007 ], [ 44.1469837, -17.5710097 ], [ 44.1470136, -17.5710167 ], [ 44.1470439, -17.5710219 ], [ 44.1470621, -17.5710241 ], [ 44.14722, -17.5710399 ], [ 44.1472324, -17.571041 ], [ 44.1472632, -17.5710423 ], [ 44.147294, -17.5710417 ], [ 44.1473246, -17.5710392 ], [ 44.147355100000013, -17.5710347 ], [ 44.1473852, -17.5710284 ], [ 44.1474148, -17.5710201 ], [ 44.1474437, -17.5710101 ], [ 44.147472, -17.5709982 ], [ 44.1474993, -17.5709846 ], [ 44.1475257, -17.5709693 ], [ 44.1475388, -17.5709608 ], [ 44.1475712, -17.5709391 ], [ 44.1475792, -17.5709387 ], [ 44.1476099, -17.5709362 ], [ 44.1476403, -17.5709318 ], [ 44.1476704, -17.5709254 ], [ 44.1477, -17.5709172 ], [ 44.147729, -17.5709071 ], [ 44.1477572, -17.5708952 ], [ 44.1477845, -17.5708816 ], [ 44.1478109, -17.5708663 ], [ 44.1478246, -17.5708575 ], [ 44.1478685, -17.5708279 ], [ 44.1479605, -17.5707954 ], [ 44.1479727, -17.5707909 ], [ 44.148000899999985, -17.5707791 ], [ 44.1480282, -17.5707655 ], [ 44.1480546, -17.5707502 ], [ 44.1480798, -17.5707333 ], [ 44.1481039, -17.5707148 ], [ 44.1481266, -17.5706949 ], [ 44.148148, -17.5706735 ], [ 44.1481678, -17.5706509 ], [ 44.1481861, -17.5706271 ], [ 44.1482026, -17.5706022 ], [ 44.1482175, -17.5705763 ], [ 44.1482306, -17.5705496 ], [ 44.1482418, -17.5705221 ], [ 44.1482511, -17.5704939 ], [ 44.1482584, -17.5704652 ], [ 44.1482587, -17.5704635 ], [ 44.1482843, -17.5704513 ], [ 44.1483051, -17.5704407 ], [ 44.1483315, -17.5704254 ], [ 44.1483568, -17.5704085 ], [ 44.1483808, -17.5703901 ], [ 44.1484035, -17.5703701 ], [ 44.1484249, -17.5703488 ], [ 44.1484447, -17.5703262 ], [ 44.148463, -17.5703024 ], [ 44.1484658, -17.5702984 ], [ 44.148533, -17.5702022 ], [ 44.1485917, -17.5701311 ], [ 44.148592300000011, -17.5701303 ], [ 44.1486026, -17.5701173 ], [ 44.1486229, -17.5701015 ], [ 44.1486457, -17.5700816 ], [ 44.148667, -17.5700603 ], [ 44.1486868, -17.5700377 ], [ 44.1487051, -17.5700139 ], [ 44.1487217, -17.569989 ], [ 44.1487365, -17.5699631 ], [ 44.1487496, -17.5699363 ], [ 44.1487608, -17.5699088 ], [ 44.1487694, -17.5698831 ], [ 44.1487707, -17.5698812 ], [ 44.148787299999988, -17.5698563 ], [ 44.1488022, -17.5698304 ], [ 44.1488152, -17.5698037 ], [ 44.1488254, -17.5697789 ], [ 44.1488597, -17.5697474 ], [ 44.1488629, -17.5697444 ], [ 44.1488843, -17.5697231 ], [ 44.1489041, -17.5697005 ], [ 44.1489223, -17.5696767 ], [ 44.1489389, -17.5696518 ], [ 44.1489455, -17.5696408 ], [ 44.1490142, -17.5695224 ], [ 44.1490224, -17.5695075 ], [ 44.1490355, -17.5694808 ], [ 44.1490467, -17.5694533 ], [ 44.149056, -17.5694251 ], [ 44.1490634, -17.5693964 ], [ 44.1490688, -17.5693673 ], [ 44.1490722, -17.5693379 ], [ 44.1490736, -17.5693084 ], [ 44.1490729, -17.5692789 ], [ 44.1490703, -17.5692494 ], [ 44.1490656, -17.5692202 ], [ 44.1490638, -17.5692113 ], [ 44.1490477, -17.5691369 ], [ 44.1490432, -17.5691179 ], [ 44.1490611, -17.5690712 ], [ 44.1490841, -17.5690337 ], [ 44.1490978, -17.5690097 ], [ 44.1491108, -17.5689829 ], [ 44.149122, -17.5689554 ], [ 44.1491313, -17.5689272 ], [ 44.1491387, -17.5688985 ], [ 44.1491441, -17.5688694 ], [ 44.1491475, -17.5688401 ], [ 44.1491489, -17.5688106 ], [ 44.1491482, -17.568781 ], [ 44.1491456, -17.5687516 ], [ 44.1491441, -17.568741 ], [ 44.1491318, -17.5686584 ], [ 44.1491286, -17.5686398 ], [ 44.149122, -17.5686109 ], [ 44.1491134, -17.5685825 ], [ 44.1491029, -17.5685548 ], [ 44.1490906, -17.5685277 ], [ 44.149085199999988, -17.5685173 ], [ 44.1490893, -17.5684977 ], [ 44.149098, -17.5684582 ], [ 44.1491381, -17.5684164 ], [ 44.1491417, -17.5684125 ], [ 44.1491441, -17.56841 ], [ 44.1491589, -17.568394 ], [ 44.1491713, -17.5683927 ], [ 44.1492018, -17.5683883 ], [ 44.1492319, -17.5683819 ], [ 44.1492615, -17.5683737 ], [ 44.1492904, -17.5683636 ], [ 44.1493186, -17.5683517 ], [ 44.149346, -17.5683381 ], [ 44.1493724, -17.5683228 ], [ 44.149386, -17.568314 ], [ 44.149433099999989, -17.5682823 ], [ 44.1494447, -17.5682742 ], [ 44.1494687, -17.5682558 ], [ 44.1494915, -17.5682358 ], [ 44.149512799999989, -17.5682145 ], [ 44.1495326, -17.5681919 ], [ 44.1495509, -17.5681681 ], [ 44.1495609, -17.5681532 ], [ 44.1495675, -17.5681432 ], [ 44.1495731, -17.5681338 ], [ 44.1496218, -17.5680941 ], [ 44.1496225, -17.5680935 ], [ 44.1496452, -17.5680736 ], [ 44.1496666, -17.5680522 ], [ 44.149686400000014, -17.5680296 ], [ 44.1496922, -17.5680224 ], [ 44.1496939, -17.5680212 ], [ 44.149718, -17.5680027 ], [ 44.1497407, -17.5679828 ], [ 44.1497621, -17.5679614 ], [ 44.1497741, -17.5679481 ], [ 44.1497809, -17.5679435 ], [ 44.1497928, -17.5679352 ], [ 44.1498132, -17.5679197 ], [ 44.1498769, -17.5678686 ], [ 44.1498805, -17.5678656 ], [ 44.1499033, -17.5678457 ], [ 44.1499246, -17.5678244 ], [ 44.1499444, -17.5678018 ], [ 44.1499627, -17.567778 ], [ 44.1499793, -17.5677531 ], [ 44.14998, -17.5677519 ], [ 44.1499954, -17.5677268 ], [ 44.1500343, -17.5676988 ], [ 44.1500576, -17.5676809 ], [ 44.1500804, -17.5676609 ], [ 44.1501017, -17.5676396 ], [ 44.1501215, -17.567617 ], [ 44.1501398, -17.5675932 ], [ 44.1501564, -17.5675683 ], [ 44.1501708, -17.5675431 ], [ 44.1501725, -17.5675418 ], [ 44.1501824, -17.5675339 ], [ 44.1502052, -17.567514 ], [ 44.150226499999988, -17.5674927 ], [ 44.1502463, -17.5674701 ], [ 44.150264600000014, -17.5674463 ], [ 44.150281199999988, -17.5674214 ], [ 44.150296, -17.5673955 ], [ 44.1503091, -17.5673687 ], [ 44.1503203, -17.5673412 ], [ 44.1503296, -17.567313 ], [ 44.150335, -17.5672929 ], [ 44.1503649, -17.5671692 ], [ 44.150386600000012, -17.5670994 ], [ 44.1504002, -17.5670557 ], [ 44.150437, -17.5669627 ], [ 44.1505813, -17.5667649 ], [ 44.1506112, -17.5667321 ], [ 44.150676, -17.5666685 ], [ 44.1506951, -17.5666549 ], [ 44.1507486, -17.5666383 ], [ 44.1507493, -17.5666381 ], [ 44.1507782, -17.566628 ], [ 44.1508064, -17.5666161 ], [ 44.1508338, -17.5666025 ], [ 44.150860099999989, -17.5665872 ], [ 44.150872299999989, -17.5665794 ], [ 44.1509787, -17.5665084 ], [ 44.1510612, -17.5664559 ], [ 44.151167499999985, -17.5663974 ], [ 44.1513091, -17.5663399 ], [ 44.1514624, -17.5662786 ], [ 44.1514664, -17.566279 ], [ 44.1514971, -17.5662803 ], [ 44.1515279, -17.5662797 ], [ 44.1515586, -17.5662771 ], [ 44.1515891, -17.5662727 ], [ 44.1516192, -17.5662663 ], [ 44.1516488, -17.5662581 ], [ 44.1516777, -17.566248 ], [ 44.1517059, -17.5662362 ], [ 44.1517333, -17.5662226 ], [ 44.1517596, -17.5662073 ], [ 44.1517849, -17.5661904 ], [ 44.1518089, -17.5661719 ], [ 44.1518125, -17.566169 ], [ 44.1519019, -17.5660941 ], [ 44.15207179999998, -17.5659868 ], [ 44.152091700000014, -17.5659736 ], [ 44.1522467, -17.5658644 ], [ 44.1522501, -17.565862 ], [ 44.1522742, -17.5658435 ], [ 44.1522969, -17.5658236 ], [ 44.1523183, -17.5658023 ], [ 44.1523381, -17.5657797 ], [ 44.1523456, -17.5657702 ], [ 44.1523545, -17.5657588 ], [ 44.1523624, -17.5657536 ], [ 44.1523775, -17.5657432 ], [ 44.1524016, -17.5657247 ], [ 44.1524243, -17.5657048 ], [ 44.1524456, -17.5656835 ], [ 44.1524655, -17.5656609 ], [ 44.1524837, -17.565637 ], [ 44.1525003, -17.5656121 ], [ 44.1525152, -17.5655863 ], [ 44.1525282, -17.5655595 ], [ 44.1525301, -17.5655551 ], [ 44.1525634, -17.5654786 ], [ 44.1525702, -17.565462 ], [ 44.1526089, -17.5653616 ], [ 44.1526105, -17.5653576 ], [ 44.1526898, -17.5651462 ], [ 44.1527061, -17.5651276 ], [ 44.1527686, -17.5650576 ], [ 44.1527811, -17.5650431 ], [ 44.1527994, -17.5650193 ], [ 44.152815900000014, -17.5649944 ], [ 44.1528308, -17.5649685 ], [ 44.1528439, -17.5649417 ], [ 44.1528551, -17.5649142 ], [ 44.1528644, -17.564886 ], [ 44.1528717, -17.5648573 ], [ 44.1528771, -17.5648282 ], [ 44.1528787, -17.5648168 ], [ 44.15288, -17.564806 ], [ 44.1529203, -17.5647291 ], [ 44.152924, -17.564722 ], [ 44.1529523, -17.5646656 ], [ 44.1529744, -17.5646577 ], [ 44.1530026, -17.5646458 ], [ 44.1530171, -17.5646389 ], [ 44.1530218, -17.5646378 ], [ 44.1530514, -17.5646295 ], [ 44.1530803, -17.5646195 ], [ 44.1531085, -17.5646076 ], [ 44.1531359, -17.564594 ], [ 44.1531415, -17.5645909 ], [ 44.1531587, -17.5645859 ], [ 44.1531877, -17.5645758 ], [ 44.1532159, -17.564564 ], [ 44.1532432, -17.5645504 ], [ 44.1532696, -17.5645351 ], [ 44.1532948, -17.5645181 ], [ 44.1533059, -17.56451 ], [ 44.1533751, -17.5644572 ], [ 44.1533881, -17.5644469 ], [ 44.1534063, -17.5644311 ], [ 44.1534291, -17.5644214 ], [ 44.1534564, -17.5644078 ], [ 44.1534828, -17.5643925 ], [ 44.153508, -17.5643756 ], [ 44.1535321, -17.5643571 ], [ 44.1535548, -17.5643372 ], [ 44.1535762, -17.5643159 ], [ 44.153596, -17.5642932 ], [ 44.1536142, -17.5642694 ], [ 44.1536308, -17.5642445 ], [ 44.1536457, -17.5642187 ], [ 44.1536522, -17.5642059 ], [ 44.153668, -17.5641876 ], [ 44.1536803, -17.5641719 ], [ 44.1537219, -17.5641164 ], [ 44.1537278, -17.5641084 ], [ 44.1537444, -17.5640835 ], [ 44.1537447, -17.5640829 ], [ 44.1538001, -17.5639931 ], [ 44.1538146, -17.5639678 ], [ 44.1538276, -17.5639411 ], [ 44.1538388, -17.5639135 ], [ 44.1538482, -17.5638854 ], [ 44.1538555, -17.5638567 ], [ 44.1538577, -17.5638461 ], [ 44.1538614, -17.5638273 ], [ 44.1538691, -17.5638226 ], [ 44.1538705, -17.5638217 ], [ 44.1539737, -17.5637568 ], [ 44.154011, -17.5637398 ], [ 44.154026800000011, -17.5637561 ], [ 44.154049, -17.5637766 ], [ 44.1540585, -17.5637845 ], [ 44.154136, -17.5638479 ], [ 44.1541501, -17.563859 ], [ 44.1541599, -17.5638662 ], [ 44.1542264, -17.5639137 ], [ 44.1542414, -17.563924 ], [ 44.1542674, -17.5639399 ], [ 44.1542943, -17.5639542 ], [ 44.1543223, -17.5639667 ], [ 44.154350900000011, -17.5639774 ], [ 44.1543803, -17.5639864 ], [ 44.1544102, -17.5639934 ], [ 44.1544406, -17.5639986 ], [ 44.1544712, -17.5640018 ], [ 44.1545019, -17.5640032 ], [ 44.1545327, -17.5640026 ], [ 44.1545634, -17.564 ], [ 44.1545939, -17.5639956 ], [ 44.154624, -17.5639892 ], [ 44.154653599999989, -17.563981 ], [ 44.1546825, -17.5639709 ], [ 44.154698, -17.5639647 ], [ 44.1547478, -17.5639436 ], [ 44.1547606, -17.5639379 ], [ 44.1547737, -17.5639317 ], [ 44.1548429, -17.5638973 ], [ 44.1548571, -17.56389 ], [ 44.1548835, -17.5638747 ], [ 44.1549088, -17.5638578 ], [ 44.1549328, -17.5638393 ], [ 44.1549555, -17.5638194 ], [ 44.1549657, -17.5638096 ], [ 44.1549969, -17.5637785 ], [ 44.155042, -17.5637486 ], [ 44.155056, -17.5637389 ], [ 44.15508, -17.5637205 ], [ 44.1551007, -17.5637025 ], [ 44.1551705, -17.5636379 ], [ 44.1551842, -17.5636329 ], [ 44.1552124, -17.563621 ], [ 44.155234, -17.5636104 ], [ 44.1553097, -17.563571 ], [ 44.1553154, -17.563568 ], [ 44.1553418, -17.5635527 ], [ 44.155367, -17.5635358 ], [ 44.1553911, -17.5635173 ], [ 44.1554138, -17.5634974 ], [ 44.1554352, -17.5634761 ], [ 44.155455, -17.5634535 ], [ 44.1554732, -17.5634297 ], [ 44.1554898, -17.5634048 ], [ 44.1555047, -17.5633789 ], [ 44.1555177, -17.5633521 ], [ 44.1555289, -17.5633246 ], [ 44.155534599999982, -17.5633082 ], [ 44.1555711, -17.5632762 ], [ 44.1555954, -17.563258 ], [ 44.1556117, -17.5632452 ], [ 44.1556344, -17.5632253 ], [ 44.1556557, -17.563204 ], [ 44.1556756, -17.5631813 ], [ 44.1556938, -17.5631575 ], [ 44.1557104, -17.5631326 ], [ 44.1557196, -17.5631171 ], [ 44.1557201, -17.5631166 ], [ 44.15574, -17.563094 ], [ 44.1557582, -17.5630701 ], [ 44.1557748, -17.5630452 ], [ 44.1557896, -17.5630194 ], [ 44.1558027, -17.5629926 ], [ 44.1558139, -17.5629651 ], [ 44.1558232, -17.5629369 ], [ 44.1558306, -17.5629082 ], [ 44.155836, -17.5628791 ], [ 44.1558362, -17.5628777 ], [ 44.1558445, -17.5628208 ], [ 44.1558642, -17.5627563 ], [ 44.155903, -17.5626746 ], [ 44.1559072, -17.5626655 ], [ 44.1559184, -17.562638 ], [ 44.1559277, -17.5626098 ], [ 44.1559351, -17.5625811 ], [ 44.1559374, -17.5625696 ], [ 44.1559624, -17.5624402 ], [ 44.1559654, -17.5624226 ], [ 44.1559657, -17.5624203 ], [ 44.1559679, -17.5624156 ], [ 44.1559791, -17.5623881 ], [ 44.1559884, -17.5623599 ], [ 44.1559951, -17.5623341 ], [ 44.1560025, -17.5623017 ], [ 44.1560114, -17.5622633 ], [ 44.156012499999981, -17.5622583 ], [ 44.156017899999981, -17.5622292 ], [ 44.1560213, -17.5621999 ], [ 44.1560227, -17.5621704 ], [ 44.1560221, -17.5621408 ], [ 44.1560194, -17.5621114 ], [ 44.1560148, -17.5620822 ], [ 44.1560082, -17.5620533 ], [ 44.1560064, -17.562047 ], [ 44.1560132, -17.5620297 ], [ 44.1560225, -17.5620015 ], [ 44.1560299, -17.5619728 ], [ 44.156035300000013, -17.5619437 ], [ 44.156038699999989, -17.5619143 ], [ 44.156040100000013, -17.5618848 ], [ 44.1560394, -17.5618553 ], [ 44.1560393, -17.5618526 ], [ 44.1560366, -17.5618088 ], [ 44.156034100000014, -17.5617821 ], [ 44.1560294, -17.5617529 ], [ 44.1560228, -17.561724 ], [ 44.1560142, -17.5616956 ], [ 44.1560037, -17.5616679 ], [ 44.1560023, -17.5616644 ], [ 44.1560159, -17.5616405 ], [ 44.156029, -17.5616137 ], [ 44.1560402, -17.5615862 ], [ 44.1560495, -17.561558 ], [ 44.1560568, -17.5615293 ], [ 44.1560596, -17.5615156 ], [ 44.1560735, -17.5614417 ], [ 44.1560761, -17.5614263 ], [ 44.1560795, -17.5613969 ], [ 44.1560808, -17.5613674 ], [ 44.1560802, -17.5613379 ], [ 44.1560776, -17.5613084 ], [ 44.1560729, -17.5612792 ], [ 44.1560663, -17.5612503 ], [ 44.1560577, -17.561222 ], [ 44.156047199999989, -17.5611942 ], [ 44.1560359, -17.5611692 ], [ 44.155995, -17.561086 ], [ 44.1559914, -17.5610198 ], [ 44.155991299999982, -17.5610192 ], [ 44.1559887, -17.5609898 ], [ 44.1559841, -17.5609606 ], [ 44.1559828, -17.5609541 ], [ 44.1559606, -17.5608485 ], [ 44.1559553, -17.5608261 ], [ 44.1559467, -17.5607977 ], [ 44.1559362, -17.5607699 ], [ 44.155926, -17.5607474 ], [ 44.1559057, -17.5607054 ], [ 44.1559011, -17.5606913 ], [ 44.1558996, -17.5606868 ], [ 44.1558891, -17.5606591 ], [ 44.1558767, -17.560632 ], [ 44.1558626, -17.5606058 ], [ 44.1558621, -17.560605 ], [ 44.1558617, -17.5606021 ], [ 44.1558547, -17.5605207 ], [ 44.155853, -17.560504 ], [ 44.1558483, -17.5604748 ], [ 44.155846600000011, -17.5604662 ], [ 44.1558244, -17.5603632 ], [ 44.1558195, -17.560343 ], [ 44.155811, -17.5603146 ], [ 44.1558005, -17.5602868 ], [ 44.1557881, -17.5602598 ], [ 44.1557739, -17.5602335 ], [ 44.1557691, -17.5602256 ], [ 44.1557688, -17.5602214 ], [ 44.1557671, -17.5602057 ], [ 44.1557625, -17.5601765 ], [ 44.1557558, -17.5601476 ], [ 44.1557473, -17.5601192 ], [ 44.1557368, -17.5600915 ], [ 44.1557244, -17.5600644 ], [ 44.1557102, -17.5600382 ], [ 44.1556943, -17.5600129 ], [ 44.1556766, -17.5599887 ], [ 44.1556574, -17.5599656 ], [ 44.155650900000012, -17.5599584 ], [ 44.1556045, -17.5599086 ], [ 44.155526599999988, -17.5598152 ], [ 44.1555167, -17.5598037 ], [ 44.1554974, -17.5597834 ], [ 44.1553865, -17.5596733 ], [ 44.1553406, -17.5596114 ], [ 44.1553338, -17.5596024 ], [ 44.1553145, -17.5595793 ], [ 44.1552938, -17.5595575 ], [ 44.1552715, -17.5595371 ], [ 44.155266, -17.5595323 ], [ 44.1552649, -17.5595305 ], [ 44.155249, -17.5595052 ], [ 44.1552313, -17.559481 ], [ 44.1552121, -17.5594579 ], [ 44.1551913, -17.5594361 ], [ 44.1551691, -17.5594156 ], [ 44.1551455, -17.5593966 ], [ 44.1551269, -17.5593832 ], [ 44.1550493, -17.5593304 ], [ 44.1550432, -17.5593263 ], [ 44.1550172, -17.5593104 ], [ 44.1549902, -17.5592961 ], [ 44.1549773, -17.5592901 ], [ 44.1549247, -17.5592663 ], [ 44.1549097, -17.5592599 ], [ 44.154881, -17.5592491 ], [ 44.1548582, -17.559242 ], [ 44.1548309, -17.5592342 ], [ 44.1547843, -17.5592035 ], [ 44.1547838, -17.5592031 ], [ 44.1547578, -17.5591872 ], [ 44.1547308, -17.559173 ], [ 44.1547029, -17.5591604 ], [ 44.154674199999981, -17.5591497 ], [ 44.1546449, -17.5591408 ], [ 44.154631, -17.5591372 ], [ 44.1545459, -17.559117 ], [ 44.1544095, -17.5590823 ], [ 44.1543864, -17.5590771 ], [ 44.1543819, -17.5590762 ], [ 44.1541425, -17.5590299 ], [ 44.1541167, -17.5590256 ], [ 44.1540983, -17.5590234 ], [ 44.1540854, -17.5590179 ], [ 44.1540567, -17.5590072 ], [ 44.1540274, -17.5589983 ], [ 44.1539975, -17.5589912 ], [ 44.1539671, -17.558986 ], [ 44.1539365, -17.5589828 ], [ 44.1539299, -17.5589823 ], [ 44.1539234, -17.5589593 ], [ 44.1539166, -17.5589375 ], [ 44.153909399999989, -17.5589179 ], [ 44.1538845, -17.5588546 ], [ 44.1538812, -17.5588463 ], [ 44.1538688, -17.5588193 ], [ 44.1538546, -17.558793 ], [ 44.1538387, -17.5587677 ], [ 44.153821, -17.5587435 ], [ 44.153815, -17.558736 ], [ 44.1538144, -17.5587335 ], [ 44.1538077, -17.5587109 ], [ 44.1537762, -17.5586136 ], [ 44.1537748, -17.5585976 ], [ 44.153773, -17.5585804 ], [ 44.1537684, -17.5585512 ], [ 44.1537618, -17.5585223 ], [ 44.1537532, -17.5584939 ], [ 44.1537427, -17.5584662 ], [ 44.1537303, -17.5584391 ], [ 44.1537161, -17.5584129 ], [ 44.1537002, -17.5583876 ], [ 44.1536825, -17.5583634 ], [ 44.1536633, -17.5583403 ], [ 44.1536626, -17.5583396 ], [ 44.1536594, -17.5583287 ], [ 44.1536489, -17.558301 ], [ 44.1536365, -17.5582739 ], [ 44.1536223, -17.5582477 ], [ 44.1536064, -17.5582224 ], [ 44.1535926, -17.5582032 ], [ 44.1535566, -17.5581556 ], [ 44.1535527, -17.5581506 ], [ 44.1535479, -17.5581445 ], [ 44.1535381, -17.5581188 ], [ 44.1535368, -17.5581158 ], [ 44.153519, -17.5580739 ], [ 44.1535188, -17.5580735 ], [ 44.1535162, -17.5580589 ], [ 44.1535096, -17.5580301 ], [ 44.153501, -17.5580017 ], [ 44.1534905, -17.5579739 ], [ 44.153478199999988, -17.5579469 ], [ 44.153464, -17.5579206 ], [ 44.153448, -17.5578954 ], [ 44.1534469, -17.5578937 ], [ 44.153446, -17.5578917 ], [ 44.153443799999984, -17.5578687 ], [ 44.1534392, -17.5578395 ], [ 44.1534325, -17.5578106 ], [ 44.1534276, -17.5577934 ], [ 44.1534277, -17.5577878 ], [ 44.1534271, -17.5577582 ], [ 44.1534246, -17.5577306 ], [ 44.153416, -17.5576588 ], [ 44.1534137, -17.5575633 ], [ 44.1534132, -17.5575497 ], [ 44.1534126, -17.5575411 ], [ 44.1534354, -17.557489 ], [ 44.1534451, -17.5574649 ], [ 44.1534544, -17.5574367 ], [ 44.1534583, -17.5574225 ], [ 44.1534714, -17.5573716 ], [ 44.1535099, -17.5573171 ], [ 44.1535251, -17.5572942 ], [ 44.1535399, -17.5572683 ], [ 44.1535522, -17.5572433 ], [ 44.1536045, -17.5571277 ], [ 44.153623, -17.5570974 ], [ 44.1536449, -17.5570744 ], [ 44.1536476, -17.5570715 ], [ 44.1536674, -17.5570489 ], [ 44.1536857, -17.5570251 ], [ 44.1537023, -17.5570002 ], [ 44.1537035, -17.5569982 ], [ 44.1537616, -17.5569032 ], [ 44.1537753, -17.5568793 ], [ 44.1537883, -17.5568525 ], [ 44.1537995, -17.556825 ], [ 44.1538047, -17.55681 ], [ 44.1538324, -17.5567256 ], [ 44.1538365, -17.5567124 ], [ 44.1538439, -17.5566837 ], [ 44.1538484, -17.5566599 ], [ 44.1538678, -17.5565411 ], [ 44.1538686, -17.5565358 ], [ 44.153872, -17.5565064 ], [ 44.1538734, -17.5564769 ], [ 44.1538728, -17.5564473 ], [ 44.1538701, -17.5564179 ], [ 44.1538655, -17.5563887 ], [ 44.1538589, -17.5563598 ], [ 44.1538503, -17.5563314 ], [ 44.1538441, -17.5563144 ], [ 44.1538053, -17.556214 ], [ 44.153801, -17.5562033 ], [ 44.1537954, -17.5561905 ], [ 44.1537714, -17.5561376 ], [ 44.1537549, -17.5560833 ], [ 44.1537506, -17.5560701 ], [ 44.1537401, -17.5560423 ], [ 44.1537277, -17.5560152 ], [ 44.1537135, -17.555989 ], [ 44.1536996, -17.5559668 ], [ 44.153693, -17.5559499 ], [ 44.1536806, -17.5559228 ], [ 44.1536665, -17.5558966 ], [ 44.1536505, -17.5558713 ], [ 44.1536329, -17.5558471 ], [ 44.153613600000014, -17.555824 ], [ 44.1535928, -17.5558022 ], [ 44.1535706, -17.5557817 ], [ 44.1535471, -17.5557627 ], [ 44.1535222, -17.5557452 ], [ 44.1534963, -17.5557293 ], [ 44.1534693, -17.5557151 ], [ 44.1534603, -17.5557108 ], [ 44.1534206, -17.5556924 ], [ 44.1534078, -17.5556823 ], [ 44.153342099999989, -17.5556243 ], [ 44.153338, -17.5556207 ], [ 44.1533277, -17.5556121 ], [ 44.1533012, -17.5555905 ], [ 44.1532765, -17.5555168 ], [ 44.1532759, -17.5555151 ], [ 44.1532654, -17.5554873 ], [ 44.1532531, -17.5554603 ], [ 44.1532389, -17.555434 ], [ 44.1532256, -17.5554127 ], [ 44.153174399999983, -17.5553355 ], [ 44.1531448, -17.5552702 ], [ 44.1531412, -17.5552625 ], [ 44.1530997, -17.5551754 ], [ 44.1530963, -17.5551685 ], [ 44.1530895, -17.5551554 ], [ 44.1530425, -17.5550683 ], [ 44.1530351, -17.5550552 ], [ 44.1530191, -17.5550299 ], [ 44.1530015, -17.5550057 ], [ 44.1529822, -17.5549826 ], [ 44.1529615, -17.5549608 ], [ 44.1529485, -17.5549485 ], [ 44.152934, -17.5549353 ], [ 44.1529321, -17.5549201 ], [ 44.1529194, -17.5547886 ], [ 44.1529254, -17.554694 ], [ 44.1529263, -17.5546718 ], [ 44.1529257, -17.5546423 ], [ 44.152923, -17.5546128 ], [ 44.1529184, -17.5545836 ], [ 44.152915799999988, -17.5545715 ], [ 44.1529059, -17.554527 ], [ 44.1529115, -17.554506 ], [ 44.1529117, -17.5545055 ], [ 44.1529427, -17.5543888 ], [ 44.1529566, -17.5543763 ], [ 44.1529779, -17.554355 ], [ 44.1529977, -17.5543324 ], [ 44.153016, -17.5543086 ], [ 44.1530326, -17.5542837 ], [ 44.1530474, -17.5542578 ], [ 44.1530605, -17.554231 ], [ 44.1530717, -17.5542035 ], [ 44.153081, -17.5541753 ], [ 44.1530883, -17.5541467 ], [ 44.1530937, -17.5541176 ], [ 44.1530937, -17.5541175 ], [ 44.153123, -17.5540849 ], [ 44.1531362, -17.5540695 ], [ 44.1531544, -17.5540457 ], [ 44.153171, -17.5540208 ], [ 44.1531859, -17.553995 ], [ 44.1531989, -17.5539682 ], [ 44.1532033, -17.5539575 ], [ 44.1532101, -17.5539407 ], [ 44.1532194, -17.5539125 ], [ 44.1532217, -17.5539044 ], [ 44.153222700000015, -17.5539037 ], [ 44.1532467, -17.5538852 ], [ 44.1532694, -17.5538653 ], [ 44.1532908, -17.553844 ], [ 44.1532947, -17.5538397 ], [ 44.1534442, -17.553676 ], [ 44.1534601, -17.5536577 ], [ 44.1534784, -17.5536339 ], [ 44.1534949, -17.553609 ], [ 44.1535098, -17.5535831 ], [ 44.1535229, -17.5535563 ], [ 44.1535238, -17.5535541 ], [ 44.1535427, -17.5535351 ], [ 44.1535626, -17.5535125 ], [ 44.1535808, -17.5534887 ], [ 44.1535974, -17.5534638 ], [ 44.1536122, -17.5534379 ], [ 44.15361570000001, -17.5534312 ], [ 44.15366, -17.553344 ], [ 44.1536696, -17.553324 ], [ 44.1536808, -17.5532965 ], [ 44.1536901, -17.5532683 ], [ 44.1536975, -17.5532396 ], [ 44.1537029, -17.5532105 ], [ 44.1537063, -17.5531811 ], [ 44.1537072, -17.553126 ], [ 44.153715, -17.553102 ], [ 44.1537224, -17.5530733 ], [ 44.1537278, -17.5530442 ], [ 44.1537312, -17.5530148 ], [ 44.1537325, -17.5529853 ], [ 44.1537319, -17.5529557 ], [ 44.1537293, -17.5529263 ], [ 44.1537246, -17.5528971 ], [ 44.153718, -17.5528682 ], [ 44.1537094, -17.5528399 ], [ 44.1536989, -17.5528121 ], [ 44.1536916, -17.5527954 ], [ 44.1536653, -17.552739 ], [ 44.153635, -17.5526592 ], [ 44.1536297, -17.5526458 ], [ 44.1536173, -17.5526187 ], [ 44.1536031, -17.5525925 ], [ 44.1535872, -17.5525672 ], [ 44.1535835, -17.5525619 ], [ 44.1535168, -17.5524665 ], [ 44.1534696, -17.5523765 ], [ 44.1534286, -17.5522973 ], [ 44.1534176, -17.5522773 ], [ 44.1534142, -17.5522716 ], [ 44.1533817, -17.5522179 ], [ 44.1533259, -17.5521068 ], [ 44.1533124, -17.552082 ], [ 44.1532964, -17.5520567 ], [ 44.1532806, -17.5520348 ], [ 44.1532805, -17.5520334 ], [ 44.1532779, -17.552004 ], [ 44.1532732, -17.5519748 ], [ 44.1532666, -17.5519459 ], [ 44.153258, -17.5519175 ], [ 44.1532475, -17.5518897 ], [ 44.1532352, -17.5518627 ], [ 44.153221, -17.5518364 ], [ 44.1532123, -17.5518223 ], [ 44.153248, -17.5517968 ], [ 44.1533559, -17.5517342 ], [ 44.1533689, -17.5517263 ], [ 44.15339070000001, -17.5517119 ], [ 44.153507, -17.55163 ], [ 44.1535105, -17.5516276 ], [ 44.1535345, -17.5516091 ], [ 44.1535573, -17.5515892 ], [ 44.1535786, -17.5515678 ], [ 44.1535881, -17.5515573 ], [ 44.1536414, -17.5515589 ], [ 44.1536503, -17.5515591 ], [ 44.153681, -17.5515585 ], [ 44.1537117, -17.5515559 ], [ 44.1537422, -17.5515515 ], [ 44.1537723, -17.5515451 ], [ 44.1538019, -17.5515369 ], [ 44.1538308, -17.5515268 ], [ 44.1538523, -17.551518 ], [ 44.1538933, -17.5514999 ], [ 44.153897, -17.5515042 ], [ 44.1538992, -17.5515066 ], [ 44.15392, -17.5515285 ], [ 44.1539422, -17.5515489 ], [ 44.153965799999987, -17.5515679 ], [ 44.1539676, -17.5515693 ], [ 44.1540691, -17.5516451 ], [ 44.1541386, -17.5516998 ], [ 44.1541457, -17.5517053 ], [ 44.1541706, -17.5517228 ], [ 44.1541965, -17.5517387 ], [ 44.1542235, -17.5517529 ], [ 44.1542346, -17.5517582 ], [ 44.1543212, -17.5517977 ], [ 44.154338, -17.551805 ], [ 44.1543667, -17.5518157 ], [ 44.1543961, -17.5518247 ], [ 44.154426, -17.5518317 ], [ 44.1544563, -17.5518369 ], [ 44.1544718, -17.5518388 ], [ 44.1545725, -17.5518495 ], [ 44.154595, -17.5518653 ], [ 44.154621, -17.5518812 ], [ 44.154648, -17.5518954 ], [ 44.1546759, -17.5519079 ], [ 44.1547045, -17.5519187 ], [ 44.1547339, -17.5519276 ], [ 44.1547638, -17.5519347 ], [ 44.1547941, -17.5519398 ], [ 44.1548248, -17.5519431 ], [ 44.1548555, -17.5519444 ], [ 44.1548863, -17.5519438 ], [ 44.154917, -17.5519413 ], [ 44.1549475, -17.5519368 ], [ 44.154977599999988, -17.5519305 ], [ 44.1549943, -17.5519261 ], [ 44.1550659, -17.5519058 ], [ 44.1551514, -17.5518829 ], [ 44.1551705, -17.5518774 ], [ 44.1551995, -17.5518673 ], [ 44.1552277, -17.5518554 ], [ 44.155247, -17.551846 ], [ 44.1552696, -17.5518466 ], [ 44.1552764, -17.5518467 ], [ 44.1553072, -17.5518461 ], [ 44.1553379, -17.5518436 ], [ 44.1553466, -17.5518425 ], [ 44.1553888, -17.5518369 ], [ 44.1553997, -17.551838 ], [ 44.1554138, -17.5518393 ], [ 44.1554707, -17.5518402 ], [ 44.1555344, -17.5518376 ], [ 44.1555391, -17.5518374 ], [ 44.1555698, -17.5518349 ], [ 44.1556002, -17.5518304 ], [ 44.1556303, -17.551824 ], [ 44.1556599, -17.5518158 ], [ 44.1556889, -17.5518057 ], [ 44.1556899, -17.5518053 ], [ 44.1557002, -17.5518075 ], [ 44.1557164, -17.5518105 ], [ 44.1557623, -17.5518183 ], [ 44.1557764, -17.5518204 ], [ 44.155807, -17.5518237 ], [ 44.1558378, -17.551825 ], [ 44.1558686, -17.5518244 ], [ 44.1558993, -17.5518219 ], [ 44.1559297, -17.5518174 ], [ 44.1559571, -17.5518117 ], [ 44.1560111, -17.5517988 ], [ 44.1560138, -17.5517982 ], [ 44.1560434, -17.55179 ], [ 44.1560724, -17.5517799 ], [ 44.1561006, -17.551768 ], [ 44.1561279, -17.5517544 ], [ 44.1561543, -17.5517391 ], [ 44.1561795, -17.5517222 ], [ 44.1562036, -17.5517037 ], [ 44.1562263, -17.5516838 ], [ 44.1562476, -17.5516625 ], [ 44.1562675, -17.5516399 ], [ 44.1562857, -17.5516161 ], [ 44.1563023, -17.5515912 ], [ 44.1563171, -17.5515653 ], [ 44.1563302, -17.5515385 ], [ 44.1563302, -17.5515384 ], [ 44.1563396, -17.5515362 ], [ 44.1563403, -17.551536 ], [ 44.1564153, -17.5515176 ], [ 44.1565511, -17.5514907 ], [ 44.1565722, -17.551486 ], [ 44.1566018, -17.5514778 ], [ 44.156630700000015, -17.5514677 ], [ 44.1566444, -17.5514623 ], [ 44.1567389, -17.5514226 ], [ 44.1567562, -17.551416 ], [ 44.1567738, -17.5514239 ], [ 44.1568024, -17.5514346 ], [ 44.1568318, -17.5514435 ], [ 44.1568617, -17.5514506 ], [ 44.1568823, -17.5514543 ], [ 44.156982, -17.5514702 ], [ 44.156991700000013, -17.5514716 ], [ 44.1570223, -17.5514749 ], [ 44.1570531, -17.5514762 ], [ 44.1570839, -17.5514756 ], [ 44.1571146, -17.551473 ], [ 44.1571328, -17.5514706 ], [ 44.1572021, -17.55146 ], [ 44.1572143, -17.551458 ], [ 44.157229699999988, -17.551455 ], [ 44.1572902, -17.5514422 ], [ 44.1573067, -17.5514397 ], [ 44.1573677, -17.5514361 ], [ 44.1574039, -17.5514347 ], [ 44.1574347, -17.5514374 ], [ 44.1574405, -17.5514379 ], [ 44.1574712, -17.5514392 ], [ 44.157502, -17.5514386 ], [ 44.1575327, -17.5514361 ], [ 44.1575482, -17.551434 ], [ 44.1576202, -17.5514235 ], [ 44.1576352, -17.551421 ], [ 44.1576652, -17.5514147 ], [ 44.1576776, -17.5514115 ], [ 44.1577357, -17.5513956 ], [ 44.157753, -17.5513906 ], [ 44.1577819, -17.5513805 ], [ 44.1577954, -17.5513751 ], [ 44.1578262, -17.5513729 ], [ 44.157833200000013, -17.5513748 ], [ 44.1578632, -17.5513819 ], [ 44.1578935, -17.5513871 ], [ 44.1579241, -17.5513903 ], [ 44.157940700000012, -17.5513913 ], [ 44.1579663, -17.5514027 ], [ 44.1579949, -17.5514134 ], [ 44.1580243, -17.5514223 ], [ 44.1580542, -17.5514294 ], [ 44.1580845, -17.5514346 ], [ 44.1581152, -17.5514378 ], [ 44.158145900000015, -17.5514391 ], [ 44.1581767, -17.5514385 ], [ 44.1582074, -17.551436 ], [ 44.1582357, -17.5514319 ], [ 44.1582591, -17.5514373 ], [ 44.1582895, -17.5514425 ], [ 44.1583201, -17.5514457 ], [ 44.1583508, -17.551447 ], [ 44.1583816, -17.5514464 ], [ 44.1584065, -17.5514445 ], [ 44.15845920000001, -17.5514391 ], [ 44.1585532, -17.5514391 ], [ 44.1585782, -17.5514385 ], [ 44.1586089, -17.551436 ], [ 44.1586394, -17.5514315 ], [ 44.1586695, -17.5514252 ], [ 44.1587053, -17.5517124 ], [ 44.1588599, -17.5519705 ], [ 44.1585119, -17.5522286 ], [ 44.1578932, -17.5521917 ], [ 44.1575839, -17.5522655 ], [ 44.1574679, -17.5527079 ], [ 44.1572138, -17.5529889 ], [ 44.1574292, -17.5533346 ], [ 44.1571199, -17.5543669 ], [ 44.1573906, -17.5546619 ], [ 44.1578247, -17.5549788 ], [ 44.1578547, -17.5549974 ], [ 44.157985, -17.5550241 ], [ 44.1580781, -17.5551749 ], [ 44.1580781, -17.5553702 ], [ 44.1583573, -17.5558494 ], [ 44.1586551, -17.5559471 ], [ 44.1586831, -17.5557075 ], [ 44.158748200000012, -17.5555122 ], [ 44.1589065, -17.5553969 ], [ 44.1591112, -17.5553172 ], [ 44.1592971, -17.5555065 ], [ 44.1593925, -17.5554637 ], [ 44.1594093, -17.5553996 ], [ 44.1594822, -17.5551804 ], [ 44.1596561, -17.5550841 ], [ 44.1597855, -17.5551597 ], [ 44.1597856, -17.5553583 ], [ 44.1598215, -17.5554884 ], [ 44.1599723, -17.555639 ], [ 44.1607552, -17.5558756 ], [ 44.1609706, -17.5558032 ], [ 44.1612147, -17.5556184 ], [ 44.1615288, -17.5555134 ], [ 44.1618761, -17.5552066 ], [ 44.162142899999985, -17.554924 ], [ 44.1621938, -17.5548997 ], [ 44.1622192, -17.5548917 ], [ 44.1624915, -17.5547599 ], [ 44.1626854, -17.5547256 ], [ 44.1627859, -17.5548009 ], [ 44.1629095, -17.5547423 ], [ 44.1629519, -17.5547262 ], [ 44.163159300000011, -17.5547256 ], [ 44.1633161, -17.554707 ], [ 44.1633533, -17.5549515 ], [ 44.1631522, -17.5550953 ], [ 44.1630158, -17.5553008 ], [ 44.1631091, -17.5555062 ], [ 44.1631523, -17.5556773 ], [ 44.1634893, -17.5557861 ], [ 44.1644767, -17.5553413 ], [ 44.1646944, -17.5542778 ], [ 44.1644023, -17.5531035 ], [ 44.1648611, -17.5525 ], [ 44.1654859, -17.552102 ], [ 44.166203, -17.5518523 ], [ 44.167034, -17.5518385 ], [ 44.1669444, -17.5527222 ], [ 44.1670229, -17.5537467 ], [ 44.1671777, -17.5544003 ], [ 44.1678301, -17.5542843 ], [ 44.1681923, -17.554035 ], [ 44.168605100000015, -17.5537487 ], [ 44.1690556, -17.5531667 ], [ 44.1689053, -17.5520668 ], [ 44.1697778, -17.5515556 ], [ 44.1707444, -17.5514226 ], [ 44.1707802, -17.5513602 ], [ 44.1708175, -17.5513286 ], [ 44.170825799999989, -17.551289 ], [ 44.1708217, -17.5512455 ], [ 44.1707927, -17.5512139 ], [ 44.1707273, -17.5511809 ], [ 44.1707232, -17.5510781 ], [ 44.1707066, -17.5510425 ], [ 44.17069, -17.550999 ], [ 44.1706289, -17.5509452 ], [ 44.1705, -17.5509118 ], [ 44.170465, -17.550837 ], [ 44.1704678, -17.5507582 ], [ 44.1704342, -17.5507075 ], [ 44.170444, -17.5506095 ], [ 44.170514, -17.5505374 ], [ 44.1706316, -17.550504 ], [ 44.1707003, -17.5505294 ], [ 44.1707143, -17.5505775 ], [ 44.1707927, -17.5506148 ], [ 44.1708601, -17.5505758 ], [ 44.170873899999989, -17.5505253 ], [ 44.1708515, -17.5504559 ], [ 44.1708655, -17.5503851 ], [ 44.1709244, -17.5503451 ], [ 44.1709734, -17.5502756 ], [ 44.1710321, -17.5503055 ], [ 44.17107690000001, -17.5502615 ], [ 44.1711298, -17.5502713 ], [ 44.1711988, -17.5502281 ], [ 44.1711764, -17.5501559 ], [ 44.171127299999988, -17.5501266 ], [ 44.1710769, -17.5501052 ], [ 44.1709887, -17.5500879 ], [ 44.1708836, -17.5501026 ], [ 44.170794, -17.5501092 ], [ 44.1707075, -17.5501073 ], [ 44.1705791, -17.5500335 ], [ 44.1705033, -17.5499923 ], [ 44.1704801, -17.5498997 ], [ 44.1704414, -17.5498282 ], [ 44.1703737, -17.5497913 ], [ 44.1702866, -17.5498467 ], [ 44.1702624, -17.5498882 ], [ 44.1702914, -17.5499574 ], [ 44.1701995, -17.5499689 ], [ 44.1701439, -17.5499044 ], [ 44.1701511, -17.5498006 ], [ 44.1701679, -17.5496991 ], [ 44.1701124, -17.5495953 ], [ 44.1701715, -17.5495335 ], [ 44.1701922, -17.5495058 ], [ 44.1702745, -17.5495054 ], [ 44.1703249, -17.5494821 ], [ 44.1703457, -17.5494465 ], [ 44.1703178, -17.5494062 ], [ 44.1702672, -17.5494223 ], [ 44.1702188, -17.5494454 ], [ 44.170221200000015, -17.5493854 ], [ 44.1701509, -17.5493485 ], [ 44.170059, -17.5493693 ], [ 44.1700277, -17.5494085 ], [ 44.1699973, -17.5494544 ], [ 44.169989, -17.5494979 ], [ 44.1699516, -17.5495177 ], [ 44.1698753, -17.5495308 ], [ 44.1698003, -17.54948 ], [ 44.1698052, -17.5493647 ], [ 44.1698189, -17.5493001 ], [ 44.1697775, -17.5492379 ], [ 44.1696953, -17.5491664 ], [ 44.1695659, -17.5491301 ], [ 44.1694945, -17.5491572 ], [ 44.1694365, -17.5492195 ], [ 44.1693978, -17.5492794 ], [ 44.1692865, -17.549291 ], [ 44.1691994, -17.549291 ], [ 44.1691654, -17.549243 ], [ 44.169122, -17.549201 ], [ 44.169105099999982, -17.5491526 ], [ 44.1690107, -17.5491503 ], [ 44.1689535, -17.549197 ], [ 44.1688701, -17.5491603 ], [ 44.1688572, -17.5491328 ], [ 44.1688088, -17.5490968 ], [ 44.1687513, -17.5491236 ], [ 44.1686685, -17.5491591 ], [ 44.1686346, -17.5491937 ], [ 44.1686443, -17.5492536 ], [ 44.1685984, -17.5493044 ], [ 44.1685258, -17.5492582 ], [ 44.1684655, -17.5492827 ], [ 44.1683903, -17.5493482 ], [ 44.1682767, -17.5494036 ], [ 44.1681847, -17.5493667 ], [ 44.1682065, -17.5493044 ], [ 44.1682162, -17.5492467 ], [ 44.168163, -17.549226 ], [ 44.1680893, -17.5492468 ], [ 44.1680022, -17.5492099 ], [ 44.1678764, -17.5492168 ], [ 44.1677095, -17.5491984 ], [ 44.1676103, -17.5491107 ], [ 44.1675547, -17.5490392 ], [ 44.1675426, -17.548947 ], [ 44.1675181, -17.5489125 ], [ 44.1674919, -17.5489034 ], [ 44.1674023, -17.548917 ], [ 44.167366, -17.548977 ], [ 44.1672596, -17.5489747 ], [ 44.1672015, -17.5489978 ], [ 44.1671652, -17.5490393 ], [ 44.1670612, -17.5490485 ], [ 44.1670393, -17.5489904 ], [ 44.1669158, -17.5490547 ], [ 44.1664567, -17.5490377 ], [ 44.1662652, -17.5490377 ], [ 44.1653781, -17.5490314 ], [ 44.1653794, -17.5490301 ], [ 44.1653992, -17.5490075 ], [ 44.165417399999988, -17.5489837 ], [ 44.1654291, -17.5489666 ], [ 44.1654822, -17.5488847 ], [ 44.1655314, -17.5488189 ], [ 44.1655373, -17.5488109 ], [ 44.1655533, -17.548787 ], [ 44.1656088, -17.5486977 ], [ 44.1656094, -17.5486967 ], [ 44.1656243, -17.5486708 ], [ 44.1656373, -17.5486441 ], [ 44.1656485, -17.5486166 ], [ 44.1656578, -17.5485884 ], [ 44.1656652, -17.5485597 ], [ 44.1656669, -17.5485517 ], [ 44.1656873, -17.5484499 ], [ 44.1656996, -17.5484067 ], [ 44.1657088, -17.5483929 ], [ 44.1657176, -17.5483793 ], [ 44.1657324, -17.5483534 ], [ 44.1657455, -17.5483266 ], [ 44.165756699999989, -17.5482991 ], [ 44.165766, -17.5482709 ], [ 44.1657727, -17.5482452 ], [ 44.165793799999989, -17.5481526 ], [ 44.1657944, -17.5481497 ], [ 44.1657998, -17.5481206 ], [ 44.1658026, -17.5480982 ], [ 44.1658051, -17.548072 ], [ 44.1658059, -17.5480707 ], [ 44.1658161, -17.5480637 ], [ 44.1658247, -17.5480576 ], [ 44.1658488, -17.5480392 ], [ 44.1658715, -17.5480192 ], [ 44.1658928, -17.5479979 ], [ 44.1659048, -17.5479846 ], [ 44.1659107, -17.547982 ], [ 44.165938, -17.5479684 ], [ 44.1659643, -17.5479531 ], [ 44.165989, -17.5479366 ], [ 44.166056499999989, -17.5478883 ], [ 44.1660571, -17.5478879 ], [ 44.1660812, -17.5478694 ], [ 44.1661011, -17.5478521 ], [ 44.166104, -17.547851 ], [ 44.1661322, -17.5478391 ], [ 44.1661595, -17.5478255 ], [ 44.1661859, -17.5478102 ], [ 44.1662111, -17.5477933 ], [ 44.1662352, -17.5477749 ], [ 44.1662579, -17.5477549 ], [ 44.166261, -17.547752 ], [ 44.1662666, -17.5477467 ], [ 44.1662668, -17.5477466 ], [ 44.1662904, -17.5477365 ], [ 44.1663177, -17.5477229 ], [ 44.166328, -17.5477172 ], [ 44.1664226, -17.5476633 ], [ 44.1664387, -17.5476536 ], [ 44.1664464, -17.5476487 ], [ 44.1664881, -17.5476216 ], [ 44.166503, -17.5476161 ], [ 44.1665087, -17.5476139 ], [ 44.1665369, -17.5476021 ], [ 44.1665643, -17.5475884 ], [ 44.1665906, -17.5475732 ], [ 44.1666159, -17.5475562 ], [ 44.1666399, -17.5475378 ], [ 44.1666411, -17.5475368 ], [ 44.1666834, -17.5475019 ], [ 44.1666964, -17.5474971 ], [ 44.1667247, -17.5474852 ], [ 44.166752, -17.5474716 ], [ 44.1667783, -17.5474563 ], [ 44.1667966, -17.5474443 ], [ 44.1668578, -17.547402 ], [ 44.1668648, -17.5473971 ], [ 44.1668888, -17.5473786 ], [ 44.1668925, -17.5473756 ], [ 44.1669504, -17.5473271 ], [ 44.1669968, -17.5472931 ], [ 44.1670172, -17.5472773 ], [ 44.1670344, -17.5472624 ], [ 44.1670946, -17.5472079 ], [ 44.1670998, -17.5472031 ], [ 44.1671735, -17.5471343 ], [ 44.1671739, -17.5471339 ], [ 44.1671952, -17.5471126 ], [ 44.167215, -17.54709 ], [ 44.1672237, -17.5470791 ], [ 44.1672808, -17.547005 ], [ 44.1672903, -17.5469921 ], [ 44.1673069, -17.5469672 ], [ 44.167321800000011, -17.5469413 ], [ 44.1673327, -17.5469192 ], [ 44.1673491, -17.5469025 ], [ 44.1673689, -17.5468799 ], [ 44.1673872, -17.5468561 ], [ 44.1674037, -17.5468312 ], [ 44.1674186, -17.5468053 ], [ 44.1674316, -17.5467786 ], [ 44.1674428, -17.546751 ], [ 44.1674457, -17.5467432 ], [ 44.1674466, -17.546742 ], [ 44.1674641, -17.5467191 ], [ 44.1674807, -17.5466942 ], [ 44.1674857, -17.546686 ], [ 44.1675274, -17.5466152 ], [ 44.167567399999989, -17.5465659 ], [ 44.1675775, -17.546553 ], [ 44.1676362, -17.546475 ], [ 44.1676429, -17.5464659 ], [ 44.1676595, -17.546441 ], [ 44.1676744, -17.5464151 ], [ 44.1676817, -17.5464006 ], [ 44.1677277, -17.5463056 ], [ 44.1677334, -17.5462933 ], [ 44.1677446, -17.5462658 ], [ 44.167746, -17.5462619 ], [ 44.1677673, -17.5462023 ], [ 44.1677729, -17.5461978 ], [ 44.1677956, -17.5461779 ], [ 44.1678169, -17.5461565 ], [ 44.1678368, -17.5461339 ], [ 44.167855, -17.5461101 ], [ 44.1678716, -17.5460852 ], [ 44.1678864, -17.5460593 ], [ 44.1678995, -17.5460326 ], [ 44.1679004, -17.5460304 ], [ 44.1679342, -17.5459537 ], [ 44.1679532, -17.5459279 ], [ 44.1679572, -17.5459225 ], [ 44.1679664, -17.5459092 ], [ 44.1679723, -17.5459002 ], [ 44.16798, -17.5458954 ], [ 44.1679816, -17.5458944 ], [ 44.1680069, -17.5458775 ], [ 44.1680309, -17.545859 ], [ 44.1680537, -17.5458391 ], [ 44.168075, -17.5458178 ], [ 44.1680924, -17.5457982 ], [ 44.1681435, -17.5457369 ], [ 44.1681903, -17.545698 ], [ 44.1682109, -17.5456798 ], [ 44.1682184, -17.5456726 ], [ 44.168313, -17.54558 ], [ 44.1683268, -17.5455659 ], [ 44.1683315, -17.5455608 ], [ 44.1683896, -17.5454968 ], [ 44.1684523, -17.5454349 ], [ 44.1684648, -17.5454221 ], [ 44.1684829, -17.5454016 ], [ 44.1684902, -17.5453928 ], [ 44.1684999, -17.5453911 ], [ 44.1685299, -17.5453848 ], [ 44.1685595, -17.5453766 ], [ 44.1685885, -17.5453665 ], [ 44.1686167, -17.5453546 ], [ 44.168644, -17.545341 ], [ 44.1686704, -17.5453257 ], [ 44.1686956, -17.5453088 ], [ 44.1687197, -17.5452903 ], [ 44.1687424, -17.5452704 ], [ 44.1687637, -17.5452491 ], [ 44.168767, -17.5452456 ], [ 44.168769, -17.5452434 ], [ 44.1687707, -17.5452425 ], [ 44.1688559, -17.5452032 ], [ 44.1688826, -17.5451899 ], [ 44.168909, -17.5451746 ], [ 44.1689289, -17.5451614 ], [ 44.1689362, -17.5451564 ], [ 44.1689434, -17.5451541 ], [ 44.1689702, -17.5451447 ], [ 44.1689984, -17.5451328 ], [ 44.1690257, -17.5451192 ], [ 44.1690521, -17.5451039 ], [ 44.1690773, -17.545087 ], [ 44.1691014, -17.5450685 ], [ 44.1691159, -17.5450561 ], [ 44.1691307, -17.5450429 ], [ 44.1691373, -17.5450422 ], [ 44.1691678, -17.5450377 ], [ 44.1691978, -17.5450314 ], [ 44.169227400000011, -17.5450231 ], [ 44.1692564, -17.5450131 ], [ 44.1692846, -17.5450012 ], [ 44.1693037, -17.5449919 ], [ 44.1693228, -17.5449821 ], [ 44.1693237, -17.5449822 ], [ 44.1693543, -17.5449855 ], [ 44.1693851, -17.5449868 ], [ 44.1694158, -17.5449862 ], [ 44.169446499999985, -17.5449837 ], [ 44.169477, -17.5449792 ], [ 44.1695071, -17.5449728 ], [ 44.1695366, -17.5449646 ], [ 44.1695656, -17.5449545 ], [ 44.1695938, -17.5449427 ], [ 44.1696212, -17.5449291 ], [ 44.1696475, -17.5449138 ], [ 44.1696649, -17.5449024 ], [ 44.1696697, -17.5448998 ], [ 44.1696961, -17.5448845 ], [ 44.1697213, -17.5448676 ], [ 44.1697454, -17.5448491 ], [ 44.1697654, -17.5448316 ], [ 44.1697364, -17.5447714 ], [ 44.1696094, -17.5446203 ], [ 44.1695317, -17.5445262 ], [ 44.1694692, -17.5444539 ], [ 44.1694393, -17.544506 ], [ 44.1693959, -17.5444719 ], [ 44.1693908, -17.5445353 ], [ 44.1693243, -17.5444987 ], [ 44.1692604, -17.544528 ], [ 44.1691812, -17.5445426 ], [ 44.1690816, -17.5445938 ], [ 44.1690407, -17.5445889 ], [ 44.1689563, -17.5446109 ], [ 44.1688746, -17.5446547 ], [ 44.1687954, -17.5447254 ], [ 44.168718699999985, -17.5447498 ], [ 44.1686522, -17.5447961 ], [ 44.1685516, -17.5448424 ], [ 44.1684673, -17.5448887 ], [ 44.1684137, -17.5449472 ], [ 44.1683651, -17.5449448 ], [ 44.1683012, -17.544974 ], [ 44.1682373, -17.5450106 ], [ 44.1681632, -17.5450618 ], [ 44.1681147, -17.5451203 ], [ 44.1680431, -17.5451909 ], [ 44.1679767, -17.545264 ], [ 44.1678821, -17.5453567 ], [ 44.1678029, -17.5454225 ], [ 44.167724899999989, -17.5455159 ], [ 44.1676304, -17.5455744 ], [ 44.167569, -17.545667 ], [ 44.1675205, -17.5457328 ], [ 44.1674668, -17.5458547 ], [ 44.1673927, -17.5459107 ], [ 44.1673391, -17.5460082 ], [ 44.1673008, -17.5461154 ], [ 44.1672548, -17.5462105 ], [ 44.167196, -17.5462885 ], [ 44.1671347, -17.546364 ], [ 44.1670759, -17.5464637 ], [ 44.1670223, -17.5465295 ], [ 44.166999, -17.5466007 ], [ 44.166940499999988, -17.5466465 ], [ 44.1669022, -17.5467366 ], [ 44.1668451, -17.5468107 ], [ 44.1667714, -17.5468796 ], [ 44.1667112, -17.5469341 ], [ 44.1666524, -17.5469772 ], [ 44.1665828, -17.5470355 ], [ 44.1665216, -17.5470778 ], [ 44.166471, -17.5470778 ], [ 44.1663972, -17.5471423 ], [ 44.1663339, -17.5471947 ], [ 44.1662685, -17.5472188 ], [ 44.166182, -17.5472751 ], [ 44.1660874, -17.5473291 ], [ 44.1660009, -17.5473633 ], [ 44.1659291, -17.5474317 ], [ 44.1658215, -17.547472 ], [ 44.1657751, -17.5475263 ], [ 44.1657076, -17.5475746 ], [ 44.165638, -17.5476048 ], [ 44.165581, -17.5476068 ], [ 44.1655427, -17.5476961 ], [ 44.1654457, -17.5477625 ], [ 44.165376099999989, -17.5478832 ], [ 44.1653423, -17.5479697 ], [ 44.1653339, -17.5480562 ], [ 44.1653128, -17.5481487 ], [ 44.165264300000011, -17.5482212 ], [ 44.1652285, -17.5483479 ], [ 44.1652047, -17.5484662 ], [ 44.1651491, -17.5485554 ], [ 44.1650907, -17.5486335 ], [ 44.1650293, -17.5487283 ], [ 44.1649474, -17.5488035 ], [ 44.1647779, -17.5488816 ], [ 44.1646024, -17.5489485 ], [ 44.1644354, -17.5489876 ], [ 44.1642892, -17.5489988 ], [ 44.1641548, -17.5489876 ], [ 44.1640612, -17.5489486 ], [ 44.1639471, -17.548865 ], [ 44.1638828, -17.5488092 ], [ 44.1637571, -17.5487535 ], [ 44.1636529, -17.548734 ], [ 44.1635301, -17.5487619 ], [ 44.163404400000012, -17.5488121 ], [ 44.163305, -17.54884 ], [ 44.1632027, -17.5488957 ], [ 44.163077, -17.5489543 ], [ 44.163041899999989, -17.5490547 ], [ 44.163001, -17.5491104 ], [ 44.1630565, -17.5491634 ], [ 44.1630449, -17.5492526 ], [ 44.1630156, -17.5493418 ], [ 44.1630127, -17.5494143 ], [ 44.1629601, -17.5495202 ], [ 44.1629952, -17.5496099 ], [ 44.163042, -17.549674 ], [ 44.1630888, -17.5497604 ], [ 44.1631095, -17.5498474 ], [ 44.163079, -17.5499108 ], [ 44.1631593, -17.550019 ], [ 44.1631732, -17.5501484 ], [ 44.1631151, -17.5501986 ], [ 44.163048599999989, -17.5502276 ], [ 44.1629822, -17.5502514 ], [ 44.1629268, -17.550357 ], [ 44.1629102, -17.5504335 ], [ 44.1628603, -17.5504547 ], [ 44.1628347, -17.5504891 ], [ 44.1627848, -17.550498 ], [ 44.162735, -17.5505165 ], [ 44.1627073, -17.5505693 ], [ 44.1626658, -17.5506458 ], [ 44.1626159, -17.5507066 ], [ 44.1625273, -17.5507356 ], [ 44.1624526, -17.5507805 ], [ 44.1623501, -17.5507779 ], [ 44.1622643, -17.5507673 ], [ 44.1622034, -17.5507383 ], [ 44.1621276, -17.5507207 ], [ 44.1621276, -17.5507516 ], [ 44.1620871, -17.5507568 ], [ 44.1620621, -17.5507278 ], [ 44.162012300000015, -17.5506591 ], [ 44.1619431, -17.550601 ], [ 44.1618738, -17.5505377 ], [ 44.1618074, -17.5504955 ], [ 44.161646800000014, -17.5504532 ], [ 44.1614668, -17.5504057 ], [ 44.1613339, -17.5503477 ], [ 44.1612232, -17.5503133 ], [ 44.1611069, -17.550287 ], [ 44.1610349, -17.5503398 ], [ 44.1608826, -17.5503609 ], [ 44.1607266, -17.5503055 ], [ 44.1606297, -17.5502632 ], [ 44.1605521, -17.5502501 ], [ 44.1604552, -17.5502685 ], [ 44.1602614, -17.5502527 ], [ 44.1602005, -17.5502606 ], [ 44.1601063, -17.5502739 ], [ 44.1600039, -17.5503055 ], [ 44.1599596, -17.5503425 ], [ 44.1599281, -17.5504402 ], [ 44.1598617, -17.5505088 ], [ 44.159798, -17.5505273 ], [ 44.1597204, -17.5505511 ], [ 44.159717699999987, -17.5506145 ], [ 44.1596955, -17.5506646 ], [ 44.159612500000016, -17.5506593 ], [ 44.1595072, -17.5506356 ], [ 44.1594325, -17.5506224 ], [ 44.1593826, -17.5506356 ], [ 44.1593633, -17.5506699 ], [ 44.1593051, -17.5506858 ], [ 44.1592664, -17.5507201 ], [ 44.1592414, -17.5507623 ], [ 44.1591501, -17.5507676 ], [ 44.1590947, -17.5507465 ], [ 44.1590532, -17.5507782 ], [ 44.158995, -17.5507967 ], [ 44.1589424, -17.5508073 ], [ 44.1588538, -17.5508363 ], [ 44.1587763, -17.5508785 ], [ 44.1586972, -17.5509163 ], [ 44.1585975, -17.5509559 ], [ 44.1585532, -17.5509876 ], [ 44.1584341, -17.5509876 ], [ 44.1583566, -17.5509955 ], [ 44.1582763, -17.5509638 ], [ 44.1582154, -17.5509559 ], [ 44.1581517, -17.5509876 ], [ 44.158088, -17.5509401 ], [ 44.1580382, -17.5509295 ], [ 44.1579606, -17.5509401 ], [ 44.157908, -17.550919 ], [ 44.1578037, -17.5509216 ], [ 44.1577317, -17.5509269 ], [ 44.1576514, -17.5509322 ], [ 44.1576071, -17.5509613 ], [ 44.157549, -17.5509771 ], [ 44.157477, -17.5509877 ], [ 44.1574161, -17.5509824 ], [ 44.1573441, -17.550985 ], [ 44.1572555, -17.5509903 ], [ 44.1572029, -17.5509982 ], [ 44.1571281, -17.5510141 ], [ 44.1570589, -17.5510247 ], [ 44.1569592, -17.5510088 ], [ 44.1569177, -17.5509745 ], [ 44.1568512, -17.5509481 ], [ 44.156755, -17.5509455 ], [ 44.1566802, -17.5509587 ], [ 44.156557, -17.5510061 ], [ 44.1564559, -17.5510485 ], [ 44.1563092, -17.5510775 ], [ 44.1562233, -17.5510986 ], [ 44.1561126, -17.5511119 ], [ 44.1560295, -17.551133 ], [ 44.1559571, -17.5511858 ], [ 44.155918299999989, -17.551228 ], [ 44.155912799999989, -17.5512676 ], [ 44.1558895, -17.5513169 ], [ 44.1558976, -17.5513606 ], [ 44.1558436, -17.5513735 ], [ 44.1557977, -17.5513658 ], [ 44.1557799, -17.5513442 ], [ 44.1557688, -17.5512967 ], [ 44.1557023, -17.5513099 ], [ 44.1556442, -17.5513231 ], [ 44.1555694, -17.5513363 ], [ 44.1555141, -17.5513865 ], [ 44.1554504, -17.5513891 ], [ 44.1553819, -17.551382 ], [ 44.1552822, -17.5513952 ], [ 44.1551797, -17.5513926 ], [ 44.1551022, -17.5514058 ], [ 44.1550247, -17.551448 ], [ 44.1549361, -17.5514718 ], [ 44.1548613, -17.5514929 ], [ 44.1548059, -17.5514401 ], [ 44.1547422, -17.5514005 ], [ 44.154673, -17.5514058 ], [ 44.1545235, -17.55139 ], [ 44.1544369, -17.5513504 ], [ 44.1543629, -17.5512923 ], [ 44.1542569, -17.5512131 ], [ 44.154171, -17.5511154 ], [ 44.1541046, -17.5510415 ], [ 44.154016, -17.5509834 ], [ 44.1539827, -17.5509517 ], [ 44.1538803, -17.5509227 ], [ 44.1538028, -17.5509359 ], [ 44.1537308, -17.5509729 ], [ 44.153728, -17.5510758 ], [ 44.153656, -17.5511075 ], [ 44.153567399999986, -17.5511049 ], [ 44.15344, -17.5511049 ], [ 44.153357, -17.551126 ], [ 44.1532922, -17.5511815 ], [ 44.1532285, -17.551266 ], [ 44.1531122, -17.5513478 ], [ 44.1529849, -17.5514217 ], [ 44.1529073, -17.5514772 ], [ 44.1528409, -17.5515273 ], [ 44.1527772, -17.5516118 ], [ 44.1526969, -17.5517254 ], [ 44.1526609, -17.5518178 ], [ 44.1526332, -17.551926 ], [ 44.1526526, -17.5520125 ], [ 44.1527495, -17.5520337 ], [ 44.152810499999987, -17.5520574 ], [ 44.1528022, -17.552134 ], [ 44.1528243, -17.552229 ], [ 44.1529019, -17.5523029 ], [ 44.1529655, -17.5524297 ], [ 44.1530071, -17.5524983 ], [ 44.1530486, -17.5525785 ], [ 44.1531096, -17.5526946 ], [ 44.1531926, -17.5528134 ], [ 44.1532286, -17.5529085 ], [ 44.1532619, -17.5529798 ], [ 44.1532286, -17.5530537 ], [ 44.153237, -17.5531461 ], [ 44.1531927, -17.5532332 ], [ 44.1531345, -17.5532754 ], [ 44.1530902, -17.5533784 ], [ 44.152940699999981, -17.5535421 ], [ 44.1528742, -17.5535791 ], [ 44.1528272, -17.5536002 ], [ 44.1527801, -17.5537084 ], [ 44.152766299999989, -17.5537903 ], [ 44.1526915, -17.5538736 ], [ 44.152614, -17.5539924 ], [ 44.1526278, -17.5540531 ], [ 44.1525669, -17.5540822 ], [ 44.1524999, -17.5542274 ], [ 44.1524556, -17.5543937 ], [ 44.1524224, -17.5545178 ], [ 44.1524556, -17.5546663 ], [ 44.152447300000013, -17.5547957 ], [ 44.1524639, -17.5549673 ], [ 44.1524778, -17.5550808 ], [ 44.1524972, -17.5551653 ], [ 44.1525636, -17.5552207 ], [ 44.1526245, -17.5552761 ], [ 44.1526716, -17.5553633 ], [ 44.1527132, -17.5554504 ], [ 44.1527575, -17.5555481 ], [ 44.152828399999983, -17.555655 ], [ 44.152871, -17.5557823 ], [ 44.1529292, -17.55588 ], [ 44.1530233, -17.5559565 ], [ 44.1530981, -17.5560225 ], [ 44.1531646, -17.5560753 ], [ 44.1532559, -17.5561176 ], [ 44.1532698, -17.5562153 ], [ 44.153303, -17.55621 ], [ 44.1533279, -17.5562918 ], [ 44.1533639, -17.556371 ], [ 44.1534027, -17.5564713 ], [ 44.1533833, -17.5565901 ], [ 44.1533557, -17.5566746 ], [ 44.1532975, -17.5567697 ], [ 44.1532421, -17.5568278 ], [ 44.153184, -17.5569228 ], [ 44.1531203, -17.5570637 ], [ 44.1530345, -17.5571851 ], [ 44.1530013, -17.5573145 ], [ 44.1529459, -17.5574412 ], [ 44.1529099, -17.5575231 ], [ 44.15294309999998, -17.5575737 ], [ 44.152945900000013, -17.5576898 ], [ 44.152957, -17.5577822 ], [ 44.1529459, -17.5578509 ], [ 44.1529764, -17.5579222 ], [ 44.1529653, -17.5580014 ], [ 44.1530124, -17.5580674 ], [ 44.1530235, -17.5581228 ], [ 44.1530535, -17.5581416 ], [ 44.1530456, -17.5582205 ], [ 44.153083200000012, -17.5582445 ], [ 44.153101, -17.5582865 ], [ 44.1531176, -17.5583604 ], [ 44.1531758, -17.5584211 ], [ 44.1532118, -17.5584686 ], [ 44.1531979, -17.5585135 ], [ 44.1532391, -17.5585758 ], [ 44.1533056, -17.5586338 ], [ 44.1533111, -17.5586998 ], [ 44.1533582, -17.558845 ], [ 44.1533832, -17.5589506 ], [ 44.1534441, -17.559014 ], [ 44.153469, -17.5590774 ], [ 44.1534884, -17.559146 ], [ 44.1535022, -17.5592067 ], [ 44.1535151, -17.559253 ], [ 44.1535549, -17.5592886 ], [ 44.1535936, -17.5593625 ], [ 44.1536379, -17.5594126 ], [ 44.153685, -17.5594681 ], [ 44.1538058, -17.5594435 ], [ 44.1539, -17.559433 ], [ 44.1539304, -17.5594963 ], [ 44.1540495, -17.5594726 ], [ 44.1542889, -17.5595188 ], [ 44.1544289, -17.5595544 ], [ 44.1545175, -17.5595755 ], [ 44.1546255, -17.5596468 ], [ 44.1547242, -17.5596749 ], [ 44.1547768, -17.5596986 ], [ 44.1548544, -17.5597514 ], [ 44.1548932, -17.5598333 ], [ 44.154956899999988, -17.5598729 ], [ 44.1550233, -17.5599626 ], [ 44.155159, -17.5600973 ], [ 44.1552449, -17.5602002 ], [ 44.1552997, -17.5602591 ], [ 44.1553108, -17.5603859 ], [ 44.1553634, -17.5604545 ], [ 44.1553855, -17.5605575 ], [ 44.1553939, -17.5606551 ], [ 44.155410499999988, -17.5607581 ], [ 44.155452, -17.5608267 ], [ 44.1554659, -17.560869 ], [ 44.1554991, -17.5609376 ], [ 44.1555213, -17.5610432 ], [ 44.1555298, -17.5612008 ], [ 44.1555686, -17.5612774 ], [ 44.1556101, -17.5613619 ], [ 44.1555963, -17.5614358 ], [ 44.1555354, -17.5614991 ], [ 44.1555105, -17.561552 ], [ 44.1554911, -17.5616628 ], [ 44.1555132, -17.5617209 ], [ 44.1555308, -17.5617855 ], [ 44.1555397, -17.5618021 ], [ 44.1555666, -17.5618355 ], [ 44.1555693, -17.5618793 ], [ 44.1555397, -17.5619025 ], [ 44.1555354, -17.5619268 ], [ 44.1555326, -17.562043 ], [ 44.155523, -17.5621328 ], [ 44.155552, -17.5621648 ], [ 44.1555428, -17.5622042 ], [ 44.155535199999989, -17.5622377 ], [ 44.1555133, -17.5622489 ], [ 44.1554994, -17.5623582 ], [ 44.1554745, -17.5624876 ], [ 44.1554219, -17.5625985 ], [ 44.1553832, -17.5627252 ], [ 44.15537, -17.5628147 ], [ 44.1553262, -17.5628607 ], [ 44.1553056, -17.5629021 ], [ 44.1552669, -17.5629311 ], [ 44.155197699999988, -17.5629919 ], [ 44.155142, -17.5630446 ], [ 44.155096, -17.5631073 ], [ 44.1550851, -17.5631742 ], [ 44.1550094, -17.5632136 ], [ 44.1549484, -17.5632268 ], [ 44.1548654, -17.5632928 ], [ 44.154774, -17.5633773 ], [ 44.1546905, -17.5634328 ], [ 44.1546268, -17.5634962 ], [ 44.1545576, -17.5635305 ], [ 44.1545077, -17.5635516 ], [ 44.1544413, -17.5635041 ], [ 44.1543637, -17.5634408 ], [ 44.1543083, -17.5633325 ], [ 44.1542252, -17.5632613 ], [ 44.1541865, -17.5631741 ], [ 44.1541348, -17.5631578 ], [ 44.154072299999989, -17.5631121 ], [ 44.1540222, -17.5631141 ], [ 44.1539474, -17.5631986 ], [ 44.153892, -17.5632699 ], [ 44.1538118, -17.5633307 ], [ 44.1537425, -17.5633623 ], [ 44.1536124, -17.5634441 ], [ 44.1535404, -17.5634705 ], [ 44.1534601, -17.563489 ], [ 44.1534296, -17.5635524 ], [ 44.1534185, -17.5636421 ], [ 44.153395, -17.5637632 ], [ 44.1533396, -17.5638529 ], [ 44.1532981, -17.5639084 ], [ 44.1532344, -17.5639533 ], [ 44.1532261, -17.564014 ], [ 44.1531402, -17.5640325 ], [ 44.1530987, -17.5640536 ], [ 44.1530821, -17.5641037 ], [ 44.1530129, -17.5641566 ], [ 44.1529353, -17.5641724 ], [ 44.1529055, -17.5642002 ], [ 44.1528368, -17.5641982 ], [ 44.1527996, -17.5642384 ], [ 44.1527387, -17.5642437 ], [ 44.1525912, -17.564344 ], [ 44.1524998, -17.5645262 ], [ 44.1524223, -17.564674 ], [ 44.1524112, -17.5647638 ], [ 44.1523475, -17.5648351 ], [ 44.1522755, -17.5649169 ], [ 44.1521675, -17.5652047 ], [ 44.1521288, -17.565305 ], [ 44.1520955, -17.5653816 ], [ 44.1520235, -17.5654291 ], [ 44.1519682, -17.5655004 ], [ 44.1518131, -17.5656096 ], [ 44.1516165, -17.5657337 ], [ 44.1515029, -17.5658288 ], [ 44.1513755, -17.5658182 ], [ 44.151298, -17.5658552 ], [ 44.1511268, -17.5659236 ], [ 44.1509579, -17.5659922 ], [ 44.1508139, -17.5660714 ], [ 44.1507142, -17.5661348 ], [ 44.1506034, -17.5662087 ], [ 44.150476, -17.5662483 ], [ 44.1503653, -17.5663275 ], [ 44.1502656, -17.5664252 ], [ 44.1502102, -17.5664859 ], [ 44.150017599999984, -17.5667499 ], [ 44.1499539, -17.5669109 ], [ 44.1499096, -17.5670535 ], [ 44.1498764, -17.5671908 ], [ 44.1498099, -17.5672424 ], [ 44.1497745, -17.5672881 ], [ 44.1497516, -17.5673377 ], [ 44.149677, -17.5673914 ], [ 44.1496161, -17.5674548 ], [ 44.1495745, -17.5675225 ], [ 44.1495109, -17.5675736 ], [ 44.1494522, -17.5676131 ], [ 44.149412, -17.5676596 ], [ 44.1493536, -17.5676913 ], [ 44.1493165, -17.5677503 ], [ 44.1492583, -17.5677979 ], [ 44.1491904, -17.5678361 ], [ 44.1491627, -17.5679126 ], [ 44.1491156, -17.5679443 ], [ 44.1490381, -17.5679443 ], [ 44.1489384, -17.5679919 ], [ 44.1488526, -17.5680447 ], [ 44.1487917, -17.5681107 ], [ 44.148703, -17.5682031 ], [ 44.1486504, -17.568306 ], [ 44.148628299999984, -17.5684064 ], [ 44.1486089, -17.5684988 ], [ 44.1485729, -17.56857 ], [ 44.1486089, -17.5686756 ], [ 44.1486658, -17.5687224 ], [ 44.1486781, -17.568805 ], [ 44.1486338, -17.5688774 ], [ 44.1485923, -17.5689856 ], [ 44.1485729, -17.5690411 ], [ 44.1485397, -17.569115 ], [ 44.1485868, -17.5692285 ], [ 44.1486028, -17.5693029 ], [ 44.1485342, -17.5694212 ], [ 44.1484594, -17.5694899 ], [ 44.1483957, -17.569548 ], [ 44.1483825, -17.5696257 ], [ 44.1483222, -17.5696958 ], [ 44.1483169, -17.5697584 ], [ 44.1482644, -17.5697884 ], [ 44.1482224, -17.569851 ], [ 44.1481523, -17.569936 ], [ 44.1480748, -17.5700469 ], [ 44.1480139, -17.570076 ], [ 44.1479391, -17.5701076 ], [ 44.1478699, -17.5701156 ], [ 44.1477896, -17.570171 ], [ 44.1478089, -17.5702581 ], [ 44.1477979, -17.5703717 ], [ 44.1476483, -17.5704245 ], [ 44.1475542, -17.5704878 ], [ 44.1474406, -17.5704905 ], [ 44.1473437, -17.5705406 ], [ 44.147269, -17.5705908 ], [ 44.1471111, -17.570575 ], [ 44.147028, -17.5705195 ], [ 44.1469603, -17.5705063 ], [ 44.1468274, -17.570472 ], [ 44.1467277, -17.5703954 ], [ 44.1466474, -17.5703558 ], [ 44.14652, -17.5703189 ], [ 44.1464509, -17.5703359 ], [ 44.1463695, -17.5703334 ], [ 44.146334499999988, -17.5703242 ], [ 44.1462376, -17.5703057 ], [ 44.146124, -17.5703163 ], [ 44.1460243, -17.5703057 ], [ 44.1459274, -17.5703427 ], [ 44.1458388, -17.5703163 ], [ 44.145764, -17.57034 ], [ 44.1456754, -17.5703242 ], [ 44.1455619, -17.57034 ], [ 44.145408200000013, -17.5703427 ], [ 44.1452975, -17.57034 ], [ 44.1452227, -17.5703136 ], [ 44.1451091, -17.5703189 ], [ 44.1450039, -17.5703506 ], [ 44.144923600000013, -17.5703717 ], [ 44.1448433, -17.570406 ], [ 44.1447485, -17.5704427 ], [ 44.1446661, -17.5704826 ], [ 44.1445858, -17.5704985 ], [ 44.144507, -17.5705103 ], [ 44.1444597, -17.5705153 ], [ 44.1444177, -17.5704928 ], [ 44.1443698, -17.5704509 ], [ 44.1443074, -17.5704678 ], [ 44.1442506, -17.5704377 ], [ 44.1441896, -17.5704562 ], [ 44.1441232, -17.5704245 ], [ 44.1440539, -17.5703849 ], [ 44.143987500000016, -17.5703321 ], [ 44.1438739, -17.5702556 ], [ 44.143768699999988, -17.5701843 ], [ 44.1436581, -17.570128 ], [ 44.1436161, -17.5701405 ], [ 44.1435452, -17.5701355 ], [ 44.143498, -17.5701205 ], [ 44.1434775, -17.570093 ], [ 44.1433593, -17.5700829 ], [ 44.1432963, -17.5700829 ], [ 44.143217599999986, -17.5700679 ], [ 44.1431733, -17.5700681 ], [ 44.143093, -17.5700497 ], [ 44.1430072, -17.570047 ], [ 44.1429102, -17.5700391 ], [ 44.1428521, -17.5700734 ], [ 44.142816100000012, -17.5700338 ], [ 44.1427424, -17.5700604 ], [ 44.1426898, -17.5700704 ], [ 44.1426531, -17.5700854 ], [ 44.1426216, -17.5701105 ], [ 44.1425726, -17.5701077 ], [ 44.1425144, -17.5700893 ], [ 44.1424508, -17.5700708 ], [ 44.1424203, -17.5700681 ], [ 44.1424314, -17.5701315 ], [ 44.1423621, -17.5701209 ], [ 44.1422957, -17.5701315 ], [ 44.1422264, -17.5701236 ], [ 44.1421461, -17.5700998 ], [ 44.1421821, -17.5700153 ], [ 44.1421295, -17.5699573 ], [ 44.1421212, -17.5698701 ], [ 44.1420603, -17.5697989 ], [ 44.1419828, -17.5697804 ], [ 44.1419191, -17.5697725 ], [ 44.1416234, -17.5696299 ], [ 44.1414268, -17.5695216 ], [ 44.1412911, -17.569453 ], [ 44.1411776, -17.5694398 ], [ 44.1410926, -17.5694667 ], [ 44.1410704, -17.5694033 ], [ 44.140933, -17.5693294 ], [ 44.140822199999988, -17.569237 ], [ 44.1407021, -17.5691314 ], [ 44.1406034, -17.569068 ], [ 44.1404733, -17.5689598 ], [ 44.1403847, -17.5688727 ], [ 44.1403361, -17.5687934 ], [ 44.1403708, -17.5687011 ], [ 44.1404151, -17.5686166 ], [ 44.1404705, -17.56854 ], [ 44.1405259, -17.5684846 ], [ 44.1405841, -17.5684186 ], [ 44.1405951, -17.5682864 ], [ 44.1406062, -17.5681597 ], [ 44.140609, -17.5679987 ], [ 44.140609, -17.5678931 ], [ 44.1405647, -17.5677004 ], [ 44.1405566, -17.5675649 ], [ 44.1405356, -17.5675249 ], [ 44.1405409, -17.5674698 ], [ 44.1405593, -17.5673998 ], [ 44.1405645, -17.5673697 ], [ 44.1405287, -17.5673123 ], [ 44.1404348, -17.5672503 ], [ 44.1403901, -17.5672228 ], [ 44.1403166, -17.5671477 ], [ 44.1402352, -17.5670976 ], [ 44.1401545, -17.5670472 ], [ 44.1400216, -17.5670182 ], [ 44.1399025, -17.567005 ], [ 44.1398278, -17.5670023 ], [ 44.1397576, -17.5670326 ], [ 44.1397128, -17.5670326 ], [ 44.1396682, -17.5670526 ], [ 44.1396157, -17.5670426 ], [ 44.1395658, -17.567025 ], [ 44.1395161, -17.5669979 ], [ 44.1394761, -17.566968 ], [ 44.1394871, -17.5669046 ], [ 44.1394096, -17.5668466 ], [ 44.1394484, -17.5668149 ], [ 44.1394373, -17.5667251 ], [ 44.1394262, -17.5666459 ], [ 44.1394373, -17.5665429 ], [ 44.139393, -17.5664373 ], [ 44.1393985, -17.5663687 ], [ 44.1393681, -17.5662895 ], [ 44.1393175, -17.5662224 ], [ 44.1392815, -17.5661537 ], [ 44.1392123, -17.5660772 ], [ 44.1391098, -17.5660481 ], [ 44.1390323, -17.5660692 ], [ 44.1389326, -17.5660508 ], [ 44.1388274, -17.5660296 ], [ 44.1387249, -17.5659768 ], [ 44.1386391, -17.5659504 ], [ 44.1385311, -17.5659478 ], [ 44.1384231, -17.5659372 ], [ 44.1382925, -17.5659357 ], [ 44.1382399, -17.5660862 ], [ 44.1381707, -17.5661865 ], [ 44.1380378, -17.5662604 ], [ 44.1378716, -17.5662683 ], [ 44.137747, -17.5662604 ], [ 44.1376196, -17.5662921 ], [ 44.1374922, -17.5663898 ], [ 44.1374091, -17.5664742 ], [ 44.1372855, -17.5666025 ], [ 44.1371803, -17.5667055 ], [ 44.1371277, -17.5667952 ], [ 44.1372634, -17.5669431 ], [ 44.137338099999987, -17.5670513 ], [ 44.137424, -17.5671173 ], [ 44.1375015, -17.5671939 ], [ 44.1375708, -17.5673021 ], [ 44.1376282, -17.5673589 ], [ 44.1376515, -17.5674356 ], [ 44.1377528, -17.5674703 ], [ 44.1378255, -17.5675322 ], [ 44.1379529, -17.5675345 ], [ 44.1380443, -17.5675292 ], [ 44.1381132, -17.5675147 ], [ 44.1381782, -17.567537 ], [ 44.1382631, -17.5675392 ], [ 44.1382846, -17.5675617 ], [ 44.1383392, -17.5675865 ], [ 44.1383911, -17.5675741 ], [ 44.1384301, -17.5675989 ], [ 44.1385392, -17.567589 ], [ 44.1385815, -17.5676263 ], [ 44.1386587, -17.5676336 ], [ 44.138731, -17.5676343 ], [ 44.1388169, -17.5676686 ], [ 44.1388252, -17.5677504 ], [ 44.1388667, -17.5678217 ], [ 44.1388917, -17.5679379 ], [ 44.1389055, -17.5680039 ], [ 44.138828, -17.5680197 ], [ 44.138742099999988, -17.5679616 ], [ 44.1386286, -17.5679405 ], [ 44.1385178, -17.5679616 ], [ 44.1383627, -17.5679643 ], [ 44.1382714, -17.5679352 ], [ 44.1381329, -17.5678877 ], [ 44.138005499999984, -17.5678507 ], [ 44.1379167, -17.5678328 ], [ 44.1378283, -17.5678718 ], [ 44.1377341, -17.5678534 ], [ 44.1376067, -17.5678428 ], [ 44.1374794, -17.5678877 ], [ 44.1374461, -17.5680038 ], [ 44.1374295, -17.5680646 ], [ 44.1374987, -17.5680382 ], [ 44.1375735, -17.5680804 ], [ 44.1376095, -17.5681834 ], [ 44.1376178, -17.568252 ], [ 44.1375565, -17.5683976 ], [ 44.1374929, -17.5684717 ], [ 44.1374188, -17.568502 ], [ 44.1373023, -17.5685188 ], [ 44.1371752, -17.568438 ], [ 44.1370835, -17.5683673 ], [ 44.137034, -17.5682967 ], [ 44.1369811, -17.5682193 ], [ 44.1369846, -17.568125 ], [ 44.136935199999989, -17.5680981 ], [ 44.13680810000001, -17.5681486 ], [ 44.1367199, -17.5682394 ], [ 44.1367058, -17.5683101 ], [ 44.1366916, -17.5683841 ], [ 44.1366246, -17.5683707 ], [ 44.136554, -17.568374 ], [ 44.1364869, -17.5684481 ], [ 44.136381, -17.5685087 ], [ 44.1363598, -17.5685793 ], [ 44.1363704, -17.5686904 ], [ 44.1363139, -17.5687139 ], [ 44.1362327, -17.5686937 ], [ 44.1361772, -17.5687836 ], [ 44.136156, -17.5689754 ], [ 44.136103, -17.5690966 ], [ 44.1362725, -17.5691572 ], [ 44.1363642, -17.5692985 ], [ 44.1365266, -17.5693322 ], [ 44.1366184, -17.5693255 ], [ 44.1367773, -17.5694163 ], [ 44.1369149, -17.5695745 ], [ 44.1369519, -17.569616 ], [ 44.1370208, -17.5697057 ], [ 44.1370596, -17.5698875 ], [ 44.1369855, -17.5700423 ], [ 44.1369784, -17.5701096 ], [ 44.1369856, -17.5701356 ], [ 44.1370272, -17.5701802 ], [ 44.1369856, -17.5702099 ], [ 44.1369363, -17.5702075 ], [ 44.136904300000012, -17.5702341 ], [ 44.1368549, -17.570308 ], [ 44.1368372, -17.5703282 ], [ 44.1368408, -17.5704258 ], [ 44.136749, -17.5704527 ], [ 44.1367243, -17.5705166 ], [ 44.136809, -17.5705907 ], [ 44.1368937, -17.5706109 ], [ 44.1369678, -17.5706647 ], [ 44.1369537, -17.570759 ], [ 44.1368972, -17.5708364 ], [ 44.136840799999987, -17.5709003 ], [ 44.1368019, -17.5710013 ], [ 44.1368972, -17.5710215 ], [ 44.1368196, -17.5711224 ], [ 44.1368866, -17.5711325 ], [ 44.1369043, -17.5711695 ], [ 44.1369378, -17.5712765 ], [ 44.1369714, -17.5713183 ], [ 44.1369863, -17.5713339 ], [ 44.1370067, -17.5713674 ], [ 44.1370339, -17.5714277 ], [ 44.1370901, -17.5714642 ], [ 44.1370878, -17.571502 ], [ 44.1371125, -17.5715525 ], [ 44.137144299999989, -17.5716063 ], [ 44.1371655, -17.5716366 ], [ 44.137162, -17.5717308 ] ], [ [ 44.1618468, -17.551145 ], [ 44.1618738, -17.5511593 ], [ 44.1619017, -17.5511718 ], [ 44.1619304, -17.5511826 ], [ 44.1618668, -17.5512474 ], [ 44.1617848, -17.5519806 ], [ 44.1608321, -17.5522285 ], [ 44.160368, -17.5523022 ], [ 44.1600587, -17.5521179 ], [ 44.1595173, -17.5516386 ], [ 44.1592698, -17.5512131 ], [ 44.1592972, -17.5512107 ], [ 44.1593276, -17.5512063 ], [ 44.1593577, -17.5511999 ], [ 44.1593873, -17.5511917 ], [ 44.1594162, -17.5511816 ], [ 44.1594445, -17.5511697 ], [ 44.1594718, -17.5511561 ], [ 44.1594982, -17.5511408 ], [ 44.1595234, -17.5511239 ], [ 44.1595463, -17.5511064 ], [ 44.1595759, -17.5511095 ], [ 44.1595814, -17.5511099 ], [ 44.1596645, -17.5511152 ], [ 44.1596898, -17.5511161 ], [ 44.1597206, -17.5511155 ], [ 44.1597513, -17.551113 ], [ 44.1597817, -17.5511086 ], [ 44.1598118, -17.5511022 ], [ 44.1598414, -17.551094 ], [ 44.1598703, -17.5510839 ], [ 44.1598986, -17.551072 ], [ 44.1599259, -17.5510584 ], [ 44.1599523, -17.5510431 ], [ 44.1599775, -17.5510262 ], [ 44.1600016, -17.5510077 ], [ 44.1600243, -17.5509878 ], [ 44.1600456, -17.5509665 ], [ 44.1600655, -17.5509439 ], [ 44.1600837, -17.5509201 ], [ 44.1600975, -17.5508997 ], [ 44.1601184, -17.5508873 ], [ 44.1601436, -17.5508704 ], [ 44.1601677, -17.550852 ], [ 44.1601904, -17.550832 ], [ 44.1602066, -17.5508161 ], [ 44.160273, -17.5507475 ], [ 44.1602782, -17.5507421 ], [ 44.160298, -17.5507194 ], [ 44.1603059, -17.5507095 ], [ 44.1604153, -17.5507185 ], [ 44.160418700000015, -17.5507187 ], [ 44.1604495, -17.5507201 ], [ 44.1604803, -17.5507195 ], [ 44.160511, -17.5507169 ], [ 44.1605276, -17.5507147 ], [ 44.1605319, -17.5507166 ], [ 44.1605412, -17.5507205 ], [ 44.1605631, -17.5507289 ], [ 44.1607191, -17.5507844 ], [ 44.1607258, -17.5507867 ], [ 44.1607552, -17.5507956 ], [ 44.1607851, -17.5508027 ], [ 44.1608154, -17.5508078 ], [ 44.1608461, -17.5508111 ], [ 44.1608768, -17.5508124 ], [ 44.160907599999987, -17.5508118 ], [ 44.1609383, -17.5508093 ], [ 44.16095, -17.5508078 ], [ 44.1611023, -17.5507867 ], [ 44.1611211, -17.5507837 ], [ 44.1611511, -17.5507773 ], [ 44.1611701, -17.5507723 ], [ 44.1612717, -17.5508167 ], [ 44.1612814, -17.5508208 ], [ 44.1613101, -17.5508315 ], [ 44.1613395, -17.5508404 ], [ 44.161342, -17.5508411 ], [ 44.161522, -17.5508886 ], [ 44.16152240000001, -17.5508887 ], [ 44.1615969, -17.5509083 ], [ 44.161618199999985, -17.5509278 ], [ 44.1616284, -17.5509369 ], [ 44.1616332, -17.550941 ], [ 44.161659, -17.5509626 ], [ 44.1616759, -17.5509859 ], [ 44.1616852, -17.5509983 ], [ 44.1616991, -17.5510152 ], [ 44.1617241, -17.5510442 ], [ 44.1617294, -17.5510503 ], [ 44.1617502, -17.5510721 ], [ 44.1617725, -17.5510926 ], [ 44.161796, -17.5511116 ], [ 44.1618208, -17.5511291 ], [ 44.1618468, -17.551145 ] ], [ [ 44.1641143, -17.5494375 ], [ 44.1642488, -17.5494487 ], [ 44.1642527, -17.549449 ], [ 44.164269, -17.5494497 ], [ 44.164379400000016, -17.5495964 ], [ 44.1643794, -17.5498466 ], [ 44.164157099999983, -17.5501716 ], [ 44.1639174, -17.5504029 ], [ 44.1634908, -17.5506206 ], [ 44.1633149, -17.5506641 ], [ 44.1633298, -17.5506382 ], [ 44.1633428, -17.5506114 ], [ 44.1633523, -17.5505886 ], [ 44.1633718, -17.5505771 ], [ 44.163397, -17.5505601 ], [ 44.1634211, -17.5505417 ], [ 44.1634298, -17.5505343 ], [ 44.163488, -17.5504841 ], [ 44.163502, -17.5504716 ], [ 44.1635233, -17.5504502 ], [ 44.1635431, -17.5504276 ], [ 44.1635614, -17.5504038 ], [ 44.163578, -17.5503789 ], [ 44.1635928, -17.550353 ], [ 44.1636059, -17.5503263 ], [ 44.1636171, -17.5502987 ], [ 44.1636264, -17.5502706 ], [ 44.1636337, -17.5502419 ], [ 44.1636391, -17.5502128 ], [ 44.1636425, -17.5501834 ], [ 44.1636439, -17.5501539 ], [ 44.1636433, -17.5501244 ], [ 44.1636415, -17.5501022 ], [ 44.1636276, -17.5499729 ], [ 44.1636267, -17.5499656 ], [ 44.1636221, -17.5499363 ], [ 44.1636155, -17.5499075 ], [ 44.1636069, -17.5498791 ], [ 44.1635964, -17.5498513 ], [ 44.163584, -17.5498243 ], [ 44.1635789, -17.5498144 ], [ 44.1635769, -17.549794 ], [ 44.163572199999983, -17.5497647 ], [ 44.163568399999988, -17.5497469 ], [ 44.1635477, -17.5496599 ], [ 44.1635449, -17.5496488 ], [ 44.163536300000011, -17.5496205 ], [ 44.1635258, -17.5495927 ], [ 44.1635134, -17.5495656 ], [ 44.1635065, -17.5495522 ], [ 44.1634757, -17.5494955 ], [ 44.1634786, -17.5494787 ], [ 44.163482, -17.5494493 ], [ 44.1634831, -17.5494317 ], [ 44.1634836, -17.5494196 ], [ 44.1634939, -17.549388 ], [ 44.163498, -17.5493748 ], [ 44.1635054, -17.5493461 ], [ 44.1635108, -17.549317 ], [ 44.1635119, -17.5493089 ], [ 44.1635196, -17.5492503 ], [ 44.1635365, -17.5492455 ], [ 44.1635503, -17.5492414 ], [ 44.1635792, -17.5492314 ], [ 44.1635853, -17.549229 ], [ 44.1636402, -17.5492071 ], [ 44.1636561, -17.5492199 ], [ 44.1636613, -17.5492238 ], [ 44.1637753, -17.5493074 ], [ 44.163794900000013, -17.549321 ], [ 44.1638209, -17.5493369 ], [ 44.1638479, -17.5493511 ], [ 44.1638735, -17.5493627 ], [ 44.1639671, -17.5494018 ], [ 44.1639693, -17.5494027 ], [ 44.163998, -17.5494134 ], [ 44.1640274, -17.5494223 ], [ 44.16405730000001, -17.5494294 ], [ 44.1640876, -17.5494346 ], [ 44.1641143, -17.5494375 ] ] ], [ [ [ 44.149523699999989, -17.5594596 ], [ 44.1496025, -17.5599091 ], [ 44.1492798, -17.5600314 ], [ 44.1492146, -17.5602342 ], [ 44.1492773, -17.5605277 ], [ 44.1497494, -17.5605283 ], [ 44.1498909, -17.5605574 ], [ 44.1499651, -17.5605649 ], [ 44.150205, -17.5606177 ], [ 44.1503242, -17.5606728 ], [ 44.1503671, -17.5607286 ], [ 44.1503671, -17.5607435 ], [ 44.1504137, -17.5609445 ], [ 44.150636299999988, -17.5611093 ], [ 44.1507476, -17.5612755 ], [ 44.1508464, -17.5613522 ], [ 44.1510247, -17.5612822 ], [ 44.1511679, -17.5612517 ], [ 44.1512816, -17.5612822 ], [ 44.1514965, -17.5613022 ], [ 44.151549, -17.5612866 ], [ 44.1516647, -17.5611931 ], [ 44.151877, -17.5612489 ], [ 44.1520208, -17.5611623 ], [ 44.1521942, -17.5610828 ], [ 44.1522762, -17.5610283 ], [ 44.1525555, -17.5608901 ], [ 44.1528386, -17.5608074 ], [ 44.1531374, -17.5608324 ], [ 44.1533037, -17.5610018 ], [ 44.1535556, -17.5610278 ], [ 44.1538551, -17.5610101 ], [ 44.1539466, -17.5609148 ], [ 44.1538815, -17.5608885 ], [ 44.1537021, -17.5608387 ], [ 44.153583399999988, -17.5607173 ], [ 44.153413, -17.5605614 ], [ 44.1533868, -17.5605029 ], [ 44.1534161, -17.5603318 ], [ 44.153317, -17.5602354 ], [ 44.1531666, -17.5601666 ], [ 44.1530224, -17.5600763 ], [ 44.1528158, -17.5599926 ], [ 44.1526922, -17.5599978 ], [ 44.152618, -17.5600933 ], [ 44.1524422, -17.5601939 ], [ 44.1523626, -17.5600551 ], [ 44.1522488, -17.5601269 ], [ 44.1521213, -17.5601438 ], [ 44.1520692, -17.5601966 ], [ 44.1519701, -17.5602492 ], [ 44.1518356, -17.5602109 ], [ 44.1516642, -17.5602487 ], [ 44.1515607, -17.5601116 ], [ 44.15138240000001, -17.5600316 ], [ 44.1513405, -17.5599617 ], [ 44.1512882, -17.5598735 ], [ 44.1511695, -17.559861 ], [ 44.1509803, -17.5596389 ], [ 44.1507737, -17.5595803 ], [ 44.1506022, -17.5594798 ], [ 44.150423, -17.5593918 ], [ 44.1504097, -17.5593869 ], [ 44.1502577, -17.5592219 ], [ 44.1501761, -17.5590651 ], [ 44.1500485, -17.5589772 ], [ 44.1500067, -17.5589237 ], [ 44.1498524, -17.5590212 ], [ 44.1496932, -17.5591262 ], [ 44.149656400000012, -17.5591613 ], [ 44.149523699999989, -17.5594596 ] ] ], [ [ [ 44.0791539, -17.5523972 ], [ 44.0791326, -17.5523163 ], [ 44.0790478, -17.5523164 ], [ 44.0789983, -17.5522689 ], [ 44.0789558, -17.5522012 ], [ 44.0789417, -17.5521474 ], [ 44.0789132, -17.552107 ], [ 44.0788423, -17.5520869 ], [ 44.078821, -17.5520195 ], [ 44.0787926, -17.5519249 ], [ 44.0787715, -17.5518439 ], [ 44.078729, -17.5517898 ], [ 44.0786723, -17.5517219 ], [ 44.078644, -17.5516409 ], [ 44.0786157, -17.5515536 ], [ 44.0785946, -17.5514856 ], [ 44.0785237, -17.5514249 ], [ 44.0784672, -17.5513576 ], [ 44.0784033, -17.55131 ], [ 44.0783393, -17.5512426 ], [ 44.0782895, -17.5512155 ], [ 44.0782116, -17.5511885 ], [ 44.0781548, -17.5511816 ], [ 44.0780839, -17.5511678 ], [ 44.0780344, -17.5511881 ], [ 44.0779921, -17.5512152 ], [ 44.0779729, -17.5512383 ], [ 44.0779638, -17.5512493 ], [ 44.0779852, -17.5512897 ], [ 44.0780279, -17.5513235 ], [ 44.0780566, -17.5513639 ], [ 44.0780714, -17.5514115 ], [ 44.0781072, -17.551452 ], [ 44.0781506, -17.5515197 ], [ 44.0781731, -17.5516278 ], [ 44.0781808, -17.5516753 ], [ 44.0782018, -17.5517292 ], [ 44.0782087, -17.55181 ], [ 44.0781949, -17.551877 ], [ 44.0781668, -17.5519173 ], [ 44.07815990000001, -17.5519646 ], [ 44.07813190000001, -17.5520185 ], [ 44.0781531, -17.5520656 ], [ 44.0781602, -17.5521057 ], [ 44.0781394, -17.5521529 ], [ 44.0781117, -17.5522 ], [ 44.078091, -17.5522336 ], [ 44.0781329, -17.5522674 ], [ 44.0781748, -17.5522741 ], [ 44.0781885, -17.5522337 ], [ 44.078223699999988, -17.5523216 ], [ 44.0782099, -17.5523615 ], [ 44.0782241, -17.5524356 ], [ 44.0782452, -17.5524759 ], [ 44.0782385, -17.5525363 ], [ 44.0782317, -17.552583 ], [ 44.0782109, -17.5526302 ], [ 44.078225, -17.5526772 ], [ 44.078280799999987, -17.5526841 ], [ 44.0783436, -17.5527853 ], [ 44.0783436, -17.5528531 ], [ 44.0784065, -17.5528939 ], [ 44.0784555, -17.5529481 ], [ 44.0785044, -17.5529623 ], [ 44.0785535, -17.5530436 ], [ 44.078624, -17.5531647 ], [ 44.0786875, -17.5532665 ], [ 44.0786849, -17.553324 ], [ 44.0786848, -17.5533715 ], [ 44.0787555, -17.5533983 ], [ 44.0787485, -17.5534388 ], [ 44.0787414, -17.5534997 ], [ 44.0788051, -17.5535468 ], [ 44.0788403, -17.5536144 ], [ 44.0788475, -17.5536545 ], [ 44.0788403, -17.5536951 ], [ 44.0788827, -17.5537492 ], [ 44.0788969, -17.5538098 ], [ 44.0789251, -17.5538773 ], [ 44.0789322, -17.5539243 ], [ 44.078918, -17.5539918 ], [ 44.078932, -17.5540456 ], [ 44.0789391, -17.5540993 ], [ 44.0789391, -17.5541936 ], [ 44.0789249, -17.5542544 ], [ 44.0788895, -17.5543956 ], [ 44.0788711, -17.5544479 ], [ 44.0788401, -17.5545367 ], [ 44.0787907, -17.5546439 ], [ 44.078776600000012, -17.5547109 ], [ 44.0787272, -17.554751 ], [ 44.078706100000012, -17.5548049 ], [ 44.0786285, -17.554866 ], [ 44.0785931, -17.5549266 ], [ 44.0785438, -17.554974 ], [ 44.0784805, -17.5549873 ], [ 44.078431099999989, -17.5550138 ], [ 44.0783748, -17.5550475 ], [ 44.0783255, -17.5550938 ], [ 44.078255, -17.5551545 ], [ 44.0782127, -17.5552347 ], [ 44.078156299999989, -17.5552746 ], [ 44.0780929, -17.5553213 ], [ 44.078071600000015, -17.5553616 ], [ 44.0780435, -17.5553952 ], [ 44.0779869, -17.5554018 ], [ 44.0779516, -17.5554353 ], [ 44.0779729, -17.5555162 ], [ 44.0779235, -17.5555162 ], [ 44.077874, -17.5555156 ], [ 44.0778458, -17.5555627 ], [ 44.0778034, -17.555583 ], [ 44.0777753, -17.5556301 ], [ 44.0777259, -17.5556504 ], [ 44.0777048, -17.5556908 ], [ 44.07767650000001, -17.5557243 ], [ 44.07762, -17.5557575 ], [ 44.0776131, -17.5558048 ], [ 44.077556600000015, -17.5558386 ], [ 44.0775072, -17.5558718 ], [ 44.0774791, -17.5559392 ], [ 44.077465, -17.556 ], [ 44.0774368, -17.5560742 ], [ 44.0774087, -17.556141 ], [ 44.0773734, -17.556175 ], [ 44.0773097, -17.556242 ], [ 44.0772674, -17.5562624 ], [ 44.077239, -17.5562959 ], [ 44.0771825, -17.5562958 ], [ 44.0771329, -17.5563222 ], [ 44.0770904, -17.5563494 ], [ 44.0770409, -17.5563827 ], [ 44.0769887, -17.5564142 ], [ 44.0769393, -17.5564407 ], [ 44.076889799999982, -17.5564136 ], [ 44.0768333, -17.5564405 ], [ 44.0768404, -17.5565146 ], [ 44.0768403, -17.5565953 ], [ 44.0767484, -17.5566421 ], [ 44.076755399999982, -17.5566896 ], [ 44.076805, -17.55671 ], [ 44.076819099999987, -17.556757 ], [ 44.0767696, -17.5567971 ], [ 44.0767907, -17.5568645 ], [ 44.0767836, -17.5569254 ], [ 44.07672, -17.5569522 ], [ 44.07672, -17.5569991 ], [ 44.0767128, -17.55706 ], [ 44.0766917, -17.5571207 ], [ 44.076734, -17.5571472 ], [ 44.0767411, -17.5572218 ], [ 44.0768118, -17.5572418 ], [ 44.0768047, -17.5572953 ], [ 44.0768401, -17.5573833 ], [ 44.07686120000001, -17.5574772 ], [ 44.0768471, -17.5575177 ], [ 44.0768965, -17.5575849 ], [ 44.0769601, -17.5576387 ], [ 44.076924800000015, -17.5577258 ], [ 44.0769107, -17.5577928 ], [ 44.076939, -17.5578468 ], [ 44.0769107, -17.5579074 ], [ 44.0768684, -17.5579345 ], [ 44.0768471, -17.5579947 ], [ 44.0768119, -17.5580219 ], [ 44.076755499999983, -17.5580489 ], [ 44.0767343, -17.558008 ], [ 44.076692, -17.5580013 ], [ 44.07664960000001, -17.5580148 ], [ 44.0765861, -17.5580756 ], [ 44.0765084, -17.5581023 ], [ 44.0764519, -17.5581028 ], [ 44.076381, -17.5581098 ], [ 44.0762749, -17.5580899 ], [ 44.0761828, -17.5580634 ], [ 44.0761614, -17.5580027 ], [ 44.0761118, -17.5579694 ], [ 44.0761116, -17.5578954 ], [ 44.0760687, -17.5578215 ], [ 44.0760189, -17.5577407 ], [ 44.0759832, -17.5576805 ], [ 44.0759548, -17.5576401 ], [ 44.0759473, -17.557566 ], [ 44.0759686, -17.5574918 ], [ 44.0759614, -17.5574239 ], [ 44.0759687, -17.5573772 ], [ 44.076018399999981, -17.5573095 ], [ 44.0760113, -17.557249 ], [ 44.0759474, -17.5572285 ], [ 44.0758763, -17.5571339 ], [ 44.0757982, -17.5571341 ], [ 44.0757982, -17.5570663 ], [ 44.0758338, -17.556999 ], [ 44.075848, -17.5569382 ], [ 44.0759048, -17.5568774 ], [ 44.0759546, -17.5568103 ], [ 44.0759475, -17.5567425 ], [ 44.0759333, -17.5566954 ], [ 44.0759121, -17.5566416 ], [ 44.0758623, -17.5565873 ], [ 44.0758124, -17.5564896 ], [ 44.0757629, -17.556388 ], [ 44.0757347, -17.5563069 ], [ 44.0757276, -17.5562058 ], [ 44.075727699999987, -17.5560438 ], [ 44.0756851, -17.5559829 ], [ 44.0756356, -17.5558886 ], [ 44.0755932, -17.5558141 ], [ 44.0755507, -17.5557667 ], [ 44.0755578, -17.5556861 ], [ 44.0755436, -17.5555714 ], [ 44.075529499999988, -17.5555238 ], [ 44.0754799, -17.5554695 ], [ 44.0754588, -17.5554089 ], [ 44.0754162, -17.5553954 ], [ 44.0753525, -17.5554019 ], [ 44.0753312, -17.5553345 ], [ 44.0752321, -17.5552802 ], [ 44.0751966, -17.5552126 ], [ 44.0751683, -17.5551384 ], [ 44.0751542, -17.5550908 ], [ 44.0750479, -17.5550703 ], [ 44.0749628, -17.5550303 ], [ 44.0748849, -17.5549689 ], [ 44.0748424, -17.5549696 ], [ 44.0747858, -17.5549965 ], [ 44.0747504, -17.5550373 ], [ 44.0746726, -17.5550239 ], [ 44.0745525, -17.5549971 ], [ 44.0745171, -17.5549701 ], [ 44.0744746, -17.5549024 ], [ 44.0745098, -17.5548684 ], [ 44.074439, -17.5548009 ], [ 44.0743754, -17.5547742 ], [ 44.0743473, -17.5548755 ], [ 44.0742909, -17.5548759 ], [ 44.0742273, -17.5548622 ], [ 44.0741497, -17.5548556 ], [ 44.0740792, -17.5548558 ], [ 44.0740017, -17.554856 ], [ 44.0739524, -17.5549102 ], [ 44.0739738, -17.5549714 ], [ 44.0739599, -17.5550322 ], [ 44.0739107, -17.5550592 ], [ 44.0738404, -17.5550928 ], [ 44.073777199999988, -17.5551 ], [ 44.0737, -17.5551205 ], [ 44.0736723, -17.5551811 ], [ 44.0736378, -17.555289 ], [ 44.0736522, -17.5554303 ], [ 44.0736314, -17.5554707 ], [ 44.0736174, -17.5555247 ], [ 44.0735406, -17.5555718 ], [ 44.0734779, -17.5555987 ], [ 44.0734917, -17.5556858 ], [ 44.0734777, -17.5557866 ], [ 44.0734358, -17.5558742 ], [ 44.0734219, -17.5559745 ], [ 44.073407899999985, -17.5560618 ], [ 44.0734088, -17.5561736 ], [ 44.0734017, -17.5562542 ], [ 44.0733525, -17.5563152 ], [ 44.0733524, -17.556362 ], [ 44.0734017, -17.5564219 ], [ 44.0734156, -17.5564892 ], [ 44.0733945, -17.5565968 ], [ 44.0733805, -17.5566435 ], [ 44.0733383, -17.5566638 ], [ 44.0733523, -17.5567379 ], [ 44.0733945, -17.5568519 ], [ 44.0733945, -17.5569321 ], [ 44.0734646, -17.5570599 ], [ 44.0734857, -17.5572211 ], [ 44.0735137, -17.5573484 ], [ 44.073591, -17.5574961 ], [ 44.0736052, -17.5576171 ], [ 44.0736616, -17.5576911 ], [ 44.0736263, -17.5577517 ], [ 44.0736193, -17.5577917 ], [ 44.0735983, -17.5578388 ], [ 44.0735561, -17.5578586 ], [ 44.0734858, -17.5578657 ], [ 44.0734789, -17.5579395 ], [ 44.0735, -17.5580132 ], [ 44.0735141, -17.5580867 ], [ 44.0735142, -17.5581804 ], [ 44.0735422, -17.5582813 ], [ 44.0735774, -17.5583483 ], [ 44.0736124, -17.5584227 ], [ 44.0736447, -17.558567 ], [ 44.0737147, -17.5587208 ], [ 44.0737427, -17.5588284 ], [ 44.073792, -17.5589492 ], [ 44.073904700000014, -17.5591374 ], [ 44.074066699999982, -17.5593923 ], [ 44.0741301, -17.5595805 ], [ 44.0741724, -17.559708 ], [ 44.0741725, -17.5597882 ], [ 44.0741304, -17.5598351 ], [ 44.0741655, -17.559875 ], [ 44.0742147, -17.5599687 ], [ 44.0742919, -17.5600493 ], [ 44.0742919, -17.5601232 ], [ 44.0742849, -17.5601768 ], [ 44.0743621, -17.5602437 ], [ 44.0744183, -17.5603308 ], [ 44.0744955, -17.5603904 ], [ 44.0745658, -17.5604173 ], [ 44.074635900000011, -17.5604571 ], [ 44.0747271, -17.5605569 ], [ 44.074776, -17.5606304 ], [ 44.0747899, -17.5607107 ], [ 44.07483890000001, -17.5608242 ], [ 44.0749511, -17.5609243 ], [ 44.0750422, -17.5610242 ], [ 44.0752177, -17.5610986 ], [ 44.0753371, -17.561139 ], [ 44.0754354, -17.561226 ], [ 44.0754843, -17.5612994 ], [ 44.0755476, -17.5613397 ], [ 44.0756318, -17.5614 ], [ 44.0756673, -17.5614411 ], [ 44.0757515, -17.5615285 ], [ 44.0758076, -17.5616087 ], [ 44.0758288, -17.5616553 ], [ 44.0758499, -17.5617092 ], [ 44.075976, -17.5618027 ], [ 44.0761162, -17.5618829 ], [ 44.0762285, -17.5619565 ], [ 44.0763548, -17.562063 ], [ 44.0764319, -17.5621571 ], [ 44.076488, -17.5622707 ], [ 44.0765721, -17.562371 ], [ 44.076565, -17.5624714 ], [ 44.0765861, -17.5625586 ], [ 44.0766353, -17.5626653 ], [ 44.0766141, -17.5627994 ], [ 44.0766001, -17.5628664 ], [ 44.0765299, -17.5628464 ], [ 44.0764808, -17.5628593 ], [ 44.0764176, -17.5628529 ], [ 44.0763755, -17.5628733 ], [ 44.0763756, -17.5629467 ], [ 44.0763895, -17.5630202 ], [ 44.0763824, -17.5631071 ], [ 44.0763335, -17.5631669 ], [ 44.0762846, -17.563234 ], [ 44.0762356, -17.5633068 ], [ 44.0761798, -17.5633202 ], [ 44.076138, -17.5633468 ], [ 44.0760683, -17.5633002 ], [ 44.0760612, -17.5632471 ], [ 44.07604030000001, -17.5631938 ], [ 44.0759846, -17.5631536 ], [ 44.0759151, -17.5631934 ], [ 44.0758666, -17.5632797 ], [ 44.0758182, -17.5633593 ], [ 44.0757767, -17.5634056 ], [ 44.0758324, -17.5635519 ], [ 44.0758535, -17.5637244 ], [ 44.0759233, -17.5638437 ], [ 44.0760068, -17.563956 ], [ 44.0760973, -17.5640558 ], [ 44.0762014, -17.5640498 ], [ 44.0763058, -17.5640307 ], [ 44.0763895, -17.5640114 ], [ 44.0764661, -17.5639988 ], [ 44.076522, -17.5640791 ], [ 44.0766128, -17.564179 ], [ 44.0767177, -17.5641994 ], [ 44.076787599999989, -17.5642268 ], [ 44.0768717, -17.564234 ], [ 44.076998, -17.5642282 ], [ 44.0770752, -17.5642749 ], [ 44.0771874, -17.5643553 ], [ 44.077138, -17.5644286 ], [ 44.077152, -17.5645214 ], [ 44.0771237, -17.5645679 ], [ 44.0770885, -17.5646143 ], [ 44.0770462, -17.5646403 ], [ 44.0769968, -17.5646713 ], [ 44.0769001, -17.5646651 ], [ 44.0768447, -17.5646588 ], [ 44.0768037, -17.5647119 ], [ 44.0767696, -17.5647589 ], [ 44.0767699, -17.5648323 ], [ 44.0768049, -17.5649123 ], [ 44.0768951, -17.5650319 ], [ 44.0769436, -17.5650715 ], [ 44.0769785, -17.5651379 ], [ 44.0769721, -17.5652316 ], [ 44.0769997, -17.5653245 ], [ 44.0770682, -17.5654241 ], [ 44.0771645, -17.5655506 ], [ 44.0772543, -17.5656843 ], [ 44.0772961, -17.5657774 ], [ 44.0773105, -17.5658905 ], [ 44.077297, -17.5659569 ], [ 44.077408, -17.5659774 ], [ 44.077505, -17.5659775 ], [ 44.0774979, -17.5659311 ], [ 44.0775882, -17.5659446 ], [ 44.0776647, -17.5659715 ], [ 44.0777204, -17.5659717 ], [ 44.0777691, -17.5659248 ], [ 44.0777898, -17.5658715 ], [ 44.0778385, -17.5658585 ], [ 44.0779085, -17.5658853 ], [ 44.0779365, -17.5659319 ], [ 44.0780206, -17.5659719 ], [ 44.0780908, -17.5660591 ], [ 44.078112, -17.5661791 ], [ 44.078112, -17.5662462 ], [ 44.078098, -17.5663127 ], [ 44.0780491, -17.566373 ], [ 44.0780491, -17.5664532 ], [ 44.078091, -17.5665265 ], [ 44.0781817, -17.5666411 ], [ 44.0782165, -17.566755 ], [ 44.0782515, -17.5668688 ], [ 44.0783494, -17.5669767 ], [ 44.0784124, -17.5670373 ], [ 44.0785174, -17.5671052 ], [ 44.0786649, -17.5671465 ], [ 44.0787915, -17.5671402 ], [ 44.0788618, -17.5671404 ], [ 44.078875800000013, -17.567087 ], [ 44.07889, -17.5670471 ], [ 44.0788828, -17.5670069 ], [ 44.0788687, -17.5669605 ], [ 44.0789251, -17.5669403 ], [ 44.0790308, -17.5669342 ], [ 44.0791505, -17.5669549 ], [ 44.0791998, -17.5669549 ], [ 44.079291499999989, -17.5669216 ], [ 44.0793621, -17.5668547 ], [ 44.0793975, -17.5667812 ], [ 44.0794327, -17.566754 ], [ 44.0794682, -17.5666737 ], [ 44.0794893, -17.5666338 ], [ 44.0795996, -17.5666267 ], [ 44.0796769, -17.5665865 ], [ 44.0797614, -17.5665395 ], [ 44.0798035, -17.5664853 ], [ 44.0798598, -17.5664651 ], [ 44.0799653, -17.5664652 ], [ 44.0800848, -17.5664853 ], [ 44.080169, -17.5664784 ], [ 44.0802183, -17.5664243 ], [ 44.0803028, -17.5663638 ], [ 44.080345, -17.5663637 ], [ 44.0803873, -17.5663908 ], [ 44.0804858, -17.5664309 ], [ 44.0806059, -17.5665453 ], [ 44.0806696, -17.5666126 ], [ 44.0807758, -17.5666602 ], [ 44.0808252, -17.5666196 ], [ 44.0808462, -17.5665657 ], [ 44.0809593, -17.5665862 ], [ 44.0811077, -17.5665926 ], [ 44.0811995, -17.5666738 ], [ 44.0812489, -17.5667139 ], [ 44.0813195, -17.5666939 ], [ 44.0813267, -17.566633 ], [ 44.0813619, -17.5665793 ], [ 44.081468, -17.566606 ], [ 44.0815883, -17.5665854 ], [ 44.0816944, -17.5665585 ], [ 44.0818148, -17.5665312 ], [ 44.081914, -17.5665041 ], [ 44.082098199999983, -17.5665515 ], [ 44.0821902, -17.5666125 ], [ 44.0822753, -17.5666327 ], [ 44.0823531, -17.5667138 ], [ 44.0824381, -17.5668012 ], [ 44.0825089, -17.5668958 ], [ 44.082608, -17.5669907 ], [ 44.0827566, -17.5671121 ], [ 44.082877, -17.5671119 ], [ 44.0829123, -17.5670582 ], [ 44.0829617, -17.567004 ], [ 44.0830039, -17.5669774 ], [ 44.0831033, -17.5669973 ], [ 44.0832167, -17.5670449 ], [ 44.0833018, -17.5670516 ], [ 44.0833296, -17.5669706 ], [ 44.0833864, -17.5669369 ], [ 44.083486, -17.5669167 ], [ 44.0835356, -17.5668896 ], [ 44.083628, -17.5669438 ], [ 44.0837129, -17.5670109 ], [ 44.0838279, -17.5669332 ], [ 44.08392, -17.5668926 ], [ 44.0840262, -17.5668589 ], [ 44.0841112, -17.5668181 ], [ 44.0842034, -17.5666968 ], [ 44.0842317, -17.5665955 ], [ 44.0843026, -17.5665281 ], [ 44.0843805, -17.5664404 ], [ 44.0844371, -17.5663795 ], [ 44.0844868, -17.5663593 ], [ 44.0845504, -17.5663188 ], [ 44.0846213, -17.5662311 ], [ 44.0846497, -17.5661772 ], [ 44.0847275, -17.5662109 ], [ 44.084720399999988, -17.5662786 ], [ 44.0847276, -17.5663255 ], [ 44.0847701, -17.5662583 ], [ 44.0848126, -17.5661837 ], [ 44.0848764, -17.566123 ], [ 44.084926, -17.5660423 ], [ 44.0849755, -17.566022 ], [ 44.0850392, -17.5659545 ], [ 44.0851031, -17.5658531 ], [ 44.0851952, -17.565765 ], [ 44.0852377, -17.5656842 ], [ 44.0853298, -17.5655832 ], [ 44.0854432, -17.565488 ], [ 44.0821435, -17.5521141 ], [ 44.0821013, -17.5521542 ], [ 44.0820592, -17.5522152 ], [ 44.0820101, -17.5522219 ], [ 44.0819609, -17.5522084 ], [ 44.0818977, -17.5522353 ], [ 44.0818134, -17.5522557 ], [ 44.081729, -17.5522761 ], [ 44.0816516, -17.5522898 ], [ 44.081602399999987, -17.5523305 ], [ 44.081539, -17.5523099 ], [ 44.0814898, -17.5523167 ], [ 44.0814334, -17.5523301 ], [ 44.0813911, -17.5523369 ], [ 44.0813277, -17.5523779 ], [ 44.0812784, -17.5524253 ], [ 44.0812146, -17.5524793 ], [ 44.0811439, -17.5525332 ], [ 44.081073, -17.5525397 ], [ 44.0810163, -17.5525802 ], [ 44.080988, -17.5526143 ], [ 44.0809384, -17.5526481 ], [ 44.0808959, -17.5526747 ], [ 44.0808393, -17.5526949 ], [ 44.0807897, -17.5527287 ], [ 44.080733, -17.5527421 ], [ 44.0807048, -17.5527762 ], [ 44.0806695, -17.5528102 ], [ 44.080627, -17.5528509 ], [ 44.0806059, -17.5528913 ], [ 44.0805562, -17.5529183 ], [ 44.0805779, -17.5530067 ], [ 44.0805423, -17.5530469 ], [ 44.0804783, -17.553006 ], [ 44.0804428, -17.5529791 ], [ 44.080386, -17.5529857 ], [ 44.0803506, -17.5530191 ], [ 44.0803009, -17.5530123 ], [ 44.0802302, -17.5529991 ], [ 44.0801877, -17.5529856 ], [ 44.0801383, -17.5529658 ], [ 44.0801382, -17.5530194 ], [ 44.08013110000001, -17.5530667 ], [ 44.0800816, -17.5530396 ], [ 44.0800533, -17.5530065 ], [ 44.0800179, -17.5530399 ], [ 44.0799329, -17.5530468 ], [ 44.0799542, -17.5529664 ], [ 44.0798692, -17.5529597 ], [ 44.079833699999988, -17.5529192 ], [ 44.0797983, -17.5528922 ], [ 44.0797699, -17.552845 ], [ 44.0797274, -17.5528784 ], [ 44.0796565, -17.5528244 ], [ 44.0796494, -17.5527769 ], [ 44.0795785, -17.5527495 ], [ 44.0795076, -17.5526888 ], [ 44.0794651, -17.5526415 ], [ 44.0794226, -17.5525873 ], [ 44.0793518, -17.5525329 ], [ 44.079352, -17.5524787 ], [ 44.0793166, -17.5524517 ], [ 44.07926, -17.552438 ], [ 44.0792033, -17.5524311 ], [ 44.0791539, -17.5523972 ] ] ], [ [ [ 44.0856585, -17.5149841 ], [ 44.0857413, -17.5145426 ], [ 44.0862547, -17.5143208 ], [ 44.0873611, -17.5136111 ], [ 44.0887733, -17.5130237 ], [ 44.0889309, -17.5125627 ], [ 44.0886057, -17.5120996 ], [ 44.0884427, -17.5115304 ], [ 44.0884426, -17.5110128 ], [ 44.088551, -17.5104952 ], [ 44.0877368, -17.5100296 ], [ 44.0865669, -17.5097349 ], [ 44.0846913, -17.5094153 ], [ 44.082184, -17.5090466 ], [ 44.0816188, -17.5090182 ], [ 44.0818167, -17.5099754 ], [ 44.0816486, -17.5107346 ], [ 44.0812172, -17.5108906 ], [ 44.0811726, -17.510919 ], [ 44.0810239, -17.510919 ], [ 44.08089, -17.5108906 ], [ 44.0806223, -17.5108764 ], [ 44.0800422, -17.5109615 ], [ 44.0800273, -17.5109615 ], [ 44.0798488, -17.5109615 ], [ 44.0796257, -17.5111601 ], [ 44.0794174, -17.5115853 ], [ 44.0793877, -17.5115995 ], [ 44.0792836, -17.5116278 ], [ 44.0791348, -17.5116846 ], [ 44.0790753, -17.5118264 ], [ 44.0791646, -17.5119399 ], [ 44.0792241, -17.5120959 ], [ 44.0793728, -17.5121527 ], [ 44.0795513, -17.5122094 ], [ 44.0796406, -17.5123087 ], [ 44.0796406, -17.5124789 ], [ 44.079566199999988, -17.5125924 ], [ 44.0794323, -17.5125641 ], [ 44.0793282, -17.5124506 ], [ 44.0792687, -17.5123087 ], [ 44.0792092, -17.5123371 ], [ 44.0787827, -17.5123089 ], [ 44.0781857, -17.5124126 ], [ 44.0781829, -17.512181 ], [ 44.0782941, -17.5117915 ], [ 44.0787282, -17.5111703 ], [ 44.0788366, -17.5106528 ], [ 44.079001, -17.510153 ], [ 44.0787278, -17.5096694 ], [ 44.078293599999988, -17.5092555 ], [ 44.0777668, -17.5090466 ], [ 44.0774098, -17.5091034 ], [ 44.0771421, -17.5092027 ], [ 44.0770975, -17.5092027 ], [ 44.0769487, -17.509231 ], [ 44.076859500000012, -17.5093729 ], [ 44.0768297, -17.5095006 ], [ 44.0769339, -17.5096566 ], [ 44.0771123, -17.5097133 ], [ 44.077246200000012, -17.5097984 ], [ 44.0773057, -17.5099687 ], [ 44.0773652, -17.5100821 ], [ 44.0774842, -17.5103942 ], [ 44.077208399999989, -17.5104461 ], [ 44.0769915, -17.5110154 ], [ 44.0768288, -17.5114812 ], [ 44.0771002, -17.5119987 ], [ 44.0767204, -17.5124129 ], [ 44.0760149, -17.5121542 ], [ 44.0749858, -17.5114149 ], [ 44.0745195, -17.5112224 ], [ 44.0734676, -17.511975 ], [ 44.0727273, -17.5124083 ], [ 44.0728672, -17.5127899 ], [ 44.0728909, -17.5129048 ], [ 44.0728463, -17.5131034 ], [ 44.072757, -17.5132169 ], [ 44.0724744, -17.5134296 ], [ 44.0719446, -17.5129971 ], [ 44.0709133, -17.5124279 ], [ 44.069487, -17.5119672 ], [ 44.0674622, -17.5111026 ], [ 44.066086399999989, -17.5105908 ], [ 44.0655935, -17.5107615 ], [ 44.06517, -17.5124124 ], [ 44.0644637, -17.5133804 ], [ 44.063602, -17.5133264 ], [ 44.0636427, -17.5133258 ], [ 44.0636236, -17.5133258 ], [ 44.0634136, -17.5132893 ], [ 44.0632036, -17.5132347 ], [ 44.0630508, -17.5132347 ], [ 44.0628217, -17.5132711 ], [ 44.0626308, -17.5132711 ], [ 44.0624207, -17.5132528 ], [ 44.0622298, -17.5132528 ], [ 44.0620389, -17.5133074 ], [ 44.0617525, -17.5134531 ], [ 44.0610003, -17.5135633 ], [ 44.0606944, -17.5133987 ], [ 44.0599345, -17.5137093 ], [ 44.0599346, -17.5137611 ], [ 44.0600889, -17.5139396 ], [ 44.0601484, -17.5139396 ], [ 44.0602674, -17.5140105 ], [ 44.0602227, -17.5141523 ], [ 44.0602603, -17.5146409 ], [ 44.0599549, -17.5148332 ], [ 44.0595004, -17.5147445 ], [ 44.0589034, -17.5149516 ], [ 44.0589001, -17.5150179 ], [ 44.05890010000001, -17.5150605 ], [ 44.0589001, -17.5152307 ], [ 44.0589744, -17.5153584 ], [ 44.0590488, -17.5153867 ], [ 44.0590339, -17.5154718 ], [ 44.0591083, -17.5155428 ], [ 44.0592719, -17.5155995 ], [ 44.0594206, -17.5155853 ], [ 44.0595694, -17.515557 ], [ 44.059733, -17.5155003 ], [ 44.0598817, -17.5154435 ], [ 44.0600305, -17.515401 ], [ 44.0601495, -17.5154577 ], [ 44.0602089, -17.5155996 ], [ 44.0601494, -17.5157273 ], [ 44.0600007, -17.515784 ], [ 44.0598222, -17.515784 ], [ 44.0597329, -17.5158832 ], [ 44.0596288, -17.5158832 ], [ 44.0592421, -17.5160109 ], [ 44.0591826, -17.5160109 ], [ 44.0588851, -17.5160676 ], [ 44.058186, -17.5159115 ], [ 44.0580819, -17.5158689 ], [ 44.0579629, -17.5158689 ], [ 44.0577993, -17.5158689 ], [ 44.0576357, -17.5158689 ], [ 44.057487, -17.5158972 ], [ 44.0571597, -17.5160816 ], [ 44.0576007, -17.5165563 ], [ 44.058611500000012, -17.5170359 ], [ 44.0599055, -17.5176862 ], [ 44.0612151, -17.5183062 ], [ 44.0620908, -17.5182813 ], [ 44.0635526, -17.5177559 ], [ 44.0638352, -17.5175148 ], [ 44.0639096, -17.5174864 ], [ 44.0640583, -17.5174439 ], [ 44.0642071, -17.5174013 ], [ 44.0643558, -17.5174013 ], [ 44.0644748, -17.5175006 ], [ 44.0645938, -17.5176283 ], [ 44.0647425, -17.5176851 ], [ 44.0648913, -17.5176 ], [ 44.0649954, -17.5174723 ], [ 44.0652334, -17.5172596 ], [ 44.065397, -17.5172737 ], [ 44.0655458, -17.5173021 ], [ 44.065635, -17.5174298 ], [ 44.0657094, -17.5175858 ], [ 44.065772, -17.5178239 ], [ 44.0663638, -17.5181958 ], [ 44.0665126, -17.5182526 ], [ 44.0665572, -17.5182526 ], [ 44.0667208, -17.5182526 ], [ 44.0669142, -17.5182526 ], [ 44.067048, -17.5182526 ], [ 44.0671968, -17.5182242 ], [ 44.0673158, -17.5181675 ], [ 44.0674348, -17.5182668 ], [ 44.0674645, -17.5184087 ], [ 44.0677323, -17.5186782 ], [ 44.0685541, -17.5187066 ], [ 44.0688069, -17.5186499 ], [ 44.0688516, -17.5186499 ], [ 44.0690152, -17.5186215 ], [ 44.0691491, -17.518508 ], [ 44.0692383, -17.5183945 ], [ 44.0693871, -17.5183236 ], [ 44.0695358, -17.5182669 ], [ 44.0696994, -17.5182102 ], [ 44.0697887, -17.5180399 ], [ 44.0699672, -17.5178981 ], [ 44.0700118, -17.5179548 ], [ 44.0700267, -17.5179832 ], [ 44.0701457, -17.51804 ], [ 44.0703242, -17.5179832 ], [ 44.0703985, -17.5179407 ], [ 44.070458, -17.5177988 ], [ 44.0705473, -17.5176853 ], [ 44.0706514, -17.5175719 ], [ 44.0707704, -17.5174726 ], [ 44.0708597, -17.5173449 ], [ 44.0709341, -17.5170187 ], [ 44.071305900000013, -17.5164797 ], [ 44.071529, -17.5164088 ], [ 44.0715737, -17.5163662 ], [ 44.071633200000015, -17.5162102 ], [ 44.0717522, -17.5161109 ], [ 44.0719009, -17.5161676 ], [ 44.0722133, -17.516196 ], [ 44.072838, -17.5163663 ], [ 44.0728231, -17.5165648 ], [ 44.072838, -17.5165365 ], [ 44.0730908, -17.5166783 ], [ 44.073076, -17.5167493 ], [ 44.0731801, -17.5171748 ], [ 44.0733437, -17.5172883 ], [ 44.0734329, -17.517345 ], [ 44.0735371, -17.5174585 ], [ 44.0736858, -17.5175436 ], [ 44.0738197, -17.5176713 ], [ 44.0739684, -17.5177138 ], [ 44.0741172, -17.5177422 ], [ 44.0743849, -17.5176713 ], [ 44.0745525, -17.5178 ], [ 44.0746566, -17.5179419 ], [ 44.074790500000013, -17.5179702 ], [ 44.0749392, -17.5179703 ], [ 44.0750433, -17.5180979 ], [ 44.0751028, -17.5182114 ], [ 44.0752218, -17.5183107 ], [ 44.0755044, -17.5185376 ], [ 44.0754573, -17.5191063 ], [ 44.0756786, -17.5191167 ], [ 44.0762863, -17.519078 ], [ 44.0765767, -17.5190264 ], [ 44.0770472, -17.5188543 ], [ 44.0773026, -17.5188056 ], [ 44.077558, -17.5187568 ], [ 44.0778645, -17.5187568 ], [ 44.0780944, -17.5188298 ], [ 44.0783754, -17.5188297 ], [ 44.0786564, -17.5189271 ], [ 44.0789118, -17.5190001 ], [ 44.0791673, -17.5190731 ], [ 44.0794227, -17.5190244 ], [ 44.0797037, -17.5190974 ], [ 44.0799591, -17.5190973 ], [ 44.080189, -17.5192678 ], [ 44.0804445, -17.5193164 ], [ 44.0806999, -17.5193164 ], [ 44.0809809, -17.5193407 ], [ 44.0812363, -17.5194137 ], [ 44.0814662, -17.5194137 ], [ 44.0817217, -17.5195597 ], [ 44.081926, -17.5196571 ], [ 44.082207, -17.5196084 ], [ 44.0824625, -17.5196327 ], [ 44.0827179, -17.5196813 ], [ 44.0827735, -17.5196968 ], [ 44.0829404, -17.5195283 ], [ 44.0830593, -17.5191312 ], [ 44.0831337, -17.5190319 ], [ 44.0832973, -17.5190461 ], [ 44.0834163, -17.5190744 ], [ 44.0835651, -17.5191595 ], [ 44.083684100000013, -17.519273 ], [ 44.0838031, -17.5193581 ], [ 44.0840882, -17.5193014 ], [ 44.0844897, -17.5182801 ], [ 44.0845492, -17.5182233 ], [ 44.0846087, -17.5182091 ], [ 44.084772300000012, -17.5181666 ], [ 44.0849211, -17.518124 ], [ 44.0850401, -17.5180247 ], [ 44.0851293, -17.5178829 ], [ 44.0851888, -17.517741 ], [ 44.0852632, -17.5176134 ], [ 44.0854714, -17.5174715 ], [ 44.0853408, -17.5167104 ], [ 44.0852293, -17.5162247 ], [ 44.085377, -17.5157224 ], [ 44.0856585, -17.5149841 ] ] ] ] } }
]
}
