{
"type": "FeatureCollection",
"name": "MDG-303695-NODATE-secondary_zoning-001",
"crs": { "type": "name", "properties": { "name": "urn:ogc:def:crs:OGC:1.3:CRS84" } },
"features": [
{ "type": "Feature", "properties": { }, "geometry": { "type": "MultiPolygon", "coordinates": [ [ [ [ 50.177992399999987, -16.0149951 ], [ 50.1777852, -16.0039435 ], [ 50.1594107, -16.0042649 ], [ 50.1595723, -16.0129271 ], [ 50.1639015, -16.0131503 ], [ 50.1642494, -16.0152357 ], [ 50.177992399999987, -16.0149951 ] ] ], [ [ [ 50.2351436, -15.9860326 ], [ 50.2315252, -15.9838728 ], [ 50.2253029, -15.9896601 ], [ 50.2269719, -15.9943043 ], [ 50.2281261, -15.9935923 ], [ 50.2298535, -15.9918452 ], [ 50.23233, -15.9894975 ], [ 50.2351436, -15.9860326 ] ] ], [ [ [ 50.2260607, -15.9465405 ], [ 50.2271164, -15.9462241 ], [ 50.2271818, -15.9462045 ], [ 50.22735, -15.9461845 ], [ 50.2277298, -15.9461394 ], [ 50.2279368, -15.9460851 ], [ 50.2287547, -15.9458705 ], [ 50.2287183, -15.9444698 ], [ 50.2287025, -15.9433905 ], [ 50.2286154, -15.9423339 ], [ 50.2285513, -15.9414146 ], [ 50.2284132, -15.9407474 ], [ 50.2270677, -15.9393382 ], [ 50.2267186, -15.9383484 ], [ 50.2266761, -15.9377043 ], [ 50.2265868, -15.9369007 ], [ 50.2262846, -15.9359801 ], [ 50.2257229, -15.9347591 ], [ 50.2252788, -15.9337449 ], [ 50.2250754, -15.9323663 ], [ 50.2250625, -15.9309425 ], [ 50.225288, -15.929475 ], [ 50.225747, -15.9285363 ], [ 50.2262534, -15.9276668 ], [ 50.2266893, -15.926706 ], [ 50.2267663, -15.9259943 ], [ 50.2267211, -15.9256722 ], [ 50.226128299999985, -15.9253698 ], [ 50.2254133, -15.9255485 ], [ 50.2245301, -15.9259334 ], [ 50.2228621, -15.9261967 ], [ 50.221902699999987, -15.9271543 ], [ 50.22104, -15.9279759 ], [ 50.2199677, -15.9281744 ], [ 50.219084699999989, -15.928513 ], [ 50.2175805, -15.9291686 ], [ 50.2167935, -15.9293699 ], [ 50.2160298, -15.9296861 ], [ 50.2153586, -15.930301 ], [ 50.2150177, -15.9312861 ], [ 50.2149172, -15.9320207 ], [ 50.2145558, -15.9325692 ], [ 50.2135977, -15.9334116 ], [ 50.2130459, -15.9339826 ], [ 50.2127062, -15.9347836 ], [ 50.212700800000015, -15.9355189 ], [ 50.2127687, -15.9359321 ], [ 50.2119258, -15.9372807 ], [ 50.2110399, -15.9379637 ], [ 50.210037, -15.9384388 ], [ 50.2092238, -15.9388924 ], [ 50.2083838, -15.9398739 ], [ 50.2069672, -15.941472 ], [ 50.2057891, -15.9430015 ], [ 50.2049961, -15.9440295 ], [ 50.2044372, -15.945495 ], [ 50.204332699999981, -15.9466431 ], [ 50.2042917, -15.9488697 ], [ 50.2042335, -15.9502699 ], [ 50.2039348, -15.9519217 ], [ 50.2037614, -15.9528157 ], [ 50.203825699999989, -15.9536887 ], [ 50.2043688, -15.9542663 ], [ 50.2050118, -15.9542256 ], [ 50.2057952, -15.954484 ], [ 50.2061955, -15.955037 ], [ 50.2063572, -15.9556587 ], [ 50.206186, -15.9562083 ], [ 50.2058729, -15.9566881 ], [ 50.2054391, -15.9574208 ], [ 50.2056226, -15.9582713 ], [ 50.205899, -15.9594668 ], [ 50.2059412, -15.9601561 ], [ 50.205431300000015, -15.9614389 ], [ 50.2049789, -15.961527 ], [ 50.204569, -15.9621678 ], [ 50.2045119, -15.9633839 ], [ 50.2046474, -15.9643493 ], [ 50.2048559, -15.9650402 ], [ 50.2052832, -15.9652269 ], [ 50.2068772, -15.9652609 ], [ 50.2080483, -15.9646259 ], [ 50.2086237, -15.9641245 ], [ 50.2091745, -15.9636235 ], [ 50.2097225, -15.9635585 ], [ 50.210579, -15.9636326 ], [ 50.2110303, -15.9637048 ], [ 50.2119161, -15.9630455 ], [ 50.2123706, -15.9627269 ], [ 50.2128, -15.9625917 ], [ 50.213515099999988, -15.9625057 ], [ 50.214513, -15.9627184 ], [ 50.2150132, -15.9626531 ], [ 50.2152084, -15.961989 ], [ 50.2151626, -15.9617584 ], [ 50.2151904, -15.9612542 ], [ 50.2155736, -15.9609583 ], [ 50.216263699999985, -15.9609394 ], [ 50.2171904, -15.9611534 ], [ 50.2181175, -15.9613199 ], [ 50.219283, -15.9613512 ], [ 50.2200488, -15.9608284 ], [ 50.2201092, -15.9591752 ], [ 50.2203331, -15.957868 ], [ 50.2205995, -15.9572953 ], [ 50.2210567, -15.9566559 ], [ 50.2214211, -15.9563923 ], [ 50.2214326, -15.9563839 ], [ 50.2213956, -15.9562479 ], [ 50.221345, -15.9560937 ], [ 50.2213182, -15.9560121 ], [ 50.2211838, -15.9556001 ], [ 50.2208582, -15.9545884 ], [ 50.2205801, -15.9536447 ], [ 50.2204962, -15.9531378 ], [ 50.220389700000013, -15.9524951 ], [ 50.2203254, -15.9521473 ], [ 50.220227799999982, -15.9519167 ], [ 50.2201751, -15.9517919 ], [ 50.2201856, -15.9516018 ], [ 50.2201946, -15.951437 ], [ 50.220086, -15.9506774 ], [ 50.2200796, -15.9506327 ], [ 50.2200676, -15.9505067 ], [ 50.2200483, -15.9503035 ], [ 50.21999719999998, -15.9497721 ], [ 50.2199917, -15.9497139 ], [ 50.2202112, -15.9492259 ], [ 50.2202282, -15.949188 ], [ 50.2204033, -15.9487987 ], [ 50.2206688, -15.9484704 ], [ 50.2211242, -15.9479074 ], [ 50.2222484, -15.9472638 ], [ 50.2225104, -15.9471138 ], [ 50.2234398, -15.9468715 ], [ 50.223771500000012, -15.9467851 ], [ 50.2237979, -15.9467782 ], [ 50.2247261, -15.9467618 ], [ 50.2255394, -15.9466269 ], [ 50.2260607, -15.9465405 ] ] ], [ [ [ 50.342824, -15.7934772 ], [ 50.3482936, -15.7932265 ], [ 50.3528933, -15.7884481 ], [ 50.3455447, -15.7885816 ], [ 50.342824, -15.7934772 ] ] ], [ [ [ 50.3206409, -15.7947746 ], [ 50.3208955, -15.7945171 ], [ 50.3215087, -15.7938974 ], [ 50.3215151, -15.7938913 ], [ 50.3215688, -15.7938398 ], [ 50.3215795, -15.7938161 ], [ 50.321712, -15.793521 ], [ 50.3222969, -15.7929458 ], [ 50.3224028, -15.7928141 ], [ 50.322581, -15.7926471 ], [ 50.3226646, -15.7922673 ], [ 50.3228423, -15.7920973 ], [ 50.3228427, -15.792097 ], [ 50.3231414, -15.7914682 ], [ 50.3232055, -15.7904948 ], [ 50.323446700000012, -15.7896378 ], [ 50.3234504, -15.78895 ], [ 50.3238117, -15.7876358 ], [ 50.3238163, -15.7866623 ], [ 50.3238331, -15.7866198 ], [ 50.3228971, -15.7856674 ], [ 50.3226094, -15.7843204 ], [ 50.3218968, -15.7835727 ], [ 50.32143940000001, -15.7824823 ], [ 50.3203713, -15.7814029 ], [ 50.3198365, -15.7808209 ], [ 50.3207475, -15.7782692 ], [ 50.3213403, -15.7773289 ], [ 50.3221207, -15.7770613 ], [ 50.3226263, -15.7761225 ], [ 50.3220801, -15.7749492 ], [ 50.3212851, -15.7744564 ], [ 50.3208457, -15.7742953 ], [ 50.321181599999981, -15.7736132 ], [ 50.3221961, -15.7719047 ], [ 50.3244867, -15.7684829 ], [ 50.3259356, -15.766682 ], [ 50.3267013, -15.7656541 ], [ 50.3263403, -15.7652551 ], [ 50.3263266, -15.7652413 ], [ 50.325497199999987, -15.7648915 ], [ 50.3241676, -15.7646072 ], [ 50.3231476, -15.7643241 ], [ 50.3217967, -15.7637183 ], [ 50.3207316, -15.7630915 ], [ 50.3197353, -15.7627639 ], [ 50.3181445, -15.7624775 ], [ 50.3171957, -15.7621953 ], [ 50.3152185, -15.7627108 ], [ 50.3144777, -15.7632109 ], [ 50.3131113, -15.7647171 ], [ 50.3121297, -15.7656754 ], [ 50.3105249, -15.7672491 ], [ 50.3097583, -15.7680477 ], [ 50.3085364, -15.7692792 ], [ 50.3074128, -15.7700989 ], [ 50.306505, -15.7707126 ], [ 50.3058339, -15.7714428 ], [ 50.3050659, -15.7723567 ], [ 50.3039649, -15.7733826 ], [ 50.3030584, -15.7737896 ], [ 50.3020326, -15.7742417 ], [ 50.3014356, -15.7745821 ], [ 50.3007656, -15.7751294 ], [ 50.300381299999984, -15.7756772 ], [ 50.300041, -15.7766624 ], [ 50.2996306, -15.7774637 ], [ 50.2991021, -15.7782174 ], [ 50.298334, -15.7791538 ], [ 50.2968305, -15.7799023 ], [ 50.2959464, -15.7804467 ], [ 50.2950603, -15.781314 ], [ 50.2939813, -15.7825236 ], [ 50.2931859, -15.7839879 ], [ 50.2925835, -15.7849935 ], [ 50.2912868, -15.7866847 ], [ 50.2903973, -15.7879869 ], [ 50.2898662, -15.7890636 ], [ 50.2894287, -15.7903688 ], [ 50.2894921, -15.7914009 ], [ 50.289963700000015, -15.7919097 ], [ 50.2906035, -15.7921896 ], [ 50.2915518, -15.7925634 ], [ 50.2930941, -15.7930101 ], [ 50.2938331, -15.7928082 ], [ 50.2947621, -15.7925623 ], [ 50.2957333, -15.793096 ], [ 50.296537, -15.7937445 ], [ 50.2983867, -15.7943776 ], [ 50.2996689, -15.7946155 ], [ 50.3007878, -15.7944847 ], [ 50.3013637, -15.7938002 ], [ 50.3020362, -15.7928633 ], [ 50.302777299999981, -15.7923395 ], [ 50.3034207, -15.7921371 ], [ 50.3050364, -15.7923091 ], [ 50.3060539, -15.7930045 ], [ 50.3065474, -15.7937432 ], [ 50.3069337, -15.7961563 ], [ 50.307929, -15.7966681 ], [ 50.3088997, -15.7972028 ], [ 50.3097943, -15.7984481 ], [ 50.3109925, -15.8003859 ], [ 50.311251, -15.8008465 ], [ 50.3118645, -15.8014249 ], [ 50.3125526, -15.8016361 ], [ 50.3133621, -15.8015493 ], [ 50.3143386, -15.8013487 ], [ 50.3153596, -15.801493 ], [ 50.3159969, -15.8021861 ], [ 50.3164654, -15.8031082 ], [ 50.3169131, -15.8037077 ], [ 50.317745, -15.8036904 ], [ 50.3183198, -15.8031662 ], [ 50.3189931, -15.8021829 ], [ 50.3196895, -15.8016385 ], [ 50.3197195, -15.8014697 ], [ 50.3201833, -15.8005432 ], [ 50.3202936, -15.7999416 ], [ 50.3202111, -15.7981961 ], [ 50.3200995, -15.7971852 ], [ 50.320203799999987, -15.7959682 ], [ 50.320639300000011, -15.7950536 ], [ 50.3206409, -15.7947746 ] ] ], [ [ [ 50.3548952, -15.7706926 ], [ 50.3699036, -15.7704195 ], [ 50.3696594, -15.757854 ], [ 50.3546518, -15.758127 ], [ 50.3548952, -15.7706926 ] ] ], [ [ [ 49.9580987, -15.7320897 ], [ 49.9571508, -15.7323684 ], [ 49.9502916, -15.7326276 ], [ 49.9515435, -15.7424693 ], [ 49.9577519, -15.7405455 ], [ 49.955696, -15.7383261 ], [ 49.9556905, -15.7383202 ], [ 49.9566211, -15.7389238 ], [ 49.9567145, -15.7389302 ], [ 49.9571057, -15.7389565 ], [ 49.9573415, -15.7390724 ], [ 49.9581599, -15.7399219 ], [ 49.9596051, -15.7405962 ], [ 49.9610066, -15.740746 ], [ 49.9615286, -15.7408877 ], [ 49.9626913, -15.7411498 ], [ 49.9633535, -15.7415693 ], [ 49.9639686, -15.7418958 ], [ 49.9645392, -15.7419463 ], [ 49.965205, -15.7419059 ], [ 49.9660827, -15.7421423 ], [ 49.9667941, -15.7423779 ], [ 49.96714810000001, -15.7426793 ], [ 49.9676156, -15.7435335 ], [ 49.9690356, -15.744303 ], [ 49.9696551, -15.7441471 ], [ 49.970297, -15.7441749 ], [ 49.9706509, -15.7445 ], [ 49.9707169, -15.7450739 ], [ 49.9707168, -15.7450745 ], [ 49.970717, -15.7450763 ], [ 49.9706185, -15.7454439 ], [ 49.9704734, -15.7457174 ], [ 49.9701395, -15.7458302 ], [ 49.969330399999983, -15.7459158 ], [ 49.9690777, -15.7459994 ], [ 49.9697701, -15.7467149 ], [ 49.9700759, -15.7470191 ], [ 49.9707665, -15.7474631 ], [ 49.9718081, -15.7480005 ], [ 49.9727797, -15.7483753 ], [ 49.973681, -15.7486587 ], [ 49.9740585, -15.7489371 ], [ 49.9747197, -15.7494943 ], [ 49.9752645, -15.7497045 ], [ 49.975666, -15.7499836 ], [ 49.975949, -15.7502613 ], [ 49.9768559, -15.7499019 ], [ 49.9776688, -15.7494028 ], [ 49.9783147, -15.7489945 ], [ 49.979053, -15.7488626 ], [ 49.9798615, -15.748847 ], [ 49.9808363, -15.7489009 ], [ 49.9815746, -15.748769 ], [ 49.9824837, -15.7481102 ], [ 49.9830123, -15.7474938 ], [ 49.9836593, -15.7469477 ], [ 49.9845667, -15.7465193 ], [ 49.9858304, -15.7461618 ], [ 49.986357, -15.7457984 ], [ 49.986930799999989, -15.7454354 ], [ 49.9875718, -15.7455095 ], [ 49.9886425, -15.74545 ], [ 49.98912, -15.7452467 ], [ 49.9897907, -15.7447239 ], [ 49.9904847, -15.7442008 ], [ 49.990775, -15.743629 ], [ 49.9908785, -15.7426673 ], [ 49.9907668, -15.741909 ], [ 49.9907669, -15.7419079 ], [ 49.9907667, -15.7419066 ], [ 49.9908947, -15.740897 ], [ 49.9909477, -15.7403008 ], [ 49.9912377, -15.7397516 ], [ 49.9915001, -15.7396852 ], [ 49.9921397, -15.7399423 ], [ 49.992757, -15.7400619 ], [ 49.9935415, -15.7400455 ], [ 49.9944733, -15.7395478 ], [ 49.9957632, -15.7388916 ], [ 49.9970281, -15.7383737 ], [ 49.9975768, -15.7381714 ], [ 49.9982183, -15.7382455 ], [ 49.9987124, -15.7388473 ], [ 49.9988709, -15.7396985 ], [ 49.9988706, -15.7396993 ], [ 49.9988709, -15.7397009 ], [ 49.9986758, -15.7402735 ], [ 49.9982899, -15.7408446 ], [ 49.998074, -15.7410955 ], [ 49.9972099, -15.7419615 ], [ 49.9969679, -15.7424874 ], [ 49.996817, -15.7434037 ], [ 49.9969295, -15.744138 ], [ 49.9971854, -15.7447606 ], [ 49.9977015, -15.7455224 ], [ 49.9981003, -15.746146 ], [ 49.9981001, -15.7461481 ], [ 49.9981004, -15.7461485 ], [ 49.9980473, -15.7467446 ], [ 49.9977113, -15.7471331 ], [ 49.9968266, -15.7476538 ], [ 49.9961826, -15.7479016 ], [ 49.9947222, -15.7490147 ], [ 49.9943112, -15.7497466 ], [ 49.9940187, -15.7505478 ], [ 49.9936067, -15.7514173 ], [ 49.99367, -15.7523346 ], [ 49.9939952, -15.7532102 ], [ 49.994774, -15.7538592 ], [ 49.9952706, -15.754139 ], [ 49.9959817, -15.7544197 ], [ 49.996741, -15.7545867 ], [ 49.9976465, -15.7544102 ], [ 49.9989372, -15.7536625 ], [ 49.9998218, -15.7530729 ], [ 50.0009488, -15.7520715 ], [ 50.0015485, -15.7514562 ], [ 50.0024157, -15.7501767 ], [ 50.0031821, -15.7495631 ], [ 50.003588, -15.7494287 ], [ 50.0039205, -15.7494074 ], [ 50.0044419, -15.7496416 ], [ 50.0047897, -15.7506094 ], [ 50.0050109, -15.7524942 ], [ 50.00524, -15.753507 ], [ 50.006031, -15.7554648 ], [ 50.0063601, -15.7559043 ], [ 50.0064493, -15.7565941 ], [ 50.0064491, -15.7565946 ], [ 50.0064494, -15.7565965 ], [ 50.0060603, -15.7575122 ], [ 50.0060564, -15.7579459 ], [ 50.0065526, -15.7583408 ], [ 50.0072639, -15.75853 ], [ 50.0082307, -15.7594796 ], [ 50.0093383, -15.7606359 ], [ 50.0099945, -15.7616979 ], [ 50.0103012, -15.7620226 ], [ 50.0108927, -15.7623257 ], [ 50.0112841, -15.763775 ], [ 50.0115162, -15.7644658 ], [ 50.0121498, -15.7653667 ], [ 50.0127665, -15.765579 ], [ 50.0136179, -15.7661363 ], [ 50.0143441, -15.7673598 ], [ 50.015095, -15.7684915 ], [ 50.015613, -15.7690927 ], [ 50.0163235, -15.769396 ], [ 50.0171537, -15.7696792 ], [ 50.01798070000001, -15.7702369 ], [ 50.018309, -15.7707905 ], [ 50.0188673, -15.7722416 ], [ 50.0193342, -15.7732097 ], [ 50.019820499999987, -15.7746834 ], [ 50.0202209, -15.7751229 ], [ 50.0207427, -15.7753107 ], [ 50.0212156, -15.775636 ], [ 50.0219683, -15.7765383 ], [ 50.0231914, -15.7780867 ], [ 50.0241807, -15.7791736 ], [ 50.0253593, -15.7803771 ], [ 50.025875199999987, -15.7811851 ], [ 50.026359299999989, -15.7829808 ], [ 50.026359, -15.7829819 ], [ 50.026359299999989, -15.7829832 ], [ 50.0261624, -15.7837161 ], [ 50.0254895, -15.7845383 ], [ 50.0243601, -15.7858606 ], [ 50.0238799, -15.7864085 ], [ 50.0232539, -15.7872763 ], [ 50.022745199999989, -15.7883521 ], [ 50.022069899999984, -15.7894025 ], [ 50.0214437, -15.790294 ], [ 50.0211988, -15.7911181 ], [ 50.02112180000001, -15.7917383 ], [ 50.0209741, -15.7922886 ], [ 50.0204704, -15.7927894 ], [ 50.0198994, -15.7928532 ], [ 50.0196104, -15.7932646 ], [ 50.0195805, -15.793906 ], [ 50.019717700000015, -15.7945728 ], [ 50.0197174, -15.7945738 ], [ 50.0197178, -15.7945753 ], [ 50.019570200000011, -15.7951018 ], [ 50.0190681, -15.795396 ], [ 50.0186089, -15.7954194 ], [ 50.0183379, -15.7954341 ], [ 50.017799, -15.7963512 ], [ 50.0172886, -15.7976564 ], [ 50.0169722, -15.7984579 ], [ 50.0167456, -15.7999016 ], [ 50.0169059, -15.8005676 ], [ 50.017186899999984, -15.801052 ], [ 50.0176098, -15.8016751 ], [ 50.017844, -15.802114 ], [ 50.0178435, -15.8021155 ], [ 50.017844, -15.8021164 ], [ 50.0176963, -15.8026667 ], [ 50.0172866, -15.803306 ], [ 50.0168682, -15.8048649 ], [ 50.0167919, -15.8054828 ], [ 50.0169939, -15.8068154 ], [ 50.0169937, -15.8068161 ], [ 50.016994, -15.8068179 ], [ 50.0167496, -15.807573 ], [ 50.0158423, -15.8079801 ], [ 50.0155724, -15.8088735 ], [ 50.0152291, -15.8100652 ], [ 50.0152432, -15.8111875 ], [ 50.0152433, -15.8111899 ], [ 50.0148994, -15.8123816 ], [ 50.0145117, -15.8131832 ], [ 50.0139104, -15.8140053 ], [ 50.0133582, -15.8145748 ], [ 50.0128243, -15.8157414 ], [ 50.0120252, -15.8174116 ], [ 50.0115603, -15.8188549 ], [ 50.0111441, -15.8201845 ], [ 50.0109373, -15.8220874 ], [ 50.011187199999988, -15.8234206 ], [ 50.0116765, -15.824595 ], [ 50.0120987, -15.8252419 ], [ 50.012098699999989, -15.8252443 ], [ 50.0120974, -15.8254002 ], [ 50.0120896, -15.8263005 ], [ 50.011845, -15.8270794 ], [ 50.0117412, -15.8280886 ], [ 50.0118742, -15.8291446 ], [ 50.0123836, -15.8307557 ], [ 50.0127817, -15.8314256 ], [ 50.0137481, -15.8324892 ], [ 50.0143373, -15.8331141 ], [ 50.0146865, -15.8339204 ], [ 50.0153908, -15.8350053 ], [ 50.0162875, -15.8358622 ], [ 50.0170675, -15.8364196 ], [ 50.0183911, -15.8373947 ], [ 50.0193608, -15.8380223 ], [ 50.0200453, -15.8386253 ], [ 50.0207733, -15.8397335 ], [ 50.0210981, -15.8407005 ], [ 50.0213913, -15.8425174 ], [ 50.0213912, -15.8425192 ], [ 50.021391299999983, -15.8425198 ], [ 50.0213605, -15.8433681 ], [ 50.0215604, -15.8449305 ], [ 50.0217788, -15.8471597 ], [ 50.0220269, -15.8487695 ], [ 50.0220639, -15.8499865 ], [ 50.0222875, -15.8515956 ], [ 50.0222875, -15.8515978 ], [ 50.0222875, -15.851598 ], [ 50.0222997, -15.8529305 ], [ 50.0221749, -15.8536182 ], [ 50.0219487, -15.8549954 ], [ 50.0219157, -15.8560492 ], [ 50.0220044, -15.856807 ], [ 50.0222792, -15.8579805 ], [ 50.0226757, -15.8589485 ], [ 50.0229509, -15.8600756 ], [ 50.0229508, -15.8600775 ], [ 50.0229509, -15.860078 ], [ 50.0229207, -15.8608364 ], [ 50.022651399999987, -15.8617298 ], [ 50.0223747, -15.862115 ], [ 50.0217212, -15.8625687 ], [ 50.0211295, -15.862564 ], [ 50.0209513, -15.8626776 ], [ 50.020417699999989, -15.8627882 ], [ 50.0198658, -15.8630539 ], [ 50.0194972, -15.8633548 ], [ 50.0190127, -15.8643196 ], [ 50.0183893, -15.8648874 ], [ 50.0188535, -15.8661529 ], [ 50.019582, -15.8672148 ], [ 50.0198171, -15.8675384 ], [ 50.0202136, -15.8684376 ], [ 50.0202539, -15.8692873 ], [ 50.0202538, -15.8692875 ], [ 50.0202539, -15.8692898 ], [ 50.0199625, -15.8699305 ], [ 50.0195995, -15.8704098 ], [ 50.0195457, -15.8704717 ], [ 50.0192651, -15.8707972 ], [ 50.0191112, -15.8721042 ], [ 50.0192009, -15.8727238 ], [ 50.019548500000013, -15.8737605 ], [ 50.0200674, -15.8742928 ], [ 50.020444, -15.8747314 ], [ 50.020602, -15.8757668 ], [ 50.0207372, -15.8766398 ], [ 50.021011, -15.877951 ], [ 50.0216213, -15.8788974 ], [ 50.0223993, -15.879754 ], [ 50.0230589, -15.8805166 ], [ 50.0240977, -15.8814434 ], [ 50.0245427, -15.882274 ], [ 50.0250839, -15.8829437 ], [ 50.025718499999982, -15.8838445 ], [ 50.0263127, -15.8839181 ], [ 50.0271676, -15.8840856 ], [ 50.0276897, -15.8842733 ], [ 50.028117699999989, -15.8843226 ], [ 50.0289068, -15.8838463 ], [ 50.0291712, -15.8835278 ], [ 50.0298439, -15.8827745 ], [ 50.0305616, -15.8823208 ], [ 50.0308486, -15.882185 ], [ 50.0317915, -15.8831574 ], [ 50.032357199999986, -15.8838278 ], [ 50.0332102, -15.8841794 ], [ 50.0342107, -15.8840722 ], [ 50.0344738, -15.8839356 ], [ 50.0353618, -15.8830239 ], [ 50.0357477, -15.8824527 ], [ 50.036793, -15.8825989 ], [ 50.0374783, -15.8831328 ], [ 50.0379216, -15.8841927 ], [ 50.0383692, -15.884655 ], [ 50.0389156, -15.8847971 ], [ 50.0392655, -15.885627 ], [ 50.0394958, -15.8865244 ], [ 50.0399918, -15.8869181 ], [ 50.0405867, -15.8869002 ], [ 50.041134600000014, -15.8868356 ], [ 50.0417728, -15.8873455 ], [ 50.0420084, -15.8876002 ], [ 50.0420535, -15.8878987 ], [ 50.0420535, -15.8879007 ], [ 50.0420535, -15.8879011 ], [ 50.0420502, -15.8882675 ], [ 50.0421614, -15.889163 ], [ 50.0426348, -15.8894656 ], [ 50.0432195, -15.8906642 ], [ 50.043925099999989, -15.8916112 ], [ 50.0445325, -15.892902 ], [ 50.0447389, -15.8937987 ], [ 50.0447587, -15.8942817 ], [ 50.0450113, -15.8953165 ], [ 50.0453402, -15.8958248 ], [ 50.0459316, -15.8961966 ], [ 50.0469254, -15.8968473 ], [ 50.0472315, -15.897286 ], [ 50.047846500000013, -15.8977048 ], [ 50.0484393, -15.8978924 ], [ 50.0490297, -15.8984709 ], [ 50.0495477, -15.899072 ], [ 50.0502817, -15.899491 ], [ 50.050923299999987, -15.8996338 ], [ 50.051755, -15.8997101 ], [ 50.052276, -15.9000581 ], [ 50.052581, -15.9005657 ], [ 50.0527167, -15.9013935 ], [ 50.0527165, -15.9013942 ], [ 50.0527168, -15.901396 ], [ 50.0524971, -15.9019914 ], [ 50.0525153, -15.9026777 ], [ 50.0528444, -15.9031623 ], [ 50.0534153, -15.9031436 ], [ 50.0540287, -15.9037917 ], [ 50.054381, -15.9042996 ], [ 50.0545493, -15.9041172 ], [ 50.0548147, -15.9036598 ], [ 50.0550791, -15.9033402 ], [ 50.0555556, -15.9032982 ], [ 50.0559821, -15.9034853 ], [ 50.056289, -15.9038087 ], [ 50.0568286, -15.9047325 ], [ 50.0569925, -15.9049861 ], [ 50.0575929, -15.9043706 ], [ 50.0581972, -15.9032264 ], [ 50.0585834, -15.90261 ], [ 50.0587309, -15.9020823 ], [ 50.0588326, -15.9012561 ], [ 50.0591498, -15.9003404 ], [ 50.0596815, -15.8993805 ], [ 50.0605272, -15.8978708 ], [ 50.0610382, -15.896543 ], [ 50.061406, -15.8952594 ], [ 50.0619221, -15.8933115 ], [ 50.0620332, -15.8914309 ], [ 50.0617585, -15.8902345 ], [ 50.0614921, -15.8879599 ], [ 50.061006, -15.8863486 ], [ 50.0607749, -15.8827632 ], [ 50.0605278, -15.8810394 ], [ 50.0600123, -15.8801164 ], [ 50.059788, -15.8785537 ], [ 50.0596544, -15.8774265 ], [ 50.0589281, -15.8761129 ], [ 50.0583183, -15.875074 ], [ 50.0578061, -15.8737838 ], [ 50.0573878, -15.8726558 ], [ 50.057208, -15.8713917 ], [ 50.0572081, -15.8713906 ], [ 50.0572079, -15.8713893 ], [ 50.0573598, -15.8703329 ], [ 50.0576548, -15.8691872 ], [ 50.0578763, -15.8683398 ], [ 50.0581677, -15.8676753 ], [ 50.0585782, -15.8669207 ], [ 50.0587779, -15.8658661 ], [ 50.0587174, -15.8645817 ], [ 50.0587175, -15.8645811 ], [ 50.0587174, -15.8645793 ], [ 50.0588006, -15.8631801 ], [ 50.0587814, -15.8626302 ], [ 50.0587814, -15.8626299 ], [ 50.0587813, -15.8626277 ], [ 50.058986, -15.8609764 ], [ 50.0590469, -15.8594371 ], [ 50.0591986, -15.8583368 ], [ 50.05924, -15.856272 ], [ 50.0590864, -15.8547778 ], [ 50.058814200000015, -15.8532373 ], [ 50.0585134, -15.8522474 ], [ 50.0580473, -15.8511191 ], [ 50.0577694, -15.8502666 ], [ 50.0577694, -15.8502644 ], [ 50.0577693, -15.8502641 ], [ 50.0578047, -15.8488642 ], [ 50.0581668, -15.8482696 ], [ 50.0586707, -15.847745 ], [ 50.0590064, -15.8474716 ], [ 50.0592933, -15.847268 ], [ 50.0596309, -15.8467416 ], [ 50.0599493, -15.8456422 ], [ 50.0599072, -15.8450475 ], [ 50.059488, -15.8439647 ], [ 50.0593493, -15.8435503 ], [ 50.0593498, -15.8435495 ], [ 50.0593492, -15.8435478 ], [ 50.0601209, -15.8423128 ], [ 50.0606246, -15.8418118 ], [ 50.061488, -15.8409693 ], [ 50.0625624, -15.8405412 ], [ 50.0632771, -15.8403856 ], [ 50.0640169, -15.8401619 ], [ 50.0648007, -15.8402819 ], [ 50.0652747, -15.840493 ], [ 50.066195300000011, -15.841303 ], [ 50.0671881, -15.8420689 ], [ 50.0678719, -15.8427857 ], [ 50.0684627, -15.8432275 ], [ 50.0689047, -15.8443788 ], [ 50.0696094, -15.8454409 ], [ 50.0709334, -15.846392 ], [ 50.0723074, -15.8470463 ], [ 50.0733984, -15.8474671 ], [ 50.0744627, -15.8481877 ], [ 50.0759046, -15.8493005 ], [ 50.076208199999989, -15.8499233 ], [ 50.0766508, -15.8510746 ], [ 50.0773532, -15.8523897 ], [ 50.077564199999983, -15.8527351 ], [ 50.0781788, -15.853199 ], [ 50.0790327, -15.8534815 ], [ 50.0800088, -15.8534197 ], [ 50.0809364, -15.8534503 ], [ 50.0819531, -15.8542156 ], [ 50.0824963, -15.8546333 ], [ 50.0832545, -15.8550067 ], [ 50.0844491, -15.8544182 ], [ 50.0848573, -15.8539618 ], [ 50.085816, -15.8530735 ], [ 50.0864852, -15.8527572 ], [ 50.0870979, -15.8534052 ], [ 50.0875504, -15.8533625 ], [ 50.0882381, -15.8536433 ], [ 50.0883036, -15.8543559 ], [ 50.0883035, -15.854357 ], [ 50.0883036, -15.8543584 ], [ 50.0881949, -15.8559188 ], [ 50.0880181, -15.8571348 ], [ 50.0876497, -15.8585777 ], [ 50.0879254, -15.8597033 ], [ 50.088326, -15.8601426 ], [ 50.0893641, -15.8612069 ], [ 50.0903354, -15.8616511 ], [ 50.091045099999981, -15.8621156 ], [ 50.0915912, -15.8622802 ], [ 50.092043, -15.8622612 ], [ 50.0926648, -15.8618982 ], [ 50.0931621, -15.8622003 ], [ 50.0935353, -15.8630534 ], [ 50.0941457, -15.8640221 ], [ 50.0950446, -15.8646257 ], [ 50.0958475, -15.8653675 ], [ 50.0959344, -15.8663554 ], [ 50.0959343, -15.8663559 ], [ 50.0959344, -15.8663578 ], [ 50.095737, -15.867206 ], [ 50.0950422, -15.8678209 ], [ 50.094918199999988, -15.8684149 ], [ 50.0952738, -15.8685543 ], [ 50.0959179, -15.8683299 ], [ 50.0964674, -15.8680359 ], [ 50.0968012, -15.8679466 ], [ 50.0968708, -15.8681769 ], [ 50.0968897, -15.8687966 ], [ 50.0977439, -15.8690553 ], [ 50.0987186, -15.8691087 ], [ 50.0992462, -15.8686072 ], [ 50.0995842, -15.8680131 ], [ 50.1000389, -15.8676721 ], [ 50.1004222, -15.8673538 ], [ 50.1005446, -15.8669646 ], [ 50.1004837, -15.8657029 ], [ 50.1004838, -15.8657029 ], [ 50.100483599999983, -15.8657005 ], [ 50.101584, -15.8649973 ], [ 50.1020159, -15.8645641 ], [ 50.1021181, -15.8637383 ], [ 50.1020779, -15.8628443 ], [ 50.101431, -15.8605197 ], [ 50.1010651, -15.8587258 ], [ 50.1009117, -15.857163 ], [ 50.1003007, -15.8562858 ], [ 50.099971, -15.8558702 ], [ 50.0997937, -15.8543067 ], [ 50.0995623, -15.8535472 ], [ 50.0995622, -15.8535448 ], [ 50.0995451, -15.852766 ], [ 50.0995451, -15.8527635 ], [ 50.0997196, -15.851778 ], [ 50.0997549, -15.8504253 ], [ 50.0994079, -15.8492751 ], [ 50.099344, -15.848332 ], [ 50.0993441, -15.8483316 ], [ 50.099344, -15.8483296 ], [ 50.0995418, -15.8474362 ], [ 50.1000751, -15.8462921 ], [ 50.1000893, -15.8445491 ], [ 50.0998117, -15.8436506 ], [ 50.0997916, -15.8431913 ], [ 50.0997916, -15.8431904 ], [ 50.099791599999989, -15.8431888 ], [ 50.099857700000015, -15.8409617 ], [ 50.100419599999988, -15.8391755 ], [ 50.1049376, -15.8336512 ], [ 50.1057829, -15.8321188 ], [ 50.1064151, -15.8305166 ], [ 50.1068535, -15.8292566 ], [ 50.1074112, -15.8279517 ], [ 50.1083023, -15.8266952 ], [ 50.10902, -15.826195 ], [ 50.1092618, -15.8256691 ], [ 50.109480600000012, -15.8250961 ], [ 50.1102262, -15.8241143 ], [ 50.110874, -15.8234301 ], [ 50.1122071, -15.8233486 ], [ 50.113059899999989, -15.8237676 ], [ 50.1139958, -15.8242621 ], [ 50.1147637, -15.823796 ], [ 50.1152004, -15.823182 ], [ 50.1158233, -15.8211023 ], [ 50.116269, -15.8197993 ], [ 50.1167763, -15.8191863 ], [ 50.1191146, -15.8185747 ], [ 50.1208867, -15.8176577 ], [ 50.123408499999989, -15.8157633 ], [ 50.1247028, -15.8150002 ], [ 50.1251677, -15.8140187 ], [ 50.1251546, -15.8132409 ], [ 50.124784, -15.8125245 ], [ 50.1238233, -15.8115031 ], [ 50.1201365, -15.8081952 ], [ 50.1176694, -15.8043072 ], [ 50.116355899999988, -15.8030275 ], [ 50.1158301, -15.8014836 ], [ 50.1149154, -15.7988553 ], [ 50.1147217, -15.7973837 ], [ 50.1147218, -15.7973821 ], [ 50.114721599999989, -15.7973812 ], [ 50.1147567, -15.7965562 ], [ 50.1153155, -15.7956679 ], [ 50.1170066, -15.7936715 ], [ 50.1176204, -15.7939772 ], [ 50.1185434, -15.7943115 ], [ 50.1197159, -15.7937527 ], [ 50.1206566, -15.7927325 ], [ 50.1214956, -15.7922392 ], [ 50.1221842, -15.7922941 ], [ 50.1227239, -15.7927829 ], [ 50.1227239, -15.7927853 ], [ 50.1227236, -15.7945528 ], [ 50.1223463, -15.7978279 ], [ 50.1226828, -15.8010203 ], [ 50.1236083, -15.8028916 ], [ 50.1243767, -15.8040496 ], [ 50.1265913, -15.8055475 ], [ 50.1278655, -15.8062066 ], [ 50.1286138, -15.8071571 ], [ 50.1315276, -15.807884 ], [ 50.1330025, -15.8078112 ], [ 50.1344566, -15.807532 ], [ 50.1361637, -15.8078753 ], [ 50.137037799999987, -15.808277 ], [ 50.1375484, -15.8091785 ], [ 50.138090100000014, -15.8112969 ], [ 50.1383213, -15.8135268 ], [ 50.1393189, -15.8188629 ], [ 50.1393187, -15.818864 ], [ 50.1393189, -15.8188653 ], [ 50.1390082, -15.8207432 ], [ 50.1378887, -15.8226339 ], [ 50.1376089, -15.8234019 ], [ 50.137693700000014, -15.8246858 ], [ 50.1376936, -15.8246864 ], [ 50.1376938, -15.8246882 ], [ 50.1375138, -15.8263176 ], [ 50.1373824, -15.8278526 ], [ 50.1380398, -15.828845 ], [ 50.1381203, -15.8306833 ], [ 50.1387888, -15.8332829 ], [ 50.1392757, -15.8348251 ], [ 50.1396653, -15.836596 ], [ 50.139959, -15.8384815 ], [ 50.139958799999988, -15.8384824 ], [ 50.1399591, -15.838484 ], [ 50.1396379, -15.8399509 ], [ 50.1395567, -15.8411429 ], [ 50.1400718, -15.8421331 ], [ 50.1403473, -15.8433763 ], [ 50.1403472, -15.8433779 ], [ 50.1403474, -15.8433787 ], [ 50.1402411, -15.8447324 ], [ 50.1401324, -15.8464306 ], [ 50.1397836, -15.848334 ], [ 50.139702, -15.8495743 ], [ 50.1397352, -15.8513399 ], [ 50.1398709, -15.8522139 ], [ 50.1407126, -15.8540109 ], [ 50.1418684, -15.8551903 ], [ 50.1425751, -15.8560229 ], [ 50.1431167, -15.8567611 ], [ 50.1435361, -15.8577748 ], [ 50.1436234, -15.8587401 ], [ 50.1436232, -15.8587405 ], [ 50.1436234, -15.8587425 ], [ 50.143234, -15.859865 ], [ 50.1426571, -15.8605955 ], [ 50.1418686, -15.8610496 ], [ 50.1410554, -15.8615256 ], [ 50.140672900000013, -15.8618213 ], [ 50.140073, -15.8624133 ], [ 50.1395647, -15.8635119 ], [ 50.1396027, -15.8646585 ], [ 50.1400914, -15.8659714 ], [ 50.1410562, -15.8672637 ], [ 50.142399, -15.8689277 ], [ 50.143417199999988, -15.8695324 ], [ 50.1443426, -15.8697908 ], [ 50.1452464, -15.8697978 ], [ 50.1462239, -15.869529 ], [ 50.1474182, -15.868964 ], [ 50.1480167, -15.8684861 ], [ 50.1493118, -15.8671863 ], [ 50.1501734, -15.8665502 ], [ 50.1512033, -15.865708 ], [ 50.1518951, -15.8654837 ], [ 50.1529405, -15.8656056 ], [ 50.1538662, -15.8659103 ], [ 50.1556901, -15.8668657 ], [ 50.1569677, -15.867747 ], [ 50.158651, -15.8684484 ], [ 50.1594508, -15.8686937 ], [ 50.1612045, -15.8639857 ], [ 50.1637307, -15.8571441 ], [ 50.1650059, -15.8501732 ], [ 50.1654459, -15.8486549 ], [ 50.1689583, -15.8445152 ], [ 50.1730693, -15.8390055 ], [ 50.174576, -15.8361091 ], [ 50.175779, -15.8336712 ], [ 50.1755725, -15.8309557 ], [ 50.1755388, -15.8291436 ], [ 50.1761347, -15.8276226 ], [ 50.1779673, -15.8254758 ], [ 50.1810477, -15.8233073 ], [ 50.1832258, -15.8229672 ], [ 50.185404, -15.822627 ], [ 50.1881779, -15.8207659 ], [ 50.1911275, -15.819959 ], [ 50.1931299, -15.8185645 ], [ 50.1946897, -15.8185372 ], [ 50.1971657, -15.8174364 ], [ 50.2028522, -15.8128051 ], [ 50.2071771, -15.8104633 ], [ 50.2097947, -15.8086047 ], [ 50.214388899999989, -15.8039923 ], [ 50.2160592, -15.801546 ], [ 50.2169214, -15.7976033 ], [ 50.2177637, -15.7926036 ], [ 50.2183195, -15.7889684 ], [ 50.2184705, -15.7865597 ], [ 50.2185027, -15.7863904 ], [ 50.2181336, -15.7849423 ], [ 50.2167209, -15.7831873 ], [ 50.2159886, -15.7825384 ], [ 50.214762, -15.7813131 ], [ 50.2141561, -15.7797246 ], [ 50.2138092, -15.7784816 ], [ 50.2132308, -15.7764341 ], [ 50.212248, -15.7744287 ], [ 50.211398299999985, -15.7736429 ], [ 50.2106654, -15.7730866 ], [ 50.2100784, -15.7721629 ], [ 50.2095206, -15.7705521 ], [ 50.2088707, -15.768481 ], [ 50.208150599999989, -15.7663625 ], [ 50.2071451, -15.7641971 ], [ 50.2059969, -15.7620985 ], [ 50.2048006, -15.7600471 ], [ 50.203552, -15.758568 ], [ 50.2025096, -15.7580781 ], [ 50.2012296, -15.7576329 ], [ 50.1999221, -15.7575315 ], [ 50.1988071, -15.7572709 ], [ 50.198316, -15.7562349 ], [ 50.1975616, -15.7554247 ], [ 50.197561799999988, -15.7554225 ], [ 50.1975616, -15.7554223 ], [ 50.1976154, -15.7546195 ], [ 50.197672, -15.7534948 ], [ 50.1976769, -15.7528534 ], [ 50.1960566, -15.7533244 ], [ 50.1954886, -15.7529763 ], [ 50.19482690000001, -15.7525124 ], [ 50.1945943, -15.7518219 ], [ 50.1945765, -15.751087 ], [ 50.1945765, -15.7510846 ], [ 50.1947985, -15.7500756 ], [ 50.1953514, -15.749298 ], [ 50.1968132, -15.7478619 ], [ 50.1984191, -15.7462425 ], [ 50.199354600000014, -15.745194 ], [ 50.2008625, -15.7439185 ], [ 50.201532, -15.7434867 ], [ 50.2019418, -15.7427319 ], [ 50.2019714, -15.7420447 ], [ 50.2014306, -15.7412378 ], [ 50.2004665, -15.7399683 ], [ 50.20023710000001, -15.738887 ], [ 50.198759, -15.7364418 ], [ 50.1976066, -15.7348266 ], [ 50.19666680000001, -15.7334188 ], [ 50.1966671, -15.7334169 ], [ 50.1966668, -15.7334164 ], [ 50.1967923, -15.7326135 ], [ 50.1970124, -15.7317893 ], [ 50.196878599999984, -15.7307329 ], [ 50.1959885, -15.729051 ], [ 50.1954731, -15.7281056 ], [ 50.195409200000014, -15.7272089 ], [ 50.1954093, -15.7272086 ], [ 50.1954091, -15.7272065 ], [ 50.1957256, -15.7262907 ], [ 50.1960391, -15.7257183 ], [ 50.1962106, -15.7250547 ], [ 50.1959309, -15.724164 ], [ 50.1957392, -15.7236366 ], [ 50.1949745, -15.7223297 ], [ 50.1939006, -15.7211388 ], [ 50.1922788, -15.719857 ], [ 50.1906336, -15.7185982 ], [ 50.189511, -15.7169474 ], [ 50.1887452, -15.715296 ], [ 50.1886483, -15.7144699 ], [ 50.188262699999989, -15.7123816 ], [ 50.1877351, -15.7106831 ], [ 50.1870417, -15.7093535 ], [ 50.1856109, -15.7082083 ], [ 50.1817497, -15.7059907 ], [ 50.1798683, -15.705444 ], [ 50.1787245, -15.7048732 ], [ 50.1787248, -15.7048709 ], [ 50.1787244, -15.7048708 ], [ 50.1788181, -15.704135 ], [ 50.1795547, -15.7037428 ], [ 50.1805058, -15.7032587 ], [ 50.1810518, -15.7026145 ], [ 50.1817161, -15.7017175 ], [ 50.1823807, -15.7010272 ], [ 50.1840198, -15.6995079 ], [ 50.1853024, -15.6982885 ], [ 50.1873453, -15.6967678 ], [ 50.1880334, -15.69571 ], [ 50.188579, -15.6950195 ], [ 50.189361599999984, -15.6938697 ], [ 50.189477800000013, -15.6927223 ], [ 50.1894049, -15.6918984 ], [ 50.189405, -15.691898 ], [ 50.1894048, -15.6918959 ], [ 50.1897595, -15.6908383 ], [ 50.1903052, -15.6903093 ], [ 50.1917554, -15.6896166 ], [ 50.1925644, -15.6894545 ], [ 50.1947768, -15.689058 ], [ 50.1958468, -15.6887344 ], [ 50.196584, -15.6883195 ], [ 50.1973677, -15.6876745 ], [ 50.1976275, -15.686963 ], [ 50.1972923, -15.6860011 ], [ 50.1970288, -15.6852445 ], [ 50.196503, -15.684235 ], [ 50.195977, -15.6832491 ], [ 50.1954741, -15.6820337 ], [ 50.1946629, -15.6810709 ], [ 50.1937306, -15.6793286 ], [ 50.1936099, -15.6785706 ], [ 50.1934894, -15.6780431 ], [ 50.1934896, -15.6780417 ], [ 50.1934893, -15.6780406 ], [ 50.1935831, -15.6773522 ], [ 50.1934377, -15.6761375 ], [ 50.1930068, -15.6751512 ], [ 50.1925044, -15.6739583 ], [ 50.1925049, -15.6739572 ], [ 50.1925043, -15.6739558 ], [ 50.1928358, -15.6732894 ], [ 50.193192, -15.6729443 ], [ 50.1936433, -15.6725762 ], [ 50.194831, -15.6715628 ], [ 50.1961377, -15.6707099 ], [ 50.197991099999989, -15.6694195 ], [ 50.199914600000014, -15.6677619 ], [ 50.201078, -15.6667263 ], [ 50.201305699999985, -15.666534 ], [ 50.2002179, -15.6663318 ], [ 50.1956986, -15.6641749 ], [ 50.1927012, -15.6635695 ], [ 50.1897063, -15.6630956 ], [ 50.1872639, -15.663138 ], [ 50.1861589, -15.6621051 ], [ 50.1924121, -15.6552894 ], [ 50.2002736, -15.6473935 ], [ 50.2057509, -15.6426952 ], [ 50.2074108, -15.6443758 ], [ 50.2086856, -15.6472468 ], [ 50.2110631, -15.651019 ], [ 50.211770900000012, -15.6525848 ], [ 50.2122146, -15.6545497 ], [ 50.2125494, -15.6562119 ], [ 50.213499, -15.6563405 ], [ 50.2142844, -15.6566147 ], [ 50.2167611, -15.6574117 ], [ 50.2175704, -15.6574325 ], [ 50.2188563, -15.65782 ], [ 50.220642, -15.6581603 ], [ 50.2217839, -15.6582024 ], [ 50.2232843, -15.6586809 ], [ 50.2245236, -15.659321 ], [ 50.2270007, -15.6604171 ], [ 50.2279775, -15.6607591 ], [ 50.2289528, -15.6607104 ], [ 50.2296426, -15.6604792 ], [ 50.2305473, -15.6607987 ], [ 50.2311176, -15.6603833 ], [ 50.2318061, -15.6598302 ], [ 50.232661099999987, -15.6592087 ], [ 50.2336366, -15.6590459 ], [ 50.2345405, -15.6590436 ], [ 50.2351825, -15.658812 ], [ 50.2365855, -15.6584181 ], [ 50.2379409, -15.6580927 ], [ 50.2398199, -15.6576294 ], [ 50.2403431, -15.6575592 ], [ 50.2408651, -15.6569604 ], [ 50.2408866, -15.6560901 ], [ 50.2408143, -15.6556774 ], [ 50.2403841, -15.6548978 ], [ 50.239859, -15.6543706 ], [ 50.2397866, -15.65405 ], [ 50.2397374, -15.6532919 ], [ 50.2394965, -15.6521905 ], [ 50.2387333, -15.6514586 ], [ 50.2383514, -15.6509537 ], [ 50.2381588, -15.6501281 ], [ 50.238035700000012, -15.6485672 ], [ 50.2380358, -15.6485667 ], [ 50.2380357, -15.6485648 ], [ 50.2382239, -15.6476919 ], [ 50.2383412, -15.647096 ], [ 50.23791, -15.6457426 ], [ 50.2374072, -15.6445046 ], [ 50.2372389, -15.6437938 ], [ 50.2372388, -15.6437914 ], [ 50.2372112, -15.6423464 ], [ 50.2372111, -15.642344 ], [ 50.2375426, -15.6417464 ], [ 50.2379934, -15.6411491 ], [ 50.237944, -15.6404622 ], [ 50.2376807, -15.6397508 ], [ 50.2373927, -15.6387191 ], [ 50.2372224, -15.6374335 ], [ 50.237222499999987, -15.6374321 ], [ 50.2372223, -15.637431 ], [ 50.2373148, -15.6362165 ], [ 50.2369812, -15.6359413 ], [ 50.2362661, -15.6355992 ], [ 50.2351465, -15.6349356 ], [ 50.2342648, -15.6343412 ], [ 50.2332383, -15.6331734 ], [ 50.2327601, -15.6321868 ], [ 50.2327601, -15.6321846 ], [ 50.23276, -15.6321844 ], [ 50.2327814, -15.6311744 ], [ 50.233160800000014, -15.6305533 ], [ 50.2338241, -15.6293807 ], [ 50.2341557, -15.6288519 ], [ 50.2345814, -15.6278404 ], [ 50.2347682, -15.626555 ], [ 50.234671, -15.6256153 ], [ 50.2341676, -15.6240328 ], [ 50.2338093, -15.6235049 ], [ 50.2329998, -15.6231859 ], [ 50.2320712, -15.6230735 ], [ 50.2311186, -15.622617 ], [ 50.2303554, -15.6219064 ], [ 50.2299237, -15.6205068 ], [ 50.229658199999989, -15.6189235 ], [ 50.2296583, -15.6189223 ], [ 50.2296581, -15.6189211 ], [ 50.2297983, -15.6177497 ], [ 50.2301998, -15.6166009 ], [ 50.230791, -15.6152443 ], [ 50.2317859, -15.6135429 ], [ 50.2329955, -15.611979 ], [ 50.233991900000014, -15.6107598 ], [ 50.2347758, -15.6103677 ], [ 50.2355373, -15.6104571 ], [ 50.235966, -15.6107319 ], [ 50.2366332, -15.6109823 ], [ 50.2378939, -15.6110019 ], [ 50.2391779, -15.6106778 ], [ 50.2397743, -15.611319 ], [ 50.2400847, -15.6118692 ], [ 50.240467699999989, -15.61281 ], [ 50.2409465, -15.6139558 ], [ 50.2417594, -15.6156074 ], [ 50.2423796, -15.6161792 ], [ 50.2435461, -15.6165212 ], [ 50.2439752, -15.6168412 ], [ 50.2451179, -15.6172514 ], [ 50.2458317, -15.6172501 ], [ 50.2464261, -15.6170646 ], [ 50.2474477, -15.6164198 ], [ 50.2496541, -15.6141403 ], [ 50.2509105, -15.6123462 ], [ 50.2517154, -15.6108977 ], [ 50.2524739, -15.6097707 ], [ 50.2532076, -15.6083224 ], [ 50.2538463, -15.6068057 ], [ 50.2542935, -15.6050823 ], [ 50.2546712, -15.6038661 ], [ 50.2543359, -15.6029031 ], [ 50.2541905, -15.6019852 ], [ 50.2541171, -15.6011135 ], [ 50.2541172, -15.6011127 ], [ 50.254117, -15.6011111 ], [ 50.254419, -15.5983546 ], [ 50.2548431, -15.5967694 ], [ 50.2549116, -15.5955539 ], [ 50.2544095, -15.5945919 ], [ 50.254049699999989, -15.5933299 ], [ 50.2540237, -15.5925951 ], [ 50.2540236, -15.5925927 ], [ 50.2544738, -15.5917423 ], [ 50.2549715, -15.5910062 ], [ 50.2557771, -15.5898784 ], [ 50.2564394, -15.5884765 ], [ 50.2566741, -15.5870753 ], [ 50.2572684, -15.5868897 ], [ 50.2580759, -15.5866124 ], [ 50.2587651, -15.5861744 ], [ 50.2593837, -15.5861963 ], [ 50.2607862, -15.5860541 ], [ 50.2619995, -15.5859141 ], [ 50.2621902, -15.5862348 ], [ 50.262881199999988, -15.5865773 ], [ 50.2638559, -15.5863906 ], [ 50.264378, -15.5858382 ], [ 50.2649948, -15.5853315 ], [ 50.2664936, -15.5854428 ], [ 50.2683728, -15.5853689 ], [ 50.2703226, -15.5851108 ], [ 50.2709404, -15.5848797 ], [ 50.2731235, -15.5829686 ], [ 50.2745484, -15.5819077 ], [ 50.2757816, -15.580665 ], [ 50.2771105, -15.5793992 ], [ 50.2779888, -15.5787071 ], [ 50.2790314, -15.5772126 ], [ 50.2798376, -15.5764066 ], [ 50.2800957, -15.5750513 ], [ 50.2804974, -15.573925 ], [ 50.2808752, -15.5729832 ], [ 50.2815386, -15.5720171 ], [ 50.282368, -15.5708663 ], [ 50.2828897, -15.570176 ], [ 50.2835283, -15.5689122 ], [ 50.2842862, -15.5677164 ], [ 50.2842611, -15.5672132 ], [ 50.2839512, -15.5668472 ], [ 50.2835449, -15.5661824 ], [ 50.2833283, -15.5653561 ], [ 50.283328399999988, -15.5653541 ], [ 50.2833283, -15.5653537 ], [ 50.28335, -15.5645266 ], [ 50.2836343, -15.5641591 ], [ 50.2840862, -15.5639975 ], [ 50.2848204, -15.5629613 ], [ 50.2847955, -15.5625056 ], [ 50.2847956, -15.5625051 ], [ 50.2847955, -15.5625031 ], [ 50.2849124, -15.5617218 ], [ 50.2855765, -15.560985 ], [ 50.2859807, -15.5609157 ], [ 50.2869079, -15.5607524 ], [ 50.2874307, -15.5606133 ], [ 50.2881667, -15.560197 ], [ 50.2885695, -15.5596229 ], [ 50.2888527, -15.5587946 ], [ 50.2892305, -15.5579217 ], [ 50.2900364, -15.5567023 ], [ 50.290699, -15.5555759 ], [ 50.2916473, -15.554494 ], [ 50.2924067, -15.5538718 ], [ 50.2934043, -15.5534565 ], [ 50.2939496, -15.5527195 ], [ 50.2950199, -15.5526712 ], [ 50.2960187, -15.5526907 ], [ 50.2962315, -15.5524841 ], [ 50.2960882, -15.5520278 ], [ 50.2955633, -15.5515007 ], [ 50.2948493, -15.551135 ], [ 50.2938969, -15.5507013 ], [ 50.2933487, -15.5504513 ], [ 50.2920392, -15.5499268 ], [ 50.2910857, -15.5490335 ], [ 50.2903438, -15.547382 ], [ 50.290319, -15.5469917 ], [ 50.2900325, -15.5464422 ], [ 50.2897446, -15.5456624 ], [ 50.2897448, -15.5456606 ], [ 50.2897445, -15.54566 ], [ 50.2898141, -15.5449021 ], [ 50.290073, -15.543937 ], [ 50.289951, -15.5428376 ], [ 50.289951200000012, -15.542837 ], [ 50.289951, -15.5428352 ], [ 50.2902339, -15.5417776 ], [ 50.2904924, -15.5406289 ], [ 50.2907028, -15.5393206 ], [ 50.2905573, -15.5382664 ], [ 50.2902215, -15.5372345 ], [ 50.290097, -15.5351451 ], [ 50.2900971, -15.5351443 ], [ 50.290097, -15.5351427 ], [ 50.2902111, -15.5334432 ], [ 50.290255099999989, -15.5321363 ], [ 50.2901345, -15.531265 ], [ 50.2897758, -15.5306231 ], [ 50.2897762, -15.5306214 ], [ 50.2897758, -15.5306207 ], [ 50.2900104, -15.5294725 ], [ 50.2903878, -15.5283002 ], [ 50.2906464, -15.5271292 ], [ 50.290595400000015, -15.5258449 ], [ 50.2904743, -15.5249503 ], [ 50.2899217, -15.5229543 ], [ 50.2898708, -15.5217377 ], [ 50.2898709, -15.5217376 ], [ 50.2898708, -15.5217353 ], [ 50.290154699999988, -15.5210685 ], [ 50.2905556, -15.5200336 ], [ 50.2906415, -15.5190036 ], [ 50.2904296, -15.5179523 ], [ 50.2903749, -15.516781 ], [ 50.290375, -15.5167808 ], [ 50.2903748, -15.5167785 ], [ 50.2905607, -15.5163179 ], [ 50.2908599, -15.5152145 ], [ 50.2907872, -15.5148029 ], [ 50.29061810000001, -15.5142073 ], [ 50.2906183, -15.5142057 ], [ 50.2906181, -15.5142049 ], [ 50.2907741, -15.5127791 ], [ 50.2908164, -15.5120689 ], [ 50.290457599999982, -15.5112218 ], [ 50.2900757, -15.5104888 ], [ 50.2896695, -15.5096411 ], [ 50.2894985, -15.5086322 ], [ 50.2894987, -15.5086313 ], [ 50.2894984, -15.5086298 ], [ 50.2897512, -15.5076405 ], [ 50.2901703, -15.5067645 ], [ 50.2907795, -15.5062094 ], [ 50.2919798, -15.505812 ], [ 50.2931557, -15.5054139 ], [ 50.2943563, -15.5050629 ], [ 50.2954648, -15.5051019 ], [ 50.2967382, -15.5051855 ], [ 50.2977043, -15.5050881 ], [ 50.2991403, -15.504804 ], [ 50.2998701, -15.5045923 ], [ 50.3000556, -15.5041792 ], [ 50.2997222, -15.503608 ], [ 50.299105, -15.5029684 ], [ 50.29785, -15.5021042 ], [ 50.2972097, -15.5014413 ], [ 50.2965652, -15.5001822 ], [ 50.2965652, -15.50018 ], [ 50.2965651, -15.5001797 ], [ 50.2966059, -15.4991919 ], [ 50.296740899999989, -15.4982025 ], [ 50.2971609, -15.4974654 ], [ 50.2977484, -15.4971862 ], [ 50.2985485, -15.4969981 ], [ 50.2994205, -15.4969464 ], [ 50.3000345, -15.4970801 ], [ 50.3007636, -15.4968006 ], [ 50.3019648, -15.4966087 ], [ 50.303215, -15.4966938 ], [ 50.304864599999988, -15.4965911 ], [ 50.3069381, -15.4964864 ], [ 50.3077849, -15.4961834 ], [ 50.3084691, -15.4962706 ], [ 50.3091288, -15.4961753 ], [ 50.3096223, -15.4959417 ], [ 50.3097371, -15.4955062 ], [ 50.3095218, -15.4949114 ], [ 50.3093783, -15.494591 ], [ 50.3088276, -15.4933077 ], [ 50.3085116, -15.4918394 ], [ 50.3084345, -15.4907837 ], [ 50.3084346, -15.4907834 ], [ 50.3084345, -15.4907813 ], [ 50.3087813, -15.4897225 ], [ 50.3093179, -15.4888468 ], [ 50.3099762, -15.4886126 ], [ 50.310328, -15.4883115 ], [ 50.3104911, -15.4880585 ], [ 50.3103464, -15.4874643 ], [ 50.3103464, -15.4874624 ], [ 50.3103463, -15.4874619 ], [ 50.3103867, -15.4864278 ], [ 50.3108753, -15.485414 ], [ 50.3117633, -15.4842146 ], [ 50.3123905, -15.4827408 ], [ 50.3126917, -15.4819799 ], [ 50.312731899999982, -15.4808796 ], [ 50.3126571, -15.4802144 ], [ 50.3118722, -15.4791396 ], [ 50.3112806, -15.4787989 ], [ 50.3100951, -15.4777268 ], [ 50.3097874, -15.4774985 ], [ 50.3090261, -15.4763781 ], [ 50.3085708, -15.4752094 ], [ 50.3081652, -15.4744531 ], [ 50.3075471, -15.4736995 ], [ 50.3065275, -15.4727407 ], [ 50.3055347, -15.47231 ], [ 50.3043293, -15.4718119 ], [ 50.3036429, -15.4713565 ], [ 50.3025765, -15.4705138 ], [ 50.3021278, -15.4704009 ], [ 50.3016545, -15.4700366 ], [ 50.3014372, -15.4692566 ], [ 50.3013617, -15.468499 ], [ 50.3011206, -15.4678776 ], [ 50.3011211, -15.4678766 ], [ 50.3011205, -15.4678752 ], [ 50.3014783, -15.4670851 ], [ 50.3025916, -15.4660093 ], [ 50.30361090000001, -15.4649782 ], [ 50.3051268, -15.4635124 ], [ 50.307019, -15.4623923 ], [ 50.308392, -15.4613176 ], [ 50.310072, -15.4601278 ], [ 50.3107366, -15.4590962 ], [ 50.3109283, -15.4583609 ], [ 50.3114266, -15.4576507 ], [ 50.3120184, -15.4572618 ], [ 50.3127056, -15.456529 ], [ 50.31297, -15.4552436 ], [ 50.3129744, -15.4541197 ], [ 50.3127886, -15.4534072 ], [ 50.3124355, -15.4531763 ], [ 50.3118692, -15.4532214 ], [ 50.3110683, -15.4528969 ], [ 50.3104572, -15.4523204 ], [ 50.3098232, -15.4514 ], [ 50.3090243, -15.4505931 ], [ 50.308413, -15.4500404 ], [ 50.307898399999985, -15.448936 ], [ 50.3076668, -15.4478321 ], [ 50.3075312, -15.4463855 ], [ 50.3074412, -15.4451674 ], [ 50.3072604, -15.4432371 ], [ 50.306990700000014, -15.4399282 ], [ 50.306691500000014, -15.4379288 ], [ 50.3066016, -15.4368022 ], [ 50.3066017, -15.4368015 ], [ 50.3066015, -15.4367997 ], [ 50.306845, -15.4348946 ], [ 50.3070602, -15.4342979 ], [ 50.307536, -15.4332888 ], [ 50.3084619, -15.4318211 ], [ 50.3091025, -15.4309039 ], [ 50.3101231, -15.4294594 ], [ 50.3107643, -15.4283592 ], [ 50.3110266, -15.4276702 ], [ 50.3111726, -15.4265223 ], [ 50.311201, -15.4252822 ], [ 50.3111807, -15.4245493 ], [ 50.3110444, -15.4231242 ], [ 50.3107648, -15.4222505 ], [ 50.3102731, -15.4213997 ], [ 50.3099004, -15.4201572 ], [ 50.3099006, -15.4201556 ], [ 50.3099003, -15.4201548 ], [ 50.3099981, -15.4193512 ], [ 50.3101173, -15.4189154 ], [ 50.3101184, -15.4186642 ], [ 50.3099831, -15.4171719 ], [ 50.3099832, -15.4171704 ], [ 50.3099831, -15.4171695 ], [ 50.3100101, -15.416227 ], [ 50.3101785, -15.4154922 ], [ 50.3103462, -15.4147586 ], [ 50.3103253, -15.4141401 ], [ 50.310234, -15.4134043 ], [ 50.310234, -15.4134026 ], [ 50.3102339, -15.4134018 ], [ 50.3102611, -15.412438 ], [ 50.3103606, -15.4112675 ], [ 50.3102225, -15.4103268 ], [ 50.3100134, -15.4096134 ], [ 50.3100138, -15.4096125 ], [ 50.3100134, -15.4096109 ], [ 50.3101798, -15.4092669 ], [ 50.3107492, -15.4083499 ], [ 50.3108978, -15.4066064 ], [ 50.310595, -15.4056637 ], [ 50.3102669, -15.4051805 ], [ 50.3097047, -15.4041683 ], [ 50.3093785, -15.4031102 ], [ 50.3092661, -15.4017773 ], [ 50.3092662, -15.4017765 ], [ 50.309266, -15.4017748 ], [ 50.309388, -15.4007415 ], [ 50.3096053, -15.3994558 ], [ 50.309607899999989, -15.398882 ], [ 50.3098949, -15.3978943 ], [ 50.3102756, -15.3969998 ], [ 50.3106119, -15.3955765 ], [ 50.310663, -15.3945907 ], [ 50.310286900000015, -15.3941763 ], [ 50.3100772, -15.3935792 ], [ 50.3094227, -15.392083 ], [ 50.3093325, -15.3910038 ], [ 50.3090744, -15.3906808 ], [ 50.308981, -15.3904509 ], [ 50.308981, -15.3904487 ], [ 50.3089809, -15.3904485 ], [ 50.3089823, -15.3901503 ], [ 50.3094334, -15.3894398 ], [ 50.309907, -15.3890271 ], [ 50.3106182, -15.3880646 ], [ 50.3107626, -15.3874217 ], [ 50.3108844, -15.3863899 ], [ 50.3106986, -15.3856318 ], [ 50.3103477, -15.384896 ], [ 50.3099976, -15.3840449 ], [ 50.3098356, -15.3831714 ], [ 50.3098358, -15.3831701 ], [ 50.3098356, -15.383169 ], [ 50.3099575, -15.3822271 ], [ 50.310008, -15.3813543 ], [ 50.3102518, -15.3794944 ], [ 50.3104925, -15.3781856 ], [ 50.310494, -15.3778661 ], [ 50.3099304, -15.3772674 ], [ 50.3092943, -15.3769895 ], [ 50.309107399999988, -15.3765524 ], [ 50.3091077, -15.3765508 ], [ 50.3091073, -15.37655 ], [ 50.3092519, -15.3758844 ], [ 50.309658, -15.3745761 ], [ 50.3097359, -15.3727866 ], [ 50.3095263, -15.3720973 ], [ 50.3086818, -15.370923 ], [ 50.3082125, -15.3704163 ], [ 50.3081915, -15.3697955 ], [ 50.3081916, -15.3697954 ], [ 50.3081915, -15.3697931 ], [ 50.3085709, -15.3692668 ], [ 50.3091154, -15.3686936 ], [ 50.3094268, -15.3675236 ], [ 50.3099009, -15.3669505 ], [ 50.3104673, -15.3669292 ], [ 50.311813, -15.3665654 ], [ 50.3123325, -15.3664296 ], [ 50.312993299999988, -15.3663163 ], [ 50.3134679, -15.3655602 ], [ 50.3142728, -15.3649417 ], [ 50.3152193, -15.3641185 ], [ 50.316260799999988, -15.3631795 ], [ 50.3177744, -15.3621497 ], [ 50.3181767, -15.3618523 ], [ 50.3183903, -15.3613258 ], [ 50.3181565, -15.3609357 ], [ 50.3174272, -15.3605895 ], [ 50.316650300000013, -15.3601278 ], [ 50.3156866, -15.3592979 ], [ 50.3154306, -15.35847 ], [ 50.3154309, -15.3584688 ], [ 50.3154306, -15.3584676 ], [ 50.3156699, -15.3575485 ], [ 50.3161694, -15.3566316 ], [ 50.3167588, -15.3563123 ], [ 50.3162441, -15.3555315 ], [ 50.3155878, -15.3546103 ], [ 50.3148142, -15.3533681 ], [ 50.314814600000012, -15.3533664 ], [ 50.3148141, -15.3533657 ], [ 50.3150296, -15.3524716 ], [ 50.3147713, -15.3522654 ], [ 50.3135746, -15.3508365 ], [ 50.3126817, -15.3499612 ], [ 50.3110187, -15.3470621 ], [ 50.3105784, -15.3451306 ], [ 50.3100651, -15.3437968 ], [ 50.3095025, -15.3428762 ], [ 50.3084984, -15.3404148 ], [ 50.3080591, -15.3382541 ], [ 50.3074318, -15.3359318 ], [ 50.3068757, -15.3334942 ], [ 50.3068757, -15.3334922 ], [ 50.3068756, -15.3334917 ], [ 50.3069293, -15.3318628 ], [ 50.3066997, -15.3304151 ], [ 50.3053382, -15.32878 ], [ 50.3047559, -15.3270555 ], [ 50.3036786, -15.3251217 ], [ 50.3024118, -15.3235098 ], [ 50.3017546, -15.3228415 ], [ 50.3002729, -15.3218726 ], [ 50.2984608, -15.3209017 ], [ 50.2981071, -15.3208774 ], [ 50.2973753, -15.3211049 ], [ 50.296901299999988, -15.321678 ], [ 50.2951532, -15.3223843 ], [ 50.2943522, -15.3221522 ], [ 50.2938115, -15.3217371 ], [ 50.2927982, -15.3215731 ], [ 50.2918546, -15.3216157 ], [ 50.2905591, -15.3212895 ], [ 50.2895, -15.3207581 ], [ 50.2885105, -15.3206174 ], [ 50.2862461, -15.3206324 ], [ 50.2860227, -15.3207312 ], [ 50.2859752, -15.3215562 ], [ 50.2852915, -15.323406 ], [ 50.2843301, -15.3243734 ], [ 50.2835705, -15.3256542 ], [ 50.2837864, -15.3267277 ], [ 50.2829116, -15.3288344 ], [ 50.281905, -15.3308799 ], [ 50.2817304, -15.3320237 ], [ 50.2818764, -15.3328449 ], [ 50.2824033, -15.3330891 ], [ 50.282855499999989, -15.3328277 ], [ 50.2833801, -15.3329452 ], [ 50.2841029, -15.333186 ], [ 50.2847676, -15.333808 ], [ 50.2852387, -15.3345601 ], [ 50.2851212, -15.3352593 ], [ 50.2843485, -15.3358432 ], [ 50.2829859, -15.3363108 ], [ 50.2823984, -15.3363211 ], [ 50.2810928, -15.3363441 ], [ 50.279200899999985, -15.3364407 ], [ 50.2767961, -15.3370533 ], [ 50.2739321, -15.3375472 ], [ 50.2731546, -15.3378777 ], [ 50.2713967, -15.3381621 ], [ 50.2664507, -15.3390726 ], [ 50.264567, -15.3396126 ], [ 50.2632743, -15.3403323 ], [ 50.2606842, -15.3415183 ], [ 50.2581452, -15.341943 ], [ 50.2565132, -15.3419715 ], [ 50.2541, -15.3421405 ], [ 50.2491503, -15.3428606 ], [ 50.2473258, -15.3430826 ], [ 50.2453009, -15.3430545 ], [ 50.2437376, -15.3432719 ], [ 50.2431453, -15.3430287 ], [ 50.2430648, -15.3422063 ], [ 50.2426555, -15.3412628 ], [ 50.2424386, -15.3401259 ], [ 50.2424151, -15.3388589 ], [ 50.242641099999986, -15.3369538 ], [ 50.2428194, -15.3360001 ], [ 50.2427983, -15.3348598 ], [ 50.2424566, -15.3340419 ], [ 50.242769, -15.333276 ], [ 50.2431666, -15.3322728 ], [ 50.2428282, -15.3319068 ], [ 50.2426898, -15.331218 ], [ 50.2426454, -15.3306428 ], [ 50.2426455, -15.3306425 ], [ 50.2426454, -15.3306403 ], [ 50.2429551, -15.3298601 ], [ 50.2429578, -15.3292863 ], [ 50.2431736, -15.3283677 ], [ 50.2438389, -15.3272447 ], [ 50.2445016, -15.3266729 ], [ 50.2454482, -15.3260329 ], [ 50.2466773, -15.3253474 ], [ 50.2484964, -15.3246877 ], [ 50.2495591, -15.3242546 ], [ 50.249914, -15.3240033 ], [ 50.251261400000011, -15.3232954 ], [ 50.252112, -15.3229078 ], [ 50.2535516, -15.322659 ], [ 50.2554622, -15.3226663 ], [ 50.2563099, -15.322944 ], [ 50.2568051, -15.3229467 ], [ 50.257396, -15.3225806 ], [ 50.2580581, -15.3222606 ], [ 50.2586476, -15.3221713 ], [ 50.2592863, -15.3217829 ], [ 50.2597607, -15.3211635 ], [ 50.260587, -15.3209142 ], [ 50.261154, -15.3207088 ], [ 50.2614383, -15.3203198 ], [ 50.2617476, -15.3196774 ], [ 50.2619396, -15.3189885 ], [ 50.2620367, -15.3182782 ], [ 50.2618263, -15.3178645 ], [ 50.2615696, -15.317267 ], [ 50.2615036, -15.3160947 ], [ 50.2615037, -15.316094 ], [ 50.2615036, -15.3160922 ], [ 50.2616288, -15.3144388 ], [ 50.2619406, -15.3132451 ], [ 50.2621564, -15.3123954 ], [ 50.2624909, -15.3113865 ], [ 50.2632276, -15.3100104 ], [ 50.263582700000015, -15.3096439 ], [ 50.2644334, -15.3093014 ], [ 50.2647871, -15.3089599 ], [ 50.2645068, -15.3087073 ], [ 50.2639403, -15.3087511 ], [ 50.2634216, -15.3087726 ], [ 50.2624295, -15.3091141 ], [ 50.2590764, -15.3101599 ], [ 50.2574258, -15.3102001 ], [ 50.2557753, -15.3101487 ], [ 50.2545268, -15.3098452 ], [ 50.2531595, -15.3097256 ], [ 50.2528529, -15.3098405 ], [ 50.2529657, -15.3109182 ], [ 50.2531266, -15.3118144 ], [ 50.2531265, -15.311816 ], [ 50.2531267, -15.3118169 ], [ 50.2530517, -15.3129194 ], [ 50.2529038, -15.3142977 ], [ 50.2524759, -15.3151003 ], [ 50.2520497, -15.3155584 ], [ 50.2511503, -15.3162902 ], [ 50.2501567, -15.3169988 ], [ 50.2492826, -15.3173404 ], [ 50.2483158, -15.3173833 ], [ 50.2469719, -15.3172407 ], [ 50.2444517, -15.3165199 ], [ 50.2429679, -15.3160782 ], [ 50.2419074, -15.3159374 ], [ 50.2406334, -15.3160476 ], [ 50.2399721, -15.3162523 ], [ 50.2394536, -15.31625 ], [ 50.2388428, -15.315697 ], [ 50.2379493, -15.3150507 ], [ 50.2374082, -15.3147043 ], [ 50.2366086, -15.3141964 ], [ 50.2355963, -15.3138243 ], [ 50.2347719, -15.313615 ], [ 50.233758200000011, -15.3136111 ], [ 50.2327203, -15.313654 ], [ 50.2314465, -15.3137416 ], [ 50.2296783, -15.3135284 ], [ 50.2273691, -15.3131991 ], [ 50.2252233, -15.3131459 ], [ 50.2219473, -15.3126741 ], [ 50.219116400000011, -15.3128022 ], [ 50.2172786, -15.3125663 ], [ 50.2157699, -15.312354 ], [ 50.2144264, -15.3121661 ], [ 50.2136711, -15.3123237 ], [ 50.212798, -15.3124359 ], [ 50.2116309, -15.31229 ], [ 50.210272499999988, -15.3122446 ], [ 50.2088897, -15.3121985 ], [ 50.2077218, -15.3121305 ], [ 50.2051499, -15.3109618 ], [ 50.2033403, -15.310138 ], [ 50.2012209, -15.3092664 ], [ 50.1999594, -15.3086025 ], [ 50.1981526, -15.3067225 ], [ 50.1961761, -15.305898 ], [ 50.1953405, -15.3062196 ], [ 50.1932669, -15.3061977 ], [ 50.1903094, -15.3069093 ], [ 50.1885448, -15.3071158 ], [ 50.1865668, -15.3068177 ], [ 50.1828736, -15.3061774 ], [ 50.1802518, -15.3059027 ], [ 50.1782032, -15.3055594 ], [ 50.1774876, -15.3055366 ], [ 50.1761771, -15.3053998 ], [ 50.1748207, -15.3045973 ], [ 50.1742503, -15.303726 ], [ 50.1741345, -15.3024426 ], [ 50.1741346, -15.3024421 ], [ 50.1741344, -15.3024402 ], [ 50.1743332, -15.3015896 ], [ 50.1742152, -15.3015983 ], [ 50.1724846, -15.3017249 ], [ 50.171561499999989, -15.3012337 ], [ 50.170438, -15.3004924 ], [ 50.1693065, -15.2993076 ], [ 50.1678567, -15.2985719 ], [ 50.1665409, -15.298024 ], [ 50.165106, -15.2981118 ], [ 50.1635532, -15.2988988 ], [ 50.1618733, -15.2998781 ], [ 50.1603078, -15.2999682 ], [ 50.1597146, -15.2996614 ], [ 50.1598268, -15.2986455 ], [ 50.1599974, -15.2972483 ], [ 50.1602951, -15.2956589 ], [ 50.1606214, -15.2920409 ], [ 50.1604027, -15.2907771 ], [ 50.1596709, -15.290029 ], [ 50.1576338, -15.2893032 ], [ 50.1559184, -15.2883184 ], [ 50.1556436, -15.2875626 ], [ 50.1562207, -15.2869824 ], [ 50.157517, -15.2864533 ], [ 50.1590182, -15.2864277 ], [ 50.1607966, -15.2872847 ], [ 50.1632872, -15.2878126 ], [ 50.16473, -15.2881682 ], [ 50.1662324, -15.288206 ], [ 50.1681379, -15.2888706 ], [ 50.1695808, -15.2892262 ], [ 50.1714084, -15.289195 ], [ 50.1727172, -15.2893627 ], [ 50.1735062, -15.2896661 ], [ 50.1745993, -15.2905347 ], [ 50.1771576, -15.291188 ], [ 50.1795876, -15.2919703 ], [ 50.1820049, -15.2920556 ], [ 50.1849867, -15.2908638 ], [ 50.1875173, -15.2899965 ], [ 50.1882936, -15.2896029 ], [ 50.1903158, -15.2895048 ], [ 50.1907109, -15.2896882 ], [ 50.1913936, -15.2913242 ], [ 50.19265, -15.2921898 ], [ 50.1936556, -15.2936302 ], [ 50.1939479, -15.2953363 ], [ 50.195083, -15.296711 ], [ 50.1969118, -15.2967429 ], [ 50.1973126, -15.297243 ], [ 50.1977971, -15.2980882 ], [ 50.2005815, -15.2981673 ], [ 50.2038194, -15.2996567 ], [ 50.2066795, -15.2997011 ], [ 50.209611, -15.3000899 ], [ 50.2112543, -15.300571 ], [ 50.2117429, -15.3006891 ], [ 50.212213100000014, -15.3009441 ], [ 50.2125892, -15.3012437 ], [ 50.2136477, -15.3018218 ], [ 50.2158628, -15.3021054 ], [ 50.2171588, -15.302432 ], [ 50.2186182, -15.3029422 ], [ 50.2196764, -15.303658 ], [ 50.2202632, -15.3042115 ], [ 50.2209401, -15.3057766 ], [ 50.221429099999987, -15.30718 ], [ 50.2218508, -15.3078707 ], [ 50.2225327, -15.3083096 ], [ 50.2235456, -15.3085879 ], [ 50.2243247, -15.308361 ], [ 50.2248911, -15.3082484 ], [ 50.2255274, -15.3082961 ], [ 50.2269651, -15.3085773 ], [ 50.2286136, -15.3090197 ], [ 50.2298398, -15.3090006 ], [ 50.2309476, -15.3091192 ], [ 50.232314, -15.3094456 ], [ 50.2329731, -15.309816 ], [ 50.2335857, -15.309933 ], [ 50.2346234, -15.3098212 ], [ 50.235425799999987, -15.3097553 ], [ 50.236180399999981, -15.3096891 ], [ 50.2364638, -15.3095747 ], [ 50.2364417, -15.3092792 ], [ 50.2359717, -15.308909 ], [ 50.235171, -15.3086541 ], [ 50.2345826, -15.3084915 ], [ 50.2339004, -15.3080979 ], [ 50.233194, -15.307751 ], [ 50.2327482, -15.3073363 ], [ 50.2327484, -15.3073341 ], [ 50.2327481, -15.3073339 ], [ 50.2327976, -15.3067366 ], [ 50.2332714, -15.3063015 ], [ 50.2341435, -15.3064196 ], [ 50.235133300000015, -15.3065154 ], [ 50.2361707, -15.3066103 ], [ 50.2370668, -15.306545 ], [ 50.2383643, -15.3064795 ], [ 50.2393315, -15.3063916 ], [ 50.240676, -15.3062586 ], [ 50.2419274, -15.3059635 ], [ 50.2426602, -15.3055069 ], [ 50.2436557, -15.3044301 ], [ 50.2443652, -15.3039049 ], [ 50.244625, -15.3037671 ], [ 50.2458527, -15.3033593 ], [ 50.2443552, -15.3020695 ], [ 50.2430405, -15.2995288 ], [ 50.241937, -15.2969845 ], [ 50.2408734, -15.2965928 ], [ 50.2390628, -15.295804 ], [ 50.2380896, -15.2945904 ], [ 50.2380518, -15.2925402 ], [ 50.2376858, -15.2898805 ], [ 50.2368937, -15.2870231 ], [ 50.2359035, -15.2848869 ], [ 50.2351341, -15.2832595 ], [ 50.2379854, -15.28321 ], [ 50.2406255, -15.2831642 ], [ 50.2468449, -15.2824407 ], [ 50.250667500000013, -15.2835021 ], [ 50.2519537, -15.2845051 ], [ 50.2537103, -15.2857048 ], [ 50.2544208, -15.2852141 ], [ 50.2558133, -15.2848509 ], [ 50.2573694, -15.2849028 ], [ 50.2583592, -15.2850663 ], [ 50.2605046, -15.2851429 ], [ 50.2629286, -15.2861622 ], [ 50.2665823, -15.2864722 ], [ 50.2678302, -15.2868446 ], [ 50.2691271, -15.2869404 ], [ 50.2713446, -15.2866723 ], [ 50.2721227, -15.2866519 ], [ 50.2743385, -15.2867972 ], [ 50.2754686, -15.287123 ], [ 50.2764576, -15.2874931 ], [ 50.2778475, -15.2878651 ], [ 50.2784832, -15.2880742 ], [ 50.280179, -15.2884703 ], [ 50.281215, -15.2887729 ], [ 50.2825109, -15.289098 ], [ 50.2837834, -15.2891942 ], [ 50.2846076, -15.289496 ], [ 50.2858565, -15.2896378 ], [ 50.2866582, -15.2897321 ], [ 50.2874832, -15.2897346 ], [ 50.2884988, -15.2893474 ], [ 50.2893495, -15.2889134 ], [ 50.2902224, -15.2887094 ], [ 50.290459, -15.2885731 ], [ 50.2912141, -15.2885056 ], [ 50.2920853, -15.2887387 ], [ 50.2930514, -15.2888798 ], [ 50.2941127, -15.2887911 ], [ 50.2949625, -15.2886564 ], [ 50.2954589, -15.2882896 ], [ 50.2958621, -15.287763 ], [ 50.2959827, -15.2871207 ], [ 50.2959616, -15.2865484 ], [ 50.2959164, -15.2859969 ], [ 50.2958255, -15.2852146 ], [ 50.295451, -15.2845707 ], [ 50.2951933, -15.2841336 ], [ 50.2951938, -15.2841321 ], [ 50.2951932, -15.2841312 ], [ 50.2953126, -15.2837642 ], [ 50.2956909, -15.2835814 ], [ 50.296588, -15.2833318 ], [ 50.2975061, -15.2835867 ], [ 50.2986364, -15.2839812 ], [ 50.2999554, -15.2843296 ], [ 50.3022393, -15.2850957 ], [ 50.3029922, -15.2855342 ], [ 50.3038861, -15.285951 ], [ 50.304359, -15.2856072 ], [ 50.3045025, -15.2851947 ], [ 50.304882799999987, -15.2843454 ], [ 50.3050292, -15.283221 ], [ 50.3049388, -15.2823037 ], [ 50.3046117, -15.2815211 ], [ 50.3039312, -15.2806917 ], [ 50.3035824, -15.2795887 ], [ 50.3031155, -15.2784844 ], [ 50.3025532, -15.2775637 ], [ 50.3023447, -15.2767123 ], [ 50.3023449, -15.2767109 ], [ 50.3023446, -15.2767099 ], [ 50.3025149, -15.2754239 ], [ 50.302919, -15.2746679 ], [ 50.3035584, -15.2738649 ], [ 50.304386, -15.2732934 ], [ 50.305520600000015, -15.2725856 ], [ 50.3064447, -15.2715776 ], [ 50.3073239, -15.2698803 ], [ 50.3074672, -15.2692836 ], [ 50.3071904, -15.2679063 ], [ 50.3071008, -15.266757 ], [ 50.3067519, -15.2656766 ], [ 50.3062382, -15.2643427 ], [ 50.3061252, -15.2632164 ], [ 50.3061254, -15.263216 ], [ 50.3061252, -15.263214 ], [ 50.3064347, -15.2624111 ], [ 50.307004, -15.2616545 ], [ 50.3075482, -15.2611739 ], [ 50.308021, -15.2608538 ], [ 50.3084728, -15.2599129 ], [ 50.3090443, -15.2585588 ], [ 50.3093782, -15.2575036 ], [ 50.3096154, -15.2571832 ], [ 50.3100409, -15.2569543 ], [ 50.3110537, -15.2571408 ], [ 50.3118999, -15.2578103 ], [ 50.3122988, -15.2581794 ], [ 50.3135463, -15.2586882 ], [ 50.3177574, -15.2609528 ], [ 50.3190986, -15.261531 ], [ 50.320625, -15.2629836 ], [ 50.3217042, -15.2644113 ], [ 50.3228721, -15.2670335 ], [ 50.3230585, -15.2676322 ], [ 50.3236907, -15.2687369 ], [ 50.3252406, -15.2701652 ], [ 50.3260412, -15.2705125 ], [ 50.3273817, -15.2712974 ], [ 50.3283698, -15.2718061 ], [ 50.329147, -15.2720849 ], [ 50.3305349, -15.2727548 ], [ 50.3318037, -15.2739306 ], [ 50.3330466, -15.2755191 ], [ 50.3340766, -15.2774751 ], [ 50.3348279, -15.2782591 ], [ 50.3359326, -15.2790888 ], [ 50.336261, -15.2795957 ], [ 50.3365644, -15.2802623 ], [ 50.337526, -15.2816434 ], [ 50.3380417, -15.282426 ], [ 50.3388401, -15.2832103 ], [ 50.3398052, -15.2836031 ], [ 50.3411001, -15.2839979 ], [ 50.342019, -15.2841385 ], [ 50.3427502, -15.2841639 ], [ 50.3439079, -15.2835469 ], [ 50.344618, -15.28286 ], [ 50.3453076, -15.2813919 ], [ 50.3454051, -15.2805194 ], [ 50.3456426, -15.2800374 ], [ 50.345973699999988, -15.2797627 ], [ 50.3465887, -15.2793045 ], [ 50.3469692, -15.2784788 ], [ 50.3475151, -15.2775385 ], [ 50.3478727, -15.2764829 ], [ 50.3478516, -15.2758882 ], [ 50.3478516, -15.275888 ], [ 50.3478515, -15.2758858 ], [ 50.3480199, -15.2750357 ], [ 50.3481171, -15.2743936 ], [ 50.3482611, -15.2737043 ], [ 50.3487113, -15.2730853 ], [ 50.3488088, -15.2721914 ], [ 50.348763, -15.2719167 ], [ 50.3485529, -15.2714788 ], [ 50.3485534, -15.2714775 ], [ 50.3485528, -15.2714764 ], [ 50.3487433, -15.2709953 ], [ 50.3491453, -15.2706289 ], [ 50.3492901, -15.2697108 ], [ 50.3492246, -15.2685179 ], [ 50.3491078, -15.2681269 ], [ 50.348804, -15.2675055 ], [ 50.3488041, -15.2675033 ], [ 50.348804, -15.2675031 ], [ 50.3488311, -15.2666307 ], [ 50.3490446, -15.2661717 ], [ 50.3492835, -15.265483 ], [ 50.3493134, -15.2638997 ], [ 50.3491531, -15.2625908 ], [ 50.3488756, -15.2613263 ], [ 50.348456, -15.2600846 ], [ 50.3482936, -15.2594641 ], [ 50.3482939, -15.259463 ], [ 50.3482935, -15.2594616 ], [ 50.348412499999988, -15.2590484 ], [ 50.348462, -15.2584964 ], [ 50.3485121, -15.2577613 ], [ 50.3486797, -15.2571191 ], [ 50.349083, -15.2564546 ], [ 50.349604, -15.255858 ], [ 50.3503145, -15.2550107 ], [ 50.3504585, -15.2543214 ], [ 50.3506746, -15.2533361 ], [ 50.350465899999989, -15.2524409 ], [ 50.3500454, -15.25152 ], [ 50.3498839, -15.2506702 ], [ 50.349884, -15.2506686 ], [ 50.3498839, -15.2506678 ], [ 50.349958400000013, -15.2495652 ], [ 50.350435099999984, -15.2482568 ], [ 50.3514088, -15.2465362 ], [ 50.3516452, -15.2462384 ], [ 50.3532787, -15.2445896 ], [ 50.3538958, -15.2434198 ], [ 50.354183599999985, -15.2422491 ], [ 50.3542121, -15.2409859 ], [ 50.3544999, -15.2397226 ], [ 50.3548795, -15.2390347 ], [ 50.3554728, -15.2380483 ], [ 50.3569679, -15.2354567 ], [ 50.3577269, -15.2342877 ], [ 50.358131, -15.2334165 ], [ 50.358441, -15.2324058 ], [ 50.3587033, -15.2316952 ], [ 50.3586837, -15.2306634 ], [ 50.3586837, -15.230661 ], [ 50.358898, -15.2300642 ], [ 50.3593952, -15.2296295 ], [ 50.360244, -15.2295172 ], [ 50.3610929, -15.2293812 ], [ 50.3622014, -15.2293162 ], [ 50.3629324, -15.2291575 ], [ 50.3634521, -15.2288376 ], [ 50.364327599999989, -15.2280133 ], [ 50.3648954, -15.2274396 ], [ 50.3658169, -15.22696 ], [ 50.366573, -15.2265026 ], [ 50.3677786, -15.2255188 ], [ 50.3678768, -15.224531 ], [ 50.3681385, -15.2238894 ], [ 50.369038, -15.2228342 ], [ 50.3692983, -15.2226059 ], [ 50.3698903, -15.2219877 ], [ 50.3705067, -15.2210008 ], [ 50.3709355, -15.2198773 ], [ 50.371316, -15.2190279 ], [ 50.3722866, -15.2177453 ], [ 50.3719129, -15.2169878 ], [ 50.3719131, -15.2169857 ], [ 50.3719129, -15.2169854 ], [ 50.3720644, -15.2143669 ], [ 50.3726588, -15.2130823 ], [ 50.3729657, -15.2128294 ], [ 50.3730153, -15.2122353 ], [ 50.3726879, -15.2116136 ], [ 50.3726879, -15.2116113 ], [ 50.3726879, -15.2116112 ], [ 50.3726893, -15.2111991 ], [ 50.3726462, -15.2102128 ], [ 50.3726462, -15.2102103 ], [ 50.3726263, -15.2092249 ], [ 50.3723473, -15.2082823 ], [ 50.3717852, -15.2073154 ], [ 50.371128800000015, -15.2064405 ], [ 50.3701665, -15.205404 ], [ 50.368969, -15.2042056 ], [ 50.368074, -15.2040194 ], [ 50.3669709, -15.2027979 ], [ 50.3666182, -15.2025682 ], [ 50.3660539, -15.2023128 ], [ 50.3656061, -15.2023118 ], [ 50.3648983, -15.2024938 ], [ 50.3645656, -15.2031357 ], [ 50.3640219, -15.2035712 ], [ 50.3632186, -15.2041423 ], [ 50.3617777, -15.2049191 ], [ 50.3605043, -15.2050537 ], [ 50.3603615, -15.2054894 ], [ 50.3604296, -15.2060849 ], [ 50.3604723, -15.2072339 ], [ 50.3604722, -15.2072341 ], [ 50.3604723, -15.2072363 ], [ 50.3602329, -15.2082006 ], [ 50.3598771, -15.2087277 ], [ 50.359803199999988, -15.2096461 ], [ 50.3595884, -15.2103118 ], [ 50.358594900000014, -15.2112274 ], [ 50.3576486, -15.2120743 ], [ 50.3577603, -15.2136806 ], [ 50.3577602, -15.2136816 ], [ 50.3577603, -15.213683 ], [ 50.3577088, -15.2147399 ], [ 50.357678299999989, -15.2165092 ], [ 50.357151, -15.2188272 ], [ 50.3567219, -15.2199981 ], [ 50.3562691, -15.2212147 ], [ 50.3556262, -15.2229813 ], [ 50.3544359, -15.2259176 ], [ 50.3541479, -15.2272036 ], [ 50.3537673, -15.2281444 ], [ 50.3527499, -15.2290604 ], [ 50.3517819, -15.2294482 ], [ 50.3509566, -15.2295148 ], [ 50.3497783, -15.2294884 ], [ 50.3485295, -15.2293005 ], [ 50.3473763, -15.2289066 ], [ 50.3467413, -15.2286062 ], [ 50.3455661, -15.2277292 ], [ 50.344721, -15.226739 ], [ 50.344226, -15.2267376 ], [ 50.343612, -15.2270569 ], [ 50.3432567, -15.2274924 ], [ 50.342594, -15.2282485 ], [ 50.3421446, -15.2286608 ], [ 50.340703399999988, -15.2294375 ], [ 50.340325900000011, -15.2295278 ], [ 50.3395952, -15.2294572 ], [ 50.3390537, -15.2292715 ], [ 50.338254, -15.2289017 ], [ 50.3378064, -15.2288543 ], [ 50.3373096, -15.22922 ], [ 50.337143, -15.2296104 ], [ 50.3368579, -15.2302524 ], [ 50.3361941, -15.23117 ], [ 50.3356016, -15.2319486 ], [ 50.3350804, -15.2326592 ], [ 50.3345119, -15.2333244 ], [ 50.3342285, -15.2335305 ], [ 50.3334493, -15.2337578 ], [ 50.3325073, -15.2335249 ], [ 50.332037, -15.2332938 ], [ 50.3313329, -15.2325337 ], [ 50.3310527, -15.2317978 ], [ 50.3306994, -15.2317272 ], [ 50.3301813, -15.2316111 ], [ 50.3290992, -15.2311017 ], [ 50.3289588, -15.23078 ], [ 50.3288673, -15.2300904 ], [ 50.3286337, -15.2296077 ], [ 50.328234, -15.2293528 ], [ 50.3275279, -15.2291677 ], [ 50.327080499999987, -15.229005 ], [ 50.3264673, -15.2290261 ], [ 50.3258767, -15.2294149 ], [ 50.3256622, -15.2299202 ], [ 50.3256611, -15.2302647 ], [ 50.3256578, -15.2310452 ], [ 50.3253961, -15.2316654 ], [ 50.3251587, -15.2320321 ], [ 50.3247339, -15.2322373 ], [ 50.3243325, -15.232328 ], [ 50.3232479, -15.2323698 ], [ 50.3227306, -15.2320469 ], [ 50.3223549, -15.2317701 ], [ 50.321838, -15.2313782 ], [ 50.3214613, -15.2311703 ], [ 50.3208252, -15.2311217 ], [ 50.3199772, -15.2309357 ], [ 50.3195305, -15.2307504 ], [ 50.3188936, -15.2307481 ], [ 50.3178561, -15.2308828 ], [ 50.316580699999989, -15.2314769 ], [ 50.315872, -15.2318644 ], [ 50.3151391, -15.2323912 ], [ 50.3146186, -15.2328025 ], [ 50.3140505, -15.2333988 ], [ 50.3134574, -15.2343388 ], [ 50.3123428, -15.2359431 ], [ 50.3114181, -15.2372267 ], [ 50.3108967, -15.2379599 ], [ 50.3101406, -15.2383945 ], [ 50.309692, -15.2384849 ], [ 50.3091972, -15.2384597 ], [ 50.3083263, -15.238204 ], [ 50.3073376, -15.237903 ], [ 50.3069843, -15.2377635 ], [ 50.3064679, -15.2373028 ], [ 50.3063289, -15.2366817 ], [ 50.3062384, -15.2357628 ], [ 50.3039343, -15.2342617 ], [ 50.3035568, -15.2343531 ], [ 50.3028021, -15.2344646 ], [ 50.302000899999989, -15.2344166 ], [ 50.3010591, -15.234161 ], [ 50.3000703, -15.2337899 ], [ 50.2992221, -15.2336264 ], [ 50.298492, -15.233463 ], [ 50.2969394, -15.2327697 ], [ 50.2961631, -15.2323757 ], [ 50.294609, -15.2319117 ], [ 50.2942319, -15.231933 ], [ 50.2935248, -15.2319081 ], [ 50.2925352, -15.2317437 ], [ 50.2918758, -15.2316265 ], [ 50.2913349, -15.2313491 ], [ 50.2907007, -15.2308418 ], [ 50.2901851, -15.2301054 ], [ 50.2897402, -15.2293915 ], [ 50.2891519, -15.2291601 ], [ 50.28788, -15.2289487 ], [ 50.28628410000001, -15.2272666 ], [ 50.2859788, -15.2269896 ], [ 50.2857197, -15.2269433 ], [ 50.2853655, -15.2270105 ], [ 50.2849641, -15.2271938 ], [ 50.284609599999989, -15.2274914 ], [ 50.2842782, -15.2278112 ], [ 50.2839226, -15.2282692 ], [ 50.2833555, -15.2286124 ], [ 50.2827667, -15.228381 ], [ 50.282034, -15.2288603 ], [ 50.2816784, -15.2293195 ], [ 50.2811098, -15.2300523 ], [ 50.2799262, -15.2311517 ], [ 50.2788396, -15.2317445 ], [ 50.278036, -15.2322251 ], [ 50.2767141, -15.2327034 ], [ 50.2756046, -15.2329747 ], [ 50.273859, -15.2332221 ], [ 50.2725159, -15.2332174 ], [ 50.2710305, -15.2331665 ], [ 50.2702999, -15.2331635 ], [ 50.2694272, -15.2332759 ], [ 50.2685541, -15.2334335 ], [ 50.2673757, -15.2334066 ], [ 50.2664809, -15.2331738 ], [ 50.2652559, -15.2329862 ], [ 50.2632299, -15.2326353 ], [ 50.2624757, -15.2326778 ], [ 50.2619097, -15.2326764 ], [ 50.2611078, -15.2328112 ], [ 50.2603992, -15.2331534 ], [ 50.2599502, -15.2334052 ], [ 50.2593586, -15.233908 ], [ 50.2591214, -15.2342295 ], [ 50.2585765, -15.2348015 ], [ 50.2578909, -15.2352822 ], [ 50.2573466, -15.2357627 ], [ 50.2565899, -15.2363338 ], [ 50.2559755, -15.2367003 ], [ 50.2552434, -15.2369954 ], [ 50.2546061, -15.2371319 ], [ 50.2542525, -15.2371076 ], [ 50.2537112, -15.2369905 ], [ 50.253429, -15.2367368 ], [ 50.253242, -15.2363458 ], [ 50.2531969, -15.2358858 ], [ 50.2530578, -15.2353799 ], [ 50.2526829, -15.2348273 ], [ 50.252448, -15.2346428 ], [ 50.2508038, -15.2333273 ], [ 50.2503582, -15.2328211 ], [ 50.250101199999989, -15.2322913 ], [ 50.2500334, -15.2316713 ], [ 50.2500335, -15.2316704 ], [ 50.2500333, -15.2316689 ], [ 50.250106099999989, -15.2311401 ], [ 50.2503437, -15.2307734 ], [ 50.2509114, -15.2302699 ], [ 50.2511727, -15.2298339 ], [ 50.251553, -15.2289873 ], [ 50.2513664, -15.2287351 ], [ 50.2507769, -15.2286866 ], [ 50.2495755, -15.2284534 ], [ 50.2483041, -15.2281728 ], [ 50.2465369, -15.2280058 ], [ 50.2450293, -15.2277248 ], [ 50.244041, -15.2273771 ], [ 50.2424407, -15.2267046 ], [ 50.2418279, -15.2267491 ], [ 50.2414505, -15.2268167 ], [ 50.240718799999989, -15.2269751 ], [ 50.2397766, -15.2267881 ], [ 50.2393064, -15.2265568 ], [ 50.2388378, -15.2259347 ], [ 50.2387929, -15.2253594 ], [ 50.2386776, -15.2247854 ], [ 50.2383267, -15.2241408 ], [ 50.2376697, -15.2234949 ], [ 50.2374838, -15.2228746 ], [ 50.2374839, -15.2228726 ], [ 50.2374838, -15.2228722 ], [ 50.2375105, -15.2222053 ], [ 50.2378189, -15.2217696 ], [ 50.2380552, -15.2213138 ], [ 50.2376087, -15.2213126 ], [ 50.2366178, -15.221515 ], [ 50.2350856, -15.2215099 ], [ 50.2326835, -15.2209732 ], [ 50.231526100000011, -15.2214518 ], [ 50.2308632, -15.2221613 ], [ 50.230437699999989, -15.222459 ], [ 50.2299178, -15.2226871 ], [ 50.2294231, -15.2226392 ], [ 50.2289534, -15.22227 ], [ 50.2285788, -15.2216711 ], [ 50.2284616, -15.2214642 ], [ 50.2282047, -15.2209343 ], [ 50.2279468, -15.220635 ], [ 50.2274294, -15.2203344 ], [ 50.2270769, -15.2201722 ], [ 50.2265591, -15.2200095 ], [ 50.2261108, -15.2200771 ], [ 50.225803700000014, -15.2202371 ], [ 50.2251665, -15.2203498 ], [ 50.2244592, -15.2203474 ], [ 50.2202212, -15.2193204 ], [ 50.2197752, -15.218883 ], [ 50.2184332, -15.2184646 ], [ 50.2157018, -15.2178577 ], [ 50.2151589, -15.2179698 ], [ 50.2142155, -15.2180358 ], [ 50.2126842, -15.2178238 ], [ 50.2112927, -15.2180025 ], [ 50.2097393, -15.2174679 ], [ 50.2084896, -15.2175786 ], [ 50.2076465, -15.2178473 ], [ 50.205789300000013, -15.2172749 ], [ 50.2042657, -15.2167488 ], [ 50.202456, -15.2162219 ], [ 50.2001217, -15.2160847 ], [ 50.2000005, -15.2166809 ], [ 50.1998083, -15.2173687 ], [ 50.1993773, -15.2182628 ], [ 50.198923199999989, -15.2188139 ], [ 50.198231, -15.2192957 ], [ 50.1973955, -15.2198228 ], [ 50.196179300000011, -15.2201441 ], [ 50.1955353, -15.2204884 ], [ 50.1953671, -15.2210368 ], [ 50.1955794, -15.2217006 ], [ 50.1960307, -15.2223661 ], [ 50.1960303, -15.2223679 ], [ 50.1960307, -15.2223685 ], [ 50.1959585, -15.222712 ], [ 50.1956714, -15.2230795 ], [ 50.195216500000015, -15.2238125 ], [ 50.1948533, -15.2260371 ], [ 50.1945895, -15.2268165 ], [ 50.1938229, -15.2283755 ], [ 50.1938929, -15.2288784 ], [ 50.1938928, -15.2288798 ], [ 50.193893, -15.2288808 ], [ 50.1938686, -15.229202 ], [ 50.1936039, -15.2300955 ], [ 50.1927908, -15.2312198 ], [ 50.1924814, -15.231128 ], [ 50.1922438, -15.2307616 ], [ 50.1920791, -15.229959 ], [ 50.1920793, -15.2299577 ], [ 50.1920791, -15.2299566 ], [ 50.192152, -15.2294088 ], [ 50.1916755, -15.2293854 ], [ 50.1907446, -15.2299819 ], [ 50.1896707, -15.2306475 ], [ 50.188810900000014, -15.2314733 ], [ 50.186783, -15.2322987 ], [ 50.1866137, -15.2331928 ], [ 50.1866131, -15.2335147 ], [ 50.1862304, -15.2339957 ], [ 50.1853248, -15.2340654 ], [ 50.1846344, -15.2338129 ], [ 50.183704, -15.2341802 ], [ 50.1832737, -15.2346382 ], [ 50.1810798, -15.2353275 ], [ 50.1806494, -15.2357166 ], [ 50.1796463, -15.2367255 ], [ 50.1787875, -15.23707 ], [ 50.1784783, -15.2366348 ], [ 50.177621599999988, -15.2362225 ], [ 50.1774108, -15.2348006 ], [ 50.1774111, -15.2348004 ], [ 50.1774108, -15.2347982 ], [ 50.1780793, -15.2344535 ], [ 50.1781764, -15.2336303 ], [ 50.17803450000001, -15.2333328 ], [ 50.1776075, -15.2326217 ], [ 50.1771784, -15.2327601 ], [ 50.1762005, -15.2329202 ], [ 50.1753671, -15.2328294 ], [ 50.1747714, -15.232669 ], [ 50.1735335, -15.232279 ], [ 50.1726282, -15.2322334 ], [ 50.1721763, -15.2317283 ], [ 50.1721764, -15.231726 ], [ 50.1721763, -15.2317259 ], [ 50.172178, -15.2311758 ], [ 50.1721792, -15.2306054 ], [ 50.1719668, -15.2299867 ], [ 50.171492, -15.2292064 ], [ 50.1708027, -15.2286568 ], [ 50.1698274, -15.2280601 ], [ 50.1684941, -15.2274412 ], [ 50.1681622, -15.2269374 ], [ 50.1674482, -15.2265701 ], [ 50.1642793, -15.2263191 ], [ 50.1638262, -15.2266397 ], [ 50.1633714, -15.2272585 ], [ 50.1627987, -15.2274659 ], [ 50.1622749, -15.227511 ], [ 50.1616568, -15.2269149 ], [ 50.1607282, -15.2266404 ], [ 50.159681, -15.2260212 ], [ 50.1583422, -15.2277417 ], [ 50.15796, -15.2280622 ], [ 50.1562684, -15.2278334 ], [ 50.1549331, -15.2282006 ], [ 50.1539318, -15.2283836 ], [ 50.1536209, -15.2286589 ], [ 50.1529769, -15.2289116 ], [ 50.152334, -15.2288423 ], [ 50.1514765, -15.2285439 ], [ 50.1492398, -15.2275359 ], [ 50.1471679, -15.2268933 ], [ 50.1465474, -15.2271919 ], [ 50.1464281, -15.2274886 ], [ 50.1470198, -15.228817 ], [ 50.1470197, -15.2288191 ], [ 50.1470199, -15.2288195 ], [ 50.1469451, -15.2300556 ], [ 50.1473238, -15.2309039 ], [ 50.1482038, -15.2315463 ], [ 50.1491537, -15.2325773 ], [ 50.149241, -15.2354901 ], [ 50.149764, -15.2360404 ], [ 50.1508822, -15.2367274 ], [ 50.1513324, -15.2375997 ], [ 50.1514735, -15.2384241 ], [ 50.1521369, -15.2397311 ], [ 50.153398, -15.2405342 ], [ 50.153849300000012, -15.2409468 ], [ 50.1538959, -15.2413368 ], [ 50.1538957, -15.2413373 ], [ 50.1538959, -15.2413392 ], [ 50.1536558, -15.2419578 ], [ 50.1533911, -15.2429902 ], [ 50.1532439, -15.2444114 ], [ 50.1531225, -15.245442 ], [ 50.1535474, -15.2467251 ], [ 50.1548796, -15.2477563 ], [ 50.1557358, -15.2483992 ], [ 50.1560916, -15.2489952 ], [ 50.1560909, -15.2489964 ], [ 50.1560916, -15.2489976 ], [ 50.1558042, -15.2494792 ], [ 50.1549459, -15.2495017 ], [ 50.1537321, -15.249066 ], [ 50.1531604, -15.2489751 ], [ 50.1524686, -15.249066 ], [ 50.151777, -15.2492957 ], [ 50.1509887, -15.2498456 ], [ 50.1501994, -15.2508553 ], [ 50.1496979, -15.2513371 ], [ 50.1490533, -15.251818 ], [ 50.1483842, -15.2523003 ], [ 50.1471679, -15.2525977 ], [ 50.146404, -15.2532399 ], [ 50.1454711, -15.2543864 ], [ 50.1446352, -15.2549371 ], [ 50.1442056, -15.2551206 ], [ 50.1431332, -15.2550744 ], [ 50.1425624, -15.2547768 ], [ 50.1420869, -15.2542495 ], [ 50.1414453, -15.2536075 ], [ 50.1403259, -15.253309 ], [ 50.1399204, -15.2534695 ], [ 50.1393732, -15.2531263 ], [ 50.1385879, -15.2528053 ], [ 50.137587, -15.252759 ], [ 50.13677710000001, -15.2525298 ], [ 50.1363009, -15.252347 ], [ 50.1352537, -15.2517965 ], [ 50.134446, -15.2509709 ], [ 50.133684, -15.2507184 ], [ 50.1328994, -15.2500765 ], [ 50.1322328, -15.2498245 ], [ 50.1316603, -15.2499155 ], [ 50.130182, -15.2502376 ], [ 50.1291819, -15.2498478 ], [ 50.12861, -15.2497784 ], [ 50.1278948, -15.2498933 ], [ 50.1274659, -15.2498249 ], [ 50.1273246, -15.2492738 ], [ 50.1272782, -15.2488611 ], [ 50.1272784, -15.2488606 ], [ 50.1272782, -15.2488587 ], [ 50.127494699999986, -15.2481479 ], [ 50.1278276, -15.2478064 ], [ 50.1255434, -15.2470729 ], [ 50.124068, -15.2463161 ], [ 50.1235915, -15.2463163 ], [ 50.1224254, -15.2458118 ], [ 50.1218075, -15.2451241 ], [ 50.1209034, -15.2446649 ], [ 50.1203554, -15.2445962 ], [ 50.1202144, -15.2438395 ], [ 50.1195009, -15.2432664 ], [ 50.1190278, -15.24212 ], [ 50.118099, -15.2419368 ], [ 50.1164082, -15.2414321 ], [ 50.1156468, -15.2411105 ], [ 50.1152684, -15.2399873 ], [ 50.1144599, -15.2393446 ], [ 50.114079, -15.2392528 ], [ 50.1131998, -15.2385198 ], [ 50.1130573, -15.238198 ], [ 50.1125588, -15.2375794 ], [ 50.1117977, -15.2369834 ], [ 50.1109872, -15.2371664 ], [ 50.1106063, -15.2369142 ], [ 50.1100597, -15.2365009 ], [ 50.1096781, -15.2365016 ], [ 50.1087245, -15.2365933 ], [ 50.1074627, -15.2362949 ], [ 50.1069138, -15.2365695 ], [ 50.1066259, -15.2370974 ], [ 50.1063857, -15.2377848 ], [ 50.1060497, -15.2386794 ], [ 50.1057603, -15.2398253 ], [ 50.106277399999989, -15.242254 ], [ 50.1068706, -15.2431251 ], [ 50.1069382, -15.2443405 ], [ 50.1074286, -15.2477346 ], [ 50.1074285, -15.2477367 ], [ 50.1074286, -15.247737 ], [ 50.107426, -15.2486972 ], [ 50.107828699999985, -15.2495228 ], [ 50.1078286, -15.249525 ], [ 50.1078287, -15.2495252 ], [ 50.1078026, -15.2503721 ], [ 50.1081074, -15.2519083 ], [ 50.1085586, -15.2525503 ], [ 50.109010399999988, -15.252894 ], [ 50.1091272, -15.2536048 ], [ 50.109195799999988, -15.2546135 ], [ 50.1099558, -15.2556682 ], [ 50.1105955, -15.2568604 ], [ 50.110809, -15.2572511 ], [ 50.1108089, -15.2572532 ], [ 50.110809, -15.2572535 ], [ 50.1107831, -15.2579181 ], [ 50.110496, -15.2582618 ], [ 50.1099705, -15.258675 ], [ 50.1094214, -15.2590412 ], [ 50.1088692, -15.2603721 ], [ 50.1083193, -15.2609902 ], [ 50.1080086, -15.2613117 ], [ 50.1075078, -15.2612885 ], [ 50.1068183, -15.2607613 ], [ 50.1035792, -15.2599583 ], [ 50.1023175, -15.2595457 ], [ 50.1012473, -15.2585821 ], [ 50.1002246, -15.2579633 ], [ 50.0997276, -15.2567482 ], [ 50.0990558, -15.2502124 ], [ 50.0988437, -15.2494094 ], [ 50.0980364, -15.2484696 ], [ 50.0951809, -15.2470478 ], [ 50.0947526, -15.2466811 ], [ 50.0936118, -15.2457637 ], [ 50.0921839, -15.2449608 ], [ 50.0903009, -15.2450973 ], [ 50.0882498, -15.2456015 ], [ 50.0866517, -15.2459919 ], [ 50.0849335, -15.2467018 ], [ 50.0834517, -15.2480086 ], [ 50.0824708, -15.2492235 ], [ 50.0816072, -15.2510814 ], [ 50.0810289, -15.2530532 ], [ 50.0802389, -15.2543372 ], [ 50.0793999, -15.2557813 ], [ 50.0784189, -15.2570198 ], [ 50.077726, -15.2576154 ], [ 50.0763661, -15.2580278 ], [ 50.0751264, -15.2581648 ], [ 50.0741721, -15.2584179 ], [ 50.0738825, -15.2596317 ], [ 50.0739138, -15.2598433 ], [ 50.0741777, -15.2587372 ], [ 50.0751321, -15.2584841 ], [ 50.0759103, -15.2583981 ], [ 50.0770937, -15.2598239 ], [ 50.0787419, -15.2613699 ], [ 50.0799053, -15.2624612 ], [ 50.0813629, -15.2640103 ], [ 50.0830045, -15.2651862 ], [ 50.081131, -15.2670686 ], [ 50.0798326, -15.2691265 ], [ 50.0785539, -15.2722947 ], [ 50.0776793, -15.276752 ], [ 50.0776034, -15.2832323 ], [ 50.0762109, -15.2907525 ], [ 50.0747067, -15.2973491 ], [ 50.0740243, -15.3018958 ], [ 50.0740553, -15.3063379 ], [ 50.074397, -15.3094791 ], [ 50.0744101, -15.3102193 ], [ 50.0728569, -15.3086718 ], [ 50.0712166, -15.3075885 ], [ 50.0684306, -15.3064317 ], [ 50.0670895, -15.3054773 ], [ 50.0670972, -15.305284 ], [ 50.0670822, -15.3052004 ], [ 50.066858599999989, -15.310812 ], [ 50.0664035, -15.3114996 ], [ 50.0651859, -15.3120496 ], [ 50.0631284, -15.3144345 ], [ 50.0627439, -15.3153977 ], [ 50.0613322, -15.3171167 ], [ 50.0597116, -15.3167958 ], [ 50.0586638, -15.3163817 ], [ 50.0580221, -15.3158321 ], [ 50.0577149, -15.3149143 ], [ 50.0576451, -15.3144557 ], [ 50.0572189, -15.313515 ], [ 50.0570058, -15.3130803 ], [ 50.0560301, -15.312369 ], [ 50.0549117, -15.3116805 ], [ 50.054364299999989, -15.3114964 ], [ 50.0535076, -15.3109922 ], [ 50.0535073, -15.3109914 ], [ 50.0534804, -15.3112184 ], [ 50.0495352, -15.3115907 ], [ 50.0458428, -15.3116518 ], [ 50.0452102, -15.3071814 ], [ 50.0450842, -15.300014 ], [ 50.044996, -15.2949969 ], [ 50.045127099999988, -15.2919477 ], [ 50.045255, -15.2887193 ], [ 50.0447977, -15.2837082 ], [ 50.0436618, -15.2821138 ], [ 50.0418284, -15.2828611 ], [ 50.0400076, -15.2843251 ], [ 50.0387374, -15.2856008 ], [ 50.0356275, -15.2872653 ], [ 50.0334342, -15.2885561 ], [ 50.0307091, -15.2911104 ], [ 50.0284781, -15.290251 ], [ 50.0260469, -15.2884987 ], [ 50.0245435, -15.2869796 ], [ 50.0239976, -15.2866894 ], [ 50.0229998, -15.2867431 ], [ 50.021904, -15.2865363 ], [ 50.0208801, -15.2861465 ], [ 50.0199048, -15.2856418 ], [ 50.0191672, -15.2850902 ], [ 50.0187892, -15.2840357 ], [ 50.0186251, -15.2833019 ], [ 50.0184853, -15.2822243 ], [ 50.018442299999982, -15.2808943 ], [ 50.0182777, -15.2802983 ], [ 50.0180894, -15.2795411 ], [ 50.0180896, -15.2795399 ], [ 50.0180893, -15.2795387 ], [ 50.0183317, -15.2783237 ], [ 50.018906199999989, -15.2775665 ], [ 50.019601, -15.2766039 ], [ 50.0198884, -15.2760321 ], [ 50.0188716, -15.2736474 ], [ 50.01823049999998, -15.2729824 ], [ 50.01704130000001, -15.272157 ], [ 50.0163534, -15.2710782 ], [ 50.0162386, -15.2698634 ], [ 50.0162387, -15.2698631 ], [ 50.0162385, -15.269861 ], [ 50.0165507, -15.2692414 ], [ 50.0167905, -15.268509 ], [ 50.0165782, -15.2680516 ], [ 50.0163424, -15.2672715 ], [ 50.0163423, -15.2672691 ], [ 50.016323, -15.2660563 ], [ 50.0163229, -15.2660539 ], [ 50.0163741, -15.264956 ], [ 50.016161, -15.2644741 ], [ 50.016138899999987, -15.2641073 ], [ 50.016139, -15.264107 ], [ 50.016138899999987, -15.2641049 ], [ 50.016428, -15.2630044 ], [ 50.0170281, -15.2618807 ], [ 50.0176498, -15.2612616 ], [ 50.0188447, -15.2603225 ], [ 50.019490399999988, -15.2596804 ], [ 50.0202794, -15.2589467 ], [ 50.0208063, -15.2582366 ], [ 50.0209052, -15.2571358 ], [ 50.0210969, -15.2568152 ], [ 50.0216266, -15.255164 ], [ 50.0220348, -15.2543158 ], [ 50.0227293, -15.2533069 ], [ 50.0245699, -15.2517256 ], [ 50.0248097, -15.2511309 ], [ 50.0246687, -15.2507877 ], [ 50.0235023, -15.2502601 ], [ 50.0226687, -15.2500987 ], [ 50.0210247, -15.2498693 ], [ 50.0193825, -15.2491801 ], [ 50.0183833, -15.2486983 ], [ 50.0173613, -15.2478035 ], [ 50.016913, -15.2463818 ], [ 50.0169132, -15.2463802 ], [ 50.0169129, -15.2463794 ], [ 50.0170363, -15.2452782 ], [ 50.0175389, -15.244339 ], [ 50.017020100000011, -15.2430104 ], [ 50.0170207, -15.2430096 ], [ 50.0170201, -15.2430079 ], [ 50.0173784, -15.2425958 ], [ 50.0170972, -15.2413598 ], [ 50.0159846, -15.2390657 ], [ 50.0159846, -15.2390635 ], [ 50.0159845, -15.2390632 ], [ 50.0160104, -15.2384449 ], [ 50.0163472, -15.237504 ], [ 50.0164468, -15.2361531 ], [ 50.0161414, -15.2349388 ], [ 50.0161415, -15.2349368 ], [ 50.0161413, -15.2349363 ], [ 50.0161938, -15.2336059 ], [ 50.016437200000013, -15.2320464 ], [ 50.0170844, -15.230992 ], [ 50.0173475, -15.2304891 ], [ 50.0172304, -15.2300544 ], [ 50.0166585, -15.2299858 ], [ 50.0161575, -15.2302143 ], [ 50.0153444, -15.2309246 ], [ 50.0144384, -15.2311767 ], [ 50.0134856, -15.2310161 ], [ 50.0122705, -15.230923 ], [ 50.0113642, -15.2309921 ], [ 50.0102208, -15.2308764 ], [ 50.0096495, -15.2307389 ], [ 50.0079822, -15.2304397 ], [ 50.0061956, -15.2302328 ], [ 50.005338099999989, -15.2300944 ], [ 50.0047653, -15.2302777 ], [ 50.0033338, -15.2306897 ], [ 50.0026418, -15.2308727 ], [ 50.0019984, -15.2309408 ], [ 50.001284, -15.2308034 ], [ 49.9987364, -15.2300904 ], [ 49.9970932, -15.2296314 ], [ 49.9959262, -15.2294923 ], [ 49.993164, -15.2287805 ], [ 49.989950199999988, -15.2277235 ], [ 49.9879251, -15.2275159 ], [ 49.9861146, -15.2272392 ], [ 49.9853992, -15.2273773 ], [ 49.9838268, -15.2272154 ], [ 49.9824459, -15.2269159 ], [ 49.9814688, -15.2269611 ], [ 49.9795846, -15.2272357 ], [ 49.9788227, -15.227143 ], [ 49.9777266, -15.2270049 ], [ 49.9768707, -15.226454 ], [ 49.9764195, -15.2259258 ], [ 49.9756362, -15.2251003 ], [ 49.974993, -15.225008 ], [ 49.9736831, -15.2248462 ], [ 49.9727278, -15.2252819 ], [ 49.970749, -15.2255332 ], [ 49.9696533, -15.2254176 ], [ 49.96801090000001, -15.2247969 ], [ 49.9672972, -15.2244989 ], [ 49.9664863, -15.2245663 ], [ 49.96369510000001, -15.2254135 ], [ 49.9626925, -15.2258714 ], [ 49.961547699999983, -15.2260763 ], [ 49.961022, -15.2263977 ], [ 49.9603067, -15.2265799 ], [ 49.9596616, -15.2269235 ], [ 49.9586588, -15.2274729 ], [ 49.9578947, -15.2279315 ], [ 49.9567731, -15.228206 ], [ 49.9554584, -15.2293287 ], [ 49.95493, -15.2304748 ], [ 49.9541864, -15.2317588 ], [ 49.9533952, -15.2330188 ], [ 49.9519118, -15.2345542 ], [ 49.9507132, -15.2365482 ], [ 49.9490848, -15.2385887 ], [ 49.9478648, -15.2398488 ], [ 49.947122, -15.2408797 ], [ 49.9444153, -15.2444095 ], [ 49.9423534, -15.2477109 ], [ 49.9402183, -15.2514698 ], [ 49.9375831, -15.2549758 ], [ 49.9349451, -15.2593087 ], [ 49.933842, -15.2611192 ], [ 49.9327867, -15.2628386 ], [ 49.9311613, -15.264167 ], [ 49.931300799999988, -15.264898 ], [ 49.9316523, -15.2665044 ], [ 49.9316518, -15.2665046 ], [ 49.9316523, -15.2665069 ], [ 49.9303874, -15.2669869 ], [ 49.9270682, -15.2685438 ], [ 49.9265445, -15.2683364 ], [ 49.9258294, -15.2682677 ], [ 49.9248725, -15.2691382 ], [ 49.9219355, -15.2704889 ], [ 49.921244, -15.2705113 ], [ 49.9205052, -15.270487 ], [ 49.9192908, -15.2701426 ], [ 49.9169084, -15.2697503 ], [ 49.9158833, -15.2698639 ], [ 49.9150489, -15.2697947 ], [ 49.9146663, -15.2701149 ], [ 49.9130499, -15.2689896 ], [ 49.9122157, -15.2688978 ], [ 49.9114046, -15.2691028 ], [ 49.9106879, -15.2694238 ], [ 49.909353100000011, -15.2693536 ], [ 49.9080439, -15.2688707 ], [ 49.9059256, -15.2680662 ], [ 49.90356520000001, -15.2681784 ], [ 49.9017997, -15.2685206 ], [ 49.900128, -15.2693448 ], [ 49.898173, -15.2693883 ], [ 49.8955959, -15.2701433 ], [ 49.8933645, -15.2677329 ], [ 49.8927519, -15.2658064 ], [ 49.8926128, -15.2647737 ], [ 49.892545, -15.2638564 ], [ 49.892545100000014, -15.2638557 ], [ 49.892545, -15.2638539 ], [ 49.8926432, -15.2630298 ], [ 49.8924362, -15.2611965 ], [ 49.8918208, -15.2600721 ], [ 49.8907755, -15.2592222 ], [ 49.8896818, -15.2584408 ], [ 49.8886085, -15.2586239 ], [ 49.8875336, -15.2592646 ], [ 49.886650499999988, -15.2595158 ], [ 49.8853401, -15.2593773 ], [ 49.8847932, -15.2590324 ], [ 49.8845795, -15.2587804 ], [ 49.8836244, -15.2591458 ], [ 49.8828624, -15.258985 ], [ 49.8822668, -15.2589617 ], [ 49.8814781, -15.2593956 ], [ 49.8809507, -15.2602444 ], [ 49.8804208, -15.2615734 ], [ 49.8797713, -15.2630862 ], [ 49.8790045, -15.2640259 ], [ 49.8778573, -15.2647354 ], [ 49.8769252, -15.2653998 ], [ 49.8762312, -15.2661326 ], [ 49.8750337, -15.2674846 ], [ 49.8743626, -15.2683787 ], [ 49.8735462, -15.2698681 ], [ 49.8731635, -15.2701894 ], [ 49.8724463, -15.2706243 ], [ 49.8715638, -15.2707377 ], [ 49.8699436, -15.2706209 ], [ 49.8673461, -15.2703434 ], [ 49.8658132, -15.2721073 ], [ 49.8651444, -15.2724737 ], [ 49.8641908, -15.2725181 ], [ 49.861626, -15.2760007 ], [ 49.8617615, -15.2777417 ], [ 49.8619228, -15.2790722 ], [ 49.8621088, -15.2803109 ], [ 49.8621087, -15.2803121 ], [ 49.8621089, -15.2803133 ], [ 49.8619849, -15.2815286 ], [ 49.861647, -15.2825834 ], [ 49.861212, -15.2838894 ], [ 49.8609889, -15.2860688 ], [ 49.8605998, -15.2879254 ], [ 49.8602385, -15.2888654 ], [ 49.8592944, -15.2923733 ], [ 49.8589067, -15.2939317 ], [ 49.8578218, -15.2968431 ], [ 49.856955199999987, -15.2989987 ], [ 49.8564724, -15.3004422 ], [ 49.8558424, -15.3028957 ], [ 49.8557415, -15.3042021 ], [ 49.855711299999989, -15.3058079 ], [ 49.8547984, -15.3075959 ], [ 49.8543376, -15.3093836 ], [ 49.853854, -15.3110575 ], [ 49.8534446, -15.3120886 ], [ 49.8532511, -15.3128 ], [ 49.8528652, -15.3138081 ], [ 49.8526949, -15.3146567 ], [ 49.8527391, -15.3155949 ], [ 49.8529498, -15.316466 ], [ 49.8533526, -15.3170629 ], [ 49.85378069999998, -15.3174301 ], [ 49.854279600000012, -15.31789 ], [ 49.8542794, -15.3178922 ], [ 49.8542796, -15.3178924 ], [ 49.8540544, -15.3205277 ], [ 49.8543349, -15.3218566 ], [ 49.854334599999987, -15.3218574 ], [ 49.8543349, -15.3218591 ], [ 49.8538285, -15.3232125 ], [ 49.8535625, -15.3242645 ], [ 49.8539887, -15.3249304 ], [ 49.8550125, -15.3252746 ], [ 49.8557974, -15.3257808 ], [ 49.8582453, -15.3276865 ], [ 49.8591507, -15.3279173 ], [ 49.8598657, -15.3279637 ], [ 49.8609373, -15.3284235 ], [ 49.8619615, -15.3285847 ], [ 49.8626772, -15.3286084 ], [ 49.8632526, -15.3277611 ], [ 49.863352399999989, -15.3267083 ], [ 49.8631408, -15.325951 ], [ 49.8631412, -15.3259502 ], [ 49.8631408, -15.3259485 ], [ 49.8633812, -15.325468 ], [ 49.8640262, -15.3251246 ], [ 49.8644084, -15.3249412 ], [ 49.8652972, -15.3233139 ], [ 49.8660884, -15.3223513 ], [ 49.8673079, -15.3213899 ], [ 49.8685508, -15.3206111 ], [ 49.8696744, -15.3199708 ], [ 49.871685699999986, -15.3178852 ], [ 49.87238, -15.3170834 ], [ 49.8734326, -15.3162365 ], [ 49.8741498, -15.3158015 ], [ 49.875129, -15.3153668 ], [ 49.8756302, -15.3152301 ], [ 49.8769207, -15.3145206 ], [ 49.8787146, -15.3130766 ], [ 49.8800052, -15.3122303 ], [ 49.8819874, -15.3114985 ], [ 49.8828703, -15.3113614 ], [ 49.8837329, -15.310262 ], [ 49.885192, -15.3090244 ], [ 49.8874616, -15.3078802 ], [ 49.8894431, -15.3071483 ], [ 49.8922361, -15.3063255 ], [ 49.894290100000013, -15.3054105 ], [ 49.8956751, -15.3048835 ], [ 49.8968959, -15.30367 ], [ 49.8979489, -15.3025473 ], [ 49.8984061, -15.3014702 ], [ 49.8997914, -15.3008979 ], [ 49.9006032, -15.300554 ], [ 49.9034907, -15.2996516 ], [ 49.9053323, -15.2984632 ], [ 49.9077484, -15.2967041 ], [ 49.9109955, -15.2954966 ], [ 49.9145025, -15.2945876 ], [ 49.9166751, -15.2935745 ], [ 49.917059, -15.2928409 ], [ 49.917966, -15.292658 ], [ 49.9187064, -15.2922926 ], [ 49.9191124, -15.2920398 ], [ 49.9195665, -15.2918111 ], [ 49.9203057, -15.2917891 ], [ 49.9214011, -15.2920427 ], [ 49.922116499999987, -15.2920888 ], [ 49.9235732, -15.2913786 ], [ 49.9239536, -15.2916776 ], [ 49.9244308, -15.29154 ], [ 49.9252469, -15.2901193 ], [ 49.9258669, -15.290097 ], [ 49.9268684, -15.2900289 ], [ 49.9273228, -15.2896161 ], [ 49.9283728, -15.289388 ], [ 49.929183, -15.2894348 ], [ 49.9310447, -15.2887938 ], [ 49.9319751, -15.2886568 ], [ 49.9346437, -15.2890952 ], [ 49.935262, -15.2894162 ], [ 49.936311, -15.289509 ], [ 49.937478500000012, -15.2896246 ], [ 49.9386228, -15.2896717 ], [ 49.9408173, -15.2892376 ], [ 49.9416292, -15.2888709 ], [ 49.9425129, -15.2884817 ], [ 49.9434641, -15.2892164 ], [ 49.9453476, -15.2891725 ], [ 49.9457768, -15.289126 ], [ 49.9468972, -15.2891735 ], [ 49.9486601, -15.2894263 ], [ 49.9511653, -15.288855 ], [ 49.9530515, -15.288123 ], [ 49.9551014, -15.2881475 ], [ 49.9566492, -15.2887212 ], [ 49.9573154, -15.2890199 ], [ 49.9574085, -15.2895934 ], [ 49.9575487, -15.2903729 ], [ 49.9588576, -15.2910622 ], [ 49.9593319, -15.2917041 ], [ 49.9597113, -15.2924153 ], [ 49.9597111, -15.2924173 ], [ 49.9597113, -15.2924177 ], [ 49.9596618, -15.2929224 ], [ 49.9593503, -15.2933571 ], [ 49.9594919, -15.2937688 ], [ 49.960157, -15.294411 ], [ 49.9604646, -15.2950759 ], [ 49.9605562, -15.2960391 ], [ 49.9605991, -15.2973466 ], [ 49.960885, -15.2974617 ], [ 49.9615789, -15.2967286 ], [ 49.9620352, -15.2957192 ], [ 49.9630657, -15.2942762 ], [ 49.9628327, -15.2927874 ], [ 49.9628328, -15.2927864 ], [ 49.9628326, -15.292785 ], [ 49.963028, -15.2915923 ], [ 49.9639129, -15.290768 ], [ 49.9657768, -15.289485 ], [ 49.9671172, -15.2880173 ], [ 49.9684546, -15.2872851 ], [ 49.9690724, -15.2878128 ], [ 49.9699291, -15.2882259 ], [ 49.9712871, -15.2884557 ], [ 49.973145, -15.2889847 ], [ 49.9740754, -15.2888476 ], [ 49.9749609, -15.287794 ], [ 49.9762988, -15.2869916 ], [ 49.9767791, -15.2860293 ], [ 49.9776674, -15.284126 ], [ 49.9786959, -15.2831638 ], [ 49.9799375, -15.2826827 ], [ 49.9824907, -15.2819046 ], [ 49.9827111, -15.2803455 ], [ 49.983027, -15.2786255 ], [ 49.983600499999987, -15.2778933 ], [ 49.9833168, -15.2775501 ], [ 49.9832712, -15.2768629 ], [ 49.9832713, -15.2768627 ], [ 49.9832711, -15.2768604 ], [ 49.983583, -15.276356 ], [ 49.9840607, -15.2761494 ], [ 49.9852771, -15.275967 ], [ 49.9869451, -15.2759906 ], [ 49.988112, -15.2764732 ], [ 49.9888731, -15.2769781 ], [ 49.9897054, -15.2775294 ], [ 49.9903964, -15.277552 ], [ 49.9916272, -15.2801448 ], [ 49.9921024, -15.2806036 ], [ 49.9928173, -15.2806959 ], [ 49.9940099, -15.2804437 ], [ 49.9950108, -15.2805821 ], [ 49.996751499999988, -15.2803311 ], [ 49.9984215, -15.2799649 ], [ 49.9999226, -15.2801257 ], [ 50.0015405, -15.2799783 ], [ 50.0019985, -15.2796455 ], [ 50.002808, -15.2799214 ], [ 50.002853, -15.2806324 ], [ 50.002853, -15.2806341 ], [ 50.002853, -15.2806348 ], [ 50.0028505, -15.2814595 ], [ 50.0027764, -15.2821462 ], [ 50.0030335, -15.2835902 ], [ 50.004721, -15.285196 ], [ 50.005601899999988, -15.2855634 ], [ 50.0072668, -15.2866421 ], [ 50.0080286, -15.2869176 ], [ 50.0091725, -15.2870785 ], [ 50.0105536, -15.2874919 ], [ 50.0116035, -15.287103 ], [ 50.0122923, -15.2879288 ], [ 50.0129337, -15.2885712 ], [ 50.0139803, -15.28926 ], [ 50.0150027, -15.2900622 ], [ 50.0162175, -15.2904534 ], [ 50.0169791, -15.2907516 ], [ 50.017621, -15.2911872 ], [ 50.0185, -15.2922425 ], [ 50.0184991, -15.2922438 ], [ 50.0185001, -15.292245 ], [ 50.018020899999989, -15.292864 ], [ 50.0179202, -15.2929606 ], [ 50.0179627, -15.2960541 ], [ 50.0164635, -15.2990919 ], [ 50.0115778, -15.3082116 ], [ 50.0035945, -15.3177586 ], [ 49.9956105, -15.3273054 ], [ 49.9876651, -15.3391112 ], [ 49.975496, -15.3536221 ], [ 49.9660223, -15.3669588 ], [ 49.960836, -15.3813556 ], [ 49.9590644, -15.3911771 ], [ 49.9550482, -15.4059313 ], [ 49.9494919, -15.4214638 ], [ 49.9407581, -15.4329045 ], [ 49.9321269, -15.4503696 ], [ 49.9280243, -15.4602285 ], [ 49.9223103, -15.4667236 ], [ 49.9192944, -15.4720452 ], [ 49.9419824, -15.4814713 ], [ 49.9509714, -15.4847152 ], [ 49.9638303, -15.4871423 ], [ 49.978262199999989, -15.4906729 ], [ 49.9866071, -15.4933351 ], [ 49.9868887, -15.4924636 ], [ 49.9875415, -15.4914894 ], [ 49.9884124, -15.4891594 ], [ 49.9889243, -15.4883253 ], [ 49.9892668, -15.4872884 ], [ 49.9899313, -15.4843904 ], [ 49.9898653, -15.4826723 ], [ 49.9898218, -15.4814801 ], [ 49.9897296, -15.4804707 ], [ 49.9895196, -15.4791175 ], [ 49.989519799999989, -15.4791163 ], [ 49.9895196, -15.4791151 ], [ 49.9897647, -15.4771433 ], [ 49.9904398, -15.475012 ], [ 49.9906365, -15.4732692 ], [ 49.9917869, -15.4717784 ], [ 49.9919085, -15.4710682 ], [ 49.992676, -15.4698989 ], [ 49.993420799999988, -15.468225 ], [ 49.9950533, -15.4652681 ], [ 49.9954643, -15.4635252 ], [ 49.9960178, -15.462173 ], [ 49.9968321, -15.4609822 ], [ 49.996644, -15.4604786 ], [ 49.9966445, -15.4604778 ], [ 49.996643899999988, -15.4604762 ], [ 49.9977944, -15.4588262 ], [ 49.9987299, -15.4572441 ], [ 49.9999523, -15.4555477 ], [ 50.0011033, -15.4538976 ], [ 50.0021092, -15.4526137 ], [ 50.0033555, -15.4508254 ], [ 50.0048895, -15.4486708 ], [ 50.006302, -15.4472266 ], [ 50.0080279, -15.4447277 ], [ 50.0085575, -15.4432833 ], [ 50.0092054, -15.4421374 ], [ 50.0101653, -15.4403255 ], [ 50.0133275, -15.4362916 ], [ 50.0138305, -15.4355581 ], [ 50.0164331, -15.4348476 ], [ 50.0186571, -15.4331752 ], [ 50.0201414, -15.4314552 ], [ 50.0207165, -15.4307454 ], [ 50.0238992, -15.4275356 ], [ 50.0245247, -15.4258851 ], [ 50.0245783, -15.424165 ], [ 50.0248468, -15.4221476 ], [ 50.025089, -15.4210242 ], [ 50.0259295, -15.419351 ], [ 50.0268207, -15.4166218 ], [ 50.0277802, -15.4149025 ], [ 50.0286698, -15.4127473 ], [ 50.0293448, -15.410364 ], [ 50.0289436, -15.4090808 ], [ 50.028182099999988, -15.4085534 ], [ 50.0267557, -15.4070623 ], [ 50.0259722, -15.4060767 ], [ 50.0233552, -15.404081 ], [ 50.0220128, -15.4029628 ], [ 50.0205591, -15.4034877 ], [ 50.0181394, -15.4041091 ], [ 50.0162082, -15.4041086 ], [ 50.0150668, -15.4035783 ], [ 50.0118277, -15.4011444 ], [ 50.0102688, -15.3995873 ], [ 50.0089441, -15.3980909 ], [ 50.0086383, -15.3958348 ], [ 50.0096132, -15.3925563 ], [ 50.0105231, -15.3912815 ], [ 50.0108312, -15.3898552 ], [ 50.011419, -15.3872936 ], [ 50.0119165, -15.3852827 ], [ 50.0122206, -15.3836303 ], [ 50.0126335, -15.382493 ], [ 50.0135727, -15.3809916 ], [ 50.0147625, -15.3804875 ], [ 50.0157931, -15.3804059 ], [ 50.0169062, -15.3812274 ], [ 50.0181604, -15.3844046 ], [ 50.0187354, -15.3868178 ], [ 50.0192173, -15.3896201 ], [ 50.0198933, -15.3920962 ], [ 50.0201381, -15.3933532 ], [ 50.0201459, -15.3933451 ], [ 50.0213391, -15.3932316 ], [ 50.0237222, -15.3937142 ], [ 50.0260807, -15.3945167 ], [ 50.0290084, -15.3963062 ], [ 50.0310308, -15.3979581 ], [ 50.0321017, -15.3986689 ], [ 50.034506, -15.4001834 ], [ 50.0351504, -15.4000462 ], [ 50.0416047, -15.3952786 ], [ 50.0429681, -15.3940868 ], [ 50.0444269, -15.3928257 ], [ 50.046049700000012, -15.3924825 ], [ 50.0468126, -15.3925286 ], [ 50.0482168, -15.3934225 ], [ 50.0492131, -15.3951195 ], [ 50.0493518, -15.3966105 ], [ 50.0493517, -15.3966108 ], [ 50.0493519, -15.3966129 ], [ 50.0488951, -15.3977139 ], [ 50.0483205, -15.3984701 ], [ 50.0482674, -15.3985508 ], [ 50.0472702, -15.4001136 ], [ 50.0489409, -15.4004657 ], [ 50.0496817, -15.4009379 ], [ 50.0502411, -15.4024468 ], [ 50.0511277, -15.4036272 ], [ 50.0512669, -15.4039309 ], [ 50.0488708, -15.408921 ], [ 50.0406538, -15.419982 ], [ 50.0367329, -15.4284707 ], [ 50.0314505, -15.4367187 ], [ 50.029577, -15.4419617 ], [ 50.0296642, -15.4420435 ], [ 50.0273132, -15.4449502 ], [ 50.0240572, -15.4489472 ], [ 50.0201189, -15.4561815 ], [ 50.011449, -15.4676163 ], [ 50.0064328, -15.4766606 ], [ 50.0057691, -15.4809731 ], [ 50.0043197, -15.4931847 ], [ 50.0029388, -15.4987637 ], [ 50.0016176, -15.507747 ], [ 49.999021, -15.507252 ], [ 49.9967785, -15.5058551 ], [ 49.9941726, -15.5048226 ], [ 49.9936806, -15.5048307 ], [ 49.9937047, -15.5047735 ], [ 49.9935866, -15.5047206 ], [ 49.9931924, -15.5056543 ], [ 49.9923482, -15.5066091 ], [ 49.9920312, -15.5071011 ], [ 49.9918897, -15.5077677 ], [ 49.9917954, -15.508709 ], [ 49.9917014, -15.5096278 ], [ 49.9916793, -15.5109579 ], [ 49.9918474, -15.5119442 ], [ 49.9920866, -15.5132992 ], [ 49.9923272, -15.5150664 ], [ 49.9923759, -15.5162844 ], [ 49.9923758, -15.5162846 ], [ 49.9923759, -15.5162868 ], [ 49.9922342, -15.5170448 ], [ 49.9918797, -15.5187902 ], [ 49.9917634, -15.5204673 ], [ 49.9916692, -15.5214775 ], [ 49.9911959, -15.5231548 ], [ 49.9909593, -15.5241188 ], [ 49.9908413, -15.5247149 ], [ 49.9910084, -15.5254259 ], [ 49.991223, -15.5258392 ], [ 49.9916284, -15.5265046 ], [ 49.9920812, -15.527376 ], [ 49.9924157, -15.528386 ], [ 49.9924155, -15.5283876 ], [ 49.9924158, -15.5283884 ], [ 49.9922744, -15.5293994 ], [ 49.991871800000013, -15.5308236 ], [ 49.991635100000011, -15.5315132 ], [ 49.9911844, -15.5325237 ], [ 49.9908519, -15.5330295 ], [ 49.9906622, -15.5335116 ], [ 49.9899041, -15.5356951 ], [ 49.9895017, -15.5372345 ], [ 49.9892651, -15.5381985 ], [ 49.9890762, -15.5394151 ], [ 49.989172800000013, -15.5403777 ], [ 49.9893157, -15.540791 ], [ 49.9894827, -15.5411125 ], [ 49.9899114, -15.5413415 ], [ 49.9907216, -15.5423278 ], [ 49.9910318, -15.5432456 ], [ 49.9913186, -15.5441874 ], [ 49.9913431, -15.5448535 ], [ 49.9913431, -15.5448536 ], [ 49.9913432, -15.5448559 ], [ 49.9910588, -15.5456829 ], [ 49.9909403, -15.5460045 ], [ 49.990609, -15.5470375 ], [ 49.9906809, -15.5478622 ], [ 49.9910388, -15.5485047 ], [ 49.9913014, -15.5494922 ], [ 49.9913503, -15.5501578 ], [ 49.9913503, -15.5501597 ], [ 49.9913504, -15.5501602 ], [ 49.9913513, -15.5510074 ], [ 49.9915186, -15.5515817 ], [ 49.9917811, -15.552132 ], [ 49.9918548, -15.5542453 ], [ 49.9923557, -15.5550018 ], [ 49.9927368, -15.555506 ], [ 49.992975, -15.555667 ], [ 49.9934038, -15.5560339 ], [ 49.9939039, -15.5566762 ], [ 49.9945709, -15.557134 ], [ 49.9945698, -15.5571357 ], [ 49.9945709, -15.5571365 ], [ 49.9940482, -15.557964 ], [ 49.9940024, -15.5589057 ], [ 49.9936224, -15.5595264 ], [ 49.9936231, -15.5601669 ], [ 49.993815, -15.5611078 ], [ 49.993814699999987, -15.561109 ], [ 49.993815, -15.5611103 ], [ 49.9935785, -15.5624425 ], [ 49.9935563, -15.5636368 ], [ 49.9932733, -15.5654059 ], [ 49.9931322, -15.5662547 ], [ 49.9931803, -15.5667808 ], [ 49.9931802, -15.5667813 ], [ 49.9931803, -15.5667832 ], [ 49.992896, -15.5679784 ], [ 49.9928018, -15.5685527 ], [ 49.9927787, -15.5691247 ], [ 49.9930415, -15.5696984 ], [ 49.9930412, -15.5697002 ], [ 49.9930415, -15.5697009 ], [ 49.9929469, -15.5703203 ], [ 49.9924485, -15.5711711 ], [ 49.99233, -15.5716532 ], [ 49.9920939, -15.5730769 ], [ 49.9920478, -15.5741338 ], [ 49.9918347, -15.5748455 ], [ 49.9918118, -15.5751888 ], [ 49.9919794, -15.5760832 ], [ 49.9920752, -15.5765651 ], [ 49.9920749, -15.5765655 ], [ 49.9920753, -15.5765675 ], [ 49.9914336, -15.5771892 ], [ 49.9904359, -15.5784764 ], [ 49.9897718, -15.5796485 ], [ 49.9894874, -15.5804755 ], [ 49.9893922, -15.5808656 ], [ 49.989250899999988, -15.5815784 ], [ 49.9883947, -15.5820613 ], [ 49.9877286, -15.5818554 ], [ 49.9873951, -15.5815807 ], [ 49.9862071, -15.5829829 ], [ 49.986088699999982, -15.5833734 ], [ 49.9859956, -15.584614 ], [ 49.9855208, -15.5856486 ], [ 49.9848807, -15.5872337 ], [ 49.9846204, -15.5881047 ], [ 49.984704, -15.5881631 ], [ 49.988972, -15.5893841 ], [ 49.9908487, -15.5905896 ], [ 49.9935704, -15.593692 ], [ 49.994789, -15.5970439 ], [ 49.99553, -15.5996169 ], [ 49.9960313, -15.6017442 ], [ 49.995249800000011, -15.6100748 ], [ 49.993910400000011, -15.6196509 ], [ 49.992891, -15.6276481 ], [ 49.9908359, -15.636112 ], [ 49.9886095, -15.6414315 ], [ 49.9853392, -15.6467682 ], [ 49.9819489, -15.651882 ], [ 49.9795766, -15.6555179 ], [ 49.9764219, -15.6608526 ], [ 49.9751619, -15.6617725 ], [ 49.9741241, -15.6621268 ], [ 49.9722783, -15.6627191 ], [ 49.9690663, -15.6647951 ], [ 49.9667546, -15.6652826 ], [ 49.9637411, -15.6654444 ], [ 49.9618639, -15.6642388 ], [ 49.960228500000014, -15.6635912 ], [ 49.9595514, -15.6633651 ], [ 49.959217, -15.6639212 ], [ 49.9592145, -15.6639278 ], [ 49.9590354, -15.6641555 ], [ 49.9584361, -15.6653536 ], [ 49.9581972, -15.6656953 ], [ 49.9577215, -15.6660928 ], [ 49.9576609, -15.6662643 ], [ 49.957213900000013, -15.6668048 ], [ 49.9571234, -15.6670615 ], [ 49.9568853, -15.6673467 ], [ 49.9568246, -15.6675747 ], [ 49.9565857, -15.6679175 ], [ 49.9565848, -15.6680316 ], [ 49.9564655, -15.6681454 ], [ 49.9564652, -15.6682595 ], [ 49.9563459, -15.6683732 ], [ 49.956345, -15.6684885 ], [ 49.9561667, -15.6686586 ], [ 49.9560462, -15.6690017 ], [ 49.9556291, -15.6694558 ], [ 49.9554492, -15.6697987 ], [ 49.9552059, -15.6708272 ], [ 49.955197, -15.6720857 ], [ 49.9553699, -15.672774 ], [ 49.9553698, -15.6727761 ], [ 49.9553699, -15.6727764 ], [ 49.9553617, -15.6739795 ], [ 49.9552414, -15.674265 ], [ 49.9550543, -15.6756393 ], [ 49.9549065, -15.6768438 ], [ 49.955864, -15.678278 ], [ 49.9560947, -15.6791395 ], [ 49.9560947, -15.6791416 ], [ 49.9560947, -15.6791419 ], [ 49.9560116, -15.6826914 ], [ 49.9562991, -15.6838384 ], [ 49.9562991, -15.6838406 ], [ 49.9562991, -15.6838409 ], [ 49.9562879, -15.6855006 ], [ 49.9563314, -15.6858564 ], [ 49.9563417, -15.6862448 ], [ 49.9563417, -15.6862454 ], [ 49.9563417, -15.6862472 ], [ 49.9563386, -15.6867039 ], [ 49.9565057, -15.6881939 ], [ 49.9565604, -15.6888245 ], [ 49.9566097, -15.6903146 ], [ 49.9566255, -15.6904816 ], [ 49.9566254, -15.6904823 ], [ 49.9566255, -15.690484 ], [ 49.9566078, -15.690604 ], [ 49.9566007, -15.6916324 ], [ 49.9566563, -15.6921482 ], [ 49.9567727, -15.6924355 ], [ 49.9567727, -15.6924378 ], [ 49.9567727, -15.6924379 ], [ 49.9567678, -15.6931247 ], [ 49.9568185, -15.6943267 ], [ 49.9568185, -15.694327 ], [ 49.9568186, -15.6943292 ], [ 49.9567577, -15.6946148 ], [ 49.9567454, -15.6950118 ], [ 49.9568544, -15.6956149 ], [ 49.9569774, -15.696215 ], [ 49.9570104, -15.6963025 ], [ 49.9572751, -15.6967365 ], [ 49.9575098, -15.6970252 ], [ 49.9575098, -15.6970275 ], [ 49.9575099, -15.6970276 ], [ 49.957509, -15.6971394 ], [ 49.9578599, -15.6977717 ], [ 49.9579157, -15.6982305 ], [ 49.9581486, -15.6987485 ], [ 49.958263099999982, -15.6990595 ], [ 49.9584163, -15.6992863 ], [ 49.9586748, -15.6996695 ], [ 49.958790300000011, -15.7000709 ], [ 49.9587903, -15.7000731 ], [ 49.9587903, -15.7000733 ], [ 49.9587885, -15.7003037 ], [ 49.9587874, -15.700472 ], [ 49.9589634, -15.7007028 ], [ 49.9591367, -15.7012772 ], [ 49.9591367, -15.7012794 ], [ 49.9591367, -15.7012796 ], [ 49.9591339, -15.7016489 ], [ 49.9595172, -15.7021316 ], [ 49.960160099999989, -15.7019935 ], [ 49.9612069, -15.7017391 ], [ 49.9618027, -15.7021054 ], [ 49.9626128, -15.7025869 ], [ 49.9632314, -15.7027236 ], [ 49.964184, -15.7025848 ], [ 49.9646355, -15.702033 ], [ 49.9654675, -15.7012049 ], [ 49.9658237, -15.7008365 ], [ 49.9662997, -15.7005836 ], [ 49.9669901, -15.7004909 ], [ 49.9676329, -15.7007424 ], [ 49.9680855, -15.7010173 ], [ 49.9699198, -15.7020941 ], [ 49.9713488, -15.7024592 ], [ 49.9714656, -15.702507 ], [ 49.9719408, -15.7017093 ], [ 49.973618, -15.7003637 ], [ 49.974834, -15.6985862 ], [ 49.9773066, -15.6973373 ], [ 49.9801115, -15.6956435 ], [ 49.9817196, -15.6968252 ], [ 49.982757100000015, -15.6977966 ], [ 49.9841521, -15.6997507 ], [ 49.9865576, -15.7011389 ], [ 49.9884982, -15.7018757 ], [ 49.9920624, -15.7046725 ], [ 49.9951482, -15.7060493 ], [ 49.9976653, -15.7073256 ], [ 49.9971256, -15.7088723 ], [ 49.9971489, -15.7101899 ], [ 49.9972013, -15.7131546 ], [ 49.9964562, -15.7159129 ], [ 49.9965008, -15.7184384 ], [ 49.9964417, -15.7215148 ], [ 49.9961172, -15.7223988 ], [ 49.9940669, -15.7218836 ], [ 49.9928044, -15.7210258 ], [ 49.9914228, -15.7198405 ], [ 49.9886846, -15.7188973 ], [ 49.9851356, -15.7169789 ], [ 49.984104, -15.7167034 ], [ 49.9839542, -15.716377 ], [ 49.9841278, -15.7167696 ], [ 49.98412780000001, -15.716772 ], [ 49.9841278, -15.7167721 ], [ 49.9841295, -15.7181274 ], [ 49.9841108, -15.7183802 ], [ 49.9843816, -15.7194616 ], [ 49.9844672, -15.7205185 ], [ 49.9844672, -15.7205192 ], [ 49.9844673, -15.720521 ], [ 49.9842124, -15.7224024 ], [ 49.9839194, -15.7232499 ], [ 49.9831992, -15.7240705 ], [ 49.9825767, -15.7245484 ], [ 49.9818358, -15.7249548 ], [ 49.9810759, -15.7248804 ], [ 49.9805076, -15.7246232 ], [ 49.979695, -15.7250986 ], [ 49.9792144, -15.7256227 ], [ 49.9782519, -15.726924 ], [ 49.9777489, -15.7273332 ], [ 49.9764333, -15.728219 ], [ 49.9754803, -15.7283714 ], [ 49.9747714, -15.7278838 ], [ 49.9742509, -15.727627 ], [ 49.973610699999988, -15.7274613 ], [ 49.9726819, -15.7275681 ], [ 49.9715146, -15.7278347 ], [ 49.9704927, -15.7277803 ], [ 49.96957, -15.7272669 ], [ 49.9690024, -15.7269182 ], [ 49.967954200000015, -15.7271625 ], [ 49.9671464, -15.7270865 ], [ 49.9668658, -15.7265795 ], [ 49.9666846, -15.7255896 ], [ 49.966126, -15.7242535 ], [ 49.9654208, -15.7233751 ], [ 49.9650665, -15.7231188 ], [ 49.964468899999986, -15.7234585 ], [ 49.9643462, -15.7238933 ], [ 49.964482, -15.7246045 ], [ 49.9644819, -15.7246065 ], [ 49.964482, -15.724607 ], [ 49.9644479, -15.7257551 ], [ 49.9644173, -15.7265361 ], [ 49.9640525, -15.7273825 ], [ 49.9633592, -15.7278129 ], [ 49.9629538, -15.727971 ], [ 49.9618604, -15.7279618 ], [ 49.9615064, -15.7276604 ], [ 49.9610796, -15.7274957 ], [ 49.9604392, -15.7273526 ], [ 49.959984, -15.7276944 ], [ 49.9595294, -15.7280114 ], [ 49.9595152, -15.7280224 ], [ 49.9589444, -15.7285641 ], [ 49.9590096, -15.7286602 ], [ 49.9590078, -15.7288884 ], [ 49.9589048, -15.7291325 ], [ 49.958767, -15.7294593 ], [ 49.9587673, -15.7294613 ], [ 49.9587688, -15.729475 ], [ 49.9588791, -15.7304345 ], [ 49.9585777, -15.7312347 ], [ 49.9584559, -15.7318059 ], [ 49.9580987, -15.7320897 ] ], [ [ 49.9556912, -15.7382027 ], [ 49.9556904, -15.7383201 ], [ 49.955589399999987, -15.7380352 ], [ 49.9555874, -15.7380295 ], [ 49.9556912, -15.7382004 ], [ 49.9556912, -15.7382027 ] ], [ [ 49.956137299999988, -15.7345289 ], [ 49.9564292, -15.7340813 ], [ 49.9564864, -15.7337622 ], [ 49.9564292, -15.7340837 ], [ 49.956137299999988, -15.7345289 ] ], [ [ 50.2238403, -15.6029971 ], [ 50.2226047, -15.6025116 ], [ 50.2214683, -15.6012451 ], [ 50.2207566, -15.6007617 ], [ 50.2203317, -15.6000023 ], [ 50.220332499999984, -15.6000014 ], [ 50.2203317, -15.5999999 ], [ 50.2208103, -15.5994494 ], [ 50.2213354, -15.5991759 ], [ 50.2221439, -15.5992928 ], [ 50.223022799999988, -15.5996162 ], [ 50.2242078, -15.6006763 ], [ 50.2246762, -15.6023306 ], [ 50.2246758, -15.6023313 ], [ 50.2246763, -15.602333 ], [ 50.2243162, -15.60293 ], [ 50.2238403, -15.6029971 ] ], [ [ 50.0587414, -15.3298429 ], [ 50.0587416, -15.3298425 ], [ 50.0587413, -15.3298405 ], [ 50.059124499999989, -15.3291526 ], [ 50.0589832, -15.3286731 ], [ 50.0589833, -15.3286714 ], [ 50.058983100000013, -15.3286707 ], [ 50.0590324, -15.3280972 ], [ 50.0596555, -15.3270657 ], [ 50.0603497, -15.3261719 ], [ 50.0608522, -15.3256902 ], [ 50.0612583, -15.3253231 ], [ 50.062043, -15.3261257 ], [ 50.0629254, -15.3260342 ], [ 50.0637844, -15.3257363 ], [ 50.0650034, -15.324705 ], [ 50.0654804, -15.3248202 ], [ 50.0667447, -15.3244761 ], [ 50.0675783, -15.3247514 ], [ 50.0679587, -15.3251641 ], [ 50.0686981, -15.3250501 ], [ 50.070025099999988, -15.327756 ], [ 50.0710942, -15.3289027 ], [ 50.0714506, -15.3294074 ], [ 50.072018, -15.3309206 ], [ 50.0724161, -15.3332827 ], [ 50.072416, -15.3332843 ], [ 50.0724161, -15.3332851 ], [ 50.0723407, -15.3346147 ], [ 50.0721706, -15.335624 ], [ 50.0716424, -15.3368844 ], [ 50.0713536, -15.3376862 ], [ 50.0715397, -15.3391982 ], [ 50.0715395, -15.3391986 ], [ 50.0715397, -15.3392007 ], [ 50.0710361, -15.340141 ], [ 50.0708185, -15.3412855 ], [ 50.070935200000015, -15.3419035 ], [ 50.0715756, -15.3430958 ], [ 50.0726461, -15.3438302 ], [ 50.0747865, -15.3456188 ], [ 50.07688, -15.347225 ], [ 50.0778771, -15.3487378 ], [ 50.0786251, -15.3494595 ], [ 50.078623699999987, -15.3494606 ], [ 50.0786251, -15.349462 ], [ 50.07858, -15.3494974 ], [ 50.0784345, -15.3496195 ], [ 50.0795818, -15.3506277 ], [ 50.0844355, -15.356601 ], [ 50.0870681, -15.3597157 ], [ 50.091024100000013, -15.3609655 ], [ 50.0946061, -15.3640642 ], [ 50.0973817, -15.3675712 ], [ 50.0966221, -15.3706112 ], [ 50.0928603, -15.3726487 ], [ 50.0915464, -15.3750399 ], [ 50.090347, -15.3762446 ], [ 50.0909129, -15.3775512 ], [ 50.0901415, -15.3799333 ], [ 50.0882663, -15.381281 ], [ 50.0855587, -15.3815897 ], [ 50.0832649, -15.3822862 ], [ 50.0805736, -15.3835159 ], [ 50.0799756, -15.3837765 ], [ 50.079988899999989, -15.383936 ], [ 50.0802963, -15.3848525 ], [ 50.0804364, -15.3857934 ], [ 50.0804365, -15.3857958 ], [ 50.0804566, -15.3870548 ], [ 50.080597, -15.3879482 ], [ 50.0806191, -15.3885679 ], [ 50.080619100000014, -15.388568 ], [ 50.0806192, -15.3885703 ], [ 50.08025940000001, -15.3892575 ], [ 50.0796143, -15.3895789 ], [ 50.0791372, -15.3896242 ], [ 50.0756284, -15.3906566 ], [ 50.0739578, -15.3910912 ], [ 50.0723092, -15.3920778 ], [ 50.0709463, -15.3931545 ], [ 50.0697255, -15.3946907 ], [ 50.0690541, -15.3957683 ], [ 50.0685255, -15.3971439 ], [ 50.068161599999989, -15.399208 ], [ 50.067796799999989, -15.4014772 ], [ 50.0679342, -15.4034475 ], [ 50.068122, -15.4043876 ], [ 50.0681878, -15.406222 ], [ 50.0693481, -15.4090423 ], [ 50.0701264, -15.411886 ], [ 50.0704811, -15.4130096 ], [ 50.071045800000014, -15.4154626 ], [ 50.0712806, -15.4168164 ], [ 50.0713033, -15.4172057 ], [ 50.0727037, -15.4194764 ], [ 50.0727027, -15.4194771 ], [ 50.0727037, -15.4194788 ], [ 50.071198, -15.4204867 ], [ 50.0697882, -15.4212897 ], [ 50.0673731, -15.4233531 ], [ 50.0638227, -15.4221135 ], [ 50.0620836, -15.4214252 ], [ 50.0612737, -15.4210592 ], [ 50.0606788, -15.4205767 ], [ 50.0600371, -15.4197515 ], [ 50.0595864, -15.4189943 ], [ 50.0592563, -15.4177799 ], [ 50.0592564, -15.4177778 ], [ 50.0592563, -15.4177775 ], [ 50.0592852, -15.4161256 ], [ 50.0593689, -15.4121151 ], [ 50.0585921, -15.4088132 ], [ 50.0581489, -15.4054883 ], [ 50.0581489, -15.4054861 ], [ 50.0581489, -15.4054859 ], [ 50.058133, -15.4030122 ], [ 50.0578808, -15.399619 ], [ 50.0578809, -15.3996182 ], [ 50.0578808, -15.3996166 ], [ 50.0580046, -15.3981258 ], [ 50.0583664, -15.396843 ], [ 50.0581786, -15.3957893 ], [ 50.0581788, -15.3957879 ], [ 50.0581786, -15.3957869 ], [ 50.0584251, -15.3931735 ], [ 50.0584525, -15.3920286 ], [ 50.0582173, -15.3911349 ], [ 50.0578141, -15.3904243 ], [ 50.0572674, -15.3897591 ], [ 50.0561242, -15.3892766 ], [ 50.0549809, -15.3888178 ], [ 50.0534553, -15.3884964 ], [ 50.0512373, -15.388496 ], [ 50.0503548, -15.3885649 ], [ 50.048518599999987, -15.3884271 ], [ 50.0468721, -15.3889074 ], [ 50.045057, -15.3895724 ], [ 50.0431954, -15.3900077 ], [ 50.0410727, -15.3900294 ], [ 50.0394509, -15.390167 ], [ 50.038521, -15.3900525 ], [ 50.0379256, -15.3897991 ], [ 50.0358313, -15.388423 ], [ 50.0347601, -15.3877573 ], [ 50.0341414, -15.3873677 ], [ 50.0340726, -15.3864042 ], [ 50.0340727, -15.3864038 ], [ 50.0340726, -15.3864017 ], [ 50.0349645, -15.3835596 ], [ 50.0349931, -15.3820455 ], [ 50.0378574, -15.3811294 ], [ 50.0404855, -15.3797315 ], [ 50.041871, -15.3789065 ], [ 50.0440202, -15.3780813 ], [ 50.0444487, -15.3782187 ], [ 50.0458101, -15.3775321 ], [ 50.0457401, -15.3771447 ], [ 50.0450252, -15.3770752 ], [ 50.0444778, -15.3767307 ], [ 50.0442899, -15.3758144 ], [ 50.0442902, -15.3758133 ], [ 50.0442899, -15.375812 ], [ 50.0444589, -15.375032 ], [ 50.0449144, -15.3742529 ], [ 50.0452764, -15.3728993 ], [ 50.0454956, -15.3714317 ], [ 50.0460244, -15.3702855 ], [ 50.0465511, -15.3696204 ], [ 50.0471979, -15.3686349 ], [ 50.0485373, -15.3673509 ], [ 50.0492059, -15.3670077 ], [ 50.0500662, -15.3664117 ], [ 50.0508552, -15.3657694 ], [ 50.0517859, -15.3656319 ], [ 50.0530761, -15.364761 ], [ 50.053698, -15.3642796 ], [ 50.054033, -15.3638674 ], [ 50.0540339, -15.3635941 ], [ 50.0527981, -15.3621723 ], [ 50.0515391, -15.3605903 ], [ 50.0504456, -15.3595116 ], [ 50.0501384, -15.3586639 ], [ 50.0497606, -15.3575395 ], [ 50.0497606, -15.3575372 ], [ 50.0497606, -15.357537 ], [ 50.0497635, -15.3566435 ], [ 50.0500534, -15.3553588 ], [ 50.050414, -15.3544187 ], [ 50.0513497, -15.3527223 ], [ 50.0520666, -15.3520575 ], [ 50.0527146, -15.3508426 ], [ 50.0527413, -15.3499486 ], [ 50.0541413, -15.344422 ], [ 50.0546201, -15.3438493 ], [ 50.0551725, -15.3425659 ], [ 50.0554853, -15.3416254 ], [ 50.0562516, -15.3405249 ], [ 50.0571137, -15.3393787 ], [ 50.0574027, -15.3385075 ], [ 50.0582223, -15.3355742 ], [ 50.057962, -15.3350475 ], [ 50.0579625, -15.3350461 ], [ 50.057962, -15.335045 ], [ 50.0583225, -15.3341049 ], [ 50.0587063, -15.3333936 ], [ 50.0591131, -15.3328438 ], [ 50.0589038, -15.3312646 ], [ 50.0587414, -15.3298429 ] ] ], [ [ [ 50.4584878, -15.2609318 ], [ 50.457611, -15.2608293 ], [ 50.4563725, -15.2599823 ], [ 50.4555196, -15.2587748 ], [ 50.4538936, -15.2587944 ], [ 50.4526497, -15.2583846 ], [ 50.4508257, -15.2581819 ], [ 50.4494033, -15.2585602 ], [ 50.448338399999983, -15.2590167 ], [ 50.446301399999989, -15.2610302 ], [ 50.4448955, -15.2623513 ], [ 50.4441226, -15.2647043 ], [ 50.4420111, -15.2688582 ], [ 50.440967, -15.2698191 ], [ 50.4404898, -15.2708036 ], [ 50.4399343, -15.2721599 ], [ 50.4403988, -15.2731069 ], [ 50.440851699999989, -15.2760078 ], [ 50.4414817, -15.2769721 ], [ 50.4443508, -15.2790181 ], [ 50.4447921, -15.2799655 ], [ 50.4448857, -15.2816172 ], [ 50.4441935, -15.2830935 ], [ 50.4442461, -15.2843325 ], [ 50.4463604, -15.2880411 ], [ 50.4463919, -15.2887938 ], [ 50.4474891, -15.2885852 ], [ 50.4501194, -15.2865924 ], [ 50.452207, -15.2845101 ], [ 50.4528838, -15.283173 ], [ 50.4548835, -15.2823798 ], [ 50.4569255, -15.2819392 ], [ 50.4570802, -15.2811278 ], [ 50.4576176, -15.2804629 ], [ 50.4577485, -15.2796531 ], [ 50.4574303, -15.2788153 ], [ 50.4569557, -15.2781904 ], [ 50.4570282, -15.2771297 ], [ 50.4587906, -15.2758642 ], [ 50.460428, -15.2749929 ], [ 50.4613489, -15.2750257 ], [ 50.4624983, -15.2743349 ], [ 50.4637176, -15.2747237 ], [ 50.4651694, -15.2744814 ], [ 50.465732, -15.2732864 ], [ 50.4680678, -15.2733305 ], [ 50.4695528, -15.2738679 ], [ 50.4703996, -15.2732595 ], [ 50.4725238, -15.2733119 ], [ 50.4737679, -15.2726183 ], [ 50.4744492, -15.2725685 ], [ 50.4749224, -15.2720437 ], [ 50.474999900000014, -15.271097 ], [ 50.4770651, -15.2691979 ], [ 50.4772443, -15.2678575 ], [ 50.4762795, -15.2667933 ], [ 50.4755047, -15.2652152 ], [ 50.4758079, -15.2640294 ], [ 50.4759349, -15.262577 ], [ 50.47544580000001, -15.2621591 ], [ 50.4747102, -15.2620507 ], [ 50.473917500000013, -15.2622662 ], [ 50.4729156, -15.2619854 ], [ 50.4712527, -15.2622587 ], [ 50.4703031, -15.2609864 ], [ 50.4694976, -15.2609041 ], [ 50.4685581, -15.2609879 ], [ 50.464929600000012, -15.2599375 ], [ 50.4605223, -15.2594253 ], [ 50.4592764, -15.2606249 ], [ 50.4584878, -15.2609318 ] ] ] ] } }
]
}
