{
"type": "FeatureCollection",
"name": "MDG-555697891-NODATE-secondary_zoning-001",
"crs": { "type": "name", "properties": { "name": "urn:ogc:def:crs:OGC:1.3:CRS84" } },
"features": [
{ "type": "Feature", "properties": { }, "geometry": { "type": "Polygon", "coordinates": [ [ [ 44.1511331, -22.7157692 ], [ 44.1511508, -22.7158632 ], [ 44.1511853, -22.7158849 ], [ 44.1511833, -22.7159384 ], [ 44.1512203, -22.7159254 ], [ 44.1511987, -22.7161167 ], [ 44.1512628, -22.7161808 ], [ 44.1513246, -22.716234 ], [ 44.1513581, -22.7164093 ], [ 44.1514121, -22.7165456 ], [ 44.1515373, -22.7167229 ], [ 44.1516803, -22.7168357 ], [ 44.151725500000012, -22.7170724 ], [ 44.1517652, -22.7173401 ], [ 44.1517709, -22.7174868 ], [ 44.15172, -22.7175817 ], [ 44.1517116, -22.7177375 ], [ 44.151697, -22.7179356 ], [ 44.1517253, -22.7181018 ], [ 44.151724, -22.7182208 ], [ 44.1517114, -22.7184196 ], [ 44.1517501, -22.7185771 ], [ 44.1517522, -22.7186319 ], [ 44.1516167, -22.7187743 ], [ 44.1515388, -22.7188602 ], [ 44.1515927, -22.7191892 ], [ 44.1516395, -22.7193659 ], [ 44.151728, -22.719549 ], [ 44.151852, -22.7196735 ], [ 44.1517662, -22.7198258 ], [ 44.1517586, -22.7198901 ], [ 44.1517038, -22.7199702 ], [ 44.151661, -22.7199905 ], [ 44.1516081, -22.7200275 ], [ 44.1515991, -22.7201222 ], [ 44.1515862, -22.7201996 ], [ 44.1515008, -22.7202314 ], [ 44.1514021, -22.7202455 ], [ 44.1512985, -22.7203303 ], [ 44.1511097, -22.7204856 ], [ 44.1509893, -22.7205624 ], [ 44.1508624, -22.720669 ], [ 44.1506821, -22.7207998 ], [ 44.1506542, -22.7208894 ], [ 44.1505994, -22.7209479 ], [ 44.150701, -22.7210905 ], [ 44.1507804, -22.7212979 ], [ 44.1509063, -22.7214335 ], [ 44.1509778, -22.7215237 ], [ 44.1509177, -22.7215919 ], [ 44.1510277, -22.721675 ], [ 44.1511781, -22.7218164 ], [ 44.151331, -22.7219007 ], [ 44.1513842, -22.7219909 ], [ 44.151262, -22.7220761 ], [ 44.1511718, -22.7221688 ], [ 44.1511039, -22.7222959 ], [ 44.1510573, -22.7223722 ], [ 44.150957, -22.7223591 ], [ 44.1508863, -22.7224304 ], [ 44.1507269, -22.7225335 ], [ 44.1506919, -22.722651 ], [ 44.1507092, -22.7226914 ], [ 44.1506477, -22.7227553 ], [ 44.1505926, -22.7227885 ], [ 44.1505108, -22.7229543 ], [ 44.1505101, -22.7231329 ], [ 44.1505551, -22.7231974 ], [ 44.1505176, -22.7233404 ], [ 44.1504519, -22.7234604 ], [ 44.150389, -22.7236086 ], [ 44.1503707, -22.7237501 ], [ 44.1504118, -22.7239472 ], [ 44.1504885, -22.7241304 ], [ 44.150537, -22.7243051 ], [ 44.1505186, -22.7244521 ], [ 44.150694, -22.7245876 ], [ 44.150894, -22.7246369 ], [ 44.1510988, -22.7246262 ], [ 44.1512486, -22.7245675 ], [ 44.151309, -22.7243449 ], [ 44.1513358, -22.7241951 ], [ 44.1513804, -22.723989 ], [ 44.15141280000001, -22.7238247 ], [ 44.1515237, -22.7236615 ], [ 44.1516332, -22.7236227 ], [ 44.151898100000011, -22.7236991 ], [ 44.1521727, -22.723685 ], [ 44.1523251, -22.7238478 ], [ 44.1524891, -22.7239529 ], [ 44.1525895, -22.7241167 ], [ 44.1525991, -22.7241171 ], [ 44.152732, -22.7241277 ], [ 44.1529039, -22.7241043 ], [ 44.1529011, -22.7239773 ], [ 44.1529844, -22.7238326 ], [ 44.1530287, -22.7237604 ], [ 44.1531715, -22.7237157 ], [ 44.1533317, -22.7236354 ], [ 44.1534469, -22.7236281 ], [ 44.1536175, -22.7235614 ], [ 44.1535612, -22.7234498 ], [ 44.1535478, -22.7233412 ], [ 44.1535741, -22.723289 ], [ 44.1536683, -22.723115 ], [ 44.1537303, -22.7230154 ], [ 44.1538115, -22.7229122 ], [ 44.1538067, -22.7228101 ], [ 44.1538435, -22.7227364 ], [ 44.1539936, -22.7225829 ], [ 44.1541696, -22.722105 ], [ 44.1554581, -22.7217301 ], [ 44.1562076, -22.720726 ], [ 44.156615, -22.720458 ], [ 44.1568891, -22.7202256 ], [ 44.1571585, -22.7199807 ], [ 44.15726810000001, -22.7197966 ], [ 44.1572778, -22.7196315 ], [ 44.1572936, -22.7195064 ], [ 44.1573692, -22.719483 ], [ 44.1576368, -22.7194401 ], [ 44.1578752, -22.7193654 ], [ 44.1581097, -22.7191995 ], [ 44.1582755, -22.7190878 ], [ 44.1584473, -22.7190628 ], [ 44.1585436, -22.7190311 ], [ 44.158615, -22.7189074 ], [ 44.1588493, -22.7187663 ], [ 44.1590037, -22.7185928 ], [ 44.1591331, -22.718449 ], [ 44.1592668, -22.7183307 ], [ 44.1600318, -22.7175366 ], [ 44.1597652, -22.716218 ], [ 44.1596542, -22.7160736 ], [ 44.1596039, -22.7160494 ], [ 44.1595232, -22.7158722 ], [ 44.1594616, -22.7156964 ], [ 44.159347, -22.7155837 ], [ 44.1592702, -22.7155589 ], [ 44.159213, -22.7155052 ], [ 44.1591128, -22.7152794 ], [ 44.1590366, -22.7151403 ], [ 44.1589886, -22.7149941 ], [ 44.1588023, -22.714819 ], [ 44.158724799999987, -22.714745 ], [ 44.1586341, -22.7145741 ], [ 44.1585634, -22.7144632 ], [ 44.158667499999986, -22.7143349 ], [ 44.158613, -22.7143403 ], [ 44.15865860000001, -22.7142824 ], [ 44.158682, -22.7142668 ], [ 44.1586187, -22.714162 ], [ 44.1585732, -22.7140629 ], [ 44.1585636, -22.7139699 ], [ 44.1585488, -22.7138934 ], [ 44.1586675, -22.7137639 ], [ 44.1586559, -22.713717 ], [ 44.1586284, -22.7136189 ], [ 44.1586136, -22.7135425 ], [ 44.1585654, -22.713507 ], [ 44.1584525, -22.713511 ], [ 44.1583683, -22.7134826 ], [ 44.1583111, -22.7134552 ], [ 44.1582899, -22.7134293 ], [ 44.1582254, -22.7133683 ], [ 44.1582241, -22.7132929 ], [ 44.158251, -22.713185 ], [ 44.1581811, -22.7130446 ], [ 44.1581579, -22.7129602 ], [ 44.158090499999986, -22.7128705 ], [ 44.1580142, -22.7127934 ], [ 44.1579353, -22.7127746 ], [ 44.1578345, -22.7127467 ], [ 44.1577692, -22.7127284 ], [ 44.15768, -22.7126555 ], [ 44.1575619, -22.712549 ], [ 44.1574773, -22.7124934 ], [ 44.1574584, -22.7124081 ], [ 44.1573685, -22.7122862 ], [ 44.1572729, -22.7122158 ], [ 44.1571983, -22.7121393 ], [ 44.1571699, -22.7120727 ], [ 44.1569995, -22.7120039 ], [ 44.1567839, -22.7119734 ], [ 44.1566819, -22.7119368 ], [ 44.1566826, -22.7119224 ], [ 44.1566078, -22.7117426 ], [ 44.1565956, -22.7115866 ], [ 44.1564252, -22.7115018 ], [ 44.1563003, -22.711383 ], [ 44.1562093, -22.7112227 ], [ 44.1560873, -22.7111588 ], [ 44.155784, -22.711104 ], [ 44.155574600000016, -22.7110669 ], [ 44.1554153, -22.7110339 ], [ 44.1553188, -22.7109522 ], [ 44.1551372, -22.7109185 ], [ 44.1549621, -22.710924 ], [ 44.154829700000015, -22.7109021 ], [ 44.1546332, -22.7108139 ], [ 44.154401500000013, -22.7108048 ], [ 44.1542924, -22.7108577 ], [ 44.154207, -22.7108026 ], [ 44.1540952, -22.7106377 ], [ 44.1539801, -22.7105531 ], [ 44.1536045, -22.7104413 ], [ 44.1535638, -22.710377 ], [ 44.1534036, -22.7102229 ], [ 44.1532035, -22.7098561 ], [ 44.1530287, -22.7097514 ], [ 44.1528744, -22.7095626 ], [ 44.1528111, -22.7094122 ], [ 44.1527301, -22.7092125 ], [ 44.1527461, -22.7091375 ], [ 44.1527217, -22.709106 ], [ 44.1527676, -22.7089273 ], [ 44.1529052, -22.708681 ], [ 44.1529709, -22.7085145 ], [ 44.153104699999986, -22.7083277 ], [ 44.1532218, -22.7081488 ], [ 44.1532226, -22.7080575 ], [ 44.1533073, -22.707928 ], [ 44.1533724, -22.7078723 ], [ 44.1533924, -22.7078094 ], [ 44.1535215, -22.7078131 ], [ 44.1536437, -22.7078222 ], [ 44.1537585, -22.7078373 ], [ 44.1539104, -22.7078485 ], [ 44.1540185, -22.7078519 ], [ 44.1540463, -22.7077383 ], [ 44.1540045, -22.7076326 ], [ 44.1539624, -22.7075263 ], [ 44.1539507, -22.7074791 ], [ 44.1540683, -22.7073837 ], [ 44.1541542, -22.7072868 ], [ 44.1543444, -22.7071693 ], [ 44.154477, -22.7070546 ], [ 44.1545463, -22.7069242 ], [ 44.1546193, -22.7067189 ], [ 44.1546864, -22.7065149 ], [ 44.154696, -22.7062752 ], [ 44.1546996, -22.7061865 ], [ 44.1547757, -22.705975 ], [ 44.154949, -22.7059085 ], [ 44.1551338, -22.7058084 ], [ 44.1553297, -22.7058078 ], [ 44.1554644, -22.7057947 ], [ 44.1556447, -22.7058619 ], [ 44.1557683, -22.7060293 ], [ 44.1557468, -22.7061102 ], [ 44.1558552, -22.7063728 ], [ 44.156040399999988, -22.7064102 ], [ 44.1562327, -22.7063286 ], [ 44.1564554, -22.7063609 ], [ 44.1566687, -22.7063315 ], [ 44.1568943, -22.7062405 ], [ 44.1569851, -22.7061803 ], [ 44.15699390000001, -22.7061252 ], [ 44.1569414, -22.7060341 ], [ 44.1569899, -22.7059453 ], [ 44.1572275, -22.7058442 ], [ 44.1573686, -22.705804 ], [ 44.1574811, -22.7056999 ], [ 44.1575015, -22.7056014 ], [ 44.1576021, -22.7055382 ], [ 44.157785, -22.7054527 ], [ 44.1578696, -22.7053962 ], [ 44.1580262, -22.7054076 ], [ 44.1581736, -22.705433 ], [ 44.1582335, -22.7055489 ], [ 44.1582112, -22.7056616 ], [ 44.1580746, -22.7057286 ], [ 44.1580785, -22.7058196 ], [ 44.1581361, -22.7058485 ], [ 44.1582106, -22.7058639 ], [ 44.1582852, -22.7058793 ], [ 44.1581793, -22.7060019 ], [ 44.1580849, -22.7060566 ], [ 44.1580529, -22.7061341 ], [ 44.1582154, -22.7061167 ], [ 44.1583014, -22.7060715 ], [ 44.1583517, -22.7061591 ], [ 44.1583155, -22.7062044 ], [ 44.1583107, -22.7062229 ], [ 44.1582959, -22.7062736 ], [ 44.1582864, -22.7063197 ], [ 44.1583816, -22.7063899 ], [ 44.1586668, -22.7064136 ], [ 44.1587465, -22.706454 ], [ 44.1587687, -22.7063481 ], [ 44.1587913, -22.7062408 ], [ 44.1587977, -22.7061457 ], [ 44.1587989, -22.70603 ], [ 44.1586905, -22.7059861 ], [ 44.1585727, -22.7058816 ], [ 44.1584923, -22.7058033 ], [ 44.1585043, -22.7057435 ], [ 44.1585217, -22.7056888 ], [ 44.1586058, -22.7056109 ], [ 44.1586806, -22.7057148 ], [ 44.1586345, -22.7058088 ], [ 44.1587058, -22.7058114 ], [ 44.1587725, -22.7057838 ], [ 44.1587794, -22.7057285 ], [ 44.1587695, -22.7056877 ], [ 44.1588523, -22.7056857 ], [ 44.1589661, -22.7057558 ], [ 44.1590113, -22.7057272 ], [ 44.1590512, -22.7056932 ], [ 44.1590258, -22.705621 ], [ 44.1590327, -22.7055805 ], [ 44.1592048, -22.7055918 ], [ 44.1594131, -22.7055535 ], [ 44.1595586, -22.7055692 ], [ 44.1595791, -22.7054926 ], [ 44.1597753, -22.7054218 ], [ 44.1598346, -22.705377 ], [ 44.1599901, -22.7052617 ], [ 44.1600801, -22.7051058 ], [ 44.1601764, -22.7049591 ], [ 44.160299, -22.7048762 ], [ 44.1604405, -22.7049714 ], [ 44.160467, -22.7051063 ], [ 44.1605463, -22.7052423 ], [ 44.1606394, -22.7053305 ], [ 44.1609019, -22.7054401 ], [ 44.1610385, -22.7055239 ], [ 44.1611127, -22.7055317 ], [ 44.1612102, -22.7054823 ], [ 44.1612269, -22.7053822 ], [ 44.1611653, -22.7053002 ], [ 44.1609815, -22.7052084 ], [ 44.160857, -22.7052311 ], [ 44.160763599999989, -22.7052333 ], [ 44.160693699999989, -22.705156 ], [ 44.1606646, -22.7050692 ], [ 44.1607648, -22.7049099 ], [ 44.160835099999986, -22.7047647 ], [ 44.1609833, -22.7047027 ], [ 44.1611219, -22.7046953 ], [ 44.1612201, -22.7047366 ], [ 44.161404300000015, -22.7047457 ], [ 44.1615196, -22.7047307 ], [ 44.1616988, -22.704778 ], [ 44.161788099999988, -22.7047289 ], [ 44.1617962, -22.7046614 ], [ 44.1617764, -22.7045483 ], [ 44.1617097, -22.7045082 ], [ 44.1616063, -22.7044509 ], [ 44.1615309, -22.7045012 ], [ 44.1614224, -22.704506 ], [ 44.1613557, -22.7044613 ], [ 44.1613487, -22.7043889 ], [ 44.1613618, -22.7043051 ], [ 44.1614253, -22.7042373 ], [ 44.1616253, -22.7041844 ], [ 44.1618279, -22.7041888 ], [ 44.1618345, -22.7041888 ], [ 44.1620871, -22.7042424 ], [ 44.1622458, -22.7041983 ], [ 44.1623752, -22.7040833 ], [ 44.1623505, -22.7040185 ], [ 44.1622692, -22.7039941 ], [ 44.1621616, -22.704034 ], [ 44.1621784, -22.7039991 ], [ 44.1620304, -22.7038508 ], [ 44.1620099, -22.7038018 ], [ 44.161976, -22.7037204 ], [ 44.1619551, -22.7036822 ], [ 44.1618874, -22.7035996 ], [ 44.1617327, -22.7035304 ], [ 44.1616482, -22.7034709 ], [ 44.161488, -22.7035139 ], [ 44.161342, -22.703535 ], [ 44.161167399999989, -22.703543 ], [ 44.161105, -22.703458 ], [ 44.161037400000012, -22.7033679 ], [ 44.1608982, -22.7031843 ], [ 44.1608321, -22.7030963 ], [ 44.160767799999988, -22.7029715 ], [ 44.16067, -22.7028414 ], [ 44.1606129, -22.7027079 ], [ 44.1605524, -22.7026646 ], [ 44.1606549, -22.7025691 ], [ 44.1607711, -22.7024374 ], [ 44.160795, -22.7023041 ], [ 44.1607447, -22.7021676 ], [ 44.1607351, -22.7020348 ], [ 44.1606562, -22.7019854 ], [ 44.1606404, -22.7019249 ], [ 44.1605678, -22.7019234 ], [ 44.1604734, -22.701953 ], [ 44.1604223, -22.7019877 ], [ 44.1603291, -22.7020332 ], [ 44.1602789, -22.7020673 ], [ 44.1601627, -22.7020536 ], [ 44.1600999, -22.7020161 ], [ 44.1600279, -22.701976 ], [ 44.1599403, -22.7019545 ], [ 44.1598171, -22.7019327 ], [ 44.1597179, -22.7019402 ], [ 44.1596651, -22.7019865 ], [ 44.1595858, -22.7020288 ], [ 44.1596089, -22.7019663 ], [ 44.1596119, -22.7019034 ], [ 44.1596392, -22.7018155 ], [ 44.1596811, -22.7017781 ], [ 44.1596713, -22.7016896 ], [ 44.1596305, -22.7016264 ], [ 44.1595966, -22.7015605 ], [ 44.1595656, -22.7015072 ], [ 44.1595455, -22.7014321 ], [ 44.1595447, -22.7013695 ], [ 44.1594996, -22.7013132 ], [ 44.1594565, -22.7012768 ], [ 44.1594313, -22.7012226 ], [ 44.1593964, -22.7011588 ], [ 44.159368199999989, -22.7010987 ], [ 44.159310600000012, -22.7010256 ], [ 44.1592787, -22.7009845 ], [ 44.1592133, -22.7009517 ], [ 44.1591239, -22.7008662 ], [ 44.1590769, -22.7008038 ], [ 44.1589818, -22.7008015 ], [ 44.1589434, -22.7007823 ], [ 44.1588767, -22.700738 ], [ 44.158811, -22.7006757 ], [ 44.1587323, -22.7006226 ], [ 44.1587114, -22.7005798 ], [ 44.1587198, -22.7005285 ], [ 44.1586917, -22.7004503 ], [ 44.1586841, -22.7004116 ], [ 44.1586006, -22.7003601 ], [ 44.1585543, -22.7003359 ], [ 44.1584951, -22.7003237 ], [ 44.1584362, -22.7003146 ], [ 44.1584288, -22.7003289 ], [ 44.1584287, -22.700332 ], [ 44.158409, -22.7003249 ], [ 44.1584546, -22.700231 ], [ 44.1585028, -22.7001612 ], [ 44.1585279, -22.7000905 ], [ 44.1585697, -22.6999995 ], [ 44.158621, -22.6999268 ], [ 44.1586722, -22.6998571 ], [ 44.1587285, -22.6997843 ], [ 44.1587758, -22.6997137 ], [ 44.1588123, -22.6996606 ], [ 44.1588367, -22.6995888 ], [ 44.1588393, -22.6995435 ], [ 44.1587737, -22.6994826 ], [ 44.1587132, -22.6994641 ], [ 44.158649, -22.6994635 ], [ 44.1586508, -22.699416 ], [ 44.1587197, -22.6993807 ], [ 44.1587112, -22.699336 ], [ 44.1586966, -22.6992765 ], [ 44.1586155, -22.6991967 ], [ 44.1585849, -22.6991564 ], [ 44.1585618, -22.6990769 ], [ 44.1585709, -22.6990132 ], [ 44.158582, -22.6989646 ], [ 44.1586009, -22.6989001 ], [ 44.1586245, -22.698844 ], [ 44.1586553, -22.6987966 ], [ 44.1587151, -22.6987673 ], [ 44.1587539, -22.6987237 ], [ 44.1588118, -22.6987053 ], [ 44.1588856, -22.6986869 ], [ 44.1589619, -22.6986848 ], [ 44.158985, -22.6986746 ], [ 44.15901, -22.6986666 ], [ 44.1590378, -22.6986541 ], [ 44.1590514, -22.6986177 ], [ 44.1590048, -22.6984028 ], [ 44.159066, -22.6982054 ], [ 44.1592002, -22.6981093 ], [ 44.1593919, -22.6981351 ], [ 44.1595462, -22.6981067 ], [ 44.1596798, -22.6980324 ], [ 44.1600114, -22.6975174 ], [ 44.1600146, -22.6974168 ], [ 44.1600173, -22.697322 ], [ 44.1601095, -22.6973007 ], [ 44.1601504, -22.6973342 ], [ 44.1602261, -22.69733 ], [ 44.1602395, -22.697216 ], [ 44.1602099, -22.6971861 ], [ 44.1601786, -22.6971271 ], [ 44.1601291, -22.6970928 ], [ 44.1600892, -22.6970404 ], [ 44.1600756, -22.6969554 ], [ 44.1601048, -22.6968261 ], [ 44.1601073, -22.6967178 ], [ 44.1601331, -22.6965671 ], [ 44.1601956, -22.696506 ], [ 44.1602613, -22.6965364 ], [ 44.160299, -22.6965957 ], [ 44.160343, -22.6965246 ], [ 44.160372, -22.6964782 ], [ 44.1604186, -22.6964352 ], [ 44.1604601, -22.6964261 ], [ 44.1605303, -22.6964298 ], [ 44.1605727, -22.6964131 ], [ 44.160625, -22.6963659 ], [ 44.1606525, -22.6963135 ], [ 44.160677799999988, -22.6962145 ], [ 44.1606445, -22.6961014 ], [ 44.1606336, -22.6960586 ], [ 44.1607211, -22.6959954 ], [ 44.1607851, -22.6959972 ], [ 44.1608649, -22.6960425 ], [ 44.16092, -22.6959736 ], [ 44.1609532, -22.6959154 ], [ 44.1609774, -22.6958647 ], [ 44.161081099999983, -22.6958114 ], [ 44.1611363, -22.6957725 ], [ 44.1612359, -22.6957501 ], [ 44.1613718, -22.6957382 ], [ 44.1615218, -22.6958162 ], [ 44.1616932, -22.6958864 ], [ 44.1616912, -22.6960735 ], [ 44.1617896, -22.6960884 ], [ 44.1617867, -22.6959927 ], [ 44.1617826, -22.6959608 ], [ 44.161844099999989, -22.6959622 ], [ 44.1618669, -22.6960186 ], [ 44.1618986, -22.6961239 ], [ 44.1618975, -22.6961883 ], [ 44.1620121, -22.6963422 ], [ 44.1621425, -22.6964123 ], [ 44.1622117, -22.6965108 ], [ 44.1622878, -22.6965056 ], [ 44.1623627, -22.6964361 ], [ 44.162402500000013, -22.6964013 ], [ 44.1624673, -22.6963665 ], [ 44.1625243, -22.6964297 ], [ 44.1625084, -22.6964854 ], [ 44.1624572, -22.6965396 ], [ 44.1624149, -22.6966375 ], [ 44.16251, -22.6966753 ], [ 44.1625718, -22.6967426 ], [ 44.1626489, -22.6969315 ], [ 44.1627806, -22.6971561 ], [ 44.1627938, -22.697254 ], [ 44.1627506, -22.6974391 ], [ 44.1627681, -22.6975407 ], [ 44.1627569, -22.6975969 ], [ 44.1627387, -22.6977305 ], [ 44.1627974, -22.6978186 ], [ 44.1628155, -22.6978908 ], [ 44.1628375, -22.6979707 ], [ 44.1629523, -22.697993 ], [ 44.163083, -22.6979887 ], [ 44.1631675, -22.6979542 ], [ 44.1633438, -22.6979924 ], [ 44.163482, -22.698019 ], [ 44.1635428, -22.6980157 ], [ 44.163597, -22.6979675 ], [ 44.1636281, -22.6979476 ], [ 44.1636331, -22.6981112 ], [ 44.163669, -22.6982364 ], [ 44.163707, -22.6983691 ], [ 44.1638108, -22.698456 ], [ 44.1639243, -22.6986381 ], [ 44.1641625, -22.6988622 ], [ 44.1643246, -22.6989844 ], [ 44.1645452, -22.6992404 ], [ 44.1647025, -22.699466 ], [ 44.1647424, -22.6995892 ], [ 44.164778, -22.6999103 ], [ 44.1647522, -22.7001042 ], [ 44.1647953, -22.7002222 ], [ 44.164842900000011, -22.7003396 ], [ 44.1649205, -22.7004639 ], [ 44.164967, -22.7004658 ], [ 44.1650043, -22.7004674 ], [ 44.165369200000015, -22.7004208 ], [ 44.1653776, -22.7002941 ], [ 44.1654348, -22.7002526 ], [ 44.1654726, -22.7002236 ], [ 44.165656, -22.7003291 ], [ 44.1656658, -22.700457 ], [ 44.1657501, -22.7005531 ], [ 44.1658274, -22.7005251 ], [ 44.1658893, -22.7005139 ], [ 44.1658848, -22.7006233 ], [ 44.1658258, -22.7006694 ], [ 44.1657469, -22.7007366 ], [ 44.165712, -22.7008837 ], [ 44.1657298, -22.7010516 ], [ 44.1658509, -22.7011497 ], [ 44.165955, -22.7011986 ], [ 44.1669293, -22.7011373 ], [ 44.166917, -22.7009837 ], [ 44.1670249, -22.7008963 ], [ 44.1671496, -22.7007474 ], [ 44.1672747, -22.7007385 ], [ 44.1674254, -22.7007273 ], [ 44.1674875, -22.7007616 ], [ 44.1675659, -22.7008743 ], [ 44.1674957, -22.7010262 ], [ 44.1674617, -22.7011678 ], [ 44.1674809, -22.7012699 ], [ 44.1686146, -22.701859 ], [ 44.1687901, -22.7017208 ], [ 44.1689514, -22.7015133 ], [ 44.1689611, -22.701351 ], [ 44.1690554, -22.7012574 ], [ 44.1693124, -22.7012093 ], [ 44.1695005, -22.7011926 ], [ 44.1697096, -22.7014647 ], [ 44.1697995, -22.7017047 ], [ 44.1699541, -22.7018757 ], [ 44.170231699999988, -22.7018143 ], [ 44.1703685, -22.7016811 ], [ 44.1706281, -22.7016102 ], [ 44.1709921, -22.7016015 ], [ 44.1711595, -22.7015766 ], [ 44.1711806, -22.7013878 ], [ 44.171162, -22.7013016 ], [ 44.1713042, -22.7013007 ], [ 44.1716078, -22.7013778 ], [ 44.1715743, -22.7011273 ], [ 44.171609100000012, -22.7010266 ], [ 44.1715561, -22.7008888 ], [ 44.17151, -22.7007979 ], [ 44.171339, -22.7008667 ], [ 44.1711878, -22.7008367 ], [ 44.1710009, -22.7008369 ], [ 44.1708008, -22.7008988 ], [ 44.1707343, -22.7009916 ], [ 44.1706373, -22.7008613 ], [ 44.17053580000001, -22.7005584 ], [ 44.17058620000001, -22.7003515 ], [ 44.1705794, -22.7002281 ], [ 44.1704238, -22.6999846 ], [ 44.170499, -22.6998024 ], [ 44.1704542, -22.6996236 ], [ 44.1702883, -22.6995189 ], [ 44.170143, -22.6994849 ], [ 44.1700031, -22.6995565 ], [ 44.1698598, -22.6996904 ], [ 44.1699247, -22.7001603 ], [ 44.1700746, -22.7002444 ], [ 44.1698007, -22.7004086 ], [ 44.1696171, -22.7006262 ], [ 44.1692503, -22.7005271 ], [ 44.16926, -22.700705 ], [ 44.1690956, -22.7007742 ], [ 44.1689219, -22.7008286 ], [ 44.1687759, -22.7007104 ], [ 44.1686647, -22.7005859 ], [ 44.1684843, -22.7005951 ], [ 44.16833, -22.7006998 ], [ 44.1681666, -22.7008202 ], [ 44.1680927, -22.7009409 ], [ 44.1679683, -22.7010477 ], [ 44.1678769, -22.7010635 ], [ 44.167811899999982, -22.7009277 ], [ 44.1679204, -22.700681 ], [ 44.1679454, -22.7005046 ], [ 44.1679627, -22.7002825 ], [ 44.1680591, -22.7001837 ], [ 44.1681783, -22.7000647 ], [ 44.1683757, -22.6999727 ], [ 44.16875490000001, -22.6999134 ], [ 44.1688583, -22.6999045 ], [ 44.1689246, -22.6998463 ], [ 44.1691319, -22.6998625 ], [ 44.1693256, -22.6998564 ], [ 44.1694303, -22.699782 ], [ 44.1694265, -22.6996769 ], [ 44.1692457, -22.6996019 ], [ 44.169257, -22.6993735 ], [ 44.1692774, -22.6992931 ], [ 44.1692899, -22.6992057 ], [ 44.1694304, -22.6992054 ], [ 44.1696345, -22.6993097 ], [ 44.1697911, -22.699131 ], [ 44.1697219, -22.6989631 ], [ 44.1695806, -22.6989736 ], [ 44.169561500000015, -22.6990386 ], [ 44.1694362, -22.6990667 ], [ 44.1693392, -22.6990235 ], [ 44.1692316, -22.6990459 ], [ 44.1691536, -22.6989666 ], [ 44.1690397, -22.6989674 ], [ 44.1689711, -22.6990401 ], [ 44.1688581, -22.6990335 ], [ 44.1687627, -22.6989966 ], [ 44.1686145, -22.6990228 ], [ 44.1680259, -22.6988684 ], [ 44.167412, -22.6986516 ], [ 44.167087, -22.6977924 ], [ 44.1673408, -22.697165 ], [ 44.1672364, -22.6970395 ], [ 44.1671267, -22.696865 ], [ 44.1669218, -22.6966192 ], [ 44.1666049, -22.6963798 ], [ 44.166209400000014, -22.6962078 ], [ 44.165971899999988, -22.6959802 ], [ 44.1659341, -22.695856 ], [ 44.1657591, -22.695651 ], [ 44.1655809, -22.6956298 ], [ 44.1655008, -22.695527 ], [ 44.165505, -22.6954379 ], [ 44.1653885, -22.6953165 ], [ 44.165304, -22.695186 ], [ 44.1653241, -22.6950504 ], [ 44.1644851, -22.6935748 ], [ 44.1636016, -22.6920227 ], [ 44.1626603, -22.6918783 ], [ 44.1626777, -22.6924867 ], [ 44.162355, -22.6927195 ], [ 44.1619037, -22.6928014 ], [ 44.1613998, -22.6925408 ], [ 44.1610525, -22.6918961 ], [ 44.160920300000015, -22.6915543 ], [ 44.160572400000014, -22.6908745 ], [ 44.1607156, -22.6900057 ], [ 44.1607413, -22.6894053 ], [ 44.1611027, -22.6890651 ], [ 44.1605539, -22.6885115 ], [ 44.1606184, -22.6878043 ], [ 44.1602754, -22.687219 ], [ 44.1602218, -22.6867259 ], [ 44.160107499999988, -22.6866888 ], [ 44.1600206, -22.6866529 ], [ 44.1598728, -22.6866275 ], [ 44.159647, -22.6866504 ], [ 44.1593469, -22.6863252 ], [ 44.1592122, -22.6861384 ], [ 44.159163, -22.6860805 ], [ 44.1591161, -22.6859918 ], [ 44.159127100000013, -22.685924 ], [ 44.1593206, -22.6858929 ], [ 44.1594003, -22.6857781 ], [ 44.1594466, -22.6857794 ], [ 44.1595771, -22.6856912 ], [ 44.1596766, -22.6856758 ], [ 44.1599502, -22.6857271 ], [ 44.1601409, -22.6857574 ], [ 44.1602432, -22.6856865 ], [ 44.1603979, -22.6856175 ], [ 44.1604834, -22.6854315 ], [ 44.160547199999989, -22.6852827 ], [ 44.1605837, -22.6851639 ], [ 44.160639, -22.6850638 ], [ 44.160726, -22.6849944 ], [ 44.1604128, -22.6848277 ], [ 44.1600586, -22.6846804 ], [ 44.1598312, -22.6845859 ], [ 44.1596263, -22.6845681 ], [ 44.1594503, -22.6844502 ], [ 44.1594159, -22.6843432 ], [ 44.159321399999989, -22.6843176 ], [ 44.159256400000011, -22.6843576 ], [ 44.159115, -22.6843531 ], [ 44.1590532, -22.6842741 ], [ 44.1589908, -22.684109 ], [ 44.1588994, -22.6840374 ], [ 44.1587823, -22.6839467 ], [ 44.1586715, -22.6838683 ], [ 44.1585414, -22.683728 ], [ 44.158444899999985, -22.6836333 ], [ 44.1583829, -22.6836195 ], [ 44.157886, -22.6831467 ], [ 44.1576803, -22.6827793 ], [ 44.1575189, -22.6826168 ], [ 44.1575078, -22.6823918 ], [ 44.1575345, -22.6823345 ], [ 44.157378299999984, -22.6820025 ], [ 44.1572014, -22.6816893 ], [ 44.157419399999988, -22.6814441 ], [ 44.1574962, -22.681345 ], [ 44.1576193, -22.6812134 ], [ 44.1576481, -22.6811717 ], [ 44.1576627, -22.6810005 ], [ 44.1575652, -22.6808938 ], [ 44.1574853, -22.6808396 ], [ 44.1573441, -22.6807408 ], [ 44.1571942, -22.6806595 ], [ 44.1570924, -22.6804772 ], [ 44.1570237, -22.6803727 ], [ 44.1571045, -22.6801351 ], [ 44.157031, -22.6799016 ], [ 44.156980100000013, -22.6797621 ], [ 44.1570376, -22.6796415 ], [ 44.1571739, -22.6796436 ], [ 44.1572478, -22.6795827 ], [ 44.1572321, -22.6794952 ], [ 44.1570626, -22.6793801 ], [ 44.1568628, -22.6793687 ], [ 44.1567726, -22.6793501 ], [ 44.1566223, -22.6791732 ], [ 44.1565089, -22.6790154 ], [ 44.1564176, -22.678887 ], [ 44.1564312, -22.67865 ], [ 44.1563777, -22.6782549 ], [ 44.1564049, -22.6781102 ], [ 44.156712, -22.6779475 ], [ 44.1569792, -22.6776367 ], [ 44.1565811, -22.6775378 ], [ 44.156065299999987, -22.677553 ], [ 44.1553872, -22.6773483 ], [ 44.1548158, -22.6766552 ], [ 44.1553772, -22.675989 ], [ 44.1556791, -22.6755968 ], [ 44.1560712, -22.6754662 ], [ 44.1553435, -22.6752249 ], [ 44.155089900000014, -22.6751394 ], [ 44.1548655, -22.6750843 ], [ 44.1547888, -22.6748834 ], [ 44.1547743, -22.6740946 ], [ 44.1547153, -22.6739358 ], [ 44.1542185, -22.6738831 ], [ 44.1540652, -22.6738509 ], [ 44.1539002, -22.6737558 ], [ 44.1537288, -22.6736967 ], [ 44.1533132, -22.6727313 ], [ 44.1532971, -22.6723843 ], [ 44.153407, -22.6721892 ], [ 44.153979, -22.6718511 ], [ 44.1549907, -22.6717987 ], [ 44.1552631, -22.6717716 ], [ 44.1555076, -22.6717919 ], [ 44.1556333, -22.6718372 ], [ 44.1556299, -22.6718986 ], [ 44.1557886, -22.6722682 ], [ 44.1564056, -22.6720658 ], [ 44.1565212, -22.6719837 ], [ 44.1567063, -22.6718799 ], [ 44.1568909, -22.6717221 ], [ 44.1571701, -22.6715918 ], [ 44.1573901, -22.6718116 ], [ 44.1575639, -22.6718599 ], [ 44.1574881, -22.672114 ], [ 44.1573571, -22.6721989 ], [ 44.1572884, -22.6722921 ], [ 44.1573901, -22.6724361 ], [ 44.1574604, -22.67263 ], [ 44.1575117, -22.672735 ], [ 44.157464499999989, -22.6728474 ], [ 44.1573144, -22.6728876 ], [ 44.1570184, -22.6730441 ], [ 44.1569835, -22.6732373 ], [ 44.1572779, -22.6734653 ], [ 44.1578134, -22.6735877 ], [ 44.1579183, -22.6736734 ], [ 44.1579424, -22.6737386 ], [ 44.1579006, -22.6738003 ], [ 44.1579461, -22.6738748 ], [ 44.1580568, -22.6738844 ], [ 44.1581336, -22.6739407 ], [ 44.1581889, -22.674088 ], [ 44.1581077, -22.6741529 ], [ 44.1581774, -22.6742656 ], [ 44.1582277, -22.6744314 ], [ 44.1582254, -22.6745615 ], [ 44.1581622, -22.6747001 ], [ 44.1581713, -22.6747882 ], [ 44.1582337, -22.6748939 ], [ 44.158433499999987, -22.6749286 ], [ 44.1586158, -22.6749017 ], [ 44.158664, -22.6748158 ], [ 44.1587758, -22.6747871 ], [ 44.1588718, -22.6747378 ], [ 44.1590524, -22.6747155 ], [ 44.159203700000013, -22.6746682 ], [ 44.1592684, -22.6746203 ], [ 44.1593249, -22.6746082 ], [ 44.1594302, -22.6746337 ], [ 44.1601554, -22.6751765 ], [ 44.1602243, -22.6752512 ], [ 44.160288, -22.6752908 ], [ 44.1602325, -22.6753885 ], [ 44.1601995, -22.6754744 ], [ 44.1602374, -22.6756057 ], [ 44.1602832, -22.6756974 ], [ 44.160241500000012, -22.6758022 ], [ 44.1603438, -22.6758782 ], [ 44.1603631, -22.6759753 ], [ 44.160369, -22.676064 ], [ 44.16044, -22.6760746 ], [ 44.1606173, -22.6761941 ], [ 44.1606264, -22.6761854 ], [ 44.1606494, -22.6761739 ], [ 44.1607698, -22.6762434 ], [ 44.1607006, -22.6762827 ], [ 44.1606504, -22.6763214 ], [ 44.1605621, -22.6765271 ], [ 44.1605047, -22.6765596 ], [ 44.1602827, -22.6768556 ], [ 44.1602658, -22.6770301 ], [ 44.1604515, -22.6771606 ], [ 44.1606823, -22.6770921 ], [ 44.1610215, -22.6770027 ], [ 44.1612595, -22.676942 ], [ 44.1617121, -22.6770801 ], [ 44.161718, -22.6765945 ], [ 44.1616359, -22.6762465 ], [ 44.1617714, -22.6762797 ], [ 44.1621745, -22.6764175 ], [ 44.1622757, -22.6765289 ], [ 44.162428, -22.6765993 ], [ 44.1625202, -22.6766787 ], [ 44.1626691, -22.6768028 ], [ 44.1628787, -22.676975 ], [ 44.1629513, -22.6772641 ], [ 44.1628291, -22.6778328 ], [ 44.1629773, -22.6780333 ], [ 44.1630337, -22.6781323 ], [ 44.1633171, -22.6781333 ], [ 44.1634189, -22.678277 ], [ 44.1633515, -22.678509 ], [ 44.163506700000013, -22.6784626 ], [ 44.163752, -22.6782903 ], [ 44.163946500000016, -22.6782442 ], [ 44.164146599999988, -22.6783388 ], [ 44.164299, -22.6786706 ], [ 44.1644696, -22.6788497 ], [ 44.164594, -22.6790176 ], [ 44.1644949, -22.6791419 ], [ 44.1646785, -22.6794031 ], [ 44.1649717, -22.6794123 ], [ 44.1653306, -22.6794487 ], [ 44.1655016, -22.6793416 ], [ 44.1656709, -22.679416 ], [ 44.1656969, -22.6796202 ], [ 44.1657955, -22.6800551 ], [ 44.1656833, -22.6801707 ], [ 44.1658972, -22.6804149 ], [ 44.1661141, -22.680278 ], [ 44.1667898, -22.6802149 ], [ 44.166933, -22.6800619 ], [ 44.167012, -22.6799029 ], [ 44.1669898, -22.6796845 ], [ 44.1671499, -22.6794663 ], [ 44.1674015, -22.679373 ], [ 44.1675447, -22.6793108 ], [ 44.1676614, -22.6793672 ], [ 44.1677822, -22.6794379 ], [ 44.1677972, -22.6795768 ], [ 44.167788, -22.6796871 ], [ 44.1675774, -22.6798886 ], [ 44.1674412, -22.6800691 ], [ 44.1676194, -22.6802491 ], [ 44.167764, -22.6804302 ], [ 44.1679029, -22.6805456 ], [ 44.1679725, -22.6807776 ], [ 44.1680532, -22.6808436 ], [ 44.1682589, -22.6809414 ], [ 44.1685574, -22.6810964 ], [ 44.1690679, -22.681081 ], [ 44.1691758, -22.6810088 ], [ 44.169250900000016, -22.6809879 ], [ 44.169377299999987, -22.6811259 ], [ 44.1694535, -22.6811617 ], [ 44.1695662, -22.6811592 ], [ 44.1696892, -22.6810982 ], [ 44.1697549, -22.6810526 ], [ 44.1698618, -22.6810547 ], [ 44.1699245, -22.6811182 ], [ 44.1700014, -22.6811452 ], [ 44.1701178, -22.6811393 ], [ 44.1702461, -22.6811079 ], [ 44.1703281, -22.6810596 ], [ 44.1704664, -22.6810677 ], [ 44.1705647, -22.6810666 ], [ 44.170858100000011, -22.6811636 ], [ 44.1710537, -22.6812499 ], [ 44.1713392, -22.6813883 ], [ 44.1721603, -22.6821004 ], [ 44.1728149, -22.6824909 ], [ 44.1729359, -22.682535 ], [ 44.1730236, -22.682567 ], [ 44.1731785, -22.6827087 ], [ 44.1731909, -22.6825415 ], [ 44.1731822, -22.682466 ], [ 44.1731809, -22.6823551 ], [ 44.1731837, -22.6822821 ], [ 44.1731889, -22.6821334 ], [ 44.1731863, -22.6820459 ], [ 44.1731427, -22.6819673 ], [ 44.1731111, -22.6819044 ], [ 44.1731782, -22.6818451 ], [ 44.1732353, -22.6818097 ], [ 44.1732716, -22.68174 ], [ 44.1732347, -22.6817019 ], [ 44.1731923, -22.6816715 ], [ 44.1731077, -22.6816528 ], [ 44.1730883, -22.6816109 ], [ 44.1730819, -22.6815351 ], [ 44.1731298, -22.6814974 ], [ 44.1730701, -22.6814411 ], [ 44.172968, -22.6813547 ], [ 44.1727323, -22.6812071 ], [ 44.1728003, -22.6809715 ], [ 44.1727592, -22.6807825 ], [ 44.1729812, -22.6799173 ], [ 44.1730331, -22.679359 ], [ 44.1735253, -22.6791972 ], [ 44.173599, -22.6788172 ], [ 44.1734, -22.6784782 ], [ 44.1731433, -22.6784478 ], [ 44.172738, -22.6783011 ], [ 44.1725596, -22.6778809 ], [ 44.1721173, -22.6777018 ], [ 44.1720652, -22.6772685 ], [ 44.172092, -22.6770538 ], [ 44.1723339, -22.6764989 ], [ 44.1726074, -22.6760174 ], [ 44.172901599999989, -22.6758936 ], [ 44.1729321, -22.6756592 ], [ 44.172984, -22.6753866 ], [ 44.1730051, -22.675132 ], [ 44.172814, -22.6743427 ], [ 44.1727835, -22.6738546 ], [ 44.1729975, -22.6735448 ], [ 44.1730219, -22.6733815 ], [ 44.1728731, -22.6732066 ], [ 44.1726762, -22.6729855 ], [ 44.1726999, -22.672908 ], [ 44.1726945, -22.6728517 ], [ 44.172671099999988, -22.6728159 ], [ 44.172649, -22.6728021 ], [ 44.1725829, -22.6727588 ], [ 44.1725538, -22.6726983 ], [ 44.1725395, -22.6726366 ], [ 44.1724757, -22.6725443 ], [ 44.172455, -22.6724861 ], [ 44.1724221, -22.6724268 ], [ 44.1724235, -22.672309 ], [ 44.1724161, -22.672239 ], [ 44.1724659, -22.6721805 ], [ 44.1725009, -22.6721188 ], [ 44.1726696, -22.6718772 ], [ 44.172697, -22.671859 ], [ 44.1727335, -22.6718247 ], [ 44.1727324, -22.6717722 ], [ 44.172715, -22.6717186 ], [ 44.1728548, -22.6714826 ], [ 44.1728748, -22.6714249 ], [ 44.1728564, -22.6713248 ], [ 44.1728352, -22.6712578 ], [ 44.172883, -22.6711753 ], [ 44.1728487, -22.6710517 ], [ 44.1728207, -22.6709324 ], [ 44.1728345, -22.6708853 ], [ 44.1728837, -22.6708276 ], [ 44.1729776, -22.6707877 ], [ 44.1730618, -22.6707434 ], [ 44.1730863, -22.6707171 ], [ 44.1731463, -22.6704505 ], [ 44.1733637, -22.6701248 ], [ 44.1733055, -22.6700654 ], [ 44.1732974, -22.669982 ], [ 44.1732643, -22.6698759 ], [ 44.1732687, -22.6698175 ], [ 44.1732885, -22.6697641 ], [ 44.1733183, -22.669732 ], [ 44.173433, -22.6696708 ], [ 44.1734992, -22.6696571 ], [ 44.173606899999989, -22.6696537 ], [ 44.1737158, -22.6696911 ], [ 44.1738669, -22.6697393 ], [ 44.1740023, -22.6697448 ], [ 44.1740732, -22.6696968 ], [ 44.1744154, -22.669606 ], [ 44.1743841, -22.669596 ], [ 44.1744503, -22.6695733 ], [ 44.174601, -22.6695673 ], [ 44.1746926, -22.6696048 ], [ 44.1747567, -22.6696243 ], [ 44.174932, -22.6695085 ], [ 44.1749399, -22.6693793 ], [ 44.175023, -22.6693349 ], [ 44.1751534, -22.6693653 ], [ 44.1751957, -22.6694381 ], [ 44.175228699999984, -22.6694706 ], [ 44.1752173, -22.6695975 ], [ 44.1753185, -22.6697614 ], [ 44.1753989, -22.6697633 ], [ 44.1755028, -22.6697264 ], [ 44.1755777, -22.6698227 ], [ 44.175573100000015, -22.6698784 ], [ 44.1756975, -22.6700162 ], [ 44.1757549, -22.6700288 ], [ 44.175847199999986, -22.6700517 ], [ 44.1758795, -22.6700789 ], [ 44.1758962, -22.6701111 ], [ 44.175897600000013, -22.6702074 ], [ 44.1759613, -22.6702081 ], [ 44.1760035, -22.6702102 ], [ 44.1760043, -22.6701741 ], [ 44.1760838, -22.6701312 ], [ 44.1761693, -22.6701608 ], [ 44.176246, -22.6702012 ], [ 44.1761936, -22.6702517 ], [ 44.176237, -22.6703337 ], [ 44.1763346, -22.6703606 ], [ 44.1763844, -22.6703667 ], [ 44.1764573, -22.670333 ], [ 44.1765142, -22.6703211 ], [ 44.176575, -22.6703434 ], [ 44.1765796, -22.6703883 ], [ 44.1765485, -22.670429 ], [ 44.176509, -22.6704675 ], [ 44.17636539999998, -22.6705048 ], [ 44.1762835, -22.6704993 ], [ 44.1762196, -22.6705192 ], [ 44.1762061, -22.6705697 ], [ 44.1760711, -22.6710422 ], [ 44.1759604, -22.6712714 ], [ 44.176160200000012, -22.6715274 ], [ 44.176162, -22.6718414 ], [ 44.1761992, -22.6718868 ], [ 44.1762838, -22.6719395 ], [ 44.1763729, -22.6719131 ], [ 44.1764584, -22.6718787 ], [ 44.1765307, -22.6718848 ], [ 44.1765573, -22.6719711 ], [ 44.1766732, -22.6720762 ], [ 44.1767402, -22.6721589 ], [ 44.1768735, -22.6721813 ], [ 44.1769456, -22.6723196 ], [ 44.1771284, -22.6724854 ], [ 44.1772396, -22.6725005 ], [ 44.1772612, -22.6726096 ], [ 44.1772465, -22.6727728 ], [ 44.17714440000001, -22.6733592 ], [ 44.177171, -22.6734188 ], [ 44.1772334, -22.6734285 ], [ 44.1773015, -22.673385 ], [ 44.1773667, -22.6734036 ], [ 44.1773772, -22.6734657 ], [ 44.1773289, -22.6735097 ], [ 44.1773271, -22.6736352 ], [ 44.1774023, -22.6736357 ], [ 44.1774286, -22.6736478 ], [ 44.1774266, -22.6737349 ], [ 44.177336, -22.6738408 ], [ 44.1773363, -22.6738652 ], [ 44.1773071, -22.6739234 ], [ 44.1773108, -22.6739633 ], [ 44.1772748, -22.6740158 ], [ 44.1772585, -22.6740593 ], [ 44.1771917, -22.6740971 ], [ 44.1771413, -22.6741194 ], [ 44.1771653, -22.6741911 ], [ 44.1772363, -22.6742154 ], [ 44.1772873, -22.6742808 ], [ 44.1772509, -22.674354 ], [ 44.1772175, -22.6744149 ], [ 44.1771602, -22.6745153 ], [ 44.1771124, -22.674555 ], [ 44.1770781, -22.674588 ], [ 44.1770271, -22.6746057 ], [ 44.17695, -22.6746111 ], [ 44.176897, -22.6746242 ], [ 44.1768542, -22.6746473 ], [ 44.1768213, -22.674674 ], [ 44.1768372, -22.6747263 ], [ 44.1769764, -22.674752 ], [ 44.1770475, -22.6747471 ], [ 44.1771233, -22.6747075 ], [ 44.1772061, -22.6747284 ], [ 44.1772065, -22.6747972 ], [ 44.1771362, -22.6751153 ], [ 44.1772518, -22.6752175 ], [ 44.1773328, -22.6752369 ], [ 44.1773955, -22.6754482 ], [ 44.1774049, -22.6756387 ], [ 44.1773865, -22.6757237 ], [ 44.1773536, -22.6758589 ], [ 44.1773427, -22.6759816 ], [ 44.1773893, -22.6760312 ], [ 44.177418, -22.6760477 ], [ 44.1774288, -22.6760476 ], [ 44.1774647, -22.6760441 ], [ 44.1774969, -22.6761209 ], [ 44.1775184, -22.6761849 ], [ 44.1775039, -22.6762459 ], [ 44.1774315, -22.6763309 ], [ 44.1774062, -22.676341 ], [ 44.1773408, -22.676399 ], [ 44.1773298, -22.6764161 ], [ 44.1773262, -22.6764195 ], [ 44.1773002, -22.6765122 ], [ 44.1773248, -22.6766501 ], [ 44.1774812, -22.6768048 ], [ 44.1775765, -22.6768072 ], [ 44.1774879, -22.6770128 ], [ 44.1772211, -22.6778344 ], [ 44.1770684, -22.6784172 ], [ 44.1770371, -22.678555 ], [ 44.1770333, -22.6786609 ], [ 44.1769583, -22.6787492 ], [ 44.176847499999987, -22.6788564 ], [ 44.1767008, -22.6789381 ], [ 44.1767678, -22.6789862 ], [ 44.1768193, -22.679001 ], [ 44.1767674, -22.6790644 ], [ 44.176707799999988, -22.6790794 ], [ 44.1765967, -22.6790795 ], [ 44.176532699999989, -22.6791318 ], [ 44.1764566, -22.6791954 ], [ 44.1763966, -22.6791445 ], [ 44.1763324, -22.679146 ], [ 44.1763054, -22.6792258 ], [ 44.1763207, -22.6792852 ], [ 44.1763572, -22.6794419 ], [ 44.1764023, -22.6795097 ], [ 44.1762965, -22.6797204 ], [ 44.1758641, -22.6799866 ], [ 44.1760428, -22.6802049 ], [ 44.1766367, -22.680268 ], [ 44.1770737, -22.680061 ], [ 44.1769301, -22.6797344 ], [ 44.1768228, -22.6796415 ], [ 44.1767123, -22.6795258 ], [ 44.1767094, -22.6794812 ], [ 44.1768029, -22.6794547 ], [ 44.176896699999986, -22.6794433 ], [ 44.1770234, -22.6794362 ], [ 44.1771047, -22.6794219 ], [ 44.1772815, -22.6794604 ], [ 44.1774106, -22.6794074 ], [ 44.1775099, -22.6792978 ], [ 44.1778685, -22.6785995 ], [ 44.1779869, -22.6785134 ], [ 44.1779829, -22.6784461 ], [ 44.1779828, -22.6783807 ], [ 44.177973, -22.6783284 ], [ 44.1779924, -22.6783056 ], [ 44.178048, -22.678281 ], [ 44.1780915, -22.6782761 ], [ 44.178149500000011, -22.6783242 ], [ 44.1781682, -22.6783723 ], [ 44.178149800000014, -22.6784063 ], [ 44.178214499999989, -22.6784908 ], [ 44.178218699999988, -22.6785756 ], [ 44.1782362, -22.678647 ], [ 44.1782452, -22.6786485 ], [ 44.178327899999985, -22.6786875 ], [ 44.1784221, -22.6787324 ], [ 44.1784778, -22.6787523 ], [ 44.1785452, -22.6787879 ], [ 44.1786061, -22.6787931 ], [ 44.1786671, -22.6788083 ], [ 44.1787084, -22.6788182 ], [ 44.178734399999989, -22.6788085 ], [ 44.178745, -22.6787357 ], [ 44.1787463, -22.6786697 ], [ 44.1787507, -22.6786089 ], [ 44.1786925, -22.6785138 ], [ 44.1786528, -22.6784921 ], [ 44.1785619, -22.6784659 ], [ 44.1784986, -22.6784521 ], [ 44.1784355, -22.678419 ], [ 44.178416399999989, -22.678379 ], [ 44.1784164, -22.6783774 ], [ 44.178411, -22.678344 ], [ 44.1784843, -22.6783109 ], [ 44.178546, -22.6783062 ], [ 44.1785704, -22.6782613 ], [ 44.1785736, -22.6782554 ], [ 44.1785958, -22.6781635 ], [ 44.1785727, -22.678122 ], [ 44.1786003, -22.6780145 ], [ 44.1785739, -22.6779555 ], [ 44.1785457, -22.6779269 ], [ 44.1785064, -22.6779029 ], [ 44.1785028, -22.6778983 ], [ 44.1784214, -22.6778397 ], [ 44.178388, -22.6777925 ], [ 44.1783224, -22.6777909 ], [ 44.1782492, -22.6777541 ], [ 44.1782326, -22.6776792 ], [ 44.1782451, -22.6776304 ], [ 44.1782659, -22.6776135 ], [ 44.1782957, -22.6776001 ], [ 44.1783879, -22.67761 ], [ 44.1784469, -22.6776083 ], [ 44.1784844, -22.6776387 ], [ 44.1785479, -22.6776694 ], [ 44.1786169, -22.6776907 ], [ 44.1786858, -22.6777084 ], [ 44.1787188, -22.6777193 ], [ 44.1787564, -22.6776966 ], [ 44.1787483, -22.6776355 ], [ 44.178766, -22.6776231 ], [ 44.1788089, -22.6776203 ], [ 44.1788261, -22.6775968 ], [ 44.1788182, -22.6775823 ], [ 44.1788275, -22.6775559 ], [ 44.1788584, -22.6775518 ], [ 44.1788977, -22.6775054 ], [ 44.1788929, -22.677483 ], [ 44.1789223, -22.6774249 ], [ 44.1789294, -22.6773998 ], [ 44.1790169, -22.6773708 ], [ 44.1790788, -22.6773463 ], [ 44.1792017, -22.6773674 ], [ 44.1792651, -22.6774446 ], [ 44.1792867, -22.6774789 ], [ 44.1793542, -22.6775449 ], [ 44.1793806, -22.6775655 ], [ 44.1794643, -22.6775361 ], [ 44.1795301, -22.6774781 ], [ 44.1795813, -22.6774326 ], [ 44.1796179, -22.6774449 ], [ 44.1796677, -22.6774447 ], [ 44.179756499999989, -22.6774175 ], [ 44.179857799999986, -22.6773681 ], [ 44.1798983, -22.6773396 ], [ 44.1799956, -22.6769142 ], [ 44.1801369, -22.6768699 ], [ 44.1802499, -22.6768141 ], [ 44.1803781, -22.6767962 ], [ 44.1804676, -22.6767846 ], [ 44.180616, -22.6768014 ], [ 44.1807461, -22.6768234 ], [ 44.1808948, -22.6768332 ], [ 44.1811156, -22.676655 ], [ 44.1820541, -22.6758939 ], [ 44.1818993, -22.6755245 ], [ 44.1824137, -22.6750825 ], [ 44.1826396, -22.6749855 ], [ 44.1827296, -22.6749708 ], [ 44.1828564, -22.6750032 ], [ 44.183005, -22.6750416 ], [ 44.1830895, -22.67514 ], [ 44.1831286, -22.6753002 ], [ 44.1832375, -22.6753118 ], [ 44.1832367, -22.6753556 ], [ 44.183251, -22.6753978 ], [ 44.1833145, -22.6754423 ], [ 44.1833335, -22.6754635 ], [ 44.183418399999987, -22.6754732 ], [ 44.183492, -22.6754675 ], [ 44.183569, -22.6754562 ], [ 44.1836456, -22.6754637 ], [ 44.183724, -22.6754787 ], [ 44.1837799, -22.6754994 ], [ 44.1837984, -22.675568 ], [ 44.1838204, -22.6756123 ], [ 44.1838779, -22.6756042 ], [ 44.1839153, -22.6756136 ], [ 44.1839324, -22.6756757 ], [ 44.1839366, -22.6757705 ], [ 44.183939099999982, -22.6757804 ], [ 44.184004, -22.6758721 ], [ 44.1840749, -22.6759075 ], [ 44.1841715, -22.675916 ], [ 44.1842833, -22.6759404 ], [ 44.18432, -22.6759601 ], [ 44.184304, -22.6760511 ], [ 44.184306399999983, -22.6760552 ], [ 44.184345599999986, -22.6761197 ], [ 44.1844045, -22.6761329 ], [ 44.1845969, -22.6761834 ], [ 44.1847792, -22.6763353 ], [ 44.1849155, -22.6764211 ], [ 44.1849904, -22.6766052 ], [ 44.18499880000001, -22.6767608 ], [ 44.185207, -22.6781891 ], [ 44.1855198, -22.6782422 ], [ 44.1858851, -22.6781469 ], [ 44.1863032, -22.6779293 ], [ 44.1865361, -22.6773129 ], [ 44.1866233, -22.6773034 ], [ 44.1868521, -22.6772499 ], [ 44.1869705, -22.6772946 ], [ 44.187121600000012, -22.6774313 ], [ 44.1872946, -22.6775655 ], [ 44.187292, -22.6777691 ], [ 44.1873006, -22.6779097 ], [ 44.1872636, -22.6780138 ], [ 44.1868474, -22.6784711 ], [ 44.186315, -22.6787934 ], [ 44.186291, -22.6792392 ], [ 44.1859001, -22.6793189 ], [ 44.1853976, -22.679198 ], [ 44.1851057, -22.6791793 ], [ 44.1845634, -22.6797991 ], [ 44.1840922, -22.6803792 ], [ 44.1836078, -22.6808257 ], [ 44.183121, -22.6815629 ], [ 44.1825896, -22.6820064 ], [ 44.182233, -22.6819839 ], [ 44.1819777, -22.6821457 ], [ 44.182302199999981, -22.6826772 ], [ 44.182461599999989, -22.6832155 ], [ 44.1821651, -22.683847 ], [ 44.1817869, -22.6841813 ], [ 44.1816588, -22.6850903 ], [ 44.1816267, -22.6853124 ], [ 44.1823904, -22.684657 ], [ 44.1824517, -22.6841108 ], [ 44.1828459, -22.6833396 ], [ 44.1832329, -22.6829863 ], [ 44.1835184, -22.6826995 ], [ 44.1837181, -22.6824971 ], [ 44.1839914, -22.6824282 ], [ 44.1841187, -22.6824217 ], [ 44.1843115, -22.6818958 ], [ 44.1845558, -22.6814622 ], [ 44.1847896, -22.6810308 ], [ 44.184941, -22.680833 ], [ 44.1850299, -22.6806984 ], [ 44.1853239, -22.6803853 ], [ 44.186391299999983, -22.6804656 ], [ 44.187145699999988, -22.680601 ], [ 44.1872532, -22.6810119 ], [ 44.1874168, -22.6808268 ], [ 44.187668, -22.6807521 ], [ 44.1878943, -22.6807169 ], [ 44.1879331, -22.6807757 ], [ 44.1880366, -22.680805 ], [ 44.1882054, -22.6808938 ], [ 44.1882999, -22.6809642 ], [ 44.1884638, -22.6810089 ], [ 44.188499, -22.681052 ], [ 44.188629, -22.6810849 ], [ 44.1887482, -22.6810411 ], [ 44.188799, -22.6809504 ], [ 44.1888934, -22.6804249 ], [ 44.1888922, -22.6802565 ], [ 44.1889993, -22.6796713 ], [ 44.1889836, -22.6794942 ], [ 44.1889834, -22.6794864 ], [ 44.1889254, -22.6792704 ], [ 44.1889349, -22.6791394 ], [ 44.1891712, -22.6784862 ], [ 44.18923, -22.6783173 ], [ 44.1893132, -22.6781298 ], [ 44.18939, -22.678072 ], [ 44.189412, -22.6780284 ], [ 44.1895152, -22.6780293 ], [ 44.1896415, -22.6780155 ], [ 44.1896944, -22.6781364 ], [ 44.189781, -22.678214 ], [ 44.1898603, -22.6782366 ], [ 44.1899766, -22.678242 ], [ 44.1900612, -22.6782398 ], [ 44.1900682, -22.678278 ], [ 44.1900429, -22.6783075 ], [ 44.1900549, -22.6784 ], [ 44.1900226, -22.6784595 ], [ 44.1900809, -22.6785378 ], [ 44.1901785, -22.6785711 ], [ 44.1902589, -22.6787022 ], [ 44.1902873, -22.6789721 ], [ 44.1903385, -22.6790909 ], [ 44.1903875, -22.679183 ], [ 44.1904974, -22.6792785 ], [ 44.1906194, -22.6793778 ], [ 44.1906795, -22.6794283 ], [ 44.191464, -22.6795413 ], [ 44.1918503, -22.6797495 ], [ 44.1923678, -22.680476 ], [ 44.192481, -22.6804511 ], [ 44.1929743, -22.681228 ], [ 44.193066899999984, -22.6812308 ], [ 44.1929903, -22.6814755 ], [ 44.1929646, -22.6817423 ], [ 44.193172, -22.6817681 ], [ 44.1934912, -22.6822973 ], [ 44.1934244, -22.6825826 ], [ 44.1927657, -22.6828966 ], [ 44.1925023, -22.6830119 ], [ 44.1921819, -22.683021 ], [ 44.1918492, -22.6830504 ], [ 44.1916406, -22.6831293 ], [ 44.19137, -22.683166 ], [ 44.1911993, -22.6833306 ], [ 44.191168, -22.6835351 ], [ 44.191398100000015, -22.6835573 ], [ 44.1914683, -22.6835371 ], [ 44.191576, -22.6836203 ], [ 44.1915376, -22.6836846 ], [ 44.191390899999988, -22.683725 ], [ 44.1912714, -22.6837703 ], [ 44.1912524, -22.683955 ], [ 44.1911587, -22.6840407 ], [ 44.1911625, -22.6841417 ], [ 44.1911493, -22.6842841 ], [ 44.1911095, -22.6843762 ], [ 44.1910584, -22.6844788 ], [ 44.19098, -22.6845612 ], [ 44.1909014, -22.6846438 ], [ 44.1908611, -22.6847319 ], [ 44.1910266, -22.6847633 ], [ 44.1908728, -22.6848977 ], [ 44.1905605, -22.6854692 ], [ 44.19084669999998, -22.685788 ], [ 44.1907938, -22.6860465 ], [ 44.1908314, -22.6863355 ], [ 44.191003, -22.6865045 ], [ 44.1910119, -22.6867034 ], [ 44.1910829, -22.6868081 ], [ 44.1912467, -22.6868938 ], [ 44.1913492, -22.6870668 ], [ 44.1914731, -22.6871835 ], [ 44.191401, -22.6873488 ], [ 44.191411699999989, -22.6876233 ], [ 44.1913596, -22.6878409 ], [ 44.1914648, -22.6880652 ], [ 44.1916779, -22.6883061 ], [ 44.1918499, -22.6884039 ], [ 44.192015, -22.6886194 ], [ 44.1922056, -22.6889217 ], [ 44.1923302, -22.6895035 ], [ 44.192103599999989, -22.6898954 ], [ 44.1923798, -22.6902735 ], [ 44.1923103, -22.6907384 ], [ 44.1926197, -22.6909773 ], [ 44.1936606, -22.6911207 ], [ 44.1940356, -22.6908667 ], [ 44.1941703, -22.6906259 ], [ 44.1941931, -22.6904224 ], [ 44.1942552, -22.6903173 ], [ 44.19413, -22.6901312 ], [ 44.1940021, -22.6898759 ], [ 44.1941478, -22.6897393 ], [ 44.194272299999987, -22.6895606 ], [ 44.1942515, -22.6893514 ], [ 44.1944362, -22.6892766 ], [ 44.1945559, -22.6892267 ], [ 44.1945712, -22.6889241 ], [ 44.1945285, -22.6887122 ], [ 44.1944243, -22.6885207 ], [ 44.1945562, -22.6883115 ], [ 44.1946218, -22.6881639 ], [ 44.194678, -22.6879556 ], [ 44.1946494, -22.6876863 ], [ 44.1946301, -22.6874532 ], [ 44.1944984, -22.6873498 ], [ 44.1943951, -22.6872981 ], [ 44.1942919, -22.6872216 ], [ 44.1943765, -22.6870688 ], [ 44.1944794, -22.6870434 ], [ 44.1946012, -22.687094 ], [ 44.1947885, -22.6871715 ], [ 44.1949102, -22.6872061 ], [ 44.1950216, -22.6871994 ], [ 44.1951686, -22.6870747 ], [ 44.1953052, -22.6869423 ], [ 44.1953959, -22.6868686 ], [ 44.1955853, -22.6867561 ], [ 44.1956456, -22.6866009 ], [ 44.1958063, -22.6865224 ], [ 44.1959756, -22.6864857 ], [ 44.196153, -22.6864745 ], [ 44.1961939, -22.6863372 ], [ 44.1962177, -22.6862325 ], [ 44.1962749, -22.6859692 ], [ 44.1963601, -22.6857547 ], [ 44.1965498, -22.6856976 ], [ 44.1967285, -22.6857633 ], [ 44.1970459, -22.6857578 ], [ 44.1974385, -22.6862187 ], [ 44.1977161, -22.6866972 ], [ 44.1981259, -22.6869737 ], [ 44.1982729, -22.6872522 ], [ 44.1985236, -22.6876383 ], [ 44.1986764, -22.6878225 ], [ 44.198848, -22.6877888 ], [ 44.1988705, -22.6874779 ], [ 44.1987952, -22.6871222 ], [ 44.1986641, -22.6868311 ], [ 44.1985352, -22.6865251 ], [ 44.1981277, -22.6858548 ], [ 44.1977254, -22.6852038 ], [ 44.1973359, -22.6851551 ], [ 44.1970999, -22.6850319 ], [ 44.1969025, -22.6848495 ], [ 44.196778, -22.6846698 ], [ 44.196721, -22.6844456 ], [ 44.1967988, -22.6841784 ], [ 44.1965843, -22.6841175 ], [ 44.196311800000011, -22.683879 ], [ 44.1962719, -22.6836877 ], [ 44.1962357, -22.6834239 ], [ 44.1960739, -22.6832895 ], [ 44.1958926, -22.6831832 ], [ 44.1958409, -22.6829476 ], [ 44.1956821, -22.6831242 ], [ 44.1955882, -22.6832511 ], [ 44.1953807, -22.6832668 ], [ 44.1952013, -22.6832314 ], [ 44.1950321, -22.6831029 ], [ 44.1947391, -22.6830757 ], [ 44.1945409, -22.6830148 ], [ 44.1943721, -22.6829119 ], [ 44.1944439, -22.6826632 ], [ 44.1944414, -22.6822746 ], [ 44.194388, -22.6821205 ], [ 44.1944379, -22.6819331 ], [ 44.1943124, -22.681628 ], [ 44.1942633, -22.6815806 ], [ 44.1941175, -22.6814893 ], [ 44.1939857, -22.6813924 ], [ 44.1938488, -22.681248 ], [ 44.1937646, -22.6811462 ], [ 44.1937141, -22.6810268 ], [ 44.1935788, -22.6808542 ], [ 44.1934041, -22.6807601 ], [ 44.1932673, -22.6806221 ], [ 44.1932162, -22.6805268 ], [ 44.1931325, -22.6804137 ], [ 44.1929771, -22.680343 ], [ 44.1927955, -22.680219 ], [ 44.1926026, -22.6801411 ], [ 44.1923975, -22.6799977 ], [ 44.192322800000014, -22.6798251 ], [ 44.1923133, -22.6795461 ], [ 44.19225, -22.6794337 ], [ 44.1921624, -22.6792332 ], [ 44.192159, -22.6790632 ], [ 44.192137099999989, -22.6788768 ], [ 44.192095099999989, -22.6787846 ], [ 44.1920974, -22.6786512 ], [ 44.1920678, -22.678571 ], [ 44.1919793, -22.6786599 ], [ 44.1919524, -22.6787705 ], [ 44.1919434, -22.6789158 ], [ 44.191891600000012, -22.6790215 ], [ 44.1918464, -22.6791097 ], [ 44.1917282, -22.6791351 ], [ 44.1916249, -22.6790615 ], [ 44.1915408, -22.6790287 ], [ 44.1913457, -22.6790579 ], [ 44.191151, -22.678974 ], [ 44.1909112, -22.6789111 ], [ 44.1907873, -22.6788259 ], [ 44.1906983, -22.6787935 ], [ 44.1906571, -22.6786694 ], [ 44.1906519, -22.6785948 ], [ 44.1906857, -22.6785268 ], [ 44.1906616, -22.6783531 ], [ 44.1906153, -22.6783021 ], [ 44.1905622, -22.6782606 ], [ 44.1905439, -22.6782002 ], [ 44.1905535, -22.678143 ], [ 44.190588, -22.6781144 ], [ 44.190610199999988, -22.6780474 ], [ 44.190533, -22.677847 ], [ 44.1904935, -22.6777067 ], [ 44.190502, -22.6775518 ], [ 44.190415, -22.6774856 ], [ 44.1902812, -22.6774344 ], [ 44.1901802, -22.6773027 ], [ 44.1899827, -22.6771931 ], [ 44.1898966, -22.6770909 ], [ 44.1898341, -22.677018 ], [ 44.18972260000001, -22.676996 ], [ 44.1896773, -22.6768652 ], [ 44.189736900000014, -22.6766843 ], [ 44.189675, -22.6765975 ], [ 44.1896368, -22.6765181 ], [ 44.1895992, -22.6764027 ], [ 44.1896264, -22.676245 ], [ 44.1896802, -22.6760583 ], [ 44.189703, -22.6758135 ], [ 44.1897137, -22.6756195 ], [ 44.1897549, -22.6754617 ], [ 44.1898659, -22.6753185 ], [ 44.1899149, -22.675176 ], [ 44.1898859, -22.6750195 ], [ 44.1898716, -22.674834 ], [ 44.1898117, -22.6746497 ], [ 44.189738, -22.6744673 ], [ 44.1896257, -22.6743282 ], [ 44.189530700000013, -22.6740986 ], [ 44.1894757, -22.6739165 ], [ 44.1894705, -22.6736667 ], [ 44.1894015, -22.6732969 ], [ 44.1892271, -22.6730155 ], [ 44.1892431, -22.6727916 ], [ 44.1893259, -22.6725675 ], [ 44.189416, -22.67242 ], [ 44.1895498, -22.6723271 ], [ 44.1897814, -22.6722391 ], [ 44.189947, -22.6721305 ], [ 44.1901138, -22.6720886 ], [ 44.1902068, -22.6719759 ], [ 44.1902604, -22.6719 ], [ 44.1902664, -22.6718238 ], [ 44.190238, -22.6716748 ], [ 44.1902449, -22.671483 ], [ 44.1901888, -22.671283 ], [ 44.1901041, -22.6713011 ], [ 44.1900274, -22.6712841 ], [ 44.1899796, -22.6712323 ], [ 44.1899162, -22.6711636 ], [ 44.1899127, -22.6710886 ], [ 44.1899124, -22.6710107 ], [ 44.1899788, -22.6709857 ], [ 44.1899853, -22.6709355 ], [ 44.1899726, -22.6708946 ], [ 44.1899281, -22.6708578 ], [ 44.1898743, -22.6708244 ], [ 44.1897336, -22.6708037 ], [ 44.1897246, -22.6708421 ], [ 44.1895943, -22.6707903 ], [ 44.1894444, -22.6706401 ], [ 44.1892858, -22.6705269 ], [ 44.1891823, -22.6704198 ], [ 44.1890792, -22.6702581 ], [ 44.1888635, -22.6700642 ], [ 44.1888515, -22.6699271 ], [ 44.188929, -22.6696906 ], [ 44.1889773, -22.6695129 ], [ 44.1889776, -22.669379 ], [ 44.1889354, -22.66923 ], [ 44.1888511, -22.6690274 ], [ 44.1888151, -22.6688886 ], [ 44.1887791, -22.6687871 ], [ 44.1888332, -22.6686675 ], [ 44.1889369, -22.6686136 ], [ 44.1890484, -22.6685405 ], [ 44.1891549, -22.6685148 ], [ 44.1893013, -22.6685062 ], [ 44.1893718, -22.6684837 ], [ 44.189414800000016, -22.6684582 ], [ 44.1894385, -22.6684498 ], [ 44.1894409, -22.6684445 ], [ 44.1895194, -22.6683986 ], [ 44.1895743, -22.6683417 ], [ 44.189653, -22.6682477 ], [ 44.1896626, -22.6681029 ], [ 44.1895978, -22.668007 ], [ 44.1895595, -22.6679306 ], [ 44.189541, -22.6678082 ], [ 44.1895617, -22.6676805 ], [ 44.189589, -22.6675042 ], [ 44.1895365, -22.6674022 ], [ 44.1894518, -22.6673538 ], [ 44.189504, -22.6672534 ], [ 44.1895433, -22.6671763 ], [ 44.1896814, -22.667147 ], [ 44.1898076, -22.6671235 ], [ 44.1898678, -22.6671719 ], [ 44.1899271, -22.667172 ], [ 44.189934, -22.667142 ], [ 44.1899513, -22.66712 ], [ 44.189979300000012, -22.6671136 ], [ 44.1900183, -22.6671107 ], [ 44.1900507, -22.6671244 ], [ 44.1900724, -22.6671409 ], [ 44.1900888, -22.6671526 ], [ 44.1900907, -22.6671573 ], [ 44.1900888, -22.667151 ], [ 44.1901865, -22.6671562 ], [ 44.1901828, -22.6671309 ], [ 44.19017, -22.6671038 ], [ 44.190168099999987, -22.6670803 ], [ 44.1901734, -22.6670647 ], [ 44.1901952, -22.6670542 ], [ 44.1902098, -22.6670624 ], [ 44.1902271, -22.6670638 ], [ 44.1902426, -22.6670252 ], [ 44.1902443, -22.6669857 ], [ 44.190202, -22.6669473 ], [ 44.1900697, -22.6668959 ], [ 44.1900145, -22.6668985 ], [ 44.189956500000015, -22.666901 ], [ 44.1899098, -22.6668885 ], [ 44.1898949, -22.6668281 ], [ 44.1898607, -22.666772 ], [ 44.1898315, -22.6667289 ], [ 44.1898128, -22.6667068 ], [ 44.189807, -22.6666298 ], [ 44.189793, -22.6665623 ], [ 44.1897794, -22.6665099 ], [ 44.1897352, -22.6664659 ], [ 44.1897269, -22.6664295 ], [ 44.189717099999989, -22.6663918 ], [ 44.1896214, -22.6663283 ], [ 44.1895624, -22.6663116 ], [ 44.1895624, -22.66624 ], [ 44.1892922, -22.6660251 ], [ 44.1890851, -22.6658692 ], [ 44.1889256, -22.665783 ], [ 44.1887852, -22.6656969 ], [ 44.1886365, -22.6657065 ], [ 44.1884514, -22.6655785 ], [ 44.1882314, -22.6654949 ], [ 44.1879964, -22.6655494 ], [ 44.1878801, -22.6656105 ], [ 44.1875573, -22.6655878 ], [ 44.187426200000012, -22.6656824 ], [ 44.1872605, -22.6657509 ], [ 44.1871273, -22.6657083 ], [ 44.1869748, -22.6656194 ], [ 44.1868725, -22.665614 ], [ 44.1868599, -22.665564 ], [ 44.1868027, -22.6654736 ], [ 44.186701, -22.665366 ], [ 44.186652, -22.6653042 ], [ 44.1866439, -22.6651179 ], [ 44.1866064, -22.6650255 ], [ 44.1864272, -22.6650393 ], [ 44.1862751, -22.6650693 ], [ 44.1860102, -22.6649962 ], [ 44.1857712, -22.6648102 ], [ 44.1856725, -22.6647308 ], [ 44.1856045, -22.6646273 ], [ 44.1856203, -22.6644593 ], [ 44.1856603, -22.6643315 ], [ 44.1857689, -22.6641969 ], [ 44.1857926, -22.6640417 ], [ 44.1856208, -22.6639635 ], [ 44.1854816, -22.6637976 ], [ 44.1853429, -22.66369 ], [ 44.1852805, -22.6635753 ], [ 44.1852168, -22.6633622 ], [ 44.1852131, -22.6632142 ], [ 44.1853086, -22.6630063 ], [ 44.1853762, -22.6629306 ], [ 44.185426799999988, -22.6628631 ], [ 44.1857316, -22.6625817 ], [ 44.1859001, -22.6624183 ], [ 44.1860073, -22.66233990000001 ], [ 44.1859444, -22.6622737 ], [ 44.1858905, -22.6621568 ], [ 44.1858987, -22.6620294 ], [ 44.1858717, -22.6618614 ], [ 44.1858985, -22.6617088 ], [ 44.1860783, -22.6616099 ], [ 44.1861414, -22.6615144 ], [ 44.1863557, -22.661276 ], [ 44.1868114, -22.6611617 ], [ 44.1870994, -22.6612635 ], [ 44.1873497, -22.6613898 ], [ 44.187533400000014, -22.6614665 ], [ 44.1876323, -22.6615018 ], [ 44.1877389, -22.661562 ], [ 44.1878385, -22.6616136 ], [ 44.187999, -22.661552 ], [ 44.1880105, -22.6615132 ], [ 44.1880934, -22.6614898 ], [ 44.188278, -22.6614852 ], [ 44.1887216, -22.6611932 ], [ 44.1887283, -22.6610223 ], [ 44.188829, -22.6606818 ], [ 44.1889879, -22.6606703 ], [ 44.1890411, -22.6603818 ], [ 44.1891996, -22.6601755 ], [ 44.1893656, -22.6601042 ], [ 44.1895032, -22.6600668 ], [ 44.1897037, -22.6600205 ], [ 44.1899806, -22.6600627 ], [ 44.1900766, -22.6600613 ], [ 44.1901372, -22.660069 ], [ 44.1902116, -22.6601024 ], [ 44.1902839, -22.6601987 ], [ 44.1903885, -22.6602408 ], [ 44.1904788, -22.6602147 ], [ 44.1905262, -22.6601425 ], [ 44.190615, -22.6601098 ], [ 44.1906339, -22.6601299 ], [ 44.190678299999988, -22.6601992 ], [ 44.1907399, -22.6602451 ], [ 44.1907891, -22.660271 ], [ 44.1908394, -22.6603405 ], [ 44.1910036, -22.660431 ], [ 44.1910228, -22.6604688 ], [ 44.191084599999982, -22.660452 ], [ 44.1911252, -22.6604553 ], [ 44.1911759, -22.6605026 ], [ 44.1913066, -22.6606099 ], [ 44.1914221, -22.6605915 ], [ 44.1914871, -22.6605868 ], [ 44.1915231, -22.6605695 ], [ 44.1915789, -22.6605762 ], [ 44.1916751, -22.6606381 ], [ 44.1917928, -22.6606922 ], [ 44.1918674, -22.6607028 ], [ 44.1918886, -22.6606581 ], [ 44.1919649, -22.6606078 ], [ 44.1922349, -22.660514 ], [ 44.1923752, -22.6605334 ], [ 44.192392, -22.660462 ], [ 44.1926969, -22.6604662 ], [ 44.1928905, -22.6604545 ], [ 44.1933446, -22.6603008 ], [ 44.1935544, -22.6602298 ], [ 44.1939027, -22.6601623 ], [ 44.194203599999987, -22.6598062 ], [ 44.1942431, -22.6598154 ], [ 44.194283899999988, -22.6597748 ], [ 44.1943467, -22.6598016 ], [ 44.1943832, -22.6598895 ], [ 44.1945427, -22.6598725 ], [ 44.1950079, -22.6601331 ], [ 44.195397, -22.6602685 ], [ 44.195504, -22.6603271 ], [ 44.1955314, -22.6603879 ], [ 44.1955558, -22.6605098 ], [ 44.1955759, -22.6606027 ], [ 44.1957568, -22.6607051 ], [ 44.1958232, -22.660802 ], [ 44.195850500000013, -22.6607912 ], [ 44.195854399999988, -22.6607768 ], [ 44.195858300000012, -22.660766 ], [ 44.1958776, -22.6607712 ], [ 44.1959579, -22.6609241 ], [ 44.1959982, -22.6609665 ], [ 44.1960366, -22.6609813 ], [ 44.1960483, -22.6610232 ], [ 44.19606, -22.6610967 ], [ 44.1960388, -22.6611306 ], [ 44.1960292, -22.6611807 ], [ 44.1960374, -22.661182 ], [ 44.1963981, -22.6614793 ], [ 44.1964359, -22.6614893 ], [ 44.1964823, -22.6615204 ], [ 44.1964907, -22.6615549 ], [ 44.1964752, -22.6616028 ], [ 44.1961366, -22.6617308 ], [ 44.1959432, -22.6618851 ], [ 44.1957319, -22.6618566 ], [ 44.1955662, -22.6619429 ], [ 44.1951926, -22.6619325 ], [ 44.1950048, -22.6619724 ], [ 44.1947997, -22.6620536 ], [ 44.1947228, -22.6620548 ], [ 44.1946589, -22.6620634 ], [ 44.1946275, -22.6620822 ], [ 44.1945791, -22.6620882 ], [ 44.1942981, -22.6620691 ], [ 44.1940629, -22.6620928 ], [ 44.1939007, -22.6622094 ], [ 44.1937408, -22.6622936 ], [ 44.193636, -22.6621494 ], [ 44.1935816, -22.6620185 ], [ 44.1935407, -22.6619943 ], [ 44.1934146, -22.6620406 ], [ 44.19345, -22.6622623 ], [ 44.1934215, -22.6624391 ], [ 44.1933007, -22.6626793 ], [ 44.1931851, -22.6628082 ], [ 44.1930052, -22.6628459 ], [ 44.1928257, -22.6628835 ], [ 44.1926159, -22.6630676 ], [ 44.192389399999989, -22.6632881 ], [ 44.1923941, -22.6633322 ], [ 44.1923777, -22.6633822 ], [ 44.1923356, -22.6633545 ], [ 44.1922781, -22.6633227 ], [ 44.1922433, -22.6632916 ], [ 44.1922189, -22.6632854 ], [ 44.1922004, -22.6632997 ], [ 44.1921864, -22.663316 ], [ 44.1921672, -22.6633487 ], [ 44.1921986, -22.663396 ], [ 44.1922733, -22.663426 ], [ 44.192309, -22.6634804 ], [ 44.1922726, -22.6634857 ], [ 44.19229, -22.6635416 ], [ 44.1923063, -22.6635748 ], [ 44.1922821, -22.6636086 ], [ 44.1922634, -22.6636262 ], [ 44.1921873, -22.6636955 ], [ 44.1921943, -22.6637336 ], [ 44.1922218, -22.6637548 ], [ 44.1922337, -22.6637812 ], [ 44.1922452, -22.6638154 ], [ 44.1922526, -22.6638435 ], [ 44.1922251, -22.6638676 ], [ 44.1921744, -22.6638823 ], [ 44.1921174, -22.6639079 ], [ 44.1920571, -22.6639272 ], [ 44.1919786, -22.6639545 ], [ 44.1919322, -22.6639853 ], [ 44.1919086, -22.6640192 ], [ 44.1919051, -22.6640693 ], [ 44.1918782, -22.6640875 ], [ 44.1918681, -22.6640904 ], [ 44.1918477, -22.6640998 ], [ 44.1918351, -22.6641226 ], [ 44.1918503, -22.6641498 ], [ 44.1918598, -22.6641673 ], [ 44.1918655, -22.6641788 ], [ 44.1920907, -22.6640123 ], [ 44.1922099, -22.664003 ], [ 44.1922412, -22.663941 ], [ 44.1922968, -22.6639268 ], [ 44.1923082, -22.6638782 ], [ 44.1923237, -22.6637956 ], [ 44.192263, -22.6636786 ], [ 44.1923064, -22.6636581 ], [ 44.1923095, -22.663642 ], [ 44.1923243, -22.6636182 ], [ 44.1923574, -22.6635084 ], [ 44.1924313, -22.6634582 ], [ 44.1925305, -22.6633527 ], [ 44.1926892, -22.6630986 ], [ 44.1930932, -22.6630037 ], [ 44.1934545, -22.6628843 ], [ 44.1935984, -22.6627184 ], [ 44.1935755, -22.6626638 ], [ 44.1936428, -22.6626123 ], [ 44.1937352, -22.6625941 ], [ 44.1938131, -22.66258 ], [ 44.1938843, -22.6625559 ], [ 44.1939339, -22.6625068 ], [ 44.1939499, -22.6624491 ], [ 44.1939808, -22.6624133 ], [ 44.1940249, -22.6623849 ], [ 44.1941627, -22.6623706 ], [ 44.1942394, -22.6623622 ], [ 44.1942869, -22.6623201 ], [ 44.1943803, -22.662224 ], [ 44.1950289, -22.6622663 ], [ 44.1952344, -22.6621145 ], [ 44.1954916, -22.6621221 ], [ 44.1958939, -22.6621112 ], [ 44.1959425, -22.6620861 ], [ 44.1959645, -22.6620583 ], [ 44.1960162, -22.6620598 ], [ 44.1960118, -22.6621024 ], [ 44.1960345, -22.6621511 ], [ 44.1960697, -22.6621832 ], [ 44.1962012, -22.6622382 ], [ 44.196324699999984, -22.6621468 ], [ 44.1965414, -22.6621304 ], [ 44.1968074, -22.6619783 ], [ 44.1968591, -22.6617966 ], [ 44.1972507, -22.6617831 ], [ 44.1974339, -22.6618 ], [ 44.1976074, -22.6618017 ], [ 44.1976996, -22.661858 ], [ 44.1977914, -22.6619318 ], [ 44.1978334, -22.6620274 ], [ 44.1979385, -22.662391 ], [ 44.1980095, -22.6624894 ], [ 44.1980137, -22.6625558 ], [ 44.1980975, -22.6625321 ], [ 44.198109, -22.6624902 ], [ 44.1981866, -22.662475 ], [ 44.1982422, -22.6625289 ], [ 44.1983049, -22.6625927 ], [ 44.198257399999981, -22.6626886 ], [ 44.1983128, -22.6627651 ], [ 44.1983353, -22.6627969 ], [ 44.1984262, -22.6627975 ], [ 44.1984733, -22.6627869 ], [ 44.198536200000014, -22.6628719 ], [ 44.1985825, -22.6629562 ], [ 44.1986352, -22.6629672 ], [ 44.1987402, -22.6630014 ], [ 44.1988722, -22.6631164 ], [ 44.1989198, -22.663229 ], [ 44.1989163, -22.6632352 ], [ 44.1988737, -22.6633319 ], [ 44.1988892, -22.6634909 ], [ 44.1989414, -22.6635678 ], [ 44.1988712, -22.6636664 ], [ 44.198855, -22.6637254 ], [ 44.1988952, -22.6637676 ], [ 44.1988721, -22.6638233 ], [ 44.1987701, -22.6638723 ], [ 44.1986748, -22.6640027 ], [ 44.1988073, -22.6640945 ], [ 44.1989883, -22.6641289 ], [ 44.1990632, -22.6642938 ], [ 44.1990285, -22.6644851 ], [ 44.1991384, -22.6646062 ], [ 44.1993129, -22.6645965 ], [ 44.1993805, -22.6644947 ], [ 44.1995066, -22.6645828 ], [ 44.1996787, -22.6646901 ], [ 44.1998034, -22.6647645 ], [ 44.1998996, -22.6649427 ], [ 44.1998986, -22.6650803 ], [ 44.1998285, -22.6652376 ], [ 44.1997381, -22.6652697 ], [ 44.199657, -22.6653463 ], [ 44.1995899, -22.6654362 ], [ 44.1995289, -22.6655722 ], [ 44.1994979, -22.6656497 ], [ 44.1994025, -22.665684 ], [ 44.1993058, -22.6657902 ], [ 44.1994275, -22.6658363 ], [ 44.199418099999988, -22.6659007 ], [ 44.199457, -22.6660189 ], [ 44.1995356, -22.6660355 ], [ 44.1994832, -22.6660913 ], [ 44.1994171, -22.6661334 ], [ 44.1993374, -22.6661618 ], [ 44.1992565, -22.6662213 ], [ 44.1991907, -22.6662619 ], [ 44.1990968, -22.6663071 ], [ 44.1990242, -22.6663593 ], [ 44.198937, -22.6664352 ], [ 44.1988583, -22.6664864 ], [ 44.1987736, -22.6665187 ], [ 44.1986882, -22.6666574 ], [ 44.1986496, -22.6668165 ], [ 44.1985426, -22.6668143 ], [ 44.1984358, -22.6667993 ], [ 44.1983769, -22.6668488 ], [ 44.198312, -22.6668853 ], [ 44.1983153, -22.6669546 ], [ 44.198403, -22.666988 ], [ 44.1984194, -22.6670509 ], [ 44.198374, -22.6670623 ], [ 44.1982454, -22.6671207 ], [ 44.198228, -22.6671576 ], [ 44.1980869, -22.6672029 ], [ 44.1979693, -22.6671752 ], [ 44.1978699, -22.6672212 ], [ 44.197866199999986, -22.6672698 ], [ 44.1979217, -22.6673441 ], [ 44.198021499999989, -22.6672925 ], [ 44.1982103, -22.6672977 ], [ 44.1983416, -22.6673135 ], [ 44.1983984, -22.6673036 ], [ 44.1984708, -22.6672475 ], [ 44.1985687, -22.6673021 ], [ 44.1989562, -22.6671584 ], [ 44.1990491, -22.6670553 ], [ 44.199049, -22.6669359 ], [ 44.1990296, -22.6668448 ], [ 44.198972, -22.6668264 ], [ 44.1989474, -22.6667991 ], [ 44.199035, -22.6667418 ], [ 44.1991414, -22.6666621 ], [ 44.1993412, -22.6665211 ], [ 44.1994334, -22.6665467 ], [ 44.1995585, -22.6665701 ], [ 44.1996744, -22.6664907 ], [ 44.1997011, -22.6663997 ], [ 44.1997195, -22.6663767 ], [ 44.1998842, -22.6663489 ], [ 44.1999392, -22.6663094 ], [ 44.1999248, -22.6662113 ], [ 44.1999053, -22.666173 ], [ 44.1999532, -22.6661643 ], [ 44.2000209, -22.6661938 ], [ 44.2000512, -22.6662102 ], [ 44.2001747, -22.6662123 ], [ 44.2002488, -22.6661595 ], [ 44.2003014, -22.6661161 ], [ 44.2003745, -22.6661014 ], [ 44.2004391, -22.6661437 ], [ 44.2004734, -22.6661917 ], [ 44.2005439, -22.6662378 ], [ 44.2005896, -22.666296 ], [ 44.200587, -22.6663531 ], [ 44.2006231, -22.6663918 ], [ 44.2006597, -22.6664179 ], [ 44.2006355, -22.6664961 ], [ 44.2006397, -22.6665527 ], [ 44.2006709, -22.666619 ], [ 44.20075, -22.6665741 ], [ 44.2008042, -22.6665377 ], [ 44.2008843, -22.6665018 ], [ 44.200899, -22.6665309 ], [ 44.200891800000015, -22.6666137 ], [ 44.2008552, -22.6666637 ], [ 44.2007933, -22.6666806 ], [ 44.2006848, -22.6667305 ], [ 44.2006538, -22.6669749 ], [ 44.2006068, -22.6671383 ], [ 44.2005753, -22.667219 ], [ 44.200583599999987, -22.6673122 ], [ 44.2005388, -22.6674155 ], [ 44.200562, -22.6675459 ], [ 44.200619900000014, -22.6676138 ], [ 44.2006606, -22.667582 ], [ 44.200736, -22.6675328 ], [ 44.2007743, -22.6675031 ], [ 44.2008257, -22.6675118 ], [ 44.2008209, -22.6675686 ], [ 44.2007742, -22.6676478 ], [ 44.200773, -22.6676979 ], [ 44.2007862, -22.6677207 ], [ 44.2008281, -22.6676952 ], [ 44.2008949, -22.6676709 ], [ 44.2009204, -22.6676342 ], [ 44.2009602, -22.6676014 ], [ 44.201, -22.667581 ], [ 44.2009903, -22.6675387 ], [ 44.2009909, -22.667513 ], [ 44.2010485, -22.6675091 ], [ 44.2011022, -22.6675408 ], [ 44.2011341, -22.6675582 ], [ 44.2012413, -22.6676077 ], [ 44.2013117, -22.6675743 ], [ 44.201421, -22.667442 ], [ 44.2014889, -22.6674341 ], [ 44.2015746, -22.66745 ], [ 44.2016731, -22.6673994 ], [ 44.2017391, -22.6673677 ], [ 44.201767599999989, -22.6674357 ], [ 44.2017996, -22.6675178 ], [ 44.2017978, -22.6676227 ], [ 44.2019368, -22.6676432 ], [ 44.201987099999982, -22.6676917 ], [ 44.2020342, -22.6677267 ], [ 44.2020177, -22.6677936 ], [ 44.2021393, -22.667798 ], [ 44.20234, -22.6677821 ], [ 44.2024199, -22.6678447 ], [ 44.202391899999988, -22.6679245 ], [ 44.2025468, -22.6679021 ], [ 44.2026076, -22.6678412 ], [ 44.2027351, -22.667763 ], [ 44.2028089, -22.6676903 ], [ 44.2029614, -22.6677541 ], [ 44.2030356, -22.6677551 ], [ 44.2029958, -22.6678407 ], [ 44.2029152, -22.6679198 ], [ 44.2028545, -22.6679622 ], [ 44.2028005, -22.6679924 ], [ 44.202827899999988, -22.6680798 ], [ 44.2030052, -22.6681578 ], [ 44.2030397, -22.6681961 ], [ 44.2032401, -22.668355 ], [ 44.2032777, -22.6684548 ], [ 44.2032292, -22.6686234 ], [ 44.2031615, -22.668755 ], [ 44.2031797, -22.6688423 ], [ 44.2033076, -22.668983 ], [ 44.2034607, -22.6691161 ], [ 44.2036711, -22.6693092 ], [ 44.2037833, -22.6693766 ], [ 44.2039329, -22.6694217 ], [ 44.203848, -22.6695989 ], [ 44.2037197, -22.6697349 ], [ 44.2036818, -22.6698273 ], [ 44.2041419, -22.6698594 ], [ 44.2042365, -22.6697811 ], [ 44.204379, -22.6698199 ], [ 44.2045008, -22.6698392 ], [ 44.2046403, -22.6698516 ], [ 44.2047439, -22.6697291 ], [ 44.2048398, -22.6695321 ], [ 44.2049359, -22.6694386 ], [ 44.205061799999989, -22.6694388 ], [ 44.205157, -22.6692577 ], [ 44.2052847, -22.6692305 ], [ 44.2052848, -22.6691769 ], [ 44.2052559, -22.66908 ], [ 44.2051777, -22.6690124 ], [ 44.2050366, -22.6689781 ], [ 44.2050442, -22.6688843 ], [ 44.2051578, -22.6688455 ], [ 44.2052103, -22.668802 ], [ 44.2052216, -22.6687391 ], [ 44.205106, -22.6686033 ], [ 44.2050875, -22.668527 ], [ 44.20516, -22.6685049 ], [ 44.205365, -22.668472 ], [ 44.2053689, -22.6683845 ], [ 44.2053841, -22.6682576 ], [ 44.2052774, -22.6681998 ], [ 44.2051495, -22.6682275 ], [ 44.2050019, -22.6682006 ], [ 44.204986, -22.6682732 ], [ 44.204907899999988, -22.6684009 ], [ 44.2048601, -22.6684516 ], [ 44.2048798, -22.6685565 ], [ 44.2047665, -22.6685115 ], [ 44.2046815, -22.6684006 ], [ 44.2044975, -22.668411 ], [ 44.2044689, -22.6682178 ], [ 44.2043256, -22.6682236 ], [ 44.204274, -22.6681202 ], [ 44.2043292, -22.6679395 ], [ 44.2043191, -22.6679302 ], [ 44.20415280000001, -22.6678336 ], [ 44.2040623, -22.66777 ], [ 44.2039885, -22.6676124 ], [ 44.2039848, -22.6675278 ], [ 44.2039003, -22.6674442 ], [ 44.2038427, -22.6673154 ], [ 44.2038012, -22.6672517 ], [ 44.2036947, -22.6672845 ], [ 44.20364, -22.6674074 ], [ 44.203537, -22.6675134 ], [ 44.2034388, -22.6676459 ], [ 44.203278, -22.6677018 ], [ 44.2031956, -22.6676313 ], [ 44.2031178, -22.667677 ], [ 44.202965, -22.6676809 ], [ 44.2028682, -22.6676476 ], [ 44.202749399999981, -22.6676594 ], [ 44.202641, -22.6675478 ], [ 44.2026896, -22.667161 ], [ 44.202647700000014, -22.6670452 ], [ 44.202567, -22.6670188 ], [ 44.2024325, -22.6668717 ], [ 44.2023144, -22.6668136 ], [ 44.2022024, -22.6666935 ], [ 44.2022227, -22.6664671 ], [ 44.2022572, -22.6662693 ], [ 44.202181, -22.66619 ], [ 44.2020879, -22.6660812 ], [ 44.2022907, -22.6659936 ], [ 44.2023466, -22.6658685 ], [ 44.2022637, -22.6657344 ], [ 44.202214, -22.665675 ], [ 44.2021841, -22.6656164 ], [ 44.2022596, -22.6654902 ], [ 44.2023229, -22.6653555 ], [ 44.2022698, -22.6652699 ], [ 44.2021344, -22.6652174 ], [ 44.2021803, -22.6651442 ], [ 44.2023136, -22.6651263 ], [ 44.2024689, -22.6651425 ], [ 44.202568899999989, -22.6651025 ], [ 44.2026731, -22.6650793 ], [ 44.202773, -22.6652298 ], [ 44.2029198, -22.6653072 ], [ 44.2030444, -22.6653148 ], [ 44.2031607, -22.6651871 ], [ 44.2032483, -22.665121 ], [ 44.2033661, -22.6650805 ], [ 44.2034284, -22.6649442 ], [ 44.203537, -22.6648818 ], [ 44.203473, -22.6646753 ], [ 44.2033914, -22.6644169 ], [ 44.20325, -22.6642825 ], [ 44.2029503, -22.6642143 ], [ 44.2027723, -22.6640086 ], [ 44.2027821, -22.6640089 ], [ 44.2025323, -22.663898 ], [ 44.2022753, -22.6637348 ], [ 44.2020051, -22.6635217 ], [ 44.2019758, -22.6633848 ], [ 44.2022814, -22.6631408 ], [ 44.202348900000011, -22.662951 ], [ 44.2024036, -22.6626061 ], [ 44.2025986, -22.6624495 ], [ 44.2030417, -22.6623047 ], [ 44.2030485, -22.6620804 ], [ 44.2031873, -22.6620465 ], [ 44.2035249, -22.6620699 ], [ 44.2037322, -22.6621661 ], [ 44.203894, -22.6622537 ], [ 44.2042003, -22.6623056 ], [ 44.2043883, -22.6623618 ], [ 44.2045279, -22.662331 ], [ 44.2044668, -22.6621096 ], [ 44.2043697, -22.6619048 ], [ 44.204281, -22.6618454 ], [ 44.204264, -22.6617351 ], [ 44.2043355, -22.6616844 ], [ 44.2045038, -22.6616676 ], [ 44.2047711, -22.6616466 ], [ 44.2048958, -22.66159 ], [ 44.2049577, -22.6615156 ], [ 44.204966, -22.6614239 ], [ 44.2048782, -22.6612578 ], [ 44.2047545, -22.6612149 ], [ 44.2046661, -22.6611393 ], [ 44.20457, -22.6609002 ], [ 44.2044485, -22.6607685 ], [ 44.2043103, -22.6605883 ], [ 44.2042097, -22.6603119 ], [ 44.2040977, -22.6601264 ], [ 44.2040143, -22.6598776 ], [ 44.203828, -22.6596 ], [ 44.203685699999987, -22.6593454 ], [ 44.2035257, -22.6591212 ], [ 44.2034342, -22.658963 ], [ 44.2031235, -22.6585451 ], [ 44.2025108, -22.6579292 ], [ 44.2019807, -22.6576668 ], [ 44.2013592, -22.6573125 ], [ 44.2007784, -22.6568506 ], [ 44.2003824, -22.6564495 ], [ 44.1999032, -22.6560285 ], [ 44.198818900000013, -22.6549736 ], [ 44.1986592, -22.6545992 ], [ 44.1981745, -22.6540618 ], [ 44.1980838, -22.6535898 ], [ 44.197745, -22.652796 ], [ 44.197575799999989, -22.6526021 ], [ 44.197552199999983, -22.652417 ], [ 44.1975538, -22.6522044 ], [ 44.1975418, -22.6520492 ], [ 44.1974409, -22.6517841 ], [ 44.1971742, -22.651702 ], [ 44.1968524, -22.6516739 ], [ 44.1964692, -22.6514605 ], [ 44.1957198, -22.650935 ], [ 44.1952331, -22.6506608 ], [ 44.1949778, -22.6502668 ], [ 44.1946485, -22.6498767 ], [ 44.1944237, -22.6494835 ], [ 44.194328199999987, -22.6490123 ], [ 44.1943657, -22.6488176 ], [ 44.1942466, -22.6486223 ], [ 44.1939385, -22.6485393 ], [ 44.1936555, -22.6485113 ], [ 44.1933741, -22.6483274 ], [ 44.193196, -22.648214 ], [ 44.1930506, -22.6480736 ], [ 44.1929303, -22.6478724 ], [ 44.192804, -22.6478368 ], [ 44.1927073, -22.6476874 ], [ 44.1925642, -22.6476728 ], [ 44.19247750000001, -22.647647 ], [ 44.1923973, -22.6475114 ], [ 44.1924472, -22.6473331 ], [ 44.1925204, -22.6471585 ], [ 44.1925324, -22.6470814 ], [ 44.1927068, -22.6465323 ], [ 44.1925666, -22.6457712 ], [ 44.1923652, -22.6452923 ], [ 44.1926591, -22.6439869 ], [ 44.1924415, -22.6437426 ], [ 44.1923749, -22.6435999 ], [ 44.1923068, -22.6434728 ], [ 44.1922212, -22.6433557 ], [ 44.1921368, -22.6432331 ], [ 44.1920841, -22.6430897 ], [ 44.1920315, -22.6429344 ], [ 44.1920335, -22.6428355 ], [ 44.1919985, -22.6428177 ], [ 44.1919417, -22.6427716 ], [ 44.1918424, -22.6427297 ], [ 44.1916881, -22.6426313 ], [ 44.1915559, -22.642567 ], [ 44.191392, -22.642557 ], [ 44.1912822, -22.6424438 ], [ 44.1912132, -22.6423264 ], [ 44.1911836, -22.6422318 ], [ 44.191159, -22.6421481 ], [ 44.1910596, -22.6420456 ], [ 44.1909442, -22.6420447 ], [ 44.1908912, -22.6420779 ], [ 44.1908061, -22.6418954 ], [ 44.1906556, -22.6417688 ], [ 44.19055, -22.6416655 ], [ 44.1904572, -22.6413396 ], [ 44.1903977, -22.640789 ], [ 44.1904506, -22.6399348 ], [ 44.1904617, -22.6395218 ], [ 44.1904282, -22.639362 ], [ 44.1905746, -22.6391586 ], [ 44.1906956, -22.6389776 ], [ 44.1907025, -22.6387683 ], [ 44.190605, -22.6385683 ], [ 44.190468, -22.6384047 ], [ 44.1906514, -22.6382331 ], [ 44.1908626, -22.6380471 ], [ 44.1910268, -22.6378489 ], [ 44.1913423, -22.6378238 ], [ 44.1916229, -22.6377726 ], [ 44.1918652, -22.6377597 ], [ 44.192166, -22.6377228 ], [ 44.1922523, -22.6376202 ], [ 44.1922606, -22.6375049 ], [ 44.1921068, -22.6375428 ], [ 44.1920151, -22.6375924 ], [ 44.1918078, -22.6375436 ], [ 44.191564199999988, -22.6373899 ], [ 44.1913414, -22.6373966 ], [ 44.1911586, -22.6373069 ], [ 44.190987, -22.6372762 ], [ 44.1909037, -22.6371442 ], [ 44.1908274, -22.6369285 ], [ 44.1908158, -22.6367927 ], [ 44.190784, -22.636513 ], [ 44.1906983, -22.6361728 ], [ 44.1908767, -22.6360658 ], [ 44.1910243, -22.635867 ], [ 44.191077199999988, -22.6357922 ], [ 44.191378, -22.6356422 ], [ 44.1914722, -22.6355611 ], [ 44.1915139, -22.6355225 ], [ 44.1916126, -22.6355125 ], [ 44.1917117, -22.6355982 ], [ 44.1921457, -22.6356062 ], [ 44.1925122, -22.6354192 ], [ 44.1928058, -22.6353902 ], [ 44.1929904, -22.6356405 ], [ 44.193002199999988, -22.6357557 ], [ 44.1930058, -22.6358157 ], [ 44.1930766, -22.6358901 ], [ 44.1931313, -22.6358471 ], [ 44.1931981, -22.6358107 ], [ 44.1933626, -22.6359839 ], [ 44.1935055, -22.6359675 ], [ 44.1935981, -22.6359826 ], [ 44.1936727, -22.6360262 ], [ 44.193744699999989, -22.6361412 ], [ 44.193843200000011, -22.6361445 ], [ 44.1939325, -22.6361433 ], [ 44.1940368, -22.6361595 ], [ 44.1940863, -22.6363532 ], [ 44.1942085, -22.6362933 ], [ 44.1942367, -22.6360564 ], [ 44.1942282, -22.6359557 ], [ 44.1944087, -22.6359652 ], [ 44.1945711, -22.635949 ], [ 44.1947571, -22.6359044 ], [ 44.1951447, -22.6359751 ], [ 44.195119100000014, -22.6358716 ], [ 44.1950908, -22.6358439 ], [ 44.1950623, -22.6358103 ], [ 44.1950101, -22.6357609 ], [ 44.1949812, -22.6357189 ], [ 44.194926, -22.6356871 ], [ 44.1948683, -22.6356783 ], [ 44.194836, -22.6356881 ], [ 44.1947894, -22.6356371 ], [ 44.1947783, -22.635574 ], [ 44.1947539, -22.6355359 ], [ 44.1947171, -22.6354918 ], [ 44.1946732, -22.6354281 ], [ 44.1946448, -22.6354073 ], [ 44.194576200000014, -22.6353462 ], [ 44.1945049, -22.6353021 ], [ 44.1944616, -22.6352868 ], [ 44.1943883, -22.6352675 ], [ 44.1943179, -22.6352594 ], [ 44.1942703, -22.6352879 ], [ 44.1942058, -22.6353016 ], [ 44.1940996, -22.6353057 ], [ 44.194003, -22.635318 ], [ 44.193906, -22.6353571 ], [ 44.1937465, -22.6353585 ], [ 44.1936573, -22.6352353 ], [ 44.1935568, -22.6352319 ], [ 44.1934604, -22.635226 ], [ 44.1933729, -22.6351395 ], [ 44.19329840000001, -22.6350443 ], [ 44.193220799999985, -22.6349875 ], [ 44.1931727, -22.6349024 ], [ 44.1931293, -22.6348417 ], [ 44.1930719, -22.6347551 ], [ 44.1929892, -22.6346659 ], [ 44.1929747, -22.6345175 ], [ 44.1929563, -22.6344271 ], [ 44.1929097, -22.6342869 ], [ 44.1928372, -22.6342432 ], [ 44.1927943, -22.6341418 ], [ 44.1927272, -22.6340675 ], [ 44.192654, -22.63401 ], [ 44.192564, -22.6339726 ], [ 44.1924726, -22.6339729 ], [ 44.1924032, -22.6339273 ], [ 44.1923736, -22.6338612 ], [ 44.1923607, -22.6338204 ], [ 44.1923241, -22.6336363 ], [ 44.1922606, -22.6335966 ], [ 44.1922006, -22.633553 ], [ 44.192192899999988, -22.6335026 ], [ 44.1922027, -22.6334143 ], [ 44.1921517, -22.6333632 ], [ 44.1921344, -22.6333537 ], [ 44.1920612, -22.6333052 ], [ 44.1919096, -22.6332186 ], [ 44.1918783, -22.6331726 ], [ 44.1917609, -22.6331426 ], [ 44.191686, -22.6331472 ], [ 44.1916216, -22.6331475 ], [ 44.1914789, -22.6330774 ], [ 44.191448, -22.6330709 ], [ 44.1913868, -22.6330558 ], [ 44.1912778, -22.633049 ], [ 44.1912326, -22.6330052 ], [ 44.1909729, -22.6327695 ], [ 44.190664, -22.6324076 ], [ 44.1904097, -22.6321507 ], [ 44.1902618, -22.632072 ], [ 44.1900036, -22.6321178 ], [ 44.1895375, -22.6319935 ], [ 44.1891369, -22.6317021 ], [ 44.1888717, -22.6315361 ], [ 44.1886334, -22.6313213 ], [ 44.1885278, -22.6311831 ], [ 44.1888651, -22.6307605 ], [ 44.1888857, -22.6303906 ], [ 44.1889751, -22.6301061 ], [ 44.1890687, -22.6300277 ], [ 44.1891744, -22.6295942 ], [ 44.1895045, -22.6295518 ], [ 44.1896716, -22.6292974 ], [ 44.1897285, -22.6290963 ], [ 44.1895913, -22.6288741 ], [ 44.1894949, -22.6287297 ], [ 44.1892929, -22.6285944 ], [ 44.189305300000015, -22.6285308 ], [ 44.1893269, -22.6285079 ], [ 44.1894511, -22.628464 ], [ 44.1894933, -22.6283972 ], [ 44.1895575, -22.6283416 ], [ 44.1896401, -22.6282828 ], [ 44.1897878, -22.6282922 ], [ 44.1898791, -22.6282972 ], [ 44.1900344, -22.6283688 ], [ 44.1903124, -22.6283511 ], [ 44.1903514, -22.6283416 ], [ 44.190519900000012, -22.6283106 ], [ 44.1906153, -22.6282106 ], [ 44.1906359, -22.6281245 ], [ 44.1911258, -22.6281818 ], [ 44.1913069, -22.6282774 ], [ 44.1913517, -22.6282024 ], [ 44.1914508, -22.6281941 ], [ 44.1915243, -22.6282178 ], [ 44.1915465, -22.6282569 ], [ 44.1917515, -22.6282542 ], [ 44.1918563, -22.6281062 ], [ 44.1921214, -22.6281023 ], [ 44.1923307, -22.6280496 ], [ 44.1924073, -22.6280256 ], [ 44.1924635, -22.6280159 ], [ 44.1925694, -22.6280491 ], [ 44.1925874, -22.6281481 ], [ 44.1926012, -22.628251 ], [ 44.1926621, -22.6283104 ], [ 44.1927942, -22.6283461 ], [ 44.192995, -22.6283617 ], [ 44.1931526, -22.6283059 ], [ 44.1931963, -22.6282765 ], [ 44.1932457, -22.6283677 ], [ 44.1932463, -22.6284301 ], [ 44.193447899999988, -22.6284702 ], [ 44.193710499999987, -22.6284139 ], [ 44.1936398, -22.6283597 ], [ 44.1936561, -22.6283011 ], [ 44.1937282, -22.6282563 ], [ 44.1937921, -22.6282825 ], [ 44.1937873, -22.6282902 ], [ 44.193839, -22.6283041 ], [ 44.194027, -22.6284111 ], [ 44.1941553, -22.6284244 ], [ 44.1942495, -22.6284242 ], [ 44.1943036, -22.6284752 ], [ 44.1942964, -22.6285558 ], [ 44.1943133, -22.6286229 ], [ 44.1944339, -22.6286231 ], [ 44.1945629, -22.6286347 ], [ 44.1946733, -22.6286682 ], [ 44.1948179, -22.628695 ], [ 44.194919399999989, -22.6287769 ], [ 44.194939399999988, -22.6287626 ], [ 44.1952005, -22.6289706 ], [ 44.1956658, -22.6290456 ], [ 44.1961358, -22.629225 ], [ 44.1967231, -22.6298 ], [ 44.1969296, -22.6301112 ], [ 44.1976926, -22.6301274 ], [ 44.1978445, -22.6300003 ], [ 44.1991546, -22.6301051 ], [ 44.1994106, -22.6302681 ], [ 44.1994903, -22.6302662 ], [ 44.1993699, -22.6304735 ], [ 44.199418, -22.6306172 ], [ 44.199516, -22.6307784 ], [ 44.1995047, -22.6308962 ], [ 44.1993929, -22.6310515 ], [ 44.199311, -22.6312153 ], [ 44.1993162, -22.6314697 ], [ 44.1994338, -22.631578 ], [ 44.1997841, -22.6316501 ], [ 44.1999331, -22.6316603 ], [ 44.1999602, -22.6318971 ], [ 44.2000778, -22.6320257 ], [ 44.200310699999989, -22.6320093 ], [ 44.2003479, -22.6322107 ], [ 44.200262, -22.6324469 ], [ 44.200185900000015, -22.6326456 ], [ 44.200292199999986, -22.6328653 ], [ 44.2005436, -22.6330069 ], [ 44.2006523, -22.6332099 ], [ 44.2007901, -22.6333856 ], [ 44.2010285, -22.6334021 ], [ 44.2012737, -22.6334444 ], [ 44.2011764, -22.6336432 ], [ 44.2011404, -22.6338335 ], [ 44.2012956, -22.6340053 ], [ 44.201385200000011, -22.6343218 ], [ 44.2014621, -22.6344766 ], [ 44.2016594, -22.6345376 ], [ 44.2017765, -22.6347311 ], [ 44.2020245, -22.6349386 ], [ 44.2021623, -22.6352306 ], [ 44.2020589, -22.6354244 ], [ 44.2021773, -22.6356604 ], [ 44.2022461, -22.6358503 ], [ 44.2024094, -22.6358566 ], [ 44.2024372, -22.6361126 ], [ 44.2025787, -22.6362962 ], [ 44.2027633, -22.6363098 ], [ 44.2029486, -22.6363526 ], [ 44.2030616, -22.6364801 ], [ 44.202945299999989, -22.6367445 ], [ 44.2027989, -22.6368824 ], [ 44.2025708, -22.6369983 ], [ 44.2024883, -22.637024 ], [ 44.2023833, -22.6372183 ], [ 44.2026699, -22.637334 ], [ 44.2028827, -22.6374949 ], [ 44.203038, -22.6375015 ], [ 44.2033292, -22.6375627 ], [ 44.2037282, -22.6377676 ], [ 44.2043212, -22.6385712 ], [ 44.2046312, -22.639021 ], [ 44.2049662, -22.6391742 ], [ 44.2053675, -22.6399663 ], [ 44.2054393, -22.6399944 ], [ 44.2054667, -22.6399876 ], [ 44.2054977, -22.6400137 ], [ 44.2054346, -22.6401352 ], [ 44.205528, -22.6401901 ], [ 44.2055858, -22.640218 ], [ 44.2056478, -22.6402545 ], [ 44.205663200000011, -22.6404899 ], [ 44.2056878, -22.6408582 ], [ 44.205824, -22.6414362 ], [ 44.2058391, -22.6415272 ], [ 44.2058135, -22.6417077 ], [ 44.2059902, -22.641889 ], [ 44.2060151, -22.6419769 ], [ 44.2060605, -22.6420175 ], [ 44.2061545, -22.6420669 ], [ 44.2065264, -22.6421839 ], [ 44.2066394, -22.6422041 ], [ 44.2067366, -22.642231 ], [ 44.2070016, -22.6422608 ], [ 44.2070129, -22.6422416 ], [ 44.2070525, -22.6422299 ], [ 44.2070919, -22.6422216 ], [ 44.2071854, -22.6421891 ], [ 44.207333, -22.6422985 ], [ 44.2073911, -22.6423496 ], [ 44.2074607, -22.6424595 ], [ 44.2074516, -22.6425147 ], [ 44.2074633, -22.6425805 ], [ 44.2075202, -22.6426643 ], [ 44.2076288, -22.6426807 ], [ 44.2076428, -22.6426846 ], [ 44.2076531, -22.6426914 ], [ 44.2076577, -22.6427516 ], [ 44.2076283, -22.6428591 ], [ 44.2076631, -22.6429695 ], [ 44.20770120000001, -22.643083 ], [ 44.2076917, -22.6431415 ], [ 44.2077027, -22.6432237 ], [ 44.2076004, -22.6433718 ], [ 44.2076373, -22.6434328 ], [ 44.2076029, -22.6434848 ], [ 44.207539, -22.6435555 ], [ 44.2074075, -22.6437071 ], [ 44.2073731, -22.6437755 ], [ 44.2073253, -22.64383 ], [ 44.2072912, -22.6439042 ], [ 44.2072552, -22.6439519 ], [ 44.2072811, -22.6440047 ], [ 44.2073157, -22.6440253 ], [ 44.2073568, -22.6440557 ], [ 44.2073552, -22.6441039 ], [ 44.2073385, -22.6441623 ], [ 44.2073391, -22.6441675 ], [ 44.2073315, -22.6441832 ], [ 44.207306300000013, -22.6441829 ], [ 44.207301399999984, -22.6442177 ], [ 44.207265, -22.6443548 ], [ 44.2072329, -22.6443929 ], [ 44.2075086, -22.6449197 ], [ 44.2078587, -22.645112 ], [ 44.2079037, -22.6451162 ], [ 44.2079837, -22.6452034 ], [ 44.2080694, -22.6452667 ], [ 44.2080652, -22.6452746 ], [ 44.208, -22.645485 ], [ 44.2079708, -22.645504 ], [ 44.2078896, -22.6455278 ], [ 44.207818, -22.6455705 ], [ 44.207764, -22.6456204 ], [ 44.2077735, -22.645669 ], [ 44.2078605, -22.6456626 ], [ 44.2079062, -22.6457018 ], [ 44.2079977, -22.6457572 ], [ 44.2080546, -22.6457221 ], [ 44.2081041, -22.6457014 ], [ 44.2081797, -22.6457075 ], [ 44.2082228, -22.6457723 ], [ 44.2084226, -22.6457867 ], [ 44.2085002, -22.6458168 ], [ 44.2085474, -22.645922 ], [ 44.2086348, -22.6459157 ], [ 44.2091355, -22.6461228 ], [ 44.2092414, -22.6461592 ], [ 44.2093392, -22.6461829 ], [ 44.2094099, -22.6461739 ], [ 44.2094402, -22.6461582 ], [ 44.2094916, -22.6461313 ], [ 44.209515, -22.64614 ], [ 44.2095622, -22.6462022 ], [ 44.2096025, -22.6462311 ], [ 44.2096547, -22.6462535 ], [ 44.2096999, -22.6462265 ], [ 44.2097214, -22.6462242 ], [ 44.20976, -22.646258 ], [ 44.2097894, -22.6462896 ], [ 44.2098475, -22.6462874 ], [ 44.2099039, -22.6463123 ], [ 44.2099361, -22.6463438 ], [ 44.2099899, -22.6463421 ], [ 44.2100393, -22.6463585 ], [ 44.2100989, -22.6463837 ], [ 44.2101412, -22.6463862 ], [ 44.2101809, -22.6464431 ], [ 44.2101833, -22.6464635 ], [ 44.2101881, -22.6464974 ], [ 44.210230200000012, -22.646545 ], [ 44.2102849, -22.6465749 ], [ 44.2103176, -22.6465708 ], [ 44.2103903, -22.646608 ], [ 44.2104816, -22.6466231 ], [ 44.2105134, -22.6466383 ], [ 44.2105404, -22.6466956 ], [ 44.2105996, -22.6467195 ], [ 44.210651, -22.6467196 ], [ 44.2107217, -22.6467155 ], [ 44.2107812, -22.6467085 ], [ 44.2107814, -22.6467324 ], [ 44.2107691, -22.6467873 ], [ 44.2107254, -22.6468205 ], [ 44.210718, -22.6468539 ], [ 44.2107315, -22.6469019 ], [ 44.2107679, -22.6469069 ], [ 44.2108059, -22.6469228 ], [ 44.2110908, -22.6473628 ], [ 44.2110627, -22.647423 ], [ 44.2110247, -22.6474567 ], [ 44.2110749, -22.6475097 ], [ 44.2111259, -22.6475389 ], [ 44.211193, -22.6475197 ], [ 44.2112425, -22.6475003 ], [ 44.2112924, -22.647466 ], [ 44.2112845, -22.6473974 ], [ 44.2113055, -22.6473116 ], [ 44.211316, -22.6472626 ], [ 44.2113344, -22.6472354 ], [ 44.211352899999987, -22.6471886 ], [ 44.2113901, -22.6471681 ], [ 44.2114196, -22.6472243 ], [ 44.2114517, -22.6472588 ], [ 44.2114466, -22.6473079 ], [ 44.2114334, -22.6473497 ], [ 44.2114416, -22.6473965 ], [ 44.2114419, -22.6474781 ], [ 44.2114286, -22.6475253 ], [ 44.211437, -22.6476024 ], [ 44.2114211, -22.6476795 ], [ 44.21144, -22.6477654 ], [ 44.2114293, -22.6478362 ], [ 44.2114321, -22.64788 ], [ 44.2114428, -22.6479356 ], [ 44.2114614, -22.6479861 ], [ 44.2114906, -22.648022 ], [ 44.2115384, -22.6480433 ], [ 44.2115966, -22.6480526 ], [ 44.211662799999985, -22.6480522 ], [ 44.2117162, -22.6480357 ], [ 44.211754, -22.6480268 ], [ 44.2117782, -22.6480101 ], [ 44.2118246, -22.6480188 ], [ 44.2118934, -22.6480555 ], [ 44.2119324, -22.6480941 ], [ 44.212394, -22.6482977 ], [ 44.2127652, -22.6483518 ], [ 44.2128003, -22.6483096 ], [ 44.2128733, -22.6483048 ], [ 44.2129517, -22.6483073 ], [ 44.2130195, -22.6483221 ], [ 44.213068500000013, -22.6483543 ], [ 44.2129958, -22.6484142 ], [ 44.2129472, -22.6484192 ], [ 44.212912, -22.6484242 ], [ 44.2128631, -22.6484192 ], [ 44.2128306, -22.6484167 ], [ 44.2127708, -22.6484318 ], [ 44.2127248, -22.6484673 ], [ 44.2126869, -22.6484552 ], [ 44.2126653, -22.6484505 ], [ 44.2126114, -22.6484632 ], [ 44.2125768, -22.6485083 ], [ 44.212561, -22.6485681 ], [ 44.2125504, -22.6486154 ], [ 44.2125584, -22.6486975 ], [ 44.2125558, -22.6487672 ], [ 44.212562, -22.648807 ], [ 44.2127464, -22.6490906 ], [ 44.2128077, -22.6491118 ], [ 44.2128032, -22.6491906 ], [ 44.2127847, -22.6492313 ], [ 44.212804299999988, -22.6492869 ], [ 44.2128613, -22.6493016 ], [ 44.2129482, -22.6493213 ], [ 44.2130163, -22.6493486 ], [ 44.212968, -22.6494096 ], [ 44.2129468, -22.6494653 ], [ 44.212960500000015, -22.6494854 ], [ 44.2129904, -22.6495179 ], [ 44.2129664, -22.6495734 ], [ 44.2129316, -22.6496187 ], [ 44.2129049, -22.6496664 ], [ 44.2128795, -22.6497338 ], [ 44.2128689, -22.6497903 ], [ 44.2128893, -22.6498294 ], [ 44.2129315, -22.6498877 ], [ 44.2129348, -22.6499022 ], [ 44.2129284, -22.649938 ], [ 44.212914399999988, -22.6499759 ], [ 44.2129185, -22.650009 ], [ 44.2129667, -22.65004 ], [ 44.2129977, -22.650031 ], [ 44.2130368, -22.650029 ], [ 44.2130849, -22.6500554 ], [ 44.2131115, -22.6500821 ], [ 44.2131667, -22.6501232 ], [ 44.2138577, -22.6502771 ], [ 44.2138812, -22.6503155 ], [ 44.2138989, -22.6503561 ], [ 44.2139403, -22.6503591 ], [ 44.2139561, -22.6503401 ], [ 44.2139799, -22.6502985 ], [ 44.2140298, -22.6502862 ], [ 44.2141104, -22.6502656 ], [ 44.2141675, -22.6502551 ], [ 44.2141942, -22.6502644 ], [ 44.2142271, -22.6502812 ], [ 44.2142497, -22.6503074 ], [ 44.2142931, -22.6503122 ], [ 44.2143283, -22.6503097 ], [ 44.2143554, -22.650313 ], [ 44.214395599999989, -22.6503559 ], [ 44.2143813, -22.6503923 ], [ 44.2143626, -22.6504212 ], [ 44.2143608, -22.6504595 ], [ 44.2144095, -22.6504803 ], [ 44.2144266, -22.6504956 ], [ 44.2144251, -22.6505616 ], [ 44.2144321, -22.6506259 ], [ 44.2144688, -22.6506456 ], [ 44.2144758, -22.6506949 ], [ 44.2144613, -22.6507481 ], [ 44.2144467, -22.6507896 ], [ 44.2144213, -22.650829 ], [ 44.2143853, -22.6508923 ], [ 44.2143663, -22.650928 ], [ 44.2143644, -22.6509621 ], [ 44.2143799, -22.6510051 ], [ 44.214402, -22.6510424 ], [ 44.214380600000013, -22.6510703 ], [ 44.2143591, -22.6511117 ], [ 44.2143722, -22.6511463 ], [ 44.2143745, -22.6511734 ], [ 44.2143555, -22.651229 ], [ 44.214368, -22.651277 ], [ 44.2143975, -22.6513215 ], [ 44.214442, -22.6513403 ], [ 44.214457, -22.6512481 ], [ 44.2144634, -22.6511939 ], [ 44.2144998, -22.6511419 ], [ 44.2145191, -22.6511098 ], [ 44.2145687, -22.6510816 ], [ 44.2146252, -22.6510471 ], [ 44.214682, -22.6510186 ], [ 44.2146797, -22.6509562 ], [ 44.2146971, -22.6509139 ], [ 44.2147034, -22.650844 ], [ 44.2147143, -22.6508339 ], [ 44.2147362, -22.6508554 ], [ 44.214743, -22.6508852 ], [ 44.2147849, -22.6508926 ], [ 44.2148069, -22.6508762 ], [ 44.2147932, -22.6508284 ], [ 44.2147732, -22.6507969 ], [ 44.214751, -22.650744 ], [ 44.2147398, -22.6506815 ], [ 44.2147483, -22.6506382 ], [ 44.2147893, -22.6505959 ], [ 44.2148043, -22.6505642 ], [ 44.2148086, -22.6505621 ], [ 44.2148282, -22.6505555 ], [ 44.2148369, -22.6505593 ], [ 44.2148391, -22.6505593 ], [ 44.2148412, -22.6505535 ], [ 44.2146267, -22.6503198 ], [ 44.2146248, -22.6502236 ], [ 44.2146194, -22.6501671 ], [ 44.2146079, -22.6501213 ], [ 44.214615, -22.6500883 ], [ 44.2146624, -22.6500459 ], [ 44.2146858, -22.6500342 ], [ 44.2147472, -22.650037 ], [ 44.2147895, -22.6500465 ], [ 44.2148247, -22.6500437 ], [ 44.2148337, -22.6500702 ], [ 44.2149053, -22.6501206 ], [ 44.2150209, -22.6501728 ], [ 44.2151162, -22.6501851 ], [ 44.2151659, -22.6501411 ], [ 44.2152, -22.6501021 ], [ 44.2152264, -22.6500926 ], [ 44.2152622, -22.6500697 ], [ 44.2153055, -22.650087 ], [ 44.2153413, -22.6501074 ], [ 44.2153736, -22.650147 ], [ 44.2154132, -22.650159 ], [ 44.2154483, -22.6501254 ], [ 44.2154833, -22.6500955 ], [ 44.2155245, -22.6501092 ], [ 44.2155665, -22.6501158 ], [ 44.2155696, -22.6500594 ], [ 44.2155747, -22.6499856 ], [ 44.2156084, -22.6499092 ], [ 44.2156327, -22.6498819 ], [ 44.2156554, -22.6498461 ], [ 44.2157072, -22.6498304 ], [ 44.2157633, -22.6498064 ], [ 44.2157899, -22.6497686 ], [ 44.2158086, -22.6497194 ], [ 44.2157964, -22.6496935 ], [ 44.2157749, -22.6496632 ], [ 44.2157353, -22.6496407 ], [ 44.2157002, -22.6496322 ], [ 44.2156557, -22.6496386 ], [ 44.215629100000015, -22.6496725 ], [ 44.215582, -22.6497031 ], [ 44.2155779, -22.6497431 ], [ 44.2155695, -22.6497659 ], [ 44.2155457, -22.6497737 ], [ 44.2155243, -22.6497526 ], [ 44.2155053, -22.6497057 ], [ 44.2154935, -22.649681 ], [ 44.2151469, -22.6494643 ], [ 44.2149963, -22.6492759 ], [ 44.2148465, -22.6490646 ], [ 44.2145484, -22.6490173 ], [ 44.2141757, -22.6490638 ], [ 44.2138712, -22.6487539 ], [ 44.2137141, -22.6481401 ], [ 44.2133647, -22.6475282 ], [ 44.213109499999987, -22.6474798 ], [ 44.2124903, -22.6470589 ], [ 44.2121011, -22.6465783 ], [ 44.2120646, -22.6466054 ], [ 44.212026, -22.6464555 ], [ 44.2119728, -22.6463804 ], [ 44.2119555, -22.6463118 ], [ 44.2119339, -22.6462594 ], [ 44.2118983, -22.6462369 ], [ 44.2119182, -22.6461775 ], [ 44.2119542, -22.6461508 ], [ 44.2119732, -22.6461203 ], [ 44.2119401, -22.6460967 ], [ 44.2119106, -22.6460785 ], [ 44.21188979999998, -22.6460984 ], [ 44.2118633, -22.6461129 ], [ 44.2118389, -22.6461155 ], [ 44.2118192, -22.6460821 ], [ 44.2118277, -22.6460482 ], [ 44.21186560000001, -22.6460174 ], [ 44.211883, -22.6459811 ], [ 44.2119185, -22.6459493 ], [ 44.2118994, -22.6458976 ], [ 44.2118863, -22.6458354 ], [ 44.2118312, -22.6458095 ], [ 44.211790199999989, -22.6457949 ], [ 44.2117542, -22.6458289 ], [ 44.2117146, -22.6458495 ], [ 44.2116781, -22.6458758 ], [ 44.2116483, -22.645913 ], [ 44.2116335, -22.6459463 ], [ 44.2116146, -22.6459452 ], [ 44.2115636, -22.6458907 ], [ 44.2115128, -22.6458616 ], [ 44.211467200000016, -22.6458034 ], [ 44.211399, -22.6457517 ], [ 44.2113687, -22.6457198 ], [ 44.2113503, -22.645678 ], [ 44.2113034, -22.645644 ], [ 44.2112787, -22.6455771 ], [ 44.2112961, -22.6455358 ], [ 44.2112902, -22.64549 ], [ 44.2112662, -22.645447 ], [ 44.2112572, -22.6454108 ], [ 44.2112164, -22.6454067 ], [ 44.2111822, -22.6454027 ], [ 44.2111322, -22.6454268 ], [ 44.2111066, -22.6454491 ], [ 44.211096899999987, -22.6454807 ], [ 44.2110854, -22.6455141 ], [ 44.211088, -22.6455662 ], [ 44.2110378, -22.645473 ], [ 44.211034800000014, -22.6454093 ], [ 44.2110031, -22.6453607 ], [ 44.2109813, -22.6453375 ], [ 44.2109198, -22.6453383 ], [ 44.2108638, -22.6453226 ], [ 44.2108251, -22.6452964 ], [ 44.2107464, -22.6453049 ], [ 44.2106789, -22.6453248 ], [ 44.210611, -22.6453641 ], [ 44.2105608, -22.6454212 ], [ 44.2105072, -22.64547 ], [ 44.2104413, -22.6454844 ], [ 44.2103489, -22.6454383 ], [ 44.2102872, -22.6453656 ], [ 44.2101608, -22.6452541 ], [ 44.2100954, -22.6451919 ], [ 44.2100341, -22.6451899 ], [ 44.2099569, -22.6451381 ], [ 44.209895599999989, -22.6450684 ], [ 44.2098229, -22.6449988 ], [ 44.2097833, -22.6449706 ], [ 44.2097134, -22.6449039 ], [ 44.2096557, -22.6448462 ], [ 44.2096369, -22.6447773 ], [ 44.2095895, -22.6447079 ], [ 44.2095547, -22.6446678 ], [ 44.2093921, -22.6445226 ], [ 44.2094125, -22.6444826 ], [ 44.209386, -22.6444453 ], [ 44.2093475, -22.6444125 ], [ 44.2092842, -22.6444179 ], [ 44.2092077, -22.6444486 ], [ 44.2091009, -22.644463 ], [ 44.2090221, -22.6444744 ], [ 44.208967, -22.6445304 ], [ 44.2088718, -22.6445853 ], [ 44.2087943, -22.6446012 ], [ 44.2086994, -22.6445258 ], [ 44.2086037, -22.6444481 ], [ 44.2085794, -22.6443998 ], [ 44.2085733, -22.6442591 ], [ 44.2085762, -22.6441875 ], [ 44.208609099999983, -22.6441497 ], [ 44.2086194, -22.6440983 ], [ 44.2086155, -22.644044 ], [ 44.2085577, -22.6439804 ], [ 44.2085418, -22.6439492 ], [ 44.2085771, -22.6439149 ], [ 44.2085821, -22.6438543 ], [ 44.2085577, -22.6438232 ], [ 44.208501800000015, -22.643806 ], [ 44.208296399999981, -22.6437577 ], [ 44.2080192, -22.6437433 ], [ 44.2078562, -22.6437844 ], [ 44.2077702, -22.6437984 ], [ 44.2077052, -22.6438326 ], [ 44.207652, -22.643844 ], [ 44.2075951, -22.6438552 ], [ 44.207546600000015, -22.6438141 ], [ 44.2074946, -22.6437596 ], [ 44.2075641, -22.6436858 ], [ 44.2075944, -22.6436235 ], [ 44.2076385, -22.6435815 ], [ 44.2076904, -22.6435295 ], [ 44.2077184, -22.6434649 ], [ 44.2077329, -22.6433806 ], [ 44.207768, -22.6433136 ], [ 44.2077998, -22.6432371 ], [ 44.2077964, -22.6431501 ], [ 44.2077891, -22.643073 ], [ 44.2077824, -22.6429789 ], [ 44.2077312, -22.6429192 ], [ 44.207721199999988, -22.6428916 ], [ 44.2077179, -22.6427522 ], [ 44.207719900000015, -22.6426334 ], [ 44.2076656, -22.6425763 ], [ 44.207568599999988, -22.6424565 ], [ 44.2074345, -22.6423158 ], [ 44.2071599, -22.6420698 ], [ 44.206937, -22.6420286 ], [ 44.2068875, -22.6419673 ], [ 44.2067854, -22.641805 ], [ 44.206608, -22.6414971 ], [ 44.2067129, -22.6412349 ], [ 44.2070228, -22.6409178 ], [ 44.2074283, -22.6406537 ], [ 44.2078029, -22.6404786 ], [ 44.2079805, -22.6402312 ], [ 44.2080371, -22.6399164 ], [ 44.2079717, -22.6396632 ], [ 44.2077685, -22.6399674 ], [ 44.2075886, -22.640255 ], [ 44.2072826, -22.6405835 ], [ 44.2070513, -22.6407872 ], [ 44.2067688, -22.6410382 ], [ 44.2065556, -22.6413172 ], [ 44.2064152, -22.6415148 ], [ 44.2064066, -22.641559 ], [ 44.2064173, -22.641639 ], [ 44.2064642, -22.6416884 ], [ 44.2065117, -22.6418484 ], [ 44.2065861, -22.6419731 ], [ 44.2066454, -22.6419778 ], [ 44.2066783, -22.6420818 ], [ 44.2066603, -22.6421256 ], [ 44.2065605, -22.6421364 ], [ 44.2062728, -22.6420172 ], [ 44.2062266, -22.6419756 ], [ 44.206092899999987, -22.6418693 ], [ 44.2060038, -22.6417629 ], [ 44.2059636, -22.6417185 ], [ 44.2057789, -22.6406457 ], [ 44.205794, -22.6403478 ], [ 44.2057694, -22.6402692 ], [ 44.2056108, -22.6401104 ], [ 44.205528, -22.6396325 ], [ 44.2052656, -22.6391321 ], [ 44.205002599999986, -22.6388809 ], [ 44.2049857, -22.6386102 ], [ 44.2051413, -22.6384549 ], [ 44.2053449, -22.6383683 ], [ 44.2055949, -22.6384173 ], [ 44.2055772, -22.6381709 ], [ 44.2053814, -22.6380334 ], [ 44.2051786, -22.6380969 ], [ 44.2050032, -22.6381165 ], [ 44.204890700000014, -22.6378244 ], [ 44.20474, -22.6371981 ], [ 44.2045987, -22.6369281 ], [ 44.2044873, -22.6365936 ], [ 44.2043288, -22.6363502 ], [ 44.204534099999989, -22.6358348 ], [ 44.2048127, -22.6354182 ], [ 44.2049399, -22.6350231 ], [ 44.2052529, -22.6347204 ], [ 44.2054386, -22.6345007 ], [ 44.2055849, -22.6341177 ], [ 44.2058604, -22.6339464 ], [ 44.2060154, -22.6337286 ], [ 44.2062773, -22.6336124 ], [ 44.2064819, -22.6334468 ], [ 44.2068216, -22.6330588 ], [ 44.2071125, -22.6329034 ], [ 44.2075779, -22.6331154 ], [ 44.2075656, -22.6331934 ], [ 44.20759, -22.6332126 ], [ 44.20763, -22.633261 ], [ 44.2077138, -22.6332631 ], [ 44.2077914, -22.6332418 ], [ 44.207898700000015, -22.6332014 ], [ 44.2080013, -22.633102 ], [ 44.2080299, -22.6330687 ], [ 44.2080376, -22.6328237 ], [ 44.2081586, -22.632501 ], [ 44.2082336, -22.6324915 ], [ 44.2082847, -22.6324217 ], [ 44.2082879, -22.6323739 ], [ 44.2082913, -22.6323196 ], [ 44.2082829, -22.6322761 ], [ 44.2082314, -22.6322392 ], [ 44.2081809, -22.6322275 ], [ 44.2080715, -22.6321945 ], [ 44.207928500000016, -22.6321454 ], [ 44.2078605, -22.6321342 ], [ 44.207703599999988, -22.6321148 ], [ 44.2076213, -22.6321164 ], [ 44.207571, -22.6321061 ], [ 44.2073065, -22.6323216 ], [ 44.2069315, -22.6325617 ], [ 44.2065269, -22.6328028 ], [ 44.2062992, -22.6330862 ], [ 44.2058861, -22.6331106 ], [ 44.2054694, -22.63331 ], [ 44.205235300000012, -22.6336221 ], [ 44.2049825, -22.6337201 ], [ 44.2049847, -22.6338278 ], [ 44.2049637, -22.6339074 ], [ 44.2049195, -22.6339515 ], [ 44.2049052, -22.6339543 ], [ 44.2048699, -22.6340222 ], [ 44.2048913, -22.6340924 ], [ 44.2049332, -22.6341101 ], [ 44.2049562, -22.634154 ], [ 44.2049503, -22.6342044 ], [ 44.2049439, -22.6342896 ], [ 44.204933499999989, -22.6343199 ], [ 44.2049087, -22.6343277 ], [ 44.2046827, -22.6348463 ], [ 44.2046554, -22.6349067 ], [ 44.2045346, -22.6350338 ], [ 44.2040765, -22.6353127 ], [ 44.2038047, -22.6355994 ], [ 44.2034487, -22.6351684 ], [ 44.2033378, -22.6346874 ], [ 44.2034426, -22.6343635 ], [ 44.2034912, -22.6343619 ], [ 44.2037658, -22.6341751 ], [ 44.2039051, -22.6341052 ], [ 44.2039868, -22.6340662 ], [ 44.2040128, -22.6339915 ], [ 44.2039459, -22.6338965 ], [ 44.2038799, -22.6339277 ], [ 44.2038138, -22.6339455 ], [ 44.2037749, -22.6338851 ], [ 44.2037236, -22.6338379 ], [ 44.203664, -22.6338592 ], [ 44.2035937, -22.6339153 ], [ 44.20353, -22.6339724 ], [ 44.203470499999987, -22.6340163 ], [ 44.2033977, -22.6340136 ], [ 44.2032961, -22.6339095 ], [ 44.203246, -22.6338182 ], [ 44.2031108, -22.6337864 ], [ 44.203012, -22.6336667 ], [ 44.2029494, -22.6335631 ], [ 44.2028652, -22.6334615 ], [ 44.2028354, -22.633248 ], [ 44.2026722, -22.6329801 ], [ 44.2022201, -22.6326022 ], [ 44.2020132, -22.6320907 ], [ 44.2017026, -22.6318459 ], [ 44.2011962, -22.6317982 ], [ 44.200772, -22.6315716 ], [ 44.200416, -22.6311486 ], [ 44.1998543, -22.6308109 ], [ 44.200077, -22.6304162 ], [ 44.200398299999989, -22.6301555 ], [ 44.2003749, -22.6296089 ], [ 44.200249199999988, -22.6292606 ], [ 44.2001541, -22.6286762 ], [ 44.2007654, -22.6281828 ], [ 44.2012607, -22.6279476 ], [ 44.2015545, -22.6277694 ], [ 44.2016088, -22.6275619 ], [ 44.20142, -22.6274915 ], [ 44.2011989, -22.6276507 ], [ 44.2009747, -22.6278313 ], [ 44.2007956, -22.6280354 ], [ 44.2005025, -22.6280463 ], [ 44.2003592, -22.6279374 ], [ 44.2004, -22.6277856 ], [ 44.2004202, -22.6277094 ], [ 44.2004507, -22.6276194 ], [ 44.2004355, -22.6275855 ], [ 44.2003884, -22.6275921 ], [ 44.2002332, -22.6277727 ], [ 44.2001249, -22.6279592 ], [ 44.2000142, -22.6280209 ], [ 44.1999368, -22.6280451 ], [ 44.1998614, -22.6280797 ], [ 44.1997939, -22.6280022 ], [ 44.199681100000014, -22.6278644 ], [ 44.1995029, -22.6278682 ], [ 44.1993861, -22.6278052 ], [ 44.1992912, -22.6277427 ], [ 44.1992024, -22.6276741 ], [ 44.1991591, -22.6276043 ], [ 44.199125, -22.6275612 ], [ 44.1991546, -22.6274828 ], [ 44.199244299999989, -22.6274898 ], [ 44.1993021, -22.627524 ], [ 44.1994297, -22.6275266 ], [ 44.1995644, -22.6274481 ], [ 44.1996736, -22.6273885 ], [ 44.1997374, -22.627349 ], [ 44.199833, -22.6272672 ], [ 44.1998214, -22.6272394 ], [ 44.1998861, -22.6272169 ], [ 44.1999513, -22.6272689 ], [ 44.2000174, -22.6272613 ], [ 44.2000826, -22.6272568 ], [ 44.20011419999998, -22.6272943 ], [ 44.2001843, -22.6272547 ], [ 44.2002899, -22.6272212 ], [ 44.2002917, -22.6271261 ], [ 44.20043889999998, -22.627123 ], [ 44.2005067, -22.6271196 ], [ 44.2006357, -22.6268166 ], [ 44.2007809, -22.626309 ], [ 44.2009164, -22.6260117 ], [ 44.2010431, -22.6258569 ], [ 44.2009648, -22.6255949 ], [ 44.2009364, -22.6253488 ], [ 44.2009045, -22.6252179 ], [ 44.2009007, -22.6251476 ], [ 44.2009623, -22.6251222 ], [ 44.2010569, -22.6250426 ], [ 44.2011323, -22.6249812 ], [ 44.20116, -22.6248829 ], [ 44.2011581, -22.6248064 ], [ 44.2011042, -22.6246988 ], [ 44.2010633, -22.6246561 ], [ 44.2010953, -22.6245736 ], [ 44.2011946, -22.6244798 ], [ 44.2012405, -22.6244313 ], [ 44.2012875, -22.6243897 ], [ 44.2016987, -22.624094 ], [ 44.2019218, -22.6240548 ], [ 44.2022573, -22.6239144 ], [ 44.2023465, -22.6236506 ], [ 44.2022614, -22.6235666 ], [ 44.2022024, -22.6234908 ], [ 44.2021709, -22.6235154 ], [ 44.2020932, -22.623476 ], [ 44.2020099, -22.6234184 ], [ 44.2019248, -22.6234172 ], [ 44.2018819, -22.6234102 ], [ 44.201767599999989, -22.6233689 ], [ 44.2016686, -22.6232765 ], [ 44.2016536, -22.6232331 ], [ 44.2012471, -22.6231341 ], [ 44.200593200000014, -22.6230673 ], [ 44.2001051, -22.6231224 ], [ 44.1996816, -22.6232458 ], [ 44.199616, -22.6233314 ], [ 44.1995668, -22.6233908 ], [ 44.1995374, -22.6234505 ], [ 44.1994987, -22.6234859 ], [ 44.199419, -22.6235187 ], [ 44.199374899999988, -22.6235492 ], [ 44.199316, -22.6235316 ], [ 44.1992629, -22.6234122 ], [ 44.1992528, -22.6233697 ], [ 44.1991359, -22.6231702 ], [ 44.1989306, -22.6227957 ], [ 44.1988424, -22.6227607 ], [ 44.1987666, -22.6226687 ], [ 44.1986834, -22.6226135 ], [ 44.1986636, -22.6225078 ], [ 44.1986387, -22.6224119 ], [ 44.1986042, -22.6223813 ], [ 44.1985819, -22.6223518 ], [ 44.1985698, -22.6223193 ], [ 44.1985873, -22.6223169 ], [ 44.1986788, -22.6221053 ], [ 44.198982, -22.6219281 ], [ 44.1989779, -22.6218423 ], [ 44.1989623, -22.621786 ], [ 44.1989252, -22.6217527 ], [ 44.1988659, -22.6216913 ], [ 44.1987955, -22.6217073 ], [ 44.198672, -22.6217248 ], [ 44.1985418, -22.6216167 ], [ 44.1984393, -22.6215645 ], [ 44.198348, -22.6215106 ], [ 44.198228, -22.6214293 ], [ 44.1980892, -22.6213392 ], [ 44.198079899999989, -22.6212618 ], [ 44.1980546, -22.6212211 ], [ 44.1980024, -22.6211633 ], [ 44.1979265, -22.6211394 ], [ 44.1978299, -22.6211123 ], [ 44.1977599, -22.6211011 ], [ 44.1976708, -22.621082 ], [ 44.197597800000011, -22.6210594 ], [ 44.1975553, -22.6210258 ], [ 44.1975312, -22.6209984 ], [ 44.1975008, -22.6209607 ], [ 44.1974838, -22.6209317 ], [ 44.1974815, -22.6208824 ], [ 44.1976126, -22.6202209 ], [ 44.1973604, -22.6198002 ], [ 44.1971034, -22.6192312 ], [ 44.1970762, -22.6192214 ], [ 44.1970428, -22.619227 ], [ 44.1970067, -22.619256 ], [ 44.1969621, -22.6192715 ], [ 44.1969232, -22.6192791 ], [ 44.196893, -22.6191864 ], [ 44.1968766, -22.6191244 ], [ 44.1969061, -22.6190814 ], [ 44.1969215, -22.6190238 ], [ 44.196932299999986, -22.618989 ], [ 44.1968902, -22.6189399 ], [ 44.1968384, -22.6188941 ], [ 44.1967878, -22.6188664 ], [ 44.1967338, -22.6188222 ], [ 44.1967258, -22.6187822 ], [ 44.1967455, -22.6187496 ], [ 44.1967363, -22.6186964 ], [ 44.1968354, -22.6185703 ], [ 44.1969084, -22.618237 ], [ 44.1970247, -22.6178673 ], [ 44.1970426, -22.6173962 ], [ 44.1967736, -22.6171026 ], [ 44.1963695, -22.6169317 ], [ 44.1963631, -22.6170024 ], [ 44.1963308, -22.6170627 ], [ 44.1962925, -22.6171076 ], [ 44.1962297, -22.6171458 ], [ 44.1961892, -22.6171699 ], [ 44.1961382, -22.6171484 ], [ 44.1961071, -22.6171334 ], [ 44.196074, -22.6170918 ], [ 44.1960663, -22.6169922 ], [ 44.1960987, -22.61687 ], [ 44.1961277, -22.6168396 ], [ 44.196131099999988, -22.6168176 ], [ 44.196098299999989, -22.6167957 ], [ 44.1960419, -22.6168067 ], [ 44.1960217, -22.6168202 ], [ 44.1959134, -22.6167808 ], [ 44.1958274, -22.6167479 ], [ 44.1957671, -22.6167133 ], [ 44.1957078, -22.6166611 ], [ 44.1956503, -22.6166332 ], [ 44.1953673, -22.6162078 ], [ 44.1949227, -22.6160199 ], [ 44.1948094, -22.6160054 ], [ 44.1947538, -22.6160019 ], [ 44.1946911, -22.6159657 ], [ 44.1945478, -22.615924 ], [ 44.1942927, -22.6157893 ], [ 44.1938372, -22.6157436 ], [ 44.1937776, -22.6157984 ], [ 44.1937079, -22.615831 ], [ 44.1933543, -22.6157961 ], [ 44.1930237, -22.6157857 ], [ 44.1926521, -22.6155512 ], [ 44.1926427, -22.6151964 ], [ 44.1927066, -22.6147154 ], [ 44.19297, -22.614391 ], [ 44.193366, -22.6141973 ], [ 44.1936734, -22.6140787 ], [ 44.1938611, -22.6139368 ], [ 44.193889, -22.6138199 ], [ 44.1938722, -22.613709 ], [ 44.1938649, -22.6136467 ], [ 44.193809399999985, -22.6134537 ], [ 44.1937863, -22.613407 ], [ 44.1935214, -22.6130992 ], [ 44.1934848, -22.6129344 ], [ 44.1932074, -22.6128371 ], [ 44.1930042, -22.6127493 ], [ 44.1926144, -22.6127287 ], [ 44.1923161, -22.6127518 ], [ 44.1919615, -22.612723 ], [ 44.1917228, -22.6128425 ], [ 44.1915495, -22.6129371 ], [ 44.1913094, -22.613174 ], [ 44.191196200000014, -22.6133164 ], [ 44.1910535, -22.6134159 ], [ 44.1908774, -22.613202 ], [ 44.190683, -22.6129972 ], [ 44.1904168, -22.6128632 ], [ 44.1901256, -22.6127909 ], [ 44.1899127, -22.6128156 ], [ 44.1897149, -22.612885 ], [ 44.1894997, -22.6129982 ], [ 44.1892209, -22.6130486 ], [ 44.1891056, -22.6128987 ], [ 44.1889818, -22.6127057 ], [ 44.1889058, -22.6126096 ], [ 44.188641, -22.6123411 ], [ 44.1885284, -22.6122132 ], [ 44.1884819, -22.6121448 ], [ 44.1884649, -22.6119813 ], [ 44.188504699999989, -22.6117912 ], [ 44.1885528, -22.6117046 ], [ 44.1884972, -22.6116273 ], [ 44.1883285, -22.6115924 ], [ 44.1881574, -22.6117835 ], [ 44.1880149, -22.6119834 ], [ 44.1878173, -22.612143 ], [ 44.187779, -22.6121869 ], [ 44.1877701, -22.6122436 ], [ 44.1877913, -22.6122986 ], [ 44.1878202, -22.6123149 ], [ 44.1878433, -22.6123524 ], [ 44.1877978, -22.6123886 ], [ 44.1877607, -22.6124576 ], [ 44.1877613, -22.6125295 ], [ 44.1877874, -22.6125748 ], [ 44.1877922, -22.6126312 ], [ 44.1877511, -22.6127011 ], [ 44.1877017, -22.6127865 ], [ 44.1875851, -22.6128926 ], [ 44.1875192, -22.6129705 ], [ 44.187313, -22.6131585 ], [ 44.1872867, -22.6132464 ], [ 44.1871495, -22.6133364 ], [ 44.1870878, -22.6134373 ], [ 44.1870159, -22.6134849 ], [ 44.1869959, -22.6136495 ], [ 44.1869697, -22.6137871 ], [ 44.1869416, -22.6138727 ], [ 44.1868756, -22.6139343 ], [ 44.1867693, -22.614215 ], [ 44.1863851, -22.6145212 ], [ 44.1861927, -22.6147977 ], [ 44.1860588, -22.6149701 ], [ 44.1858349, -22.6151474 ], [ 44.1856208, -22.615316 ], [ 44.1855118, -22.6155424 ], [ 44.1854207, -22.6157159 ], [ 44.1852475, -22.6158671 ], [ 44.1851501, -22.6160405 ], [ 44.185087, -22.6161461 ], [ 44.1849216, -22.6160145 ], [ 44.1847295, -22.6159182 ], [ 44.1845641, -22.6158653 ], [ 44.184314, -22.6158886 ], [ 44.1840533, -22.6160143 ], [ 44.1839574, -22.6162102 ], [ 44.1839077, -22.6164069 ], [ 44.1838585, -22.6165695 ], [ 44.1837904, -22.6167664 ], [ 44.183641, -22.616893 ], [ 44.1835472, -22.6170118 ], [ 44.1836362, -22.6171769 ], [ 44.1837717, -22.6173005 ], [ 44.183936, -22.6173818 ], [ 44.1841355, -22.617433 ], [ 44.1842505, -22.6176909 ], [ 44.1843096, -22.6179163 ], [ 44.1843878, -22.6180933 ], [ 44.1842021, -22.6182201 ], [ 44.1839498, -22.6181221 ], [ 44.1837338, -22.6179643 ], [ 44.183464099999988, -22.6177735 ], [ 44.1832548, -22.6176153 ], [ 44.1830165, -22.6174243 ], [ 44.1826969, -22.6172825 ], [ 44.182433599999989, -22.6173479 ], [ 44.182475, -22.6175094 ], [ 44.1824853, -22.6177038 ], [ 44.1824855, -22.6177291 ], [ 44.1825317, -22.6178395 ], [ 44.1825409, -22.617865 ], [ 44.1826147, -22.6179756 ], [ 44.1823325, -22.6179955 ], [ 44.182115, -22.6180416 ], [ 44.181885900000012, -22.6180359 ], [ 44.1815897, -22.6179401 ], [ 44.1810776, -22.6177089 ], [ 44.1809149, -22.6175727 ], [ 44.1808197, -22.6174918 ], [ 44.1807241, -22.6174696 ], [ 44.1805906, -22.6175072 ], [ 44.1804762, -22.6174099 ], [ 44.1803444, -22.6173191 ], [ 44.1802215, -22.6172212 ], [ 44.1800723, -22.6171956 ], [ 44.1798754, -22.6171925 ], [ 44.179529, -22.6172915 ], [ 44.1794699, -22.6173281 ], [ 44.1792734, -22.6172806 ], [ 44.1791392, -22.6172372 ], [ 44.1790712, -22.6173078 ], [ 44.1789891, -22.6172329 ], [ 44.1787863, -22.6170858 ], [ 44.1787317, -22.6169593 ], [ 44.1786621, -22.6168602 ], [ 44.1786037, -22.6167793 ], [ 44.178538, -22.6167094 ], [ 44.1784757, -22.616681 ], [ 44.178391, -22.6166732 ], [ 44.1782907, -22.616675 ], [ 44.1782239, -22.6166684 ], [ 44.178195900000013, -22.6165881 ], [ 44.1782243, -22.6164778 ], [ 44.1782204, -22.616346 ], [ 44.1782075, -22.6162426 ], [ 44.1781583, -22.6161643 ], [ 44.1780765, -22.616154 ], [ 44.1779437, -22.6160642 ], [ 44.1778776, -22.6162084 ], [ 44.177855, -22.6163338 ], [ 44.1778783, -22.6164035 ], [ 44.1778093, -22.6164872 ], [ 44.1778097, -22.6165846 ], [ 44.1777589, -22.6166038 ], [ 44.177678499999985, -22.6167046 ], [ 44.1776209, -22.6167904 ], [ 44.1775835, -22.6169156 ], [ 44.177522, -22.6169405 ], [ 44.1774891, -22.6169868 ], [ 44.1775068, -22.6170807 ], [ 44.1774787, -22.6171828 ], [ 44.1774452, -22.6172417 ], [ 44.177351, -22.6172842 ], [ 44.1773055, -22.617423 ], [ 44.1772615, -22.617629 ], [ 44.1773386, -22.6176263 ], [ 44.1774525, -22.6176314 ], [ 44.177532, -22.6177066 ], [ 44.1776226, -22.6179583 ], [ 44.1775488, -22.6181504 ], [ 44.1774171, -22.6184432 ], [ 44.1774153, -22.618579 ], [ 44.1775409, -22.6186193 ], [ 44.177671099999984, -22.6186648 ], [ 44.1777384, -22.6187706 ], [ 44.1777942, -22.6188142 ], [ 44.1778265, -22.6188721 ], [ 44.1778507, -22.6189128 ], [ 44.1778329, -22.6189509 ], [ 44.1777702, -22.6189949 ], [ 44.1776966, -22.6190261 ], [ 44.1776255, -22.6190329 ], [ 44.1776026, -22.6190715 ], [ 44.177646599999989, -22.6191068 ], [ 44.1774432, -22.6193691 ], [ 44.1772063, -22.6193483 ], [ 44.1771751, -22.6195245 ], [ 44.1771355, -22.6196463 ], [ 44.1771658, -22.6197886 ], [ 44.1773218, -22.6199114 ], [ 44.1774182, -22.6199684 ], [ 44.1775752, -22.6200861 ], [ 44.1775732, -22.6202131 ], [ 44.1775606, -22.6203214 ], [ 44.1773103, -22.6205874 ], [ 44.177164, -22.6205939 ], [ 44.1770057, -22.6206237 ], [ 44.1768975, -22.6206575 ], [ 44.1768814, -22.6207195 ], [ 44.1767531, -22.620725 ], [ 44.1766959, -22.6206677 ], [ 44.1765905, -22.6206278 ], [ 44.1765381, -22.6206528 ], [ 44.1764969, -22.6207116 ], [ 44.176473, -22.6207715 ], [ 44.1764216, -22.620743 ], [ 44.1762976, -22.6207537 ], [ 44.1762646, -22.620818 ], [ 44.176173899999988, -22.6208463 ], [ 44.1760966, -22.6208312 ], [ 44.1760412, -22.6208246 ], [ 44.1759428, -22.6208043 ], [ 44.175832, -22.6208631 ], [ 44.1757938, -22.6209341 ], [ 44.175824, -22.621141 ], [ 44.175803, -22.6212431 ], [ 44.1757906, -22.6213575 ], [ 44.1757317, -22.6215052 ], [ 44.1755652, -22.6215434 ], [ 44.1755235, -22.6216256 ], [ 44.1754678, -22.6217775 ], [ 44.1754545, -22.6218351 ], [ 44.1755137, -22.6219402 ], [ 44.1755819, -22.6219754 ], [ 44.1756338, -22.6219862 ], [ 44.1756178, -22.6220815 ], [ 44.1755928, -22.6221226 ], [ 44.1756497, -22.6222366 ], [ 44.1756927, -22.6223031 ], [ 44.1756578, -22.6224274 ], [ 44.1756562, -22.6225108 ], [ 44.1756443, -22.6226166 ], [ 44.1756752, -22.6227263 ], [ 44.1759778, -22.6232019 ], [ 44.1758949, -22.6232545 ], [ 44.1758429, -22.6232717 ], [ 44.1757686, -22.6232924 ], [ 44.1757222, -22.6233016 ], [ 44.175666, -22.6234226 ], [ 44.1756175, -22.6235615 ], [ 44.1755685, -22.6236437 ], [ 44.1755492, -22.6237332 ], [ 44.1755641, -22.623834 ], [ 44.1755891, -22.6239124 ], [ 44.175594, -22.62403 ], [ 44.1755499, -22.6241131 ], [ 44.1755346, -22.6242136 ], [ 44.1754325, -22.6243162 ], [ 44.1753899, -22.6244344 ], [ 44.1754447, -22.6245307 ], [ 44.1754847, -22.6245841 ], [ 44.1754537, -22.6246682 ], [ 44.1755216, -22.6247506 ], [ 44.175656, -22.6246917 ], [ 44.1757501, -22.6246472 ], [ 44.1758851, -22.6246328 ], [ 44.1759521, -22.6245852 ], [ 44.1759585, -22.6244969 ], [ 44.175965, -22.6244617 ], [ 44.176035, -22.624472 ], [ 44.1760751, -22.6245578 ], [ 44.1761164, -22.6246189 ], [ 44.1761206, -22.6247628 ], [ 44.1762391, -22.6247905 ], [ 44.1763288, -22.6248309 ], [ 44.1763657, -22.6249246 ], [ 44.1763788, -22.6249935 ], [ 44.176380400000014, -22.6251607 ], [ 44.1763668, -22.6252732 ], [ 44.176484099999989, -22.6254984 ], [ 44.176546599999988, -22.625554 ], [ 44.1766315, -22.6258465 ], [ 44.1764667, -22.6259276 ], [ 44.176461, -22.6259545 ], [ 44.176158400000013, -22.626065 ], [ 44.1760819, -22.6260809 ], [ 44.1759562, -22.6260086 ], [ 44.1758769, -22.6259489 ], [ 44.1758034, -22.6259097 ], [ 44.1757645, -22.6258864 ], [ 44.1757131, -22.6259007 ], [ 44.1756379, -22.6259409 ], [ 44.1755437, -22.625998 ], [ 44.1754657, -22.6260462 ], [ 44.175417499999988, -22.625982 ], [ 44.1753616, -22.6258614 ], [ 44.1753103, -22.6257016 ], [ 44.1752739, -22.6256157 ], [ 44.1752045, -22.6255517 ], [ 44.1750044, -22.625468 ], [ 44.174932, -22.6255221 ], [ 44.1748597, -22.6255574 ], [ 44.1748082, -22.6255366 ], [ 44.1747109, -22.6256796 ], [ 44.174702599999989, -22.625753 ], [ 44.1746889, -22.6258374 ], [ 44.1746986, -22.6259389 ], [ 44.1746859, -22.6260306 ], [ 44.1747331, -22.6261744 ], [ 44.1747369, -22.6262464 ], [ 44.174818, -22.6263167 ], [ 44.1749599, -22.6263141 ], [ 44.1750219, -22.6262432 ], [ 44.1751216, -22.6262547 ], [ 44.1752741, -22.6263076 ], [ 44.1753627, -22.6263498 ], [ 44.1754087, -22.6263655 ], [ 44.175488, -22.6264413 ], [ 44.1755714, -22.6265538 ], [ 44.1756038, -22.6266594 ], [ 44.1756677, -22.62682 ], [ 44.1756485, -22.6270848 ], [ 44.1755943, -22.6271322 ], [ 44.1755379, -22.6271377 ], [ 44.1754999, -22.6271694 ], [ 44.1755352, -22.6272488 ], [ 44.1755625, -22.6272508 ], [ 44.175518, -22.6273237 ], [ 44.1755379, -22.6275322 ], [ 44.1755503, -22.6276808 ], [ 44.1756242, -22.6278895 ], [ 44.1756755, -22.6279986 ], [ 44.1757814, -22.6281692 ], [ 44.1758752, -22.6282534 ], [ 44.1760116, -22.6283578 ], [ 44.1761297, -22.6284578 ], [ 44.1761966, -22.6285031 ], [ 44.1762348, -22.6286158 ], [ 44.1764694, -22.6287411 ], [ 44.176066399999989, -22.6299617 ], [ 44.176171, -22.6307937 ], [ 44.1762116, -22.6309232 ], [ 44.1762496, -22.6310161 ], [ 44.176297, -22.6311287 ], [ 44.1763607, -22.6312338 ], [ 44.1763953, -22.6313568 ], [ 44.1764479, -22.6314756 ], [ 44.1765177, -22.6316017 ], [ 44.1765402, -22.6317042 ], [ 44.1765402, -22.6318572 ], [ 44.1765213, -22.6319425 ], [ 44.176461, -22.6319513 ], [ 44.1763929, -22.6319632 ], [ 44.1762927, -22.6319601 ], [ 44.1761229, -22.6319009 ], [ 44.1760339, -22.6318945 ], [ 44.1759353, -22.6319197 ], [ 44.1758504, -22.632011 ], [ 44.175738, -22.6320511 ], [ 44.1752146, -22.6323307 ], [ 44.175187, -22.6323723 ], [ 44.175183, -22.6327918 ], [ 44.1752419, -22.6329534 ], [ 44.1753048, -22.6330256 ], [ 44.175146, -22.6330956 ], [ 44.1747613, -22.6334997 ], [ 44.1748126, -22.6336712 ], [ 44.1749364, -22.633799 ], [ 44.1749719, -22.6339231 ], [ 44.1748706, -22.6340113 ], [ 44.1748171, -22.6340551 ], [ 44.1746098, -22.6341597 ], [ 44.1745341, -22.6341786 ], [ 44.1745388, -22.6342018 ], [ 44.1745057, -22.6342343 ], [ 44.1745064, -22.6342229 ], [ 44.174402, -22.634314 ], [ 44.1741263, -22.6342249 ], [ 44.1738994, -22.6342375 ], [ 44.1735462, -22.6342737 ], [ 44.1733411, -22.6344429 ], [ 44.1731516, -22.6345814 ], [ 44.1733062, -22.6348933 ], [ 44.173114, -22.6351537 ], [ 44.173075, -22.6352258 ], [ 44.1729999, -22.6352708 ], [ 44.1729667, -22.6352673 ], [ 44.1728949, -22.6352717 ], [ 44.1728805, -22.6353078 ], [ 44.1728633, -22.6354017 ], [ 44.172846, -22.6354549 ], [ 44.1728064, -22.6354859 ], [ 44.1727777, -22.6355541 ], [ 44.1727725, -22.6356211 ], [ 44.1727631, -22.635686 ], [ 44.1727598, -22.635714 ], [ 44.1725864, -22.6359725 ], [ 44.1723825, -22.6362457 ], [ 44.1721445, -22.6364595 ], [ 44.1715601, -22.6365308 ], [ 44.171443200000013, -22.6364283 ], [ 44.1711649, -22.6363434 ], [ 44.1708462, -22.6362587 ], [ 44.1707152, -22.6362314 ], [ 44.170616599999988, -22.6361531 ], [ 44.1702632, -22.6361202 ], [ 44.1702193, -22.6361887 ], [ 44.1701231, -22.6361805 ], [ 44.1699805, -22.6361587 ], [ 44.1698648, -22.6361326 ], [ 44.1697849, -22.636131 ], [ 44.1696853, -22.636119 ], [ 44.169533, -22.6360688 ], [ 44.1694582, -22.6360579 ], [ 44.1693418, -22.6360204 ], [ 44.1692745, -22.6359756 ], [ 44.1691722, -22.6359349 ], [ 44.168974, -22.6359351 ], [ 44.1688626, -22.6359464 ], [ 44.168720099999987, -22.6359178 ], [ 44.1685414, -22.6358701 ], [ 44.168358200000014, -22.6359039 ], [ 44.1679956, -22.6361123 ], [ 44.1678991, -22.6363134 ], [ 44.1678674, -22.636458 ], [ 44.167758, -22.6365468 ], [ 44.1676695, -22.6366109 ], [ 44.1672412, -22.6366932 ], [ 44.1671735, -22.6367084 ], [ 44.1670951, -22.6368507 ], [ 44.1669255, -22.6371323 ], [ 44.166779700000014, -22.6373403 ], [ 44.1668248, -22.6374702 ], [ 44.1669234, -22.6375276 ], [ 44.1670039, -22.6375577 ], [ 44.1669216, -22.6377035 ], [ 44.1668074, -22.63788 ], [ 44.1667669, -22.6379716 ], [ 44.166733799999989, -22.6380282 ], [ 44.1666972, -22.6380447 ], [ 44.166676599999988, -22.6380538 ], [ 44.1666266, -22.6380657 ], [ 44.1666015, -22.6380726 ], [ 44.1665814, -22.6381184 ], [ 44.166623900000012, -22.6381607 ], [ 44.1665406, -22.638222 ], [ 44.1665138, -22.6382655 ], [ 44.1664978, -22.6383175 ], [ 44.1664878, -22.638376 ], [ 44.166470899999986, -22.6384384 ], [ 44.1665028, -22.638468 ], [ 44.1664991, -22.6385348 ], [ 44.1664759, -22.6385503 ], [ 44.1664198, -22.6387011 ], [ 44.1662381, -22.6386617 ], [ 44.1657485, -22.6385966 ], [ 44.1656757, -22.6387833 ], [ 44.1656845, -22.6388672 ], [ 44.1654749, -22.6390074 ], [ 44.1654059, -22.6391083 ], [ 44.1653029, -22.639092 ], [ 44.1652415, -22.6390979 ], [ 44.1651695, -22.6390839 ], [ 44.1650598, -22.639044 ], [ 44.1649934, -22.6389783 ], [ 44.1648257, -22.6388993 ], [ 44.1647779, -22.6388587 ], [ 44.1647225, -22.6388315 ], [ 44.1647106, -22.63877 ], [ 44.1646529, -22.6387146 ], [ 44.1645996, -22.638728 ], [ 44.1645481, -22.6387867 ], [ 44.1645523, -22.6388242 ], [ 44.1644665, -22.6388965 ], [ 44.1644071, -22.6390555 ], [ 44.1643427, -22.6391049 ], [ 44.1642043, -22.6391486 ], [ 44.1641973, -22.6392559 ], [ 44.1641307, -22.6394114 ], [ 44.1640953, -22.6395086 ], [ 44.1642368, -22.6395722 ], [ 44.1642543, -22.6396616 ], [ 44.1640552, -22.6397725 ], [ 44.1639508, -22.639774 ], [ 44.1639237, -22.639845 ], [ 44.163669, -22.6398082 ], [ 44.1634354, -22.6396921 ], [ 44.163388299999987, -22.6398589 ], [ 44.1633383, -22.6399719 ], [ 44.1633746, -22.64022 ], [ 44.1634309, -22.6403333 ], [ 44.1635624, -22.6403623 ], [ 44.1637461, -22.6406903 ], [ 44.1639263, -22.6407215 ], [ 44.164113799999988, -22.6409425 ], [ 44.1642261, -22.6411655 ], [ 44.1644298, -22.6412831 ], [ 44.1646651, -22.6413978 ], [ 44.1649526, -22.64145 ], [ 44.1651011, -22.6413878 ], [ 44.1653146, -22.6414845 ], [ 44.1653644, -22.6415916 ], [ 44.1654673, -22.6416906 ], [ 44.1652615, -22.6420891 ], [ 44.1649476, -22.642656 ], [ 44.1645807, -22.6430206 ], [ 44.1644729, -22.6430301 ], [ 44.164403, -22.6430754 ], [ 44.1643166, -22.6430302 ], [ 44.1641166, -22.6429688 ], [ 44.1639093, -22.6427679 ], [ 44.1637849, -22.6427674 ], [ 44.1636917, -22.6428293 ], [ 44.1636502, -22.6428433 ], [ 44.163573, -22.6428557 ], [ 44.1635345, -22.6428926 ], [ 44.1635562, -22.6429335 ], [ 44.1635523, -22.6429872 ], [ 44.1635249, -22.6430274 ], [ 44.1634985, -22.6429735 ], [ 44.1634526, -22.642908 ], [ 44.163387, -22.6428612 ], [ 44.163352, -22.6428684 ], [ 44.1632976, -22.6429103 ], [ 44.1632889, -22.6429738 ], [ 44.1633034, -22.643036 ], [ 44.1632358, -22.64306 ], [ 44.1631554, -22.6430943 ], [ 44.1630751, -22.6430849 ], [ 44.1630621, -22.6431253 ], [ 44.1630607, -22.6431909 ], [ 44.1630028, -22.6432439 ], [ 44.1629599, -22.6432978 ], [ 44.1629353, -22.643342 ], [ 44.1628559, -22.6433728 ], [ 44.1628097, -22.6433974 ], [ 44.1627414, -22.6433404 ], [ 44.1627883, -22.6432583 ], [ 44.1628478, -22.6431821 ], [ 44.1628826, -22.6431122 ], [ 44.1628737, -22.6430666 ], [ 44.1628491, -22.6430194 ], [ 44.1627795, -22.6430079 ], [ 44.162618, -22.6430555 ], [ 44.162388299999989, -22.6431813 ], [ 44.1621512, -22.6431984 ], [ 44.1619398, -22.6431808 ], [ 44.1618016, -22.6431591 ], [ 44.161783, -22.6433286 ], [ 44.161711600000011, -22.6434819 ], [ 44.1615732, -22.6434557 ], [ 44.161510399999983, -22.6433703 ], [ 44.161504, -22.6432661 ], [ 44.1614745, -22.6431528 ], [ 44.1614461, -22.6430913 ], [ 44.161428, -22.6430207 ], [ 44.1613886, -22.6429698 ], [ 44.1613448, -22.6429372 ], [ 44.1612707, -22.6429127 ], [ 44.1611925, -22.643022 ], [ 44.161149, -22.6430723 ], [ 44.1610947, -22.6431249 ], [ 44.161008, -22.6431655 ], [ 44.1608667, -22.6431897 ], [ 44.1609089, -22.6432891 ], [ 44.1604715, -22.643685 ], [ 44.1605807, -22.6438291 ], [ 44.1606657, -22.6439487 ], [ 44.160405, -22.6442614 ], [ 44.1600951, -22.6445305 ], [ 44.1597775, -22.6446976 ], [ 44.1596079, -22.6448528 ], [ 44.1595706, -22.6449923 ], [ 44.159532, -22.6450845 ], [ 44.1595204, -22.6451359 ], [ 44.1594269, -22.6451558 ], [ 44.1594095, -22.6451109 ], [ 44.1590926, -22.6450327 ], [ 44.159004, -22.6453147 ], [ 44.1590262, -22.6456481 ], [ 44.1591139, -22.6456302 ], [ 44.1591911, -22.6456591 ], [ 44.1592711, -22.6457406 ], [ 44.1592755, -22.6458649 ], [ 44.1593482, -22.6458993 ], [ 44.1594457, -22.6458706 ], [ 44.1595477, -22.6458659 ], [ 44.1596457, -22.6458323 ], [ 44.1597505, -22.645826 ], [ 44.1598519, -22.6458398 ], [ 44.1599259, -22.6458736 ], [ 44.1598447, -22.6459597 ], [ 44.159835299999983, -22.6460193 ], [ 44.1597801, -22.6461264 ], [ 44.1597054, -22.6462364 ], [ 44.1596706, -22.6463052 ], [ 44.1596391, -22.6464349 ], [ 44.159726, -22.6465713 ], [ 44.1597985, -22.6466047 ], [ 44.1598496, -22.6466543 ], [ 44.1598793, -22.6467339 ], [ 44.1598459, -22.6467613 ], [ 44.1597982, -22.6468553 ], [ 44.1598228, -22.6469104 ], [ 44.1598594, -22.6469762 ], [ 44.1599373, -22.6470055 ], [ 44.1600081, -22.6470401 ], [ 44.1601437, -22.6470871 ], [ 44.1602741, -22.6472303 ], [ 44.1602503, -22.6473591 ], [ 44.1603402, -22.6475803 ], [ 44.1605121, -22.6476053 ], [ 44.1606024, -22.647618 ], [ 44.1606287, -22.6476459 ], [ 44.1607012, -22.6477148 ], [ 44.1607337, -22.6478977 ], [ 44.1607516, -22.6480201 ], [ 44.1607059, -22.6481234 ], [ 44.1606559, -22.6481878 ], [ 44.160633, -22.6483055 ], [ 44.1607577, -22.6485071 ], [ 44.1606914, -22.6487807 ], [ 44.1607045, -22.6489549 ], [ 44.1607577, -22.6490548 ], [ 44.1608561, -22.6490967 ], [ 44.1608397, -22.6491838 ], [ 44.160760499999988, -22.6492247 ], [ 44.1607243, -22.6494595 ], [ 44.1606391, -22.6496104 ], [ 44.1606025, -22.6497413 ], [ 44.1606188, -22.6498965 ], [ 44.1606938, -22.6499437 ], [ 44.1606966, -22.6500101 ], [ 44.1606707, -22.6500532 ], [ 44.1604476, -22.6500834 ], [ 44.1602901, -22.6502216 ], [ 44.1602567, -22.6502869 ], [ 44.1601512, -22.6503442 ], [ 44.1601043, -22.6505912 ], [ 44.1600621, -22.6507332 ], [ 44.1600327, -22.6507679 ], [ 44.1597427, -22.6509398 ], [ 44.1591092, -22.6511008 ], [ 44.1589616, -22.651383 ], [ 44.1585718, -22.6514446 ], [ 44.1583859, -22.6515211 ], [ 44.1581705, -22.6515686 ], [ 44.1580099, -22.6516071 ], [ 44.157504, -22.6518214 ], [ 44.1571296, -22.6517546 ], [ 44.1569212, -22.6515075 ], [ 44.1564566, -22.6514108 ], [ 44.1560382, -22.6513137 ], [ 44.1556645, -22.6511848 ], [ 44.1555082, -22.6508431 ], [ 44.1551746, -22.6505095 ], [ 44.1550777, -22.6499924 ], [ 44.1548454, -22.6500038 ], [ 44.1546298, -22.6502027 ], [ 44.1544841, -22.6501747 ], [ 44.1544414, -22.6501278 ], [ 44.1543575, -22.6501665 ], [ 44.154329600000011, -22.6502397 ], [ 44.1542238, -22.6503199 ], [ 44.1542432, -22.650406 ], [ 44.1541656, -22.6504375 ], [ 44.1539996, -22.6504192 ], [ 44.153949, -22.6504647 ], [ 44.1539144, -22.6504939 ], [ 44.1538803, -22.6505006 ], [ 44.1538495, -22.650485 ], [ 44.1538568, -22.6504114 ], [ 44.1538714, -22.6503802 ], [ 44.1537017, -22.6502242 ], [ 44.1536618, -22.6502001 ], [ 44.1536009, -22.6501587 ], [ 44.1536037, -22.6500989 ], [ 44.15365, -22.65 ], [ 44.1536011, -22.6499568 ], [ 44.1535986, -22.6498934 ], [ 44.1536276, -22.6497651 ], [ 44.1536385, -22.6496861 ], [ 44.153602, -22.6496247 ], [ 44.1535547, -22.6495924 ], [ 44.1535036, -22.6495832 ], [ 44.153425, -22.6496193 ], [ 44.153367, -22.6496198 ], [ 44.15335, -22.6496189 ], [ 44.1533092, -22.6496402 ], [ 44.1532789, -22.6496916 ], [ 44.1532323, -22.6497422 ], [ 44.1532498, -22.6498777 ], [ 44.153214399999989, -22.6499711 ], [ 44.1531612, -22.6500195 ], [ 44.1530443, -22.6500831 ], [ 44.1529731, -22.6500611 ], [ 44.1529135, -22.650225 ], [ 44.1528837, -22.6503397 ], [ 44.152793599999988, -22.6502809 ], [ 44.1527009, -22.6500046 ], [ 44.1526925, -22.6499423 ], [ 44.1526167, -22.6498069 ], [ 44.1525039, -22.6496709 ], [ 44.1522305, -22.6496713 ], [ 44.152128500000011, -22.6497482 ], [ 44.1521233, -22.6498575 ], [ 44.1521818, -22.6500459 ], [ 44.1523482, -22.650187 ], [ 44.1522949, -22.6503089 ], [ 44.1522616, -22.6503753 ], [ 44.1522541, -22.650511 ], [ 44.1522751, -22.6507421 ], [ 44.1523544, -22.6507632 ], [ 44.152637, -22.6511246 ], [ 44.152561, -22.651225 ], [ 44.152517699999983, -22.651337 ], [ 44.1525387, -22.6514553 ], [ 44.1527038, -22.6515817 ], [ 44.1528341, -22.6517763 ], [ 44.152814, -22.6518526 ], [ 44.1527632, -22.651928 ], [ 44.1525439, -22.6520219 ], [ 44.1523659, -22.6522503 ], [ 44.1523302, -22.6527281 ], [ 44.1522601, -22.6530379 ], [ 44.1523567, -22.6533166 ], [ 44.152283, -22.6536211 ], [ 44.1520333, -22.6538832 ], [ 44.1514996, -22.6537939 ], [ 44.1509268, -22.6537895 ], [ 44.1508811, -22.6538604 ], [ 44.1505414, -22.6539097 ], [ 44.1502567, -22.654253 ], [ 44.1502608, -22.6544923 ], [ 44.1500177, -22.6546099 ], [ 44.1499677, -22.6550168 ], [ 44.1502005, -22.6552737 ], [ 44.1502782, -22.655295 ], [ 44.1503434, -22.6553422 ], [ 44.1503816, -22.65537 ], [ 44.150579, -22.655573 ], [ 44.1505835, -22.6556705 ], [ 44.1504824, -22.6559406 ], [ 44.1500175, -22.6558912 ], [ 44.1495806, -22.6559252 ], [ 44.1492989, -22.6559661 ], [ 44.1490849, -22.655925 ], [ 44.1488773, -22.6558899 ], [ 44.148735200000012, -22.6559018 ], [ 44.1485542, -22.6559682 ], [ 44.148414599999988, -22.6559411 ], [ 44.1482897, -22.6558622 ], [ 44.1478936, -22.6557986 ], [ 44.1475269, -22.6557066 ], [ 44.1473349, -22.655606 ], [ 44.1468775, -22.6554763 ], [ 44.146715, -22.6553065 ], [ 44.1466429, -22.6552706 ], [ 44.1465562, -22.6552743 ], [ 44.1464675, -22.6553132 ], [ 44.1463585, -22.65538 ], [ 44.1463161, -22.6555173 ], [ 44.146409399999989, -22.6556978 ], [ 44.1465038, -22.6557939 ], [ 44.1465485, -22.6558925 ], [ 44.1464007, -22.6560489 ], [ 44.1465015, -22.6562674 ], [ 44.1465668, -22.6564325 ], [ 44.146535899999989, -22.6565717 ], [ 44.1464752, -22.6567041 ], [ 44.1463912, -22.656813 ], [ 44.1463342, -22.6568614 ], [ 44.1463214, -22.6570175 ], [ 44.1463225, -22.6573985 ], [ 44.1461627, -22.6574629 ], [ 44.1460713, -22.6574968 ], [ 44.1459665, -22.6574551 ], [ 44.1458771, -22.6574774 ], [ 44.145830800000013, -22.6574705 ], [ 44.1456513, -22.657456 ], [ 44.1455997, -22.6574566 ], [ 44.1455229, -22.6574903 ], [ 44.1453573, -22.6574805 ], [ 44.1452421, -22.6574398 ], [ 44.1451578, -22.657405 ], [ 44.145102, -22.657356 ], [ 44.145091, -22.6572407 ], [ 44.1449269, -22.657079 ], [ 44.1448934, -22.6570029 ], [ 44.1449002, -22.6568502 ], [ 44.1450067, -22.6567391 ], [ 44.14509959999998, -22.6566391 ], [ 44.1451181, -22.6565657 ], [ 44.1450631, -22.6564027 ], [ 44.1450165, -22.6562955 ], [ 44.145102, -22.6561754 ], [ 44.1451666, -22.6560477 ], [ 44.145100899999989, -22.6559775 ], [ 44.1449536, -22.6560111 ], [ 44.1448578, -22.6560966 ], [ 44.1448018, -22.6561239 ], [ 44.1448067, -22.6562086 ], [ 44.1448241, -22.6562632 ], [ 44.1447409, -22.6562173 ], [ 44.1446931, -22.6561726 ], [ 44.1446584, -22.6561036 ], [ 44.1445534, -22.6561284 ], [ 44.144503099999987, -22.6561748 ], [ 44.1445433, -22.6563047 ], [ 44.144603, -22.6563972 ], [ 44.1445947, -22.656492 ], [ 44.144524, -22.6565549 ], [ 44.144404, -22.6565815 ], [ 44.1442867, -22.6565607 ], [ 44.1442167, -22.6565649 ], [ 44.1441411, -22.6566356 ], [ 44.1440754, -22.6567551 ], [ 44.1440624, -22.656815 ], [ 44.1440107, -22.6568842 ], [ 44.143822, -22.6568618 ], [ 44.143694, -22.6568588 ], [ 44.1432933, -22.6567419 ], [ 44.142780500000015, -22.6571024 ], [ 44.1425797, -22.6577827 ], [ 44.1429289, -22.6579584 ], [ 44.1430403, -22.657949 ], [ 44.1431566, -22.6581125 ], [ 44.1430829, -22.6582521 ], [ 44.1431501, -22.6584299 ], [ 44.1430382, -22.6589134 ], [ 44.1431686, -22.659322 ], [ 44.1429213, -22.6593997 ], [ 44.1428123, -22.6593076 ], [ 44.142657799999988, -22.6592791 ], [ 44.1424719, -22.6592992 ], [ 44.142376, -22.6593725 ], [ 44.1423289, -22.659488 ], [ 44.1422937, -22.6596989 ], [ 44.1424302, -22.6598154 ], [ 44.1426423, -22.6599407 ], [ 44.1426238, -22.6600735 ], [ 44.1423655, -22.66025 ], [ 44.1422623, -22.6604373 ], [ 44.1419328, -22.6606907 ], [ 44.1418313, -22.6608519 ], [ 44.1417594, -22.661008 ], [ 44.1416295, -22.6610764 ], [ 44.1414659, -22.6612152 ], [ 44.141449400000013, -22.661469 ], [ 44.1414205, -22.6617378 ], [ 44.1413673, -22.6618737 ], [ 44.1413407, -22.6619512 ], [ 44.1413303, -22.661963 ], [ 44.1412805, -22.6621195 ], [ 44.141267400000011, -22.6622885 ], [ 44.1414072, -22.6623877 ], [ 44.1415063, -22.6625919 ], [ 44.141468, -22.6626716 ], [ 44.1414139, -22.6628083 ], [ 44.1414297, -22.6630095 ], [ 44.1412472, -22.6632263 ], [ 44.1411521, -22.6633416 ], [ 44.1408818, -22.6635756 ], [ 44.1405977, -22.6641049 ], [ 44.1402704, -22.6645855 ], [ 44.140160600000016, -22.6646282 ], [ 44.1400726, -22.6646216 ], [ 44.140010599999982, -22.6644604 ], [ 44.1399796, -22.6643977 ], [ 44.1399625, -22.6642908 ], [ 44.1398581, -22.6642939 ], [ 44.1396427, -22.6645336 ], [ 44.1393846, -22.6649622 ], [ 44.1391257, -22.6652187 ], [ 44.1390462, -22.6655278 ], [ 44.1390945, -22.665648 ], [ 44.1391944, -22.6656995 ], [ 44.1391637, -22.6658587 ], [ 44.1389748, -22.6660728 ], [ 44.1390168, -22.6663577 ], [ 44.139176, -22.6666082 ], [ 44.1392856, -22.6667998 ], [ 44.1394662, -22.6670349 ], [ 44.1395131, -22.6673126 ], [ 44.13942930000001, -22.6674795 ], [ 44.139375, -22.6675428 ], [ 44.1392328, -22.6675134 ], [ 44.1389869, -22.6674371 ], [ 44.1386295, -22.6673632 ], [ 44.1383055, -22.6675035 ], [ 44.1380682, -22.6675584 ], [ 44.137938, -22.6677498 ], [ 44.1378364, -22.6678641 ], [ 44.137795, -22.6680316 ], [ 44.1378058, -22.6682973 ], [ 44.1376922, -22.6684243 ], [ 44.137572, -22.6685983 ], [ 44.1373738, -22.6686491 ], [ 44.1372135, -22.6686899 ], [ 44.1370113, -22.6687949 ], [ 44.1369777, -22.6689487 ], [ 44.1369913, -22.6691441 ], [ 44.1370865, -22.669265 ], [ 44.1370773, -22.6694482 ], [ 44.1370854, -22.6695491 ], [ 44.1371345, -22.6696444 ], [ 44.1373836, -22.6696212 ], [ 44.1374805, -22.6696295 ], [ 44.1375505, -22.6696604 ], [ 44.1375932, -22.6697254 ], [ 44.1376546, -22.6700881 ], [ 44.1377084, -22.6701602 ], [ 44.1376344, -22.6702458 ], [ 44.1375591, -22.6703713 ], [ 44.1374354, -22.6704481 ], [ 44.1372483, -22.6704924 ], [ 44.1369238, -22.6707703 ], [ 44.1366095, -22.6707114 ], [ 44.1362451, -22.6707722 ], [ 44.1359218, -22.6709702 ], [ 44.1358191, -22.6712701 ], [ 44.1354645, -22.6715018 ], [ 44.1350606, -22.6715516 ], [ 44.1349684, -22.6715672 ], [ 44.1348707, -22.6715827 ], [ 44.134805, -22.6715768 ], [ 44.1347725, -22.6715298 ], [ 44.1347902, -22.6714919 ], [ 44.1347704, -22.6714645 ], [ 44.1347272, -22.6714329 ], [ 44.1346601, -22.6714474 ], [ 44.1345872, -22.6714752 ], [ 44.134550399999981, -22.6715015 ], [ 44.134563, -22.6716749 ], [ 44.1345879, -22.6717058 ], [ 44.134621, -22.6717682 ], [ 44.134596599999988, -22.6718131 ], [ 44.134503299999984, -22.6718317 ], [ 44.1343075, -22.6718671 ], [ 44.1341782, -22.6719533 ], [ 44.1341207, -22.6719667 ], [ 44.134033100000011, -22.6719904 ], [ 44.1339719, -22.6720244 ], [ 44.1339381, -22.6720848 ], [ 44.133914, -22.6721316 ], [ 44.1339146, -22.6721728 ], [ 44.1340234, -22.6722493 ], [ 44.1340445, -22.6723638 ], [ 44.1339756, -22.6724955 ], [ 44.1339065, -22.6726086 ], [ 44.1338694, -22.6726444 ], [ 44.1338479, -22.672668 ], [ 44.133792199999988, -22.6726871 ], [ 44.133706, -22.6727045 ], [ 44.133655, -22.6726991 ], [ 44.1335519, -22.6726623 ], [ 44.13344, -22.6726789 ], [ 44.1333412, -22.6727496 ], [ 44.133245300000013, -22.6727798 ], [ 44.133218, -22.6727919 ], [ 44.1331989, -22.6728057 ], [ 44.1332034, -22.6728501 ], [ 44.1332226, -22.6728977 ], [ 44.1332306, -22.672905 ], [ 44.1332465, -22.6729021 ], [ 44.1332871, -22.6729361 ], [ 44.1333139, -22.6729748 ], [ 44.1332696, -22.6730235 ], [ 44.1332787, -22.673062 ], [ 44.1332748, -22.6731056 ], [ 44.1332125, -22.6731337 ], [ 44.1331565, -22.6731419 ], [ 44.1331101, -22.6731615 ], [ 44.1330596, -22.6731867 ], [ 44.1330154, -22.6731953 ], [ 44.1329849, -22.6731907 ], [ 44.1329413, -22.6732029 ], [ 44.1328872, -22.6732161 ], [ 44.132852299999982, -22.6732124 ], [ 44.1328145, -22.6732288 ], [ 44.13277440000001, -22.6732322 ], [ 44.1327315, -22.6732271 ], [ 44.1327194, -22.6731964 ], [ 44.1326394, -22.6730232 ], [ 44.1326377, -22.672966 ], [ 44.1326303, -22.6729097 ], [ 44.1325989, -22.6728349 ], [ 44.1325548, -22.6727863 ], [ 44.132492600000013, -22.6727078 ], [ 44.1324032, -22.672648 ], [ 44.1323589, -22.6725863 ], [ 44.132317, -22.6725498 ], [ 44.132271, -22.6725624 ], [ 44.1322345, -22.6725783 ], [ 44.1322307, -22.6726326 ], [ 44.132230399999983, -22.6726809 ], [ 44.1321726, -22.6726916 ], [ 44.1321125, -22.6726402 ], [ 44.1320242, -22.6726351 ], [ 44.1319613, -22.6726447 ], [ 44.1318883, -22.6726746 ], [ 44.131837600000011, -22.6727068 ], [ 44.1318195, -22.6727754 ], [ 44.1318227, -22.6728024 ], [ 44.1318022, -22.6728508 ], [ 44.1317724, -22.6728311 ], [ 44.1317082, -22.6727937 ], [ 44.1316633, -22.6727993 ], [ 44.1316007, -22.6728076 ], [ 44.1315648, -22.6728744 ], [ 44.13154, -22.6729407 ], [ 44.1315163, -22.6730126 ], [ 44.1312713, -22.673095 ], [ 44.1309309, -22.6735035 ], [ 44.1308289, -22.6740132 ], [ 44.1308422, -22.6740705 ], [ 44.1308786, -22.6741241 ], [ 44.1309466, -22.6741883 ], [ 44.1309923, -22.6742096 ], [ 44.13104, -22.6742276 ], [ 44.131116, -22.6742806 ], [ 44.1311486, -22.6742615 ], [ 44.1311842, -22.6742458 ], [ 44.1312023, -22.6742686 ], [ 44.1312009, -22.6742979 ], [ 44.1312494, -22.6743824 ], [ 44.1312845, -22.6744382 ], [ 44.131359, -22.6744395 ], [ 44.1314037, -22.6744269 ], [ 44.1314448, -22.6744514 ], [ 44.1314605, -22.6745035 ], [ 44.1314552, -22.6745334 ], [ 44.1314468, -22.6745694 ], [ 44.1314349, -22.6745917 ], [ 44.1314091, -22.6746152 ], [ 44.1313463, -22.6747016 ], [ 44.1312684, -22.6748131 ], [ 44.1312037, -22.6749428 ], [ 44.1311798, -22.6752055 ], [ 44.1312236, -22.6755313 ], [ 44.1311365, -22.6757615 ], [ 44.13119, -22.6758723 ], [ 44.1310165, -22.6759588 ], [ 44.1309243, -22.6760099 ], [ 44.1308145, -22.676076 ], [ 44.1303886, -22.675976 ], [ 44.1301857, -22.6760718 ], [ 44.1298344, -22.6765175 ], [ 44.1297717, -22.6770466 ], [ 44.129596600000013, -22.6771983 ], [ 44.1295051, -22.6772682 ], [ 44.1293322, -22.6771803 ], [ 44.1289576, -22.6771916 ], [ 44.1287042, -22.6771127 ], [ 44.1285532, -22.6770787 ], [ 44.1284706, -22.6770477 ], [ 44.1282164, -22.6772436 ], [ 44.1279238, -22.6776239 ], [ 44.1278982, -22.6777917 ], [ 44.1281649, -22.677882 ], [ 44.1281901, -22.6780932 ], [ 44.1281923, -22.6783045 ], [ 44.1282261, -22.6785237 ], [ 44.1278443, -22.6789043 ], [ 44.1276418, -22.6790701 ], [ 44.1276091, -22.6791167 ], [ 44.1275708, -22.6791732 ], [ 44.1275731, -22.679263 ], [ 44.1276308, -22.6793083 ], [ 44.1276804, -22.6793255 ], [ 44.127787700000013, -22.6793844 ], [ 44.1278234, -22.6794426 ], [ 44.1279074, -22.6795118 ], [ 44.1280653, -22.6795669 ], [ 44.1281321, -22.6795681 ], [ 44.1281849, -22.6795619 ], [ 44.1282132, -22.6795865 ], [ 44.1281883, -22.6796319 ], [ 44.1282275, -22.6796565 ], [ 44.1282251, -22.6797755 ], [ 44.1282443, -22.6800338 ], [ 44.128225, -22.6806069 ], [ 44.1284137, -22.6812071 ], [ 44.1285311, -22.6814339 ], [ 44.1286808, -22.6814003 ], [ 44.128738899999988, -22.681349 ], [ 44.1287488, -22.6812816 ], [ 44.1287855, -22.6812065 ], [ 44.1288244, -22.6811348 ], [ 44.1288621, -22.6810758 ], [ 44.1289188, -22.6810958 ], [ 44.128956, -22.6810841 ], [ 44.1289964, -22.6811076 ], [ 44.129026, -22.6811399 ], [ 44.1290264, -22.6811868 ], [ 44.1289624, -22.6812185 ], [ 44.1289125, -22.6812682 ], [ 44.1288828, -22.6812787 ], [ 44.1288362, -22.6813486 ], [ 44.1287971, -22.6814591 ], [ 44.1287343, -22.6815437 ], [ 44.1286179, -22.6817133 ], [ 44.1288006, -22.6822984 ], [ 44.1294895, -22.6823021 ], [ 44.1296324, -22.682409 ], [ 44.1296348, -22.6824128 ], [ 44.1292838, -22.6827543 ], [ 44.1291135, -22.6828945 ], [ 44.1289699, -22.682983 ], [ 44.1285464, -22.6831656 ], [ 44.1283022, -22.6833338 ], [ 44.1279743, -22.683989 ], [ 44.1281506, -22.6840446 ], [ 44.128238899999985, -22.684111 ], [ 44.128426, -22.6836954 ], [ 44.1286795, -22.6837115 ], [ 44.1287936, -22.6837423 ], [ 44.129016099999987, -22.6837275 ], [ 44.1290821, -22.6836184 ], [ 44.1291828, -22.68358 ], [ 44.1292147, -22.6834776 ], [ 44.1292516, -22.6833987 ], [ 44.1293068, -22.6833379 ], [ 44.1293496, -22.6832714 ], [ 44.129391399999989, -22.6832166 ], [ 44.1294556, -22.6832024 ], [ 44.1295169, -22.6832272 ], [ 44.1296644, -22.6832552 ], [ 44.1297169, -22.6831909 ], [ 44.1299286, -22.6831776 ], [ 44.1299967, -22.6831259 ], [ 44.1301186, -22.6831802 ], [ 44.1303478, -22.6832706 ], [ 44.1305137, -22.683438 ], [ 44.1306971, -22.6835672 ], [ 44.1307904, -22.6836448 ], [ 44.1307723, -22.6838045 ], [ 44.1306507, -22.6840008 ], [ 44.1306701, -22.6842221 ], [ 44.1307198, -22.6844005 ], [ 44.1308225, -22.6845303 ], [ 44.1308695, -22.6847904 ], [ 44.1309957, -22.6849043 ], [ 44.1310451, -22.684965 ], [ 44.1312211, -22.6850767 ], [ 44.1315931, -22.6854372 ], [ 44.1315541, -22.6856559 ], [ 44.1316139, -22.6858435 ], [ 44.1315987, -22.6860449 ], [ 44.1315993, -22.6862804 ], [ 44.1315062, -22.6864268 ], [ 44.1314444, -22.6865078 ], [ 44.131409399999988, -22.6866331 ], [ 44.1313623, -22.6868914 ], [ 44.1314917, -22.687122 ], [ 44.131496, -22.6874109 ], [ 44.1314238, -22.6876094 ], [ 44.131331499999987, -22.6877303 ], [ 44.1312205, -22.6878629 ], [ 44.131137, -22.6878753 ], [ 44.1305409, -22.6883136 ], [ 44.1302161, -22.6886704 ], [ 44.1301951, -22.6889823 ], [ 44.1303038, -22.68919 ], [ 44.1303669, -22.6892961 ], [ 44.1303233, -22.6894526 ], [ 44.1302664, -22.6896255 ], [ 44.1302262, -22.689701 ], [ 44.1302532, -22.6898418 ], [ 44.1302755, -22.6899279 ], [ 44.1302464, -22.690062 ], [ 44.1301936, -22.6901537 ], [ 44.1301142, -22.6903046 ], [ 44.1300438, -22.6903437 ], [ 44.1300909, -22.6904961 ], [ 44.1301907, -22.6905844 ], [ 44.1303031, -22.6905476 ], [ 44.1304563, -22.6905095 ], [ 44.1308035, -22.6906629 ], [ 44.1309278, -22.6906667 ], [ 44.1309804, -22.6907473 ], [ 44.130987, -22.6909732 ], [ 44.130905, -22.6912517 ], [ 44.1303995, -22.6912352 ], [ 44.1294772, -22.6908639 ], [ 44.129055, -22.6911568 ], [ 44.12877, -22.6917674 ], [ 44.1288334, -22.6919205 ], [ 44.1288642, -22.6920591 ], [ 44.1289475, -22.6921775 ], [ 44.1290399, -22.692223 ], [ 44.1291631, -22.6922771 ], [ 44.1294295, -22.6923023 ], [ 44.129585, -22.6923084 ], [ 44.129704200000013, -22.692333 ], [ 44.1299235, -22.6922808 ], [ 44.1302053, -22.692256 ], [ 44.1304256, -22.6923226 ], [ 44.1305922, -22.6924163 ], [ 44.1307153, -22.692708 ], [ 44.1308027, -22.6932923 ], [ 44.1307345, -22.6935752 ], [ 44.130708, -22.6936715 ], [ 44.1306369, -22.6938938 ], [ 44.1304833, -22.6939769 ], [ 44.1300754, -22.6938587 ], [ 44.129844, -22.6938212 ], [ 44.1297329, -22.693783 ], [ 44.1294627, -22.6936954 ], [ 44.129091300000013, -22.6936458 ], [ 44.1289955, -22.6938709 ], [ 44.1288945, -22.6943318 ], [ 44.128733, -22.6942423 ], [ 44.1285974, -22.6941873 ], [ 44.1285309, -22.6941472 ], [ 44.1282791, -22.6941646 ], [ 44.128202599999987, -22.6943315 ], [ 44.128207, -22.6945035 ], [ 44.1281525, -22.6945927 ], [ 44.1280557, -22.6946283 ], [ 44.1278641, -22.6948704 ], [ 44.1278321, -22.6949925 ], [ 44.1277436, -22.6951038 ], [ 44.1273798, -22.6951781 ], [ 44.1270374, -22.6953923 ], [ 44.1270157, -22.6957247 ], [ 44.1270182, -22.6959342 ], [ 44.1270338, -22.6961712 ], [ 44.127056, -22.6963488 ], [ 44.1271717, -22.6965251 ], [ 44.1272146, -22.696692 ], [ 44.1274261, -22.6966491 ], [ 44.1275719, -22.6966062 ], [ 44.1275821, -22.6964766 ], [ 44.127508, -22.6963253 ], [ 44.1274435, -22.6961315 ], [ 44.1274094, -22.6959983 ], [ 44.1274397, -22.6959156 ], [ 44.1276135, -22.6958875 ], [ 44.127875899999985, -22.6959715 ], [ 44.1280704, -22.6959981 ], [ 44.1282078, -22.6960682 ], [ 44.128449599999989, -22.6962003 ], [ 44.1285894, -22.6964429 ], [ 44.1287254, -22.6964581 ], [ 44.1288295, -22.6964667 ], [ 44.1289187, -22.6963837 ], [ 44.1288938, -22.6962459 ], [ 44.1288851, -22.6961602 ], [ 44.1289494, -22.6960666 ], [ 44.1290745, -22.6960836 ], [ 44.1292031, -22.696123 ], [ 44.1292148, -22.6961235 ], [ 44.1293819, -22.6961641 ], [ 44.1294453, -22.6961558 ], [ 44.129688099999989, -22.6963356 ], [ 44.1298833, -22.6963962 ], [ 44.129894, -22.6964019 ], [ 44.1301571, -22.6964681 ], [ 44.1303631, -22.6964418 ], [ 44.1304287, -22.6963969 ], [ 44.13053, -22.6963378 ], [ 44.13082, -22.6963277 ], [ 44.1308718, -22.6962886 ], [ 44.1309532, -22.6962815 ], [ 44.1310968, -22.696333 ], [ 44.1313529, -22.6964041 ], [ 44.1315374, -22.6964264 ], [ 44.1316467, -22.6965114 ], [ 44.1318466, -22.6965561 ], [ 44.1319492, -22.6965826 ], [ 44.1321306, -22.6965946 ], [ 44.1323045, -22.6965749 ], [ 44.1324014, -22.6966785 ], [ 44.1324277, -22.6968502 ], [ 44.1324081, -22.6969072 ], [ 44.1324657, -22.6970227 ], [ 44.1325377, -22.6970866 ], [ 44.1326126, -22.697358 ], [ 44.1326386, -22.6975606 ], [ 44.1327453, -22.6978169 ], [ 44.1327665, -22.6978772 ], [ 44.1329333, -22.6986033 ], [ 44.1329374, -22.6996206 ], [ 44.1327775, -22.6997191 ], [ 44.1326369, -22.6997909 ], [ 44.1325157, -22.6998357 ], [ 44.1324786, -22.6999671 ], [ 44.1323825, -22.7000696 ], [ 44.1322998, -22.7001342 ], [ 44.1322458, -22.7001265 ], [ 44.1320142, -22.7002949 ], [ 44.1319023, -22.7003193 ], [ 44.1318188, -22.7003039 ], [ 44.1318128, -22.7004266 ], [ 44.1319525, -22.7004498 ], [ 44.1319884, -22.700463 ], [ 44.1320561, -22.7005536 ], [ 44.1321016, -22.7006196 ], [ 44.132287399999989, -22.7006266 ], [ 44.1324207, -22.7005676 ], [ 44.1325403, -22.7005258 ], [ 44.1326288, -22.7004067 ], [ 44.1328456, -22.70033 ], [ 44.1330814, -22.7003703 ], [ 44.1331275, -22.7004907 ], [ 44.1332415, -22.7006258 ], [ 44.1333004, -22.7007663 ], [ 44.1333215, -22.7009242 ], [ 44.1334482, -22.7013382 ], [ 44.1337903, -22.7019776 ], [ 44.1340126, -22.7022142 ], [ 44.1340659, -22.7023304 ], [ 44.1339754, -22.7024638 ], [ 44.1338487, -22.702541 ], [ 44.1337613, -22.7026147 ], [ 44.1337185, -22.702703 ], [ 44.1337453, -22.7028239 ], [ 44.1338158, -22.7028389 ], [ 44.1338959, -22.7029339 ], [ 44.1337624, -22.7030167 ], [ 44.1335657, -22.7030691 ], [ 44.1334857, -22.7031201 ], [ 44.1332015, -22.7031083 ], [ 44.1331008, -22.7031824 ], [ 44.1330252, -22.7032646 ], [ 44.1329654, -22.7032927 ], [ 44.1328483, -22.7033003 ], [ 44.1327509, -22.7033026 ], [ 44.1326243, -22.7032488 ], [ 44.1325329, -22.7030935 ], [ 44.1320927, -22.7030035 ], [ 44.131775300000015, -22.7029114 ], [ 44.1315101, -22.7028191 ], [ 44.1311901, -22.7025977 ], [ 44.1310115, -22.7023574 ], [ 44.1308014, -22.7023933 ], [ 44.1307506, -22.7026219 ], [ 44.1307895, -22.7029963 ], [ 44.130827599999989, -22.7032078 ], [ 44.1299088, -22.7033236 ], [ 44.1297329, -22.7039212 ], [ 44.1295472, -22.7040771 ], [ 44.1295788, -22.7040999 ], [ 44.1296796, -22.7041514 ], [ 44.1297397, -22.7041104 ], [ 44.1298486, -22.7041145 ], [ 44.1299832, -22.7041586 ], [ 44.1300971, -22.7042323 ], [ 44.1302365, -22.7042766 ], [ 44.130290099999989, -22.7044141 ], [ 44.1302482, -22.7046426 ], [ 44.1303056, -22.7048146 ], [ 44.1303157, -22.704982 ], [ 44.1302135, -22.705074 ], [ 44.1302236, -22.7052392 ], [ 44.13016, -22.7053248 ], [ 44.1301306, -22.7053239 ], [ 44.130106499999989, -22.7053185 ], [ 44.1298731, -22.7052879 ], [ 44.1297737, -22.7052339 ], [ 44.1296171, -22.7052331 ], [ 44.129579, -22.7052827 ], [ 44.1292717, -22.7052262 ], [ 44.1289842, -22.7050899 ], [ 44.12876, -22.7049834 ], [ 44.1287107, -22.7049994 ], [ 44.1285871, -22.7050395 ], [ 44.1282445, -22.7046635 ], [ 44.1277819, -22.7047605 ], [ 44.1275342, -22.7048978 ], [ 44.1274084, -22.7050227 ], [ 44.1272644, -22.7050577 ], [ 44.1271911, -22.7051224 ], [ 44.1272165, -22.7052361 ], [ 44.1272703, -22.7053014 ], [ 44.1271534, -22.7052926 ], [ 44.1270403, -22.7052975 ], [ 44.1269911, -22.7053592 ], [ 44.1269923, -22.7054047 ], [ 44.1269597, -22.7056042 ], [ 44.1266249, -22.7056734 ], [ 44.1266389, -22.7058368 ], [ 44.126727, -22.7059355 ], [ 44.1267955, -22.7060339 ], [ 44.126717199999987, -22.7061593 ], [ 44.1266863, -22.7062457 ], [ 44.1267048, -22.7063389 ], [ 44.1267658, -22.7064016 ], [ 44.1267852, -22.7064863 ], [ 44.126737, -22.7066017 ], [ 44.1268379, -22.7066809 ], [ 44.1269148, -22.7066649 ], [ 44.1269887, -22.706696 ], [ 44.127087899999985, -22.7068906 ], [ 44.1271436, -22.7069795 ], [ 44.1271682, -22.7069949 ], [ 44.127263199999987, -22.7070326 ], [ 44.1273665, -22.7071141 ], [ 44.1274148, -22.7072768 ], [ 44.1274398, -22.7073328 ], [ 44.127351900000015, -22.7074042 ], [ 44.1272416, -22.707494 ], [ 44.1272104, -22.7076343 ], [ 44.1272833, -22.7077795 ], [ 44.1273862, -22.7078789 ], [ 44.1274801, -22.707964 ], [ 44.1275263, -22.7079801 ], [ 44.1277523, -22.7082258 ], [ 44.1279942, -22.708998 ], [ 44.1281088, -22.7091963 ], [ 44.1282489, -22.7093674 ], [ 44.1283577, -22.7094151 ], [ 44.1283073, -22.7096724 ], [ 44.1284821, -22.7097943 ], [ 44.1285841, -22.7097763 ], [ 44.128691, -22.7097804 ], [ 44.1290219, -22.7104261 ], [ 44.1295005, -22.7109243 ], [ 44.129413400000011, -22.7110922 ], [ 44.1293386, -22.7111592 ], [ 44.1292431, -22.7111825 ], [ 44.1292472, -22.7113663 ], [ 44.129326899999988, -22.7115599 ], [ 44.1294132, -22.7116781 ], [ 44.129402, -22.7117601 ], [ 44.1292688, -22.7118101 ], [ 44.1291728, -22.7118339 ], [ 44.1291813, -22.7119669 ], [ 44.1290882, -22.7120298 ], [ 44.1290819, -22.7120351 ], [ 44.1290256, -22.7120773 ], [ 44.128999199999988, -22.7121152 ], [ 44.1291421, -22.7122718 ], [ 44.1291467, -22.7122889 ], [ 44.129110899999986, -22.7123611 ], [ 44.1291582, -22.7124424 ], [ 44.1291702, -22.7124428 ], [ 44.1293059, -22.7124707 ], [ 44.1293218, -22.7124202 ], [ 44.129396, -22.7123889 ], [ 44.1294247, -22.7125561 ], [ 44.1296414, -22.7125318 ], [ 44.1296241, -22.7124446 ], [ 44.129705, -22.7123221 ], [ 44.1297656, -22.7122384 ], [ 44.1297649, -22.7121597 ], [ 44.1297899, -22.7120437 ], [ 44.1297507, -22.7119929 ], [ 44.1297, -22.7119309 ], [ 44.1296697, -22.7118361 ], [ 44.1296839, -22.7116938 ], [ 44.129633, -22.711555 ], [ 44.1297144, -22.711487 ], [ 44.1297124, -22.711427 ], [ 44.1296733, -22.7113876 ], [ 44.1297652, -22.711353 ], [ 44.129858, -22.7113942 ], [ 44.129829, -22.7112905 ], [ 44.12987, -22.711206 ], [ 44.1298664, -22.7110774 ], [ 44.1298738, -22.7109607 ], [ 44.130061399999988, -22.7110696 ], [ 44.1301275, -22.7111414 ], [ 44.1302549, -22.7111625 ], [ 44.1303504, -22.7111186 ], [ 44.130413, -22.7110372 ], [ 44.1304553, -22.711008 ], [ 44.1305457, -22.7109297 ], [ 44.1305522, -22.7107955 ], [ 44.1306359, -22.7107086 ], [ 44.1307326, -22.7106847 ], [ 44.1307802, -22.7106171 ], [ 44.1308547, -22.7105572 ], [ 44.130848, -22.7104512 ], [ 44.1308581, -22.7103371 ], [ 44.1310091, -22.7102322 ], [ 44.1311763, -22.7101939 ], [ 44.131285, -22.7102622 ], [ 44.1313671, -22.710318 ], [ 44.1314042, -22.7104816 ], [ 44.13139, -22.7106079 ], [ 44.1312796, -22.710773 ], [ 44.1312008, -22.7109076 ], [ 44.1311269, -22.7110293 ], [ 44.1310306, -22.7111362 ], [ 44.131104, -22.7112265 ], [ 44.1312554, -22.7112332 ], [ 44.131312, -22.7113118 ], [ 44.1313462, -22.7114199 ], [ 44.1312632, -22.7115092 ], [ 44.131147299999988, -22.7115783 ], [ 44.1310479, -22.7117646 ], [ 44.1309661, -22.7118693 ], [ 44.1308935, -22.7120025 ], [ 44.1309396, -22.7121432 ], [ 44.1309872, -22.7122408 ], [ 44.1309865, -22.7122625 ], [ 44.131062, -22.7123826 ], [ 44.1311206, -22.7125027 ], [ 44.1312015, -22.7126336 ], [ 44.131284, -22.7127249 ], [ 44.1312075, -22.7127742 ], [ 44.1311672, -22.7129185 ], [ 44.1311493, -22.7129295 ], [ 44.1311354, -22.7131228 ], [ 44.1312, -22.7131113 ], [ 44.1313303, -22.7130333 ], [ 44.1314944, -22.7129182 ], [ 44.1315453, -22.7126992 ], [ 44.1315373, -22.7125637 ], [ 44.1315128, -22.7124293 ], [ 44.131481, -22.7123812 ], [ 44.1314808, -22.7122075 ], [ 44.1315754, -22.7121627 ], [ 44.1317278, -22.7121301 ], [ 44.1318466, -22.7121542 ], [ 44.1318732, -22.7121911 ], [ 44.1320191, -22.7122006 ], [ 44.1321748, -22.7122206 ], [ 44.1323132, -22.7121889 ], [ 44.1324027, -22.7120801 ], [ 44.1324179, -22.7119952 ], [ 44.1324763, -22.7119373 ], [ 44.1325358, -22.7119695 ], [ 44.1326791, -22.7118504 ], [ 44.1326775, -22.7117518 ], [ 44.132739, -22.7116222 ], [ 44.1327222, -22.711573 ], [ 44.1329072, -22.7115654 ], [ 44.1330494, -22.7115466 ], [ 44.1332506, -22.7115298 ], [ 44.1334097, -22.7114774 ], [ 44.133472799999986, -22.7113734 ], [ 44.1336048, -22.7112818 ], [ 44.1336784, -22.7112172 ], [ 44.1337101, -22.711204 ], [ 44.1336989, -22.7112008 ], [ 44.1338549, -22.7110775 ], [ 44.1339077, -22.7109987 ], [ 44.1339807, -22.7109304 ], [ 44.1341622, -22.7109606 ], [ 44.1342662, -22.7109738 ], [ 44.1343361, -22.7110332 ], [ 44.1343962, -22.7110828 ], [ 44.1344611, -22.7110519 ], [ 44.1344597, -22.7109855 ], [ 44.134435700000012, -22.7109468 ], [ 44.1344032, -22.7108749 ], [ 44.1343904, -22.7108274 ], [ 44.1343877, -22.7107852 ], [ 44.1345101, -22.7108364 ], [ 44.1346359, -22.711025 ], [ 44.1346546, -22.7111683 ], [ 44.1346261, -22.7113061 ], [ 44.1345702, -22.7113617 ], [ 44.1346053, -22.7114931 ], [ 44.134734399999985, -22.7116679 ], [ 44.1352524, -22.7123629 ], [ 44.1352633, -22.7123633 ], [ 44.1354578, -22.712453 ], [ 44.1355821, -22.7125615 ], [ 44.1357659, -22.7126334 ], [ 44.135952, -22.7127059 ], [ 44.1360776, -22.7128083 ], [ 44.1362855, -22.713008 ], [ 44.1362255, -22.7131228 ], [ 44.1361528, -22.713308 ], [ 44.1360051, -22.7133848 ], [ 44.135934299999988, -22.7134235 ], [ 44.1359014, -22.7135958 ], [ 44.1359574, -22.7136811 ], [ 44.1359298, -22.7137659 ], [ 44.1357476, -22.7137986 ], [ 44.1356846, -22.7138233 ], [ 44.1355366, -22.7138772 ], [ 44.135478299999988, -22.7139279 ], [ 44.1355204, -22.7140754 ], [ 44.1355832, -22.7141561 ], [ 44.1356405, -22.7142423 ], [ 44.1355814, -22.7143988 ], [ 44.1355669, -22.7145627 ], [ 44.1356349, -22.7147791 ], [ 44.1356515, -22.714898 ], [ 44.1356284, -22.71501 ], [ 44.1353998, -22.7151381 ], [ 44.1353232, -22.7151994 ], [ 44.135305, -22.7152201 ], [ 44.1352581, -22.7152456 ], [ 44.1350813, -22.7154455 ], [ 44.1349387, -22.715625 ], [ 44.1348313, -22.715892 ], [ 44.1347299, -22.7161451 ], [ 44.1346708, -22.7162612 ], [ 44.1345896, -22.7165126 ], [ 44.1345475, -22.7166915 ], [ 44.1346437, -22.7169056 ], [ 44.1348579, -22.717044 ], [ 44.13497, -22.7171451 ], [ 44.1351664, -22.7171486 ], [ 44.1353018, -22.7171787 ], [ 44.1355486, -22.7171639 ], [ 44.1357785, -22.7171707 ], [ 44.136024399999989, -22.7171263 ], [ 44.1360086, -22.7170568 ], [ 44.1361092, -22.7169761 ], [ 44.1361844, -22.7169168 ], [ 44.1364434, -22.7168891 ], [ 44.1366612, -22.7168019 ], [ 44.136760300000013, -22.7168005 ], [ 44.1368405, -22.7168615 ], [ 44.1369531, -22.7168033 ], [ 44.1369289, -22.7166767 ], [ 44.1370067, -22.7166157 ], [ 44.1371343, -22.7166056 ], [ 44.1373934, -22.716754 ], [ 44.1375056, -22.7169025 ], [ 44.1377115, -22.7169338 ], [ 44.1378306, -22.7169039 ], [ 44.1378801, -22.7170041 ], [ 44.1377547, -22.7171504 ], [ 44.1377107, -22.7172656 ], [ 44.1375909, -22.7173428 ], [ 44.1374889, -22.7175689 ], [ 44.1374943, -22.7177119 ], [ 44.137639, -22.7178373 ], [ 44.1377954, -22.7180682 ], [ 44.1381915, -22.7186308 ], [ 44.137824, -22.7189851 ], [ 44.1373903, -22.719243 ], [ 44.1372391, -22.719262 ], [ 44.1371343, -22.7193358 ], [ 44.1372217, -22.7197044 ], [ 44.137478, -22.7197517 ], [ 44.137649, -22.7197344 ], [ 44.137615, -22.7196352 ], [ 44.1376212, -22.7195746 ], [ 44.1380051, -22.7194547 ], [ 44.1381021, -22.7196543 ], [ 44.1382383, -22.7197968 ], [ 44.1383763, -22.7198783 ], [ 44.1384867, -22.7197952 ], [ 44.138616, -22.7197377 ], [ 44.1387145, -22.7196597 ], [ 44.138806, -22.7195878 ], [ 44.1388899, -22.719635 ], [ 44.1389364, -22.719751 ], [ 44.1389983, -22.7198559 ], [ 44.1392245, -22.7202941 ], [ 44.139369, -22.7205038 ], [ 44.13951, -22.72066 ], [ 44.1395906, -22.7207552 ], [ 44.1397295, -22.7207978 ], [ 44.1398053, -22.7206625 ], [ 44.1397732, -22.7205897 ], [ 44.140019100000011, -22.7205432 ], [ 44.1400892, -22.7205116 ], [ 44.1402677, -22.7204879 ], [ 44.1404325, -22.720426 ], [ 44.1405062, -22.7204271 ], [ 44.1405005, -22.7202815 ], [ 44.1404174, -22.7201973 ], [ 44.1403966, -22.7200758 ], [ 44.1405477, -22.7198948 ], [ 44.1406284, -22.7198909 ], [ 44.1406705, -22.7197266 ], [ 44.1407777, -22.719603 ], [ 44.140935, -22.7195327 ], [ 44.1410781, -22.7195576 ], [ 44.1411954, -22.7193598 ], [ 44.141178300000014, -22.7190793 ], [ 44.1414828, -22.7190437 ], [ 44.1418217, -22.718664 ], [ 44.14192, -22.7184557 ], [ 44.1420048, -22.718291 ], [ 44.1421077, -22.7181897 ], [ 44.1422303, -22.7181208 ], [ 44.1425064, -22.7179568 ], [ 44.143322, -22.7183359 ], [ 44.1433591, -22.7184978 ], [ 44.1433184, -22.7185609 ], [ 44.1433696, -22.7186392 ], [ 44.1434935, -22.7186495 ], [ 44.1439486, -22.7187893 ], [ 44.1444131, -22.7186498 ], [ 44.1446079, -22.7185557 ], [ 44.1448188, -22.7187084 ], [ 44.144869, -22.7188528 ], [ 44.1448466, -22.7189451 ], [ 44.1448566, -22.7190812 ], [ 44.1448677, -22.7190868 ], [ 44.144885, -22.719184 ], [ 44.1448807, -22.7193549 ], [ 44.1450348, -22.7194242 ], [ 44.1452794, -22.7195579 ], [ 44.1453735, -22.7192241 ], [ 44.1452601, -22.7184839 ], [ 44.1453117, -22.7181107 ], [ 44.145332, -22.717737 ], [ 44.1453567, -22.7175061 ], [ 44.1450875, -22.7170768 ], [ 44.1448048, -22.7163797 ], [ 44.1441503, -22.7162972 ], [ 44.143752, -22.715831 ], [ 44.1438128, -22.715537 ], [ 44.1443173, -22.7150895 ], [ 44.1453645, -22.7143238 ], [ 44.1452876, -22.7137087 ], [ 44.1457979, -22.7136231 ], [ 44.1463797, -22.7133021 ], [ 44.1463124, -22.71356 ], [ 44.1463213, -22.7139316 ], [ 44.1463605, -22.7141718 ], [ 44.1464302, -22.7142691 ], [ 44.1465397, -22.7144085 ], [ 44.1465433, -22.7145855 ], [ 44.1465704, -22.7147681 ], [ 44.1467121, -22.7151245 ], [ 44.1468021, -22.7152854 ], [ 44.1469545, -22.715315 ], [ 44.1471269, -22.7153337 ], [ 44.1472, -22.7155046 ], [ 44.1474403, -22.7155691 ], [ 44.1475251, -22.7154915 ], [ 44.1476275, -22.7153784 ], [ 44.1477464, -22.7152405 ], [ 44.1478376, -22.7151184 ], [ 44.1479121, -22.7150844 ], [ 44.1480433, -22.7151039 ], [ 44.1480872, -22.7150541 ], [ 44.1481732, -22.7149752 ], [ 44.1482446, -22.7149575 ], [ 44.1483061, -22.7150107 ], [ 44.1483212, -22.7151733 ], [ 44.1483332, -22.7153047 ], [ 44.1483976, -22.7154564 ], [ 44.1484063, -22.7155956 ], [ 44.1483942, -22.7157486 ], [ 44.1484414, -22.7158118 ], [ 44.1485605, -22.7157908 ], [ 44.1492975, -22.7154994 ], [ 44.1494577, -22.7151997 ], [ 44.149544, -22.7150784 ], [ 44.1494617, -22.7149917 ], [ 44.1493149, -22.7150287 ], [ 44.1492247, -22.7150945 ], [ 44.149103, -22.7151401 ], [ 44.1489677, -22.7150239 ], [ 44.1489187, -22.7148968 ], [ 44.1489209, -22.7148079 ], [ 44.1491103, -22.7147095 ], [ 44.1492855, -22.7146574 ], [ 44.1494864, -22.7146875 ], [ 44.1496942, -22.7146767 ], [ 44.1498086, -22.7145962 ], [ 44.1499635, -22.714593 ], [ 44.1501098, -22.7145302 ], [ 44.1501544, -22.7147009 ], [ 44.1502044, -22.7148015 ], [ 44.1502198, -22.7148033 ], [ 44.1503737, -22.7148327 ], [ 44.1504691, -22.7148496 ], [ 44.1505621, -22.7148872 ], [ 44.1506013, -22.7149627 ], [ 44.1505738, -22.715084 ], [ 44.1505603, -22.7152057 ], [ 44.1505953, -22.7152623 ], [ 44.1507069, -22.7152141 ], [ 44.1508012, -22.7153216 ], [ 44.1508723, -22.7154314 ], [ 44.150929, -22.7155564 ], [ 44.1509786, -22.7156357 ], [ 44.1510274, -22.7157399 ], [ 44.1510857, -22.7158323 ], [ 44.1511331, -22.7157692 ] ], [ [ 44.1511853, -22.7158849 ], [ 44.1511694, -22.7157201 ], [ 44.1511745, -22.7157039 ], [ 44.151192799999983, -22.7156841 ], [ 44.1511853, -22.7158849 ] ], [ [ 44.1512164, -22.71564 ], [ 44.1511884, -22.7156839 ], [ 44.1511745, -22.715696 ], [ 44.1512078, -22.7156356 ], [ 44.1512164, -22.71564 ] ] ] } }
]
}
