{
"type": "FeatureCollection",
"name": "MDG-555697907-NODATE-secondary_zoning-001",
"crs": { "type": "name", "properties": { "name": "urn:ogc:def:crs:OGC:1.3:CRS84" } },
"features": [
{ "type": "Feature", "properties": { }, "geometry": { "type": "MultiPolygon", "coordinates": [ [ [ [ 49.4493342, -14.5503375 ], [ 49.4506712, -14.5487057 ], [ 49.453192, -14.5471152 ], [ 49.455157799999988, -14.5451122 ], [ 49.4546148, -14.5436948 ], [ 49.452421, -14.5437249 ], [ 49.451054, -14.543133 ], [ 49.4484555, -14.5440847 ], [ 49.445617199999987, -14.5429023 ], [ 49.4477816, -14.540837 ], [ 49.4492765, -14.5358292 ], [ 49.449868, -14.5333784 ], [ 49.449002900000011, -14.5313547 ], [ 49.4474242, -14.5305621 ], [ 49.4472123, -14.5303614 ], [ 49.4479332, -14.5296391 ], [ 49.4466664, -14.5287404 ], [ 49.445076, -14.5271337 ], [ 49.4435797, -14.5248132 ], [ 49.4429398, -14.523906 ], [ 49.4408432, -14.5234258 ], [ 49.4401915, -14.5217044 ], [ 49.4382937, -14.520509 ], [ 49.4373418, -14.5197078 ], [ 49.4360839, -14.5194196 ], [ 49.434005, -14.5201605 ], [ 49.4319246, -14.5207996 ], [ 49.4289084, -14.5217567 ], [ 49.4269426, -14.5231067 ], [ 49.4245211, -14.5218165 ], [ 49.4228322, -14.5206181 ], [ 49.420436899999984, -14.5211596 ], [ 49.4195128, -14.5222918 ], [ 49.418371, -14.5228162 ], [ 49.4175615, -14.5246593 ], [ 49.4144422, -14.5257195 ], [ 49.4117306, -14.5260616 ], [ 49.408103399999987, -14.5281464 ], [ 49.4099288, -14.5315823 ], [ 49.4130933, -14.5336767 ], [ 49.417285, -14.5345359 ], [ 49.4205279, -14.5347971 ], [ 49.4230672, -14.5370017 ], [ 49.4246473, -14.5378963 ], [ 49.4277945, -14.5387694 ], [ 49.4306225, -14.5392397 ], [ 49.4329179, -14.5390048 ], [ 49.4344907, -14.5393905 ], [ 49.4355677, -14.5416149 ], [ 49.4370992, -14.5463777 ], [ 49.4339973, -14.5486593 ], [ 49.43277, -14.5505081 ], [ 49.4318707, -14.5533702 ], [ 49.4320279, -14.5570322 ], [ 49.4319572, -14.5593741 ], [ 49.4307562, -14.5630546 ], [ 49.4301864, -14.5670318 ], [ 49.4231774, -14.5665167 ], [ 49.4199327, -14.5661538 ], [ 49.4161699, -14.5661032 ], [ 49.4133358, -14.5652257 ], [ 49.4110387, -14.5653587 ], [ 49.4092654, -14.5655863 ], [ 49.407910099999988, -14.5658082 ], [ 49.405729, -14.5667538 ], [ 49.4032258, -14.5670931 ], [ 49.401337899999987, -14.5666097 ], [ 49.3985125, -14.5663426 ], [ 49.3968061, -14.5673142 ], [ 49.3959187, -14.5684009 ], [ 49.3950063, -14.5677293 ], [ 49.3939044, -14.5678419 ], [ 49.39301, -14.5684402 ], [ 49.3914025, -14.5682665 ], [ 49.3908118, -14.5690561 ], [ 49.3887041, -14.5689868 ], [ 49.3878014, -14.568999 ], [ 49.3868012, -14.5692079 ], [ 49.3870254, -14.5708659 ], [ 49.3863344, -14.5716568 ], [ 49.384639, -14.5723636 ], [ 49.3844356, -14.5721709 ], [ 49.3839299, -14.5718846 ], [ 49.3836082, -14.5704234 ], [ 49.3852006, -14.5695226 ], [ 49.3859863, -14.5683395 ], [ 49.3851687, -14.5672758 ], [ 49.3848567, -14.5664983 ], [ 49.3845378, -14.5652324 ], [ 49.3833369, -14.565444 ], [ 49.3827255, -14.5647683 ], [ 49.3816069, -14.5637086 ], [ 49.379807100000015, -14.5641236 ], [ 49.3802685, -14.5612839 ], [ 49.3788297, -14.5588606 ], [ 49.3769857, -14.5561496 ], [ 49.3761432, -14.5533274 ], [ 49.3761004, -14.5502991 ], [ 49.3758749, -14.5485434 ], [ 49.3761343, -14.5456087 ], [ 49.3748278, -14.5454308 ], [ 49.372920900000011, -14.5453587 ], [ 49.3702048, -14.5448089 ], [ 49.3657976, -14.5452587 ], [ 49.3642712, -14.5437158 ], [ 49.3628589, -14.5431485 ], [ 49.3617691, -14.5419337 ], [ 49.3601502, -14.5419498 ], [ 49.3589146, -14.5414606 ], [ 49.3563217, -14.5412356 ], [ 49.3544471, -14.5415678 ], [ 49.352573100000015, -14.5419626 ], [ 49.3504348, -14.5418585 ], [ 49.3488166, -14.5419373 ], [ 49.3479212, -14.5430119 ], [ 49.3466313, -14.5435263 ], [ 49.3455305, -14.5435373 ], [ 49.3432836, -14.5454247 ], [ 49.3423089, -14.5451209 ], [ 49.3413364, -14.546708 ], [ 49.3391884, -14.5472624 ], [ 49.3370182, -14.5477865 ], [ 49.3348683, -14.5496056 ], [ 49.334565, -14.5529916 ], [ 49.3366984, -14.5553286 ], [ 49.3365233, -14.5574902 ], [ 49.3362483, -14.5582053 ], [ 49.3399452, -14.5589885 ], [ 49.342563, -14.5600086 ], [ 49.3408555, -14.5626777 ], [ 49.3415609, -14.5649586 ], [ 49.3414298, -14.5673645 ], [ 49.3413202, -14.5690347 ], [ 49.3414365, -14.5711964 ], [ 49.3392876, -14.5733668 ], [ 49.338886, -14.5758961 ], [ 49.3359711, -14.5774264 ], [ 49.3360031, -14.5787336 ], [ 49.335359, -14.5793916 ], [ 49.3352442, -14.5800448 ], [ 49.3359104, -14.5802865 ], [ 49.3368059, -14.5791083 ], [ 49.3376166, -14.5798611 ], [ 49.3385341, -14.5795825 ], [ 49.3390903, -14.580727 ], [ 49.3405641, -14.581593 ], [ 49.340601899999982, -14.5831354 ], [ 49.3404794, -14.583524 ], [ 49.3398416, -14.5844391 ], [ 49.3405141, -14.5849379 ], [ 49.3413248, -14.5856906 ], [ 49.3424937, -14.5848918 ], [ 49.3437004, -14.5856354 ], [ 49.3440022, -14.5871716 ], [ 49.3441562, -14.5880682 ], [ 49.3453819, -14.5895829 ], [ 49.3464503, -14.5900725 ], [ 49.346862, -14.5907059 ], [ 49.3471544, -14.5918565 ], [ 49.3479088, -14.5936074 ], [ 49.348408500000012, -14.594528 ], [ 49.3484527, -14.5963274 ], [ 49.3480947, -14.597879 ], [ 49.3467092, -14.6006119 ], [ 49.3469154, -14.6030349 ], [ 49.3470806, -14.6049758 ], [ 49.3479262, -14.6071423 ], [ 49.347957799999989, -14.6084276 ], [ 49.3466727, -14.6098722 ], [ 49.3445735, -14.6104355 ], [ 49.3433825, -14.6103346 ], [ 49.3409814, -14.6093617 ], [ 49.3399554, -14.6093143 ], [ 49.340137, -14.611808 ], [ 49.341256, -14.613288 ], [ 49.3402183, -14.6151194 ], [ 49.3388567, -14.616356 ], [ 49.3388973, -14.6180117 ], [ 49.3394239, -14.6205598 ], [ 49.3399135, -14.6216027 ], [ 49.3399542, -14.6232584 ], [ 49.340134599999985, -14.6243085 ], [ 49.3408047, -14.6264014 ], [ 49.3420858, -14.6281788 ], [ 49.3439852, -14.6299418 ], [ 49.3460022, -14.630196 ], [ 49.3466168, -14.6300311 ], [ 49.3484348, -14.6284826 ], [ 49.350113, -14.6275398 ], [ 49.351485700000012, -14.6267548 ], [ 49.3530315, -14.6267187 ], [ 49.3550481, -14.6278775 ], [ 49.3569033, -14.6277881 ], [ 49.3578414, -14.6284857 ], [ 49.3586515, -14.6295078 ], [ 49.3595905, -14.63027 ], [ 49.361592, -14.631147 ], [ 49.3622686, -14.6321063 ], [ 49.3620153, -14.632949 ], [ 49.3627092, -14.6351347 ], [ 49.3620764, -14.6372736 ], [ 49.3624942, -14.6386883 ], [ 49.3623826, -14.6401747 ], [ 49.3623373, -14.6416601 ], [ 49.3630793, -14.642554 ], [ 49.3640266, -14.6438971 ], [ 49.3642474, -14.6454435 ], [ 49.3639966, -14.6465423 ], [ 49.3624265, -14.647309 ], [ 49.3607172, -14.6492871 ], [ 49.3607343, -14.6508995 ], [ 49.3636409, -14.6530643 ], [ 49.3643573, -14.6553642 ], [ 49.3628194, -14.6626443 ], [ 49.3665786, -14.6690686 ], [ 49.3706214, -14.6696047 ], [ 49.3742297, -14.672683 ], [ 49.3744787, -14.6761397 ], [ 49.3747631, -14.6794832 ], [ 49.3773553, -14.6837674 ], [ 49.3835057, -14.6768464 ], [ 49.3826256, -14.6709055 ], [ 49.3737601, -14.6642459 ], [ 49.3704199, -14.6573342 ], [ 49.3761173, -14.650226 ], [ 49.3746689, -14.6462238 ], [ 49.3640403, -14.6370523 ], [ 49.3675536, -14.6328628 ], [ 49.3710842, -14.6273365 ], [ 49.3717249, -14.6186083 ], [ 49.3707765, -14.6063611 ], [ 49.3694385, -14.6045048 ], [ 49.3773472, -14.5977131 ], [ 49.383588, -14.5943538 ], [ 49.3844637, -14.5938824 ], [ 49.3842854, -14.5927964 ], [ 49.3849529, -14.5928187 ], [ 49.3852203, -14.5929704 ], [ 49.3858802, -14.5925995 ], [ 49.386838, -14.5927943 ], [ 49.387135199999989, -14.5925109 ], [ 49.3872104, -14.5922721 ], [ 49.3873884, -14.5920902 ], [ 49.387521, -14.5917119 ], [ 49.387739, -14.5915093 ], [ 49.3880601, -14.5914012 ], [ 49.3882896, -14.5916347 ], [ 49.3888773, -14.5916209 ], [ 49.3897447, -14.5914426 ], [ 49.3900939, -14.5908025 ], [ 49.3909999, -14.5905443 ], [ 49.3916086, -14.5897401 ], [ 49.391499, -14.589407 ], [ 49.3919868, -14.5894548 ], [ 49.3923645, -14.5891497 ], [ 49.3932351, -14.5890934 ], [ 49.3940132, -14.5894072 ], [ 49.3942974, -14.5894203 ], [ 49.3950209, -14.589976 ], [ 49.3954672, -14.5899852 ], [ 49.3960849, -14.5903657 ], [ 49.3969484, -14.5900294 ], [ 49.3973054, -14.5897051 ], [ 49.3973139, -14.589231 ], [ 49.3978137, -14.5889428 ], [ 49.3979062, -14.5885852 ], [ 49.3973508, -14.5882625 ], [ 49.3972792, -14.5878298 ], [ 49.397569, -14.5872503 ], [ 49.3978449, -14.5869279 ], [ 49.3979281, -14.5861953 ], [ 49.3985856, -14.5857257 ], [ 49.3994728, -14.5855271 ], [ 49.4014025, -14.5826892 ], [ 49.406260499999988, -14.5860624 ], [ 49.4137026, -14.5863262 ], [ 49.4170532, -14.5851501 ], [ 49.419799, -14.5868409 ], [ 49.418776600000015, -14.5910343 ], [ 49.4212485, -14.5914895 ], [ 49.4213864, -14.5913554 ], [ 49.4245569, -14.5897169 ], [ 49.4268464, -14.5873073 ], [ 49.425801500000013, -14.5817115 ], [ 49.423519, -14.5805331 ], [ 49.4240531, -14.5784693 ], [ 49.4237191, -14.5770126 ], [ 49.4228372, -14.5750075 ], [ 49.4227769, -14.5725777 ], [ 49.4259103, -14.5731116 ], [ 49.4280497, -14.5754923 ], [ 49.4311731, -14.5756212 ], [ 49.43205, -14.5774239 ], [ 49.4312534, -14.5811381 ], [ 49.4332185, -14.5825472 ], [ 49.4396125, -14.5839869 ], [ 49.442676, -14.5827245 ], [ 49.4444078, -14.580756 ], [ 49.4403304, -14.5758101 ], [ 49.4385916, -14.5728122 ], [ 49.4385159, -14.5697751 ], [ 49.4380094, -14.5661404 ], [ 49.4360528, -14.5627425 ], [ 49.436154800000011, -14.5584855 ], [ 49.4391872, -14.5549698 ], [ 49.4430763, -14.5524467 ], [ 49.4484042, -14.5518878 ], [ 49.4493342, -14.5503375 ] ] ], [ [ [ 49.358588, -14.5174516 ], [ 49.3585843, -14.5174643 ], [ 49.3585833, -14.5174806 ], [ 49.358588, -14.5174516 ] ] ], [ [ [ 49.4346759, -14.4695662 ], [ 49.4348055, -14.4697657 ], [ 49.4348005, -14.4695633 ], [ 49.4346759, -14.4695662 ] ] ], [ [ [ 49.3842759, -14.4521039 ], [ 49.3828507, -14.451906 ], [ 49.3820789, -14.4513835 ], [ 49.3811966, -14.4507562 ], [ 49.3797158, -14.4503431 ], [ 49.3779127, -14.4507887 ], [ 49.3781206, -14.4497265 ], [ 49.378779599999987, -14.449932 ], [ 49.3804149, -14.4492798 ], [ 49.3817196, -14.4484187 ], [ 49.3830321, -14.4482997 ], [ 49.38391, -14.4485031 ], [ 49.3867516, -14.4480509 ], [ 49.3856514, -14.4475317 ], [ 49.385201400000014, -14.44637 ], [ 49.3845435, -14.4462705 ], [ 49.3839929, -14.4459579 ], [ 49.3844939, -14.4447596 ], [ 49.3847337, -14.4435122 ], [ 49.3855739, -14.442432 ], [ 49.3867854, -14.4421137 ], [ 49.3884411, -14.4420973 ], [ 49.3888734, -14.441563 ], [ 49.3907199, -14.4401665 ], [ 49.3919218, -14.4399425 ], [ 49.3926814, -14.4392989 ], [ 49.3940978, -14.4386488 ], [ 49.3960294, -14.4385751 ], [ 49.3975906, -14.4376601 ], [ 49.397242299999988, -14.4357552 ], [ 49.3972015, -14.4318329 ], [ 49.3955364, -14.4296229 ], [ 49.3943244, -14.428773 ], [ 49.3936645, -14.4285811 ], [ 49.3934357, -14.4276292 ], [ 49.393776, -14.4261621 ], [ 49.397125, -14.4267322 ], [ 49.3991063, -14.4258384 ], [ 49.4016177, -14.4248977 ], [ 49.4030477, -14.4234825 ], [ 49.4032056, -14.4220591 ], [ 49.4027079, -14.4212029 ], [ 49.4012441, -14.4205544 ], [ 49.4026561, -14.4194802 ], [ 49.403080700000011, -14.4182037 ], [ 49.403837, -14.4172419 ], [ 49.4041489, -14.4156484 ], [ 49.4038128, -14.4149096 ], [ 49.404334700000014, -14.4124657 ], [ 49.4074737, -14.4116335 ], [ 49.4102398, -14.4103123 ], [ 49.4085608, -14.4082888 ], [ 49.4091845, -14.4051017 ], [ 49.4143263, -14.4047793 ], [ 49.4119952, -14.4016808 ], [ 49.4119864, -14.4008326 ], [ 49.4130689, -14.3996556 ], [ 49.4133775, -14.3977439 ], [ 49.41412720000001, -14.3961459 ], [ 49.414212500000012, -14.3938122 ], [ 49.418907200000014, -14.3925995 ], [ 49.4202128, -14.3894036 ], [ 49.421381, -14.38886 ], [ 49.4179883, -14.3892938 ], [ 49.4166938, -14.3892186 ], [ 49.4167795, -14.3887979 ], [ 49.4132785, -14.3882013 ], [ 49.4128429, -14.3877105 ], [ 49.4115062, -14.386204 ], [ 49.4104248, -14.3874871 ], [ 49.4076927, -14.388643 ], [ 49.4049849, -14.3891314 ], [ 49.401462099999989, -14.388848 ], [ 49.3963152, -14.3886867 ], [ 49.3934527, -14.3871242 ], [ 49.3910405, -14.3826835 ], [ 49.3873977, -14.3812277 ], [ 49.384012599999984, -14.3802183 ], [ 49.3815591, -14.3803485 ], [ 49.383997, -14.3831878 ], [ 49.3843485, -14.3854112 ], [ 49.3840377, -14.387111 ], [ 49.3833898, -14.3879658 ], [ 49.380050900000015, -14.3893109 ], [ 49.3773693, -14.3880251 ], [ 49.376753799999989, -14.3898507 ], [ 49.375663, -14.3906884 ], [ 49.3748638, -14.39206 ], [ 49.3724052, -14.3937419 ], [ 49.3718433, -14.3934844 ], [ 49.3703601, -14.3953054 ], [ 49.3708125, -14.396756 ], [ 49.3708391, -14.3978385 ], [ 49.370899099999988, -14.3987614 ], [ 49.3691703, -14.3995763 ], [ 49.3666283, -14.3996353 ], [ 49.363431700000014, -14.3989346 ], [ 49.3612335, -14.3987028 ], [ 49.3602806, -14.4000924 ], [ 49.3576098, -14.4013939 ], [ 49.3553854, -14.4014454 ], [ 49.3531233, -14.3999482 ], [ 49.353846, -14.3969873 ], [ 49.3555258, -14.3941592 ], [ 49.35643, -14.3921239 ], [ 49.3566911, -14.3897935 ], [ 49.3576067, -14.3882227 ], [ 49.3586773, -14.3864934 ], [ 49.3587682, -14.3837021 ], [ 49.3576259, -14.3824889 ], [ 49.3553301, -14.3795979 ], [ 49.3537338, -14.3793249 ], [ 49.3527618, -14.3785726 ], [ 49.3516007, -14.376585 ], [ 49.3504683, -14.3747845 ], [ 49.3470809, -14.3737452 ], [ 49.3472663, -14.3705429 ], [ 49.3472443, -14.3673881 ], [ 49.3471916, -14.3652199 ], [ 49.3471429, -14.363747 ], [ 49.3444646, -14.3641982 ], [ 49.3422556, -14.364869 ], [ 49.3410072, -14.3658276 ], [ 49.3383103, -14.3660447 ], [ 49.3389272, -14.3635727 ], [ 49.3358335, -14.3622278 ], [ 49.3343587, -14.3604023 ], [ 49.3322559, -14.3589011 ], [ 49.3316055, -14.3582962 ], [ 49.3309476, -14.3573816 ], [ 49.3299681, -14.3563194 ], [ 49.3300427, -14.3543995 ], [ 49.3303371, -14.3531244 ], [ 49.3303268, -14.3527019 ], [ 49.3304249, -14.3522768 ], [ 49.3313796, -14.3514093 ], [ 49.331697, -14.3510849 ], [ 49.3308021, -14.3499429 ], [ 49.3298167, -14.3495428 ], [ 49.330980399999987, -14.3483534 ], [ 49.3306323, -14.3474101 ], [ 49.3298637, -14.347005 ], [ 49.3308158, -14.3460319 ], [ 49.3320955, -14.3451568 ], [ 49.3324078, -14.3446212 ], [ 49.3315359, -14.3444299 ], [ 49.3299132, -14.3445729 ], [ 49.3280483, -14.3436645 ], [ 49.3271636, -14.342945 ], [ 49.3271304, -14.3415717 ], [ 49.3275357, -14.3403998 ], [ 49.327087, -14.3397759 ], [ 49.3279384, -14.3391222 ], [ 49.3292258, -14.3385641 ], [ 49.3308254, -14.3374703 ], [ 49.331989, -14.3362809 ], [ 49.3325154, -14.3356346 ], [ 49.331414099999989, -14.3349201 ], [ 49.3304083, -14.3336749 ], [ 49.3295211, -14.3328497 ], [ 49.3286237, -14.331602 ], [ 49.327844899999988, -14.3307743 ], [ 49.3269654, -14.3302661 ], [ 49.3263102, -14.3300697 ], [ 49.3256296, -14.328817 ], [ 49.3255532, -14.328746 ], [ 49.3246673, -14.3293816 ], [ 49.3224312, -14.3296313 ], [ 49.3216109, -14.3296525 ], [ 49.3185596, -14.3314776 ], [ 49.3161927, -14.3302355 ], [ 49.317501400000012, -14.328898 ], [ 49.3177703, -14.3265665 ], [ 49.316878100000011, -14.32553 ], [ 49.3154722, -14.3256679 ], [ 49.3140613, -14.3255946 ], [ 49.3123278, -14.3256343 ], [ 49.3110328, -14.3258754 ], [ 49.3080796, -14.3247804 ], [ 49.3069504, -14.3229037 ], [ 49.3068944, -14.3205796 ], [ 49.307403, -14.3191939 ], [ 49.3077051, -14.3182357 ], [ 49.3090932, -14.3173583 ], [ 49.3107132, -14.3171098 ], [ 49.3133936, -14.3158857 ], [ 49.316752, -14.3158087 ], [ 49.319674500000012, -14.315636 ], [ 49.3210778, -14.3153924 ], [ 49.3239773, -14.3142689 ], [ 49.3245916, -14.312775 ], [ 49.3230545, -14.3119647 ], [ 49.319983, -14.3104497 ], [ 49.3223026, -14.3077541 ], [ 49.3256574, -14.3069977 ], [ 49.3270079, -14.3051093 ], [ 49.3288291, -14.3042219 ], [ 49.3276489, -14.3002326 ], [ 49.3270639, -14.2984491 ], [ 49.3245086, -14.2958653 ], [ 49.3239186, -14.2938706 ], [ 49.3181174, -14.2906417 ], [ 49.3169957, -14.2913183 ], [ 49.3162019, -14.2917971 ], [ 49.3152219, -14.291541 ], [ 49.3142462, -14.2912861 ], [ 49.3130549, -14.2901997 ], [ 49.311862, -14.2898086 ], [ 49.3100524, -14.289287 ], [ 49.3091911, -14.2876043 ], [ 49.3081527, -14.2872903 ], [ 49.308241900000013, -14.2850388 ], [ 49.306822300000015, -14.2827436 ], [ 49.3070297, -14.280835 ], [ 49.3060175, -14.2797633 ], [ 49.303666, -14.2792511 ], [ 49.298467, -14.2735435 ], [ 49.2960162, -14.2733187 ], [ 49.293692, -14.2739177 ], [ 49.2924558, -14.2743954 ], [ 49.2916427, -14.2744034 ], [ 49.290019, -14.2746618 ], [ 49.288609, -14.2750928 ], [ 49.2880878, -14.2754937 ], [ 49.2880359, -14.2765247 ], [ 49.288105699999988, -14.2773553 ], [ 49.2891195, -14.278057 ], [ 49.2900023, -14.2791728 ], [ 49.2900128, -14.2801178 ], [ 49.2895924, -14.2802675 ], [ 49.288839, -14.280935 ], [ 49.288000399999987, -14.281678 ], [ 49.2877856, -14.2823786 ], [ 49.2878628, -14.2839255 ], [ 49.2879634, -14.284506 ], [ 49.2886314, -14.2852511 ], [ 49.2886939, -14.2857326 ], [ 49.288017, -14.286745 ], [ 49.2865868, -14.2876325 ], [ 49.2864717, -14.2886035 ], [ 49.2867431, -14.2906619 ], [ 49.2887584, -14.2919757 ], [ 49.2890186, -14.292943 ], [ 49.2884006, -14.2936765 ], [ 49.2867851, -14.2947228 ], [ 49.2859095, -14.2947314 ], [ 49.2840299, -14.2944468 ], [ 49.283252, -14.2947028 ], [ 49.2821051, -14.2949618 ], [ 49.2816946, -14.2959225 ], [ 49.2835161, -14.2982708 ], [ 49.283758100000014, -14.2993223 ], [ 49.283775899999988, -14.3000618 ], [ 49.283141099999987, -14.3007105 ], [ 49.2822795, -14.3009416 ], [ 49.2863722, -14.3031277 ], [ 49.2860683, -14.3039792 ], [ 49.285439, -14.3044431 ], [ 49.2840822, -14.3047856 ], [ 49.2842046, -14.3052953 ], [ 49.28471, -14.3057752 ], [ 49.2853355, -14.3057691 ], [ 49.2871424, -14.3050846 ], [ 49.2880331, -14.3065305 ], [ 49.287914, -14.3070524 ], [ 49.2868632, -14.3073631 ], [ 49.2871762, -14.3083574 ], [ 49.2872475, -14.3092052 ], [ 49.2880588, -14.3107053 ], [ 49.2877042, -14.3110191 ], [ 49.2866685, -14.3136962 ], [ 49.2864927, -14.3148412 ], [ 49.286457, -14.3173708 ], [ 49.2862162, -14.3182823 ], [ 49.2859819, -14.3198853 ], [ 49.2861151, -14.3206719 ], [ 49.2866931, -14.3221208 ], [ 49.287704500000011, -14.3231412 ], [ 49.2889218, -14.3240335 ], [ 49.2904153, -14.3251752 ], [ 49.2914911, -14.3263768 ], [ 49.2921828, -14.3267337 ], [ 49.292269199999986, -14.3290359 ], [ 49.2925914, -14.3299418 ], [ 49.2932913, -14.3310865 ], [ 49.293424300000012, -14.3317876 ], [ 49.2924361, -14.3330094 ], [ 49.292151, -14.3356789 ], [ 49.2906441, -14.3367125 ], [ 49.2895957, -14.336638 ], [ 49.2881147, -14.3366883 ], [ 49.2862983, -14.3373593 ], [ 49.2857922, -14.3377415 ], [ 49.2855711, -14.3406169 ], [ 49.2855721, -14.3406527 ], [ 49.2852128, -14.3422567 ], [ 49.2845959, -14.3430258 ], [ 49.283576, -14.343802 ], [ 49.2833483, -14.3439612 ], [ 49.2829813, -14.344218 ], [ 49.282563, -14.3444768 ], [ 49.2812394, -14.3451442 ], [ 49.2800529, -14.3453377 ], [ 49.2790497, -14.3451052 ], [ 49.2782929, -14.3445066 ], [ 49.2782816, -14.3434159 ], [ 49.2792766, -14.3428607 ], [ 49.2803811, -14.3407892 ], [ 49.2803456, -14.3402162 ], [ 49.280306, -14.3395779 ], [ 49.2791304, -14.3393287 ], [ 49.2784934, -14.339717 ], [ 49.2770348, -14.3405679 ], [ 49.2746434, -14.3420509 ], [ 49.270714599999984, -14.3444882 ], [ 49.2703477, -14.3444031 ], [ 49.269105, -14.3452032 ], [ 49.2664733, -14.3449041 ], [ 49.2661616, -14.3448686 ], [ 49.2636959, -14.3423476 ], [ 49.2625732, -14.3426617 ], [ 49.2624582, -14.3436325 ], [ 49.2611398, -14.3449269 ], [ 49.2602622, -14.3454734 ], [ 49.2568428, -14.3450211 ], [ 49.2567303, -14.3462343 ], [ 49.2554238, -14.3469138 ], [ 49.2533717, -14.3476024 ], [ 49.2509476, -14.3479292 ], [ 49.2464227, -14.347548 ], [ 49.2448478, -14.3464727 ], [ 49.2429227, -14.3473098 ], [ 49.2401467, -14.3496448 ], [ 49.2402734, -14.3503839 ], [ 49.2396744, -14.3511592 ], [ 49.2373705, -14.3523093 ], [ 49.2353161, -14.3533304 ], [ 49.2334085, -14.3512409 ], [ 49.2316589, -14.3508273 ], [ 49.2304119, -14.3515635 ], [ 49.2309721, -14.3521025 ], [ 49.2323284, -14.3534002 ], [ 49.2333005, -14.3546129 ], [ 49.233936, -14.3559973 ], [ 49.231385900000014, -14.357197 ], [ 49.2298669, -14.3563932 ], [ 49.2283163, -14.3561765 ], [ 49.2266518, -14.3562749 ], [ 49.2242762, -14.357459 ], [ 49.2239911, -14.3582661 ], [ 49.2239898, -14.3582699 ], [ 49.2247682, -14.3591546 ], [ 49.2243491, -14.3598354 ], [ 49.2250787, -14.3609224 ], [ 49.224221, -14.3620961 ], [ 49.2234581, -14.3632546 ], [ 49.2222473, -14.3637253 ], [ 49.2209601, -14.3639285 ], [ 49.2197783, -14.3641012 ], [ 49.2188375, -14.365054 ], [ 49.2172323, -14.3654896 ], [ 49.2179796, -14.3664916 ], [ 49.2192337, -14.367806 ], [ 49.2193033, -14.3701591 ], [ 49.22011, -14.3723114 ], [ 49.2188263, -14.3745968 ], [ 49.2180645, -14.375501 ], [ 49.2181633, -14.3759435 ], [ 49.217055599999988, -14.3766914 ], [ 49.2185431, -14.3773256 ], [ 49.2183678, -14.3779984 ], [ 49.2168175, -14.3777639 ], [ 49.2169177, -14.3790395 ], [ 49.2146363, -14.3790966 ], [ 49.2146983, -14.3797899 ], [ 49.2135861, -14.380795 ], [ 49.2129609, -14.3800943 ], [ 49.212335, -14.3788258 ], [ 49.2114035, -14.3784403 ], [ 49.2102352, -14.378381 ], [ 49.209570899999989, -14.3776819 ], [ 49.2080756, -14.3776143 ], [ 49.2078695, -14.379426 ], [ 49.2082946, -14.3799716 ], [ 49.2085864, -14.3800727 ], [ 49.208376799999989, -14.3805746 ], [ 49.2081224, -14.3812743 ], [ 49.2086501, -14.3821276 ], [ 49.2087364, -14.3827639 ], [ 49.2081486, -14.3831149 ], [ 49.2077245, -14.3835785 ], [ 49.2064862, -14.383388 ], [ 49.2072466, -14.3861698 ], [ 49.2076838, -14.3876222 ], [ 49.2084757, -14.3874573 ], [ 49.209464900000015, -14.3884525 ], [ 49.2104098, -14.3889508 ], [ 49.2106504, -14.389874 ], [ 49.2106549, -14.3907548 ], [ 49.2105003, -14.3918042 ], [ 49.2112341, -14.3929849 ], [ 49.2122728, -14.3932137 ], [ 49.2130376, -14.3936286 ], [ 49.2138576, -14.3950352 ], [ 49.2135873, -14.3957467 ], [ 49.2143293, -14.3963451 ], [ 49.2148309, -14.3965104 ], [ 49.2155658, -14.3967527 ], [ 49.2161015, -14.3970521 ], [ 49.2168731, -14.3974527 ], [ 49.2168038, -14.4004657 ], [ 49.2186591, -14.4007804 ], [ 49.2197289, -14.4029093 ], [ 49.221123, -14.4033426 ], [ 49.2276054, -14.4035982 ], [ 49.2290985, -14.4027898 ], [ 49.2303315, -14.3998421 ], [ 49.2328597, -14.3985694 ], [ 49.2370026, -14.3969376 ], [ 49.2409187, -14.395647 ], [ 49.2456581, -14.3953607 ], [ 49.2517126, -14.3982148 ], [ 49.2501176, -14.4000396 ], [ 49.248512, -14.4010751 ], [ 49.2494602, -14.4027544 ], [ 49.2506383, -14.404318 ], [ 49.252722, -14.4044039 ], [ 49.2559364, -14.4025583 ], [ 49.2576455, -14.4006192 ], [ 49.2590014, -14.3982337 ], [ 49.2613026, -14.3973019 ], [ 49.2612206, -14.3997838 ], [ 49.2611371, -14.4021529 ], [ 49.2630201, -14.4044967 ], [ 49.269736799999983, -14.4049737 ], [ 49.2711264, -14.4050685 ], [ 49.2709166, -14.4066499 ], [ 49.2714039, -14.4084478 ], [ 49.272576, -14.4095603 ], [ 49.2728243, -14.4107975 ], [ 49.271329699999988, -14.4114935 ], [ 49.272033, -14.4121609 ], [ 49.2733085, -14.41237 ], [ 49.2738992, -14.4132644 ], [ 49.2727671, -14.4150833 ], [ 49.2714066, -14.4171307 ], [ 49.2712044, -14.4192759 ], [ 49.2706552, -14.4214255 ], [ 49.2763421, -14.422705 ], [ 49.2785524, -14.4235784 ], [ 49.281918, -14.4243241 ], [ 49.2834358, -14.4253192 ], [ 49.2866656, -14.4246006 ], [ 49.2869156, -14.4259505 ], [ 49.2886632, -14.4268299 ], [ 49.2915367, -14.4254393 ], [ 49.2919054, -14.4270132 ], [ 49.2936484, -14.4275543 ], [ 49.298282, -14.4279448 ], [ 49.2995297, -14.4261243 ], [ 49.3011353, -14.4250884 ], [ 49.3019497, -14.4254161 ], [ 49.3028628, -14.424502 ], [ 49.3037929, -14.4248281 ], [ 49.3052765, -14.4233428 ], [ 49.3064411, -14.4238913 ], [ 49.307691899999988, -14.4222963 ], [ 49.3087065, -14.420366 ], [ 49.3108106, -14.4219171 ], [ 49.3122143, -14.4230263 ], [ 49.3136321, -14.4251502 ], [ 49.3146997, -14.4270532 ], [ 49.3152922, -14.4280603 ], [ 49.3166835, -14.4282675 ], [ 49.3156595, -14.4295214 ], [ 49.3160253, -14.4308697 ], [ 49.317162, -14.4324435 ], [ 49.3154369, -14.4349432 ], [ 49.3145439, -14.4363523 ], [ 49.3145773, -14.4387654 ], [ 49.3142188, -14.4411202 ], [ 49.3139167, -14.4428391 ], [ 49.31382940000001, -14.4459525 ], [ 49.3151696, -14.4486025 ], [ 49.3165522, -14.4496006 ], [ 49.3230705, -14.4496418 ], [ 49.3257194, -14.4479555 ], [ 49.3281323, -14.4480507 ], [ 49.3304844, -14.4484643 ], [ 49.3329713, -14.4491936 ], [ 49.3352627, -14.4499255 ], [ 49.3359329, -14.4512504 ], [ 49.3367246, -14.4519386 ], [ 49.3384779, -14.4514708 ], [ 49.3397874, -14.4518981 ], [ 49.3404391, -14.4518894 ], [ 49.3418182, -14.4526333 ], [ 49.3424233, -14.4539591 ], [ 49.3432856, -14.4550274 ], [ 49.3454414, -14.4553799 ], [ 49.3451289, -14.4563368 ], [ 49.3444985, -14.4578695 ], [ 49.3435343, -14.458835 ], [ 49.3431619, -14.4601737 ], [ 49.3435742, -14.4616926 ], [ 49.3435937, -14.4630897 ], [ 49.3434909, -14.46506 ], [ 49.3426587, -14.4661508 ], [ 49.3404695, -14.4680852 ], [ 49.3424969, -14.4685664 ], [ 49.3444414, -14.4677785 ], [ 49.3477802, -14.4688139 ], [ 49.3508574, -14.4697892 ], [ 49.3523919, -14.4723094 ], [ 49.3544185, -14.472727 ], [ 49.3579377, -14.4726801 ], [ 49.3602161, -14.4724592 ], [ 49.362889, -14.4724871 ], [ 49.366095799999989, -14.4734011 ], [ 49.3676357, -14.4716615 ], [ 49.3689847, -14.4702462 ], [ 49.3705942, -14.4688274 ], [ 49.3722038, -14.4674085 ], [ 49.3736286, -14.4667543 ], [ 49.3758443, -14.4667247 ], [ 49.377669100000013, -14.4667002 ], [ 49.3792875, -14.4659163 ], [ 49.3812309, -14.4650646 ], [ 49.3827851, -14.4643451 ], [ 49.3842786, -14.4639439 ], [ 49.3853294, -14.4645014 ], [ 49.3859963, -14.4655722 ], [ 49.3865981, -14.4666439 ], [ 49.3868921, -14.4689899 ], [ 49.3880197, -14.470372 ], [ 49.3914909, -14.4715321 ], [ 49.395975, -14.4705825 ], [ 49.4014583, -14.4711436 ], [ 49.407148799999987, -14.4725275 ], [ 49.409099399999988, -14.4767565 ], [ 49.4101277, -14.4802993 ], [ 49.4136083, -14.4866669 ], [ 49.4114974, -14.4894901 ], [ 49.4082097, -14.4920751 ], [ 49.4115636, -14.4941256 ], [ 49.4140439, -14.494346 ], [ 49.4152823, -14.4943292 ], [ 49.4188036, -14.4944084 ], [ 49.4206112, -14.4931771 ], [ 49.4232743, -14.4925058 ], [ 49.4255554, -14.4924748 ], [ 49.4286693, -14.4914162 ], [ 49.431974, -14.4900374 ], [ 49.433607, -14.4902691 ], [ 49.436094, -14.4922653 ], [ 49.4395612, -14.4908747 ], [ 49.4427189, -14.4905154 ], [ 49.4459496, -14.4896021 ], [ 49.4478236, -14.4902085 ], [ 49.4484049, -14.4911487 ], [ 49.4490695, -14.4922458 ], [ 49.450851, -14.4920633 ], [ 49.4526371, -14.4921969 ], [ 49.4546676, -14.492406 ], [ 49.4558131, -14.4931014 ], [ 49.456866, -14.4930079 ], [ 49.458724, -14.4925083 ], [ 49.4616989, -14.4907291 ], [ 49.4625028, -14.490244 ], [ 49.463952, -14.4895129 ], [ 49.466203900000011, -14.4882176 ], [ 49.4675697, -14.4873297 ], [ 49.4694219, -14.486435 ], [ 49.4708472, -14.4852908 ], [ 49.4732079, -14.487028 ], [ 49.4743505, -14.4882764 ], [ 49.4752472, -14.4904553 ], [ 49.4770002, -14.4920323 ], [ 49.4785741, -14.4931905 ], [ 49.4791188, -14.4949528 ], [ 49.4801193, -14.49831 ], [ 49.480664, -14.5000723 ], [ 49.4784325, -14.5012831 ], [ 49.4789092, -14.5043105 ], [ 49.4797158, -14.5062377 ], [ 49.4814095, -14.5096697 ], [ 49.482388, -14.5115102 ], [ 49.4794694, -14.5130676 ], [ 49.4778371, -14.5138487 ], [ 49.4771004, -14.5167243 ], [ 49.4776427, -14.5183181 ], [ 49.4786187, -14.5199901 ], [ 49.4793488, -14.5225926 ], [ 49.4775717, -14.5253141 ], [ 49.4776, -14.5272521 ], [ 49.4782325, -14.5290974 ], [ 49.4787748, -14.5306912 ], [ 49.4787896, -14.5317023 ], [ 49.4783731, -14.5328037 ], [ 49.4781483, -14.5337047 ], [ 49.47916, -14.5339619 ], [ 49.4811698, -14.533565 ], [ 49.4825898, -14.5324876 ], [ 49.4838839, -14.5315317 ], [ 49.4858317, -14.5307057 ], [ 49.4868321, -14.529689 ], [ 49.4873554, -14.5266806 ], [ 49.4885669, -14.5252337 ], [ 49.4907383, -14.5260893 ], [ 49.4908226, -14.5239645 ], [ 49.4923726, -14.522662 ], [ 49.4890635, -14.5201571 ], [ 49.4871524, -14.5185818 ], [ 49.4852262, -14.5163991 ], [ 49.4833152, -14.5148238 ], [ 49.4832594, -14.5125966 ], [ 49.4853022, -14.51113 ], [ 49.489484, -14.5120435 ], [ 49.4926927, -14.5156138 ], [ 49.4949505, -14.516988 ], [ 49.4966759, -14.5176006 ], [ 49.4989428, -14.5160728 ], [ 49.500554499999986, -14.5140085 ], [ 49.5030026, -14.5121268 ], [ 49.5060386, -14.5088131 ], [ 49.5084866, -14.5069314 ], [ 49.5111475, -14.5052472 ], [ 49.5137006, -14.5054074 ], [ 49.5169672, -14.5058611 ], [ 49.519418, -14.5038073 ], [ 49.5218926, -14.5042698 ], [ 49.5243067, -14.5027792 ], [ 49.5265585, -14.4985201 ], [ 49.5295271, -14.4972691 ], [ 49.5328366, -14.4945632 ], [ 49.5362396, -14.4914538 ], [ 49.5372598, -14.4899903 ], [ 49.5348677, -14.4881688 ], [ 49.5346238, -14.487848 ], [ 49.5381049, -14.4875632 ], [ 49.5367844, -14.4860511 ], [ 49.5343259, -14.4846695 ], [ 49.5362051, -14.4827221 ], [ 49.5353576, -14.4811225 ], [ 49.5370409, -14.4805836 ], [ 49.5382167, -14.4817502 ], [ 49.5394309, -14.4808924 ], [ 49.5386534, -14.478023 ], [ 49.5400612, -14.4764331 ], [ 49.5422686, -14.475038 ], [ 49.5407193, -14.4725407 ], [ 49.5406311, -14.4690429 ], [ 49.5406189, -14.4685605 ], [ 49.5444622, -14.4687098 ], [ 49.5479474, -14.4742985 ], [ 49.550165, -14.4736804 ], [ 49.5508278, -14.4736652 ], [ 49.5508683, -14.4734887 ], [ 49.5514761, -14.4728666 ], [ 49.5516633, -14.4720521 ], [ 49.5507814, -14.4700483 ], [ 49.550761, -14.4692387 ], [ 49.5515559, -14.4678021 ], [ 49.551515, -14.4661831 ], [ 49.55231, -14.4647465 ], [ 49.5528666, -14.4621006 ], [ 49.5528359, -14.4608863 ], [ 49.5517193, -14.4599371 ], [ 49.5508765, -14.4600277 ], [ 49.5502005, -14.459357 ], [ 49.5479896, -14.4616171 ], [ 49.5475161, -14.4612429 ], [ 49.5468794, -14.4588479 ], [ 49.5455889, -14.456695 ], [ 49.5444387, -14.4576283 ], [ 49.543117, -14.4581617 ], [ 49.5426236, -14.4586306 ], [ 49.5426477, -14.4591508 ], [ 49.5427063, -14.461472 ], [ 49.5402365, -14.4580473 ], [ 49.5394224, -14.4570033 ], [ 49.5377413, -14.4573143 ], [ 49.5374477, -14.4577269 ], [ 49.5343009, -14.4589635 ], [ 49.5348051, -14.4632095 ], [ 49.534495799999988, -14.4667008 ], [ 49.531271, -14.4648424 ], [ 49.5292956, -14.4652767 ], [ 49.5285697, -14.4680038 ], [ 49.52979, -14.469136 ], [ 49.5278341, -14.470344 ], [ 49.5271179, -14.4734579 ], [ 49.5231476, -14.4735528 ], [ 49.5207168, -14.4716753 ], [ 49.5214738, -14.4698305 ], [ 49.5198432, -14.4686559 ], [ 49.5187412, -14.4685929 ], [ 49.5179766, -14.4673601 ], [ 49.5169685, -14.4673841 ], [ 49.5157056, -14.4682185 ], [ 49.515086399999987, -14.4691268 ], [ 49.5141879, -14.4698631 ], [ 49.513296, -14.4708674 ], [ 49.513423599999982, -14.4722941 ], [ 49.5133588, -14.4733679 ], [ 49.5132092, -14.4747119 ], [ 49.5120401, -14.4756333 ], [ 49.5108733, -14.4766441 ], [ 49.5099836, -14.4777376 ], [ 49.5087117, -14.4782147 ], [ 49.507518, -14.4781538 ], [ 49.5056826, -14.4781082 ], [ 49.5039435, -14.4782389 ], [ 49.5025754, -14.4785396 ], [ 49.500773599999988, -14.4798335 ], [ 49.4986901, -14.4808661 ], [ 49.4976774, -14.4807114 ], [ 49.4965507, -14.4796659 ], [ 49.4953637, -14.4798728 ], [ 49.4939352, -14.4814259 ], [ 49.4928532, -14.4821665 ], [ 49.490983100000015, -14.4824049 ], [ 49.4890186, -14.4819811 ], [ 49.4871117, -14.4820263 ], [ 49.4853481, -14.4814485 ], [ 49.4840265, -14.4794657 ], [ 49.4819374, -14.4785857 ], [ 49.4805072, -14.4786196 ], [ 49.4794025, -14.4789557 ], [ 49.4786428, -14.4803681 ], [ 49.4773637, -14.4800885 ], [ 49.4762243, -14.479031 ], [ 49.4751119, -14.4790574 ], [ 49.473856, -14.4797069 ], [ 49.4727629, -14.4805074 ], [ 49.4702473, -14.4816515 ], [ 49.4685185, -14.4824672 ], [ 49.4669895, -14.4836008 ], [ 49.465876, -14.4819552 ], [ 49.4642239, -14.4824138 ], [ 49.4635726, -14.4813629 ], [ 49.463603, -14.4805048 ], [ 49.4636271, -14.4793947 ], [ 49.4640789, -14.4788292 ], [ 49.464372899999987, -14.4781666 ], [ 49.4673732, -14.4780956 ], [ 49.4680243, -14.4772229 ], [ 49.4691422, -14.4763895 ], [ 49.470819, -14.4742706 ], [ 49.4706177, -14.4735296 ], [ 49.47196, -14.4716551 ], [ 49.4717671, -14.4670563 ], [ 49.4667634, -14.4626101 ], [ 49.4668289, -14.4621335 ], [ 49.4664761, -14.4614671 ], [ 49.4650366, -14.4598913 ], [ 49.46375780000001, -14.4593557 ], [ 49.4625578, -14.4590788 ], [ 49.4614179, -14.4592911 ], [ 49.46055, -14.4600417 ], [ 49.4581629, -14.4620794 ], [ 49.4567422, -14.4623054 ], [ 49.4547794, -14.4615828 ], [ 49.4528752, -14.459974 ], [ 49.4513468, -14.4592847 ], [ 49.4507122, -14.4614111 ], [ 49.4509006, -14.4639024 ], [ 49.4507227, -14.4642249 ], [ 49.4502155, -14.4647431 ], [ 49.4500963, -14.4653392 ], [ 49.4495578, -14.4661925 ], [ 49.4484655, -14.4664154 ], [ 49.4466036, -14.4663278 ], [ 49.4460795, -14.468559 ], [ 49.446333, -14.4711063 ], [ 49.4472139, -14.4723637 ], [ 49.447226, -14.4735295 ], [ 49.4463659, -14.475022 ], [ 49.445727899999987, -14.4768302 ], [ 49.4461746, -14.4776738 ], [ 49.4463017, -14.4793684 ], [ 49.4460939, -14.4804304 ], [ 49.444896500000013, -14.4810783 ], [ 49.4439202, -14.4819359 ], [ 49.442072700000011, -14.4832261 ], [ 49.4414603, -14.4832322 ], [ 49.4408687, -14.483238 ], [ 49.4395574, -14.483463 ], [ 49.4390068, -14.4831505 ], [ 49.4404231, -14.4825005 ], [ 49.4416172, -14.4815347 ], [ 49.4428091, -14.480357 ], [ 49.4437776, -14.4787575 ], [ 49.4437599, -14.4770617 ], [ 49.4427748, -14.4770715 ], [ 49.44157520000001, -14.4775073 ], [ 49.442222, -14.476547 ], [ 49.4425322, -14.4758785 ], [ 49.4428643, -14.4751627 ], [ 49.442191, -14.4735794 ], [ 49.4420661, -14.4720967 ], [ 49.4408632, -14.4722146 ], [ 49.4400992, -14.4724341 ], [ 49.4392279, -14.4728667 ], [ 49.4389051, -14.4733999 ], [ 49.4383589, -14.4735113 ], [ 49.4379178, -14.4731977 ], [ 49.4371493, -14.4729933 ], [ 49.4352963, -14.4737537 ], [ 49.434420599999989, -14.4737623 ], [ 49.4332122, -14.4733503 ], [ 49.4328772, -14.4727176 ], [ 49.4339618, -14.4717529 ], [ 49.4340591, -14.470586 ], [ 49.4335645, -14.4702108 ], [ 49.4327434, -14.470387 ], [ 49.4317649, -14.4710327 ], [ 49.431030799999988, -14.4715174 ], [ 49.4307897, -14.4719963 ], [ 49.429704, -14.4728551 ], [ 49.4289378, -14.4728627 ], [ 49.4280599, -14.4726594 ], [ 49.4270693, -14.4721392 ], [ 49.4260852, -14.4722549 ], [ 49.4255446, -14.4728963 ], [ 49.4249763, -14.4733643 ], [ 49.4254484, -14.4741692 ], [ 49.4254617, -14.475441 ], [ 49.4253599, -14.476184 ], [ 49.4247032, -14.4761905 ], [ 49.4238297, -14.4764112 ], [ 49.4215399, -14.4772818 ], [ 49.4208832, -14.4772884 ], [ 49.4205493, -14.4767617 ], [ 49.4205415, -14.4760198 ], [ 49.4211895, -14.4751654 ], [ 49.4210689, -14.4741066 ], [ 49.4204126, -14.4739226 ], [ 49.4198583, -14.4734826 ], [ 49.4194105, -14.472533 ], [ 49.4191816, -14.4715813 ], [ 49.4185149, -14.4706339 ], [ 49.4175242, -14.4701137 ], [ 49.4176503, -14.4683152 ], [ 49.4167304, -14.4674715 ], [ 49.416392, -14.4665209 ], [ 49.4152886, -14.4656838 ], [ 49.4126538, -14.4649678 ], [ 49.4110164, -14.4654081 ], [ 49.4104691, -14.4654135 ], [ 49.4097062, -14.4657391 ], [ 49.4093855, -14.4664843 ], [ 49.408522, -14.4676588 ], [ 49.4076585, -14.4688334 ], [ 49.4074912, -14.4698677 ], [ 49.4065783, -14.4702221 ], [ 49.4040695, -14.471095 ], [ 49.4033011, -14.4708906 ], [ 49.4029683, -14.4704699 ], [ 49.4037224, -14.4692964 ], [ 49.4034902, -14.4680267 ], [ 49.4027173, -14.4673983 ], [ 49.4025946, -14.4661275 ], [ 49.4010588, -14.4658247 ], [ 49.4010312, -14.4631749 ], [ 49.4000328, -14.4619127 ], [ 49.396032, -14.4618233 ], [ 49.3955589, -14.4619155 ], [ 49.3951059, -14.4618555 ], [ 49.3945487, -14.4609069 ], [ 49.3945443, -14.460483 ], [ 49.3985678, -14.4578989 ], [ 49.400841, -14.4554382 ], [ 49.4011584, -14.454375 ], [ 49.4008256, -14.4539543 ], [ 49.4000615, -14.4541738 ], [ 49.3987569, -14.4550348 ], [ 49.3978889, -14.4557855 ], [ 49.3960447, -14.4573939 ], [ 49.3944072, -14.4578341 ], [ 49.3937537, -14.4581586 ], [ 49.393098, -14.4582711 ], [ 49.3922367, -14.4596578 ], [ 49.3912593, -14.4604095 ], [ 49.3907209, -14.4612629 ], [ 49.3893034, -14.461807 ], [ 49.3895102, -14.4606388 ], [ 49.3898308, -14.4598936 ], [ 49.3905893, -14.459144 ], [ 49.3908056, -14.4586413 ], [ 49.3906637, -14.4563554 ], [ 49.3891131, -14.4534379 ], [ 49.3889868, -14.4528182 ], [ 49.3885862, -14.4515174 ], [ 49.3872148, -14.4504846 ], [ 49.3863358, -14.4501753 ], [ 49.384375399999989, -14.4511488 ], [ 49.3842759, -14.4521039 ] ], [ [ 49.519418, -14.5038073 ], [ 49.519205199999988, -14.5036099 ], [ 49.519805, -14.5034649 ], [ 49.5202212, -14.5034918 ], [ 49.519418, -14.5038073 ] ] ], [ [ [ 49.4866578, -13.8900684 ], [ 49.4878065, -13.8882952 ], [ 49.4921938, -13.8891066 ], [ 49.4913595, -13.8828068 ], [ 49.4949644, -13.8770689 ], [ 49.4948349, -13.8717505 ], [ 49.4923967, -13.869479 ], [ 49.4869532, -13.8696054 ], [ 49.483842700000011, -13.867682 ], [ 49.4826077, -13.8660915 ], [ 49.480991299999985, -13.8650219 ], [ 49.479203, -13.8639917 ], [ 49.4779618, -13.8648689 ], [ 49.4775208, -13.8679933 ], [ 49.4778828, -13.8716407 ], [ 49.4774522, -13.8746919 ], [ 49.4771447, -13.8755702 ], [ 49.4763, -13.8758259 ], [ 49.4738758, -13.8724144 ], [ 49.4723446, -13.8724521 ], [ 49.4703912, -13.8724036 ], [ 49.4682996, -13.8730156 ], [ 49.4684471, -13.8756784 ], [ 49.4656136, -13.875227 ], [ 49.4617556, -13.876178 ], [ 49.461438, -13.8785946 ], [ 49.4590466, -13.8803988 ], [ 49.4567908, -13.8803095 ], [ 49.4542818, -13.8803619 ], [ 49.452681, -13.8803526 ], [ 49.4542354, -13.8817443 ], [ 49.4546718, -13.8829666 ], [ 49.4554778, -13.8843887 ], [ 49.4568054, -13.8856502 ], [ 49.4584458, -13.886805 ], [ 49.4579438, -13.8883471 ], [ 49.4571291, -13.8899959 ], [ 49.4566817, -13.8916908 ], [ 49.4569094, -13.8929672 ], [ 49.4572411, -13.894191 ], [ 49.456938400000013, -13.8950139 ], [ 49.4561266, -13.8968673 ], [ 49.456614, -13.8979866 ], [ 49.4569442, -13.8991081 ], [ 49.4563732, -13.8994741 ], [ 49.456383400000014, -13.9001904 ], [ 49.457234500000013, -13.9011001 ], [ 49.456459, -13.9018271 ], [ 49.4552353, -13.9041978 ], [ 49.4540917, -13.9048275 ], [ 49.4536385, -13.9061131 ], [ 49.4544387, -13.9071258 ], [ 49.4547719, -13.9084519 ], [ 49.454053099999989, -13.9094852 ], [ 49.4525988, -13.9103749 ], [ 49.4513482, -13.9108525 ], [ 49.4501063, -13.911944 ], [ 49.4481703, -13.9121238 ], [ 49.4466585, -13.912656 ], [ 49.4460408, -13.913432 ], [ 49.4455257, -13.9140531 ], [ 49.4448549, -13.9147787 ], [ 49.4440225, -13.9151994 ], [ 49.4436165, -13.916126 ], [ 49.4422473, -13.9156328 ], [ 49.440942799999988, -13.9160086 ], [ 49.4395867, -13.9164364 ], [ 49.4377583, -13.9168193 ], [ 49.4375889, -13.9159516 ], [ 49.4340081, -13.9146692 ], [ 49.4328091, -13.9150948 ], [ 49.4318275, -13.9160804 ], [ 49.4314178, -13.9167512 ], [ 49.431118, -13.9177788 ], [ 49.4308705, -13.9188057 ], [ 49.4259844, -13.9178479 ], [ 49.425148400000012, -13.9180127 ], [ 49.4242149, -13.9186906 ], [ 49.423287099999989, -13.9197778 ], [ 49.4219847, -13.920307 ], [ 49.421346, -13.9195991 ], [ 49.4205552, -13.9192515 ], [ 49.4199769, -13.9191057 ], [ 49.4169013, -13.9202217 ], [ 49.4154941, -13.9207524 ], [ 49.4144587, -13.9216363 ], [ 49.4126977, -13.9230929 ], [ 49.4121674, -13.9226394 ], [ 49.4112022, -13.9210658 ], [ 49.4103468, -13.9198489 ], [ 49.4090738, -13.9187401 ], [ 49.4075489, -13.918351 ], [ 49.40563010000001, -13.9197585 ], [ 49.4046405, -13.9201811 ], [ 49.4030324, -13.9213286 ], [ 49.4018928, -13.922265 ], [ 49.4000815, -13.9238757 ], [ 49.3985781, -13.9250217 ], [ 49.3963369, -13.9258704 ], [ 49.394357, -13.9266645 ], [ 49.3934536, -13.9257553 ], [ 49.393384, -13.9245279 ], [ 49.3935814, -13.9236553 ], [ 49.393884299999989, -13.9228324 ], [ 49.3944534, -13.922313 ], [ 49.3952263, -13.9213815 ], [ 49.3950606, -13.9207696 ], [ 49.3948318, -13.9193908 ], [ 49.39486560000001, -13.9180597 ], [ 49.3950013, -13.9165226 ], [ 49.3932124, -13.9159834 ], [ 49.3922666, -13.9157913 ], [ 49.3915254, -13.9152382 ], [ 49.3899482, -13.9148498 ], [ 49.3875237, -13.9149983 ], [ 49.385996, -13.9143695 ], [ 49.3843643, -13.9130929 ], [ 49.3829968, -13.910329 ], [ 49.3795657, -13.9093544 ], [ 49.3785448, -13.9110372 ], [ 49.3781243, -13.9149376 ], [ 49.3774792, -13.9163372 ], [ 49.3725427, -13.9146933 ], [ 49.370747699999988, -13.9143104 ], [ 49.370263, -13.9178112 ], [ 49.3700289, -13.9186829 ], [ 49.36962, -13.9188143 ], [ 49.3683682, -13.9187407 ], [ 49.367323, -13.9187379 ], [ 49.366326, -13.9187276 ], [ 49.3661668, -13.9191439 ], [ 49.3663233, -13.9193951 ], [ 49.366505, -13.9196868 ], [ 49.3668619, -13.9200328 ], [ 49.367022700000014, -13.9201887 ], [ 49.367104100000013, -13.9208711 ], [ 49.3660166, -13.9213206 ], [ 49.365685799999987, -13.9208585 ], [ 49.3651906, -13.9205225 ], [ 49.3648673, -13.918979 ], [ 49.3669743, -13.9171424 ], [ 49.3668168, -13.916274 ], [ 49.3662455, -13.9150735 ], [ 49.3669884, -13.9146623 ], [ 49.368894, -13.9154213 ], [ 49.3691207, -13.9143682 ], [ 49.3692619, -13.9131382 ], [ 49.3703383, -13.9106694 ], [ 49.3710869, -13.9076461 ], [ 49.3689933, -13.9066399 ], [ 49.3661177, -13.9037474 ], [ 49.3699907, -13.9011133 ], [ 49.3719709, -13.8994529 ], [ 49.3728621, -13.8977304 ], [ 49.3734727, -13.894486 ], [ 49.3727933, -13.8913135 ], [ 49.3737115, -13.8897669 ], [ 49.3747369, -13.8854481 ], [ 49.3725072, -13.8842818 ], [ 49.3705606, -13.8856982 ], [ 49.3681265, -13.8854783 ], [ 49.3682852, -13.8842383 ], [ 49.368433, -13.8830839 ], [ 49.368228, -13.8816473 ], [ 49.3676563, -13.8794426 ], [ 49.3692783, -13.878991 ], [ 49.3729323, -13.8778485 ], [ 49.3725417, -13.8740027 ], [ 49.3746243, -13.8729449 ], [ 49.3755083, -13.8718035 ], [ 49.375836, -13.8711424 ], [ 49.3753221, -13.869887 ], [ 49.3753245, -13.8683425 ], [ 49.3776076, -13.8681586 ], [ 49.3809772, -13.8550775 ], [ 49.3800519, -13.854199 ], [ 49.3825811, -13.8426048 ], [ 49.3846468, -13.8350422 ], [ 49.3869772, -13.8319651 ], [ 49.3887587, -13.8286777 ], [ 49.3893604, -13.8234736 ], [ 49.3898623, -13.8200824 ], [ 49.3907302, -13.8162108 ], [ 49.3915157, -13.814366 ], [ 49.3914167, -13.8122839 ], [ 49.3907803, -13.8100265 ], [ 49.3907993, -13.8074661 ], [ 49.3887192, -13.806952 ], [ 49.3903667, -13.8027303 ], [ 49.3907393, -13.801435 ], [ 49.3924522, -13.7986351 ], [ 49.3942832, -13.7986197 ], [ 49.3953543, -13.7978486 ], [ 49.398716099999987, -13.7969817 ], [ 49.3995538, -13.7961128 ], [ 49.3998659, -13.7944105 ], [ 49.4001604, -13.791453 ], [ 49.4002111, -13.7902709 ], [ 49.4009976, -13.7888821 ], [ 49.401645300000013, -13.7871669 ], [ 49.4023002, -13.7859768 ], [ 49.4026177, -13.7846598 ], [ 49.4026592, -13.7828215 ], [ 49.4030373, -13.7810443 ], [ 49.4046847, -13.7787908 ], [ 49.4058676, -13.7769372 ], [ 49.4048793, -13.773785 ], [ 49.40354, -13.7730303 ], [ 49.4040778, -13.7715843 ], [ 49.4057859, -13.7701799 ], [ 49.4071219, -13.7686758 ], [ 49.4080805, -13.7680763 ], [ 49.4077987, -13.7661473 ], [ 49.407774, -13.7643755 ], [ 49.4076876, -13.7629983 ], [ 49.4073336, -13.7616903 ], [ 49.4073181, -13.7605747 ], [ 49.4076998, -13.75906 ], [ 49.4086903, -13.7578653 ], [ 49.409421500000015, -13.7573305 ], [ 49.4108703, -13.7565035 ], [ 49.4111177, -13.7519997 ], [ 49.4112087, -13.7506775 ], [ 49.4094477, -13.7495852 ], [ 49.4082694, -13.7488725 ], [ 49.407604, -13.7473781 ], [ 49.4077062, -13.7450795 ], [ 49.4070826, -13.7431708 ], [ 49.407048, -13.7409659 ], [ 49.4083727, -13.7390142 ], [ 49.4087311, -13.7367301 ], [ 49.4095748, -13.7353861 ], [ 49.411213499999988, -13.732407 ], [ 49.4116496, -13.7302458 ], [ 49.412624199999982, -13.7282474 ], [ 49.4138913, -13.7258246 ], [ 49.4155076, -13.7223119 ], [ 49.4170537, -13.7214008 ], [ 49.4183994, -13.7199775 ], [ 49.4197785, -13.7204466 ], [ 49.4208575, -13.7192849 ], [ 49.4216311, -13.7186627 ], [ 49.4231933, -13.7184888 ], [ 49.4251818, -13.7178435 ], [ 49.4263702, -13.7163048 ], [ 49.4277737, -13.71598 ], [ 49.4301815, -13.7161613 ], [ 49.4331524, -13.7146077 ], [ 49.4355835, -13.7150339 ], [ 49.4380896, -13.7152297 ], [ 49.4383874, -13.7141549 ], [ 49.4400138, -13.7129858 ], [ 49.440933, -13.7115968 ], [ 49.4414589, -13.7100601 ], [ 49.441439599999988, -13.7086836 ], [ 49.4420897, -13.7048507 ], [ 49.4431631, -13.7033066 ], [ 49.445052900000015, -13.7006792 ], [ 49.4472425, -13.6985862 ], [ 49.447844499999988, -13.6968955 ], [ 49.4487647, -13.6955829 ], [ 49.4508318, -13.6919073 ], [ 49.4532958, -13.6896326 ], [ 49.4547556, -13.6874973 ], [ 49.4576823, -13.6845255 ], [ 49.4585144, -13.6825257 ], [ 49.4597462, -13.6811324 ], [ 49.4607531, -13.6804304 ], [ 49.4623878, -13.6798729 ], [ 49.4639736, -13.6813811 ], [ 49.4653985, -13.6825856 ], [ 49.466817, -13.6833312 ], [ 49.4684648, -13.6836913 ], [ 49.4694868, -13.6840598 ], [ 49.4692316, -13.6826101 ], [ 49.4681965, -13.6813239 ], [ 49.4686495, -13.6801706 ], [ 49.469803, -13.6787782 ], [ 49.4704091, -13.6773933 ], [ 49.4704721, -13.6763217 ], [ 49.4713107, -13.6747807 ], [ 49.4712836, -13.672869 ], [ 49.4709436, -13.6709615 ], [ 49.4707677, -13.6695872 ], [ 49.4711327, -13.6677467 ], [ 49.4723488, -13.6660009 ], [ 49.4749055, -13.6629617 ], [ 49.4751262, -13.6618609 ], [ 49.4759894, -13.6602313 ], [ 49.4768648, -13.6594683 ], [ 49.4788643, -13.6588056 ], [ 49.4839509, -13.6570398 ], [ 49.4852713, -13.656465 ], [ 49.4867341, -13.6554629 ], [ 49.487489700000012, -13.6545859 ], [ 49.4878285, -13.6534835 ], [ 49.4905153, -13.6522508 ], [ 49.4918708, -13.6510594 ], [ 49.4930341, -13.6497724 ], [ 49.4947224, -13.6470173 ], [ 49.4963008, -13.6468388 ], [ 49.4989751, -13.6437978 ], [ 49.5027011, -13.6399334 ], [ 49.504172, -13.6395088 ], [ 49.5056562, -13.6400085 ], [ 49.5063741, -13.6406343 ], [ 49.5070995, -13.6417799 ], [ 49.507943, -13.6429239 ], [ 49.5087881, -13.6441835 ], [ 49.5094627, -13.6459076 ], [ 49.5103121, -13.647456 ], [ 49.5108777, -13.6498172 ], [ 49.5122094, -13.6511351 ], [ 49.5132869, -13.6530198 ], [ 49.5153594, -13.6533381 ], [ 49.5163175, -13.6523192 ], [ 49.5171033, -13.6513496 ], [ 49.5175494, -13.6494946 ], [ 49.5181168, -13.6478689 ], [ 49.5189747, -13.6458927 ], [ 49.5202534, -13.6444306 ], [ 49.5206487, -13.643154 ], [ 49.5215863, -13.6426211 ], [ 49.5222926, -13.6424381 ], [ 49.5225314, -13.6426081 ], [ 49.522959, -13.6435845 ], [ 49.5233051, -13.6430019 ], [ 49.5229923, -13.6417929 ], [ 49.5231005, -13.641098 ], [ 49.5235606, -13.640225 ], [ 49.5242012, -13.6395806 ], [ 49.5246737, -13.6395741 ], [ 49.525276, -13.6403748 ], [ 49.5259848, -13.640365 ], [ 49.5270373, -13.6395994 ], [ 49.5264358, -13.6388565 ], [ 49.5253093, -13.6385831 ], [ 49.524885, -13.6378379 ], [ 49.525712, -13.6378265 ], [ 49.526763599999988, -13.6370031 ], [ 49.5268068, -13.6359047 ], [ 49.5279957, -13.6364083 ], [ 49.5278925, -13.6374498 ], [ 49.5285497, -13.6379607 ], [ 49.5293076, -13.6372569 ], [ 49.5291753, -13.6362765 ], [ 49.5299366, -13.6358038 ], [ 49.5301803, -13.6363204 ], [ 49.5302544, -13.6373594 ], [ 49.5307851, -13.6372943 ], [ 49.5314432, -13.6378631 ], [ 49.5319099, -13.6374522 ], [ 49.5324307, -13.6366939 ], [ 49.5333799, -13.6369697 ], [ 49.533729299999983, -13.6366182 ], [ 49.5343267, -13.6370722 ], [ 49.5356786, -13.6365913 ], [ 49.5363191, -13.6359469 ], [ 49.5367992, -13.6364602 ], [ 49.5376261, -13.6364488 ], [ 49.5379298, -13.6370224 ], [ 49.5386461, -13.6375325 ], [ 49.5380688, -13.638465 ], [ 49.5370813, -13.6396342 ], [ 49.5362187, -13.6412639 ], [ 49.5369991, -13.6421198 ], [ 49.5373685, -13.6431547 ], [ 49.5378736, -13.6454011 ], [ 49.5380883, -13.6479982 ], [ 49.538231499999988, -13.6497296 ], [ 49.5399629, -13.6509768 ], [ 49.5411193, -13.6492274 ], [ 49.5421201, -13.6489825 ], [ 49.5432366, -13.6485626 ], [ 49.5449496, -13.6485389 ], [ 49.546143599999986, -13.649389 ], [ 49.5468692, -13.6505345 ], [ 49.5476014, -13.6521422 ], [ 49.5492072, -13.6528711 ], [ 49.5522797, -13.6528862 ], [ 49.5545969, -13.6537785 ], [ 49.5574298, -13.6535658 ], [ 49.5577456, -13.6509036 ], [ 49.557458, -13.6494295 ], [ 49.5583593, -13.6484106 ], [ 49.5590778, -13.6478874 ], [ 49.5599424, -13.6475797 ], [ 49.5584447, -13.6461561 ], [ 49.558417800000015, -13.6443075 ], [ 49.5585673, -13.6423988 ], [ 49.5590155, -13.640717 ], [ 49.5597143, -13.6400139 ], [ 49.5605961, -13.6397128 ], [ 49.5614104, -13.6388348 ], [ 49.5624722, -13.6373234 ], [ 49.5659115, -13.6355365 ], [ 49.5680253, -13.6346404 ], [ 49.569656400000014, -13.6330577 ], [ 49.5718506, -13.6325181 ], [ 49.5734973, -13.6331197 ], [ 49.5752144, -13.6333846 ], [ 49.5786666, -13.6331833 ], [ 49.5808847, -13.6333054 ], [ 49.5838678, -13.6339142 ], [ 49.5865912, -13.6316655 ], [ 49.5900633, -13.6307502 ], [ 49.593719100000015, -13.6305167 ], [ 49.5967621, -13.6279444 ], [ 49.5979819, -13.6268835 ], [ 49.6009351, -13.626842 ], [ 49.6021146, -13.6267099 ], [ 49.6029861, -13.6257154 ], [ 49.603451, -13.6251888 ], [ 49.6039596, -13.6236217 ], [ 49.6047325, -13.6239575 ], [ 49.6045668, -13.6210991 ], [ 49.6032505, -13.6195598 ], [ 49.6029998, -13.6186085 ], [ 49.6018462, -13.6164869 ], [ 49.6011728, -13.6148786 ], [ 49.599965300000015, -13.6131044 ], [ 49.5985368, -13.6123734 ], [ 49.5971202, -13.6124511 ], [ 49.5952405, -13.6131708 ], [ 49.5935108, -13.6120395 ], [ 49.5919238, -13.6125817 ], [ 49.5916564, -13.6144922 ], [ 49.5896517, -13.6147514 ], [ 49.5891515, -13.6168962 ], [ 49.5864473, -13.6178007 ], [ 49.5844207, -13.616558 ], [ 49.5827004, -13.6163998 ], [ 49.5805184, -13.6163236 ], [ 49.5796975, -13.6167396 ], [ 49.5781762, -13.6177431 ], [ 49.576674799999985, -13.6188852 ], [ 49.5745649, -13.6188391 ], [ 49.573247, -13.6200074 ], [ 49.5708162, -13.6194058 ], [ 49.5680056, -13.6211205 ], [ 49.5643378, -13.6207671 ], [ 49.5612666, -13.6208098 ], [ 49.5597816, -13.6202527 ], [ 49.5586104, -13.6209623 ], [ 49.5565068, -13.6225515 ], [ 49.5551685, -13.6239568 ], [ 49.5522668, -13.623477 ], [ 49.5508342, -13.6224569 ], [ 49.5498184, -13.6216621 ], [ 49.5419636, -13.6177263 ], [ 49.5347695, -13.6145322 ], [ 49.5358555, -13.6098008 ], [ 49.535945, -13.6076568 ], [ 49.5332247, -13.6057133 ], [ 49.5315685, -13.6055628 ], [ 49.5305079, -13.6057507 ], [ 49.5292801, -13.6066343 ], [ 49.5281039, -13.6069972 ], [ 49.5262664, -13.6065602 ], [ 49.5241394, -13.6065317 ], [ 49.522826, -13.6055675 ], [ 49.521921, -13.604251 ], [ 49.5213654, -13.6025831 ], [ 49.521699, -13.601134 ], [ 49.5242286, -13.6004059 ], [ 49.5240201, -13.5994754 ], [ 49.522865200000012, -13.5978895 ], [ 49.5212978, -13.5965554 ], [ 49.5210428, -13.5944459 ], [ 49.5192136, -13.5927675 ], [ 49.5181443, -13.5921692 ], [ 49.5177143, -13.5910195 ], [ 49.5175247, -13.5901554 ], [ 49.517979, -13.588878 ], [ 49.5187326, -13.5878854 ], [ 49.5197266, -13.5871784 ], [ 49.5205559, -13.5873404 ], [ 49.521634200000015, -13.5871445 ], [ 49.522372499999989, -13.5863332 ], [ 49.5229664, -13.5865561 ], [ 49.5243936, -13.5872299 ], [ 49.5248495, -13.586068 ], [ 49.5256621, -13.5850746 ], [ 49.5258252, -13.5840901 ], [ 49.5263983, -13.5828688 ], [ 49.5270945, -13.5819925 ], [ 49.5285675, -13.5817411 ], [ 49.5295615, -13.5810341 ], [ 49.5301864, -13.5798176 ], [ 49.5293045, -13.5795932 ], [ 49.5285218, -13.5785639 ], [ 49.5278523, -13.5771864 ], [ 49.5269618, -13.574991 ], [ 49.5266083, -13.5734535 ], [ 49.527419, -13.5726729 ], [ 49.529075, -13.5715185 ], [ 49.531334, -13.5705529 ], [ 49.5344728, -13.5693527 ], [ 49.5367758, -13.569321 ], [ 49.5405284, -13.5674203 ], [ 49.5429195, -13.5653072 ], [ 49.5440106, -13.5631542 ], [ 49.5439256, -13.5613643 ], [ 49.5454682, -13.5577606 ], [ 49.545741, -13.5561968 ], [ 49.5467788, -13.554449 ], [ 49.547468099999989, -13.5531106 ], [ 49.5482656, -13.5510773 ], [ 49.551423199999988, -13.5488957 ], [ 49.5526464, -13.5477232 ], [ 49.5544127, -13.547352 ], [ 49.5555304, -13.5470476 ], [ 49.5553931, -13.5457206 ], [ 49.554662, -13.5441707 ], [ 49.5530544, -13.5432685 ], [ 49.551461, -13.5433483 ], [ 49.5492764, -13.5433786 ], [ 49.5468066, -13.5441061 ], [ 49.54453620000001, -13.5422885 ], [ 49.5426276, -13.5409859 ], [ 49.5402442, -13.5395165 ], [ 49.5370982, -13.5384043 ], [ 49.534734, -13.5382636 ], [ 49.5343831, -13.5384995 ], [ 49.532803, -13.5395035 ], [ 49.5320479, -13.5403806 ], [ 49.5309967, -13.541204 ], [ 49.5310075, -13.541955 ], [ 49.5312578, -13.5429338 ], [ 49.5311497, -13.5436287 ], [ 49.5312204, -13.5444366 ], [ 49.5310582, -13.5454789 ], [ 49.5306656, -13.5469288 ], [ 49.5313251, -13.5476131 ], [ 49.5311072, -13.5488873 ], [ 49.5301807, -13.5501712 ], [ 49.5302023, -13.5516731 ], [ 49.5298039, -13.5527187 ], [ 49.5291744, -13.554114 ], [ 49.528785899999988, -13.5558528 ], [ 49.5293257, -13.5564232 ], [ 49.5304043, -13.5575061 ], [ 49.5314198, -13.5583011 ], [ 49.5326747, -13.5593238 ], [ 49.5336403, -13.560755 ], [ 49.5315852, -13.5615923 ], [ 49.5282327, -13.5625629 ], [ 49.5269483, -13.5640137 ], [ 49.5223123, -13.5692252 ], [ 49.5216341, -13.5708525 ], [ 49.5218027, -13.5721248 ], [ 49.5219699, -13.5732992 ], [ 49.5217355, -13.57443 ], [ 49.5201787, -13.5742063 ], [ 49.5186713, -13.5739328 ], [ 49.5176253, -13.5743884 ], [ 49.5163366, -13.5753866 ], [ 49.516254, -13.5766134 ], [ 49.5167782, -13.5782241 ], [ 49.5157845, -13.5788261 ], [ 49.5149242, -13.5782495 ], [ 49.5140216, -13.5782129 ], [ 49.5128323, -13.5791607 ], [ 49.5121582, -13.581082 ], [ 49.511979499999988, -13.5826043 ], [ 49.511592, -13.5835411 ], [ 49.5106984, -13.5841417 ], [ 49.5092092, -13.5851426 ], [ 49.5078632, -13.5856513 ], [ 49.5064206, -13.5864064 ], [ 49.5061437, -13.5880771 ], [ 49.5076723, -13.5898212 ], [ 49.5058322, -13.5908269 ], [ 49.504748, -13.5921164 ], [ 49.5046215, -13.5937851 ], [ 49.504749, -13.5956954 ], [ 49.5036203, -13.5973778 ], [ 49.5048324, -13.6015285 ], [ 49.5037761, -13.6047787 ], [ 49.502156700000015, -13.6072032 ], [ 49.5011782, -13.6088834 ], [ 49.5011992, -13.610354 ], [ 49.5006153, -13.6115876 ], [ 49.4989832, -13.6131297 ], [ 49.4991497, -13.6142551 ], [ 49.5002767, -13.6159556 ], [ 49.499301, -13.617832 ], [ 49.4977558, -13.6184414 ], [ 49.496626199999987, -13.6200747 ], [ 49.4920781, -13.6210192 ], [ 49.4849386, -13.6230285 ], [ 49.478204, -13.6253263 ], [ 49.4749171, -13.6268417 ], [ 49.4729526, -13.6297119 ], [ 49.472822400000013, -13.6311354 ], [ 49.4717949, -13.6329143 ], [ 49.4681591, -13.6345815 ], [ 49.4650905, -13.6373685 ], [ 49.4616411, -13.6380525 ], [ 49.459197, -13.638919 ], [ 49.4566149, -13.6406698 ], [ 49.4552685, -13.6411783 ], [ 49.453915200000012, -13.6411965 ], [ 49.4518581, -13.6410772 ], [ 49.4478764, -13.6395619 ], [ 49.4460275, -13.639979 ], [ 49.4438598, -13.6391257 ], [ 49.4418934, -13.6383187 ], [ 49.4411979, -13.6387693 ], [ 49.4403115, -13.6399088 ], [ 49.440328, -13.6410852 ], [ 49.4404434, -13.6421623 ], [ 49.4401029, -13.6429023 ], [ 49.4397102, -13.6434959 ], [ 49.4385574, -13.6435114 ], [ 49.4378646, -13.644158 ], [ 49.4369212, -13.644808 ], [ 49.4363314, -13.6456494 ], [ 49.4350653, -13.6447349 ], [ 49.4342043, -13.6441091 ], [ 49.4337435, -13.6434289 ], [ 49.430743, -13.6403803 ], [ 49.4293252, -13.6393698 ], [ 49.4285191, -13.6390864 ], [ 49.4265651, -13.6391616 ], [ 49.4249578, -13.6389379 ], [ 49.4224476, -13.6386773 ], [ 49.4203823, -13.6379695 ], [ 49.4184248, -13.6377995 ], [ 49.4185834, -13.6383857 ], [ 49.418549, -13.6395138 ], [ 49.4178047, -13.640063 ], [ 49.4166485, -13.6398333 ], [ 49.4160875, -13.6391544 ], [ 49.4156392, -13.6393565 ], [ 49.4156494, -13.6400918 ], [ 49.415405, -13.6405363 ], [ 49.4148096, -13.6409855 ], [ 49.4156802, -13.6422976 ], [ 49.4153876, -13.6428899 ], [ 49.4141813, -13.6426608 ], [ 49.4141915, -13.6433961 ], [ 49.4138509, -13.6441361 ], [ 49.4148067, -13.6443684 ], [ 49.41552, -13.6451924 ], [ 49.4146294, -13.6460378 ], [ 49.4146898, -13.6467724 ], [ 49.4140958, -13.6473196 ], [ 49.4140628, -13.6485457 ], [ 49.4137805, -13.6498732 ], [ 49.4132956, -13.6510564 ], [ 49.4131054, -13.6517943 ], [ 49.4123453, -13.6512161 ], [ 49.4116003, -13.6517163 ], [ 49.4112102, -13.6525059 ], [ 49.4103656, -13.6530565 ], [ 49.4097208, -13.6535554 ], [ 49.408379, -13.6544067 ], [ 49.4070181, -13.6538855 ], [ 49.4060569, -13.6532609 ], [ 49.4049589, -13.6536187 ], [ 49.4030221, -13.6513402 ], [ 49.4018529, -13.650179 ], [ 49.4015215, -13.6479772 ], [ 49.4006964, -13.6463212 ], [ 49.3997236, -13.6448633 ], [ 49.3980791, -13.6439815 ], [ 49.3873179, -13.6489838 ], [ 49.3837318, -13.652271 ], [ 49.381653, -13.6539807 ], [ 49.3790456, -13.6543266 ], [ 49.3770038, -13.6541043 ], [ 49.3749585, -13.6536329 ], [ 49.3730987, -13.652821 ], [ 49.3707449, -13.653003 ], [ 49.369674, -13.6538894 ], [ 49.3689302, -13.6553944 ], [ 49.3679264, -13.6565291 ], [ 49.3667781, -13.6564196 ], [ 49.3667221, -13.6569811 ], [ 49.3653318, -13.6578093 ], [ 49.3657423, -13.6584284 ], [ 49.3658074, -13.6597233 ], [ 49.3654, -13.6610708 ], [ 49.3638109, -13.6625263 ], [ 49.3628773, -13.6634641 ], [ 49.362037, -13.6643082 ], [ 49.3607843, -13.6661295 ], [ 49.3591447, -13.6673542 ], [ 49.3583971, -13.6680582 ], [ 49.3576451, -13.6684383 ], [ 49.356418, -13.6686858 ], [ 49.3554729, -13.6687907 ], [ 49.3554427, -13.6700407 ], [ 49.3550737, -13.6707397 ], [ 49.3542724, -13.6709816 ], [ 49.3535715, -13.6716387 ], [ 49.3532031, -13.6723839 ], [ 49.3522662, -13.6730904 ], [ 49.3508543, -13.6736642 ], [ 49.3490688, -13.6746132 ], [ 49.3482739, -13.6753177 ], [ 49.3468146, -13.6758922 ], [ 49.345159, -13.6759601 ], [ 49.3436448, -13.6759799 ], [ 49.3413476, -13.6775833 ], [ 49.3402246, -13.6785236 ], [ 49.339060699999983, -13.6795861 ], [ 49.339076, -13.6807074 ], [ 49.338715, -13.6822697 ], [ 49.3394931, -13.6832565 ], [ 49.3393283, -13.6851901 ], [ 49.3413169, -13.686161 ], [ 49.3415259, -13.6874667 ], [ 49.342116299999986, -13.688705 ], [ 49.3416287, -13.6903313 ], [ 49.3404386, -13.6918422 ], [ 49.3391916, -13.6938522 ], [ 49.3410324, -13.6933297 ], [ 49.3430584, -13.6923687 ], [ 49.3447166, -13.6924717 ], [ 49.3457453, -13.6931436 ], [ 49.3457572, -13.6940157 ], [ 49.3464785, -13.6955015 ], [ 49.3464344, -13.6969351 ], [ 49.3473562, -13.6991037 ], [ 49.3479993, -13.6995315 ], [ 49.3491478, -13.699641 ], [ 49.3490357, -13.700764 ], [ 49.3496091, -13.7007565 ], [ 49.3513914, -13.7006085 ], [ 49.3528576, -13.7006516 ], [ 49.352873800000012, -13.7018352 ], [ 49.3519352, -13.7030936 ], [ 49.3523923, -13.7038976 ], [ 49.3512167, -13.7064674 ], [ 49.3522541, -13.7077622 ], [ 49.3524225, -13.7107506 ], [ 49.3523147, -13.712185 ], [ 49.3504306, -13.7142035 ], [ 49.3489813, -13.7154062 ], [ 49.3474896, -13.7181671 ], [ 49.3450863, -13.719507 ], [ 49.3442062, -13.7203907 ], [ 49.3447389, -13.722066 ], [ 49.3451895, -13.7230393 ], [ 49.3462763, -13.7228307 ], [ 49.3470357, -13.7228561 ], [ 49.3479802, -13.7231971 ], [ 49.348917, -13.7229728 ], [ 49.3492856, -13.7234981 ], [ 49.349811200000012, -13.7235574 ], [ 49.3504079, -13.7236247 ], [ 49.3511833, -13.7248161 ], [ 49.352063799999982, -13.7257587 ], [ 49.3531432, -13.7253912 ], [ 49.3540765, -13.7249195 ], [ 49.3549497, -13.7253321 ], [ 49.3554904, -13.725219 ], [ 49.3560007, -13.7255304 ], [ 49.356159299999987, -13.7264353 ], [ 49.3569815, -13.7263239 ], [ 49.3577035, -13.7264151 ], [ 49.3575114, -13.7274242 ], [ 49.3568088, -13.7287419 ], [ 49.357955, -13.7297335 ], [ 49.3583889, -13.7313383 ], [ 49.3583191, -13.733755 ], [ 49.3594764, -13.7355516 ], [ 49.3599131, -13.7373577 ], [ 49.3621835, -13.7377305 ], [ 49.3631281, -13.7390266 ], [ 49.3640699, -13.7401215 ], [ 49.3639821, -13.7412299 ], [ 49.3655597, -13.7438484 ], [ 49.370531, -13.7438453 ], [ 49.3718123, -13.7443268 ], [ 49.3767302, -13.7450718 ], [ 49.3796787, -13.746279 ], [ 49.3826324, -13.7478598 ], [ 49.3824628, -13.7494196 ], [ 49.3818575, -13.7517329 ], [ 49.3804591, -13.7539862 ], [ 49.3816043, -13.7553645 ], [ 49.384436, -13.7584275 ], [ 49.3849593, -13.762263 ], [ 49.3863946, -13.7663764 ], [ 49.3896768, -13.7686381 ], [ 49.3907172, -13.7701195 ], [ 49.3903238, -13.7724942 ], [ 49.3887032, -13.7765635 ], [ 49.385703700000015, -13.7790493 ], [ 49.3836475, -13.7818936 ], [ 49.3849443, -13.7858964 ], [ 49.384009, -13.7878867 ], [ 49.3809634, -13.7923813 ], [ 49.3786201, -13.7941418 ], [ 49.377371, -13.7963976 ], [ 49.3763145, -13.7994877 ], [ 49.3782258, -13.8024957 ], [ 49.376523, -13.8038265 ], [ 49.3752784, -13.8060236 ], [ 49.3736418, -13.8075405 ], [ 49.3734268, -13.8137025 ], [ 49.3772941, -13.8237268 ], [ 49.3772844, -13.8241684 ], [ 49.3772781, -13.8244568 ], [ 49.3769528, -13.825609 ], [ 49.3768695, -13.8259037 ], [ 49.3753296, -13.8268859 ], [ 49.3736056, -13.8269214 ], [ 49.3731292, -13.8288074 ], [ 49.3721443, -13.8306401 ], [ 49.3734086, -13.8391108 ], [ 49.3715622, -13.8407705 ], [ 49.3667841, -13.8440201 ], [ 49.3644384, -13.8431235 ], [ 49.3626856, -13.843503 ], [ 49.3614144, -13.8462379 ], [ 49.360442899999981, -13.8471584 ], [ 49.3558507, -13.8472237 ], [ 49.3553179, -13.8491197 ], [ 49.3536573, -13.8510234 ], [ 49.3517005, -13.8524565 ], [ 49.3529411, -13.8545322 ], [ 49.3529324, -13.8553427 ], [ 49.3522519, -13.856451 ], [ 49.3502966, -13.8578343 ], [ 49.3499298, -13.8580345 ], [ 49.3489807, -13.8581593 ], [ 49.3483822, -13.8591327 ], [ 49.349126, -13.8622968 ], [ 49.3490795, -13.8625289 ], [ 49.348024699999989, -13.8637255 ], [ 49.347117100000013, -13.8653371 ], [ 49.3457069, -13.866525 ], [ 49.3458272, -13.8689673 ], [ 49.3452926, -13.8701288 ], [ 49.3428421, -13.8714631 ], [ 49.3422396, -13.8714455 ], [ 49.3415718, -13.8711774 ], [ 49.3403228, -13.8702153 ], [ 49.3375846, -13.8709531 ], [ 49.3355924, -13.8716753 ], [ 49.3347734, -13.87385 ], [ 49.3336745, -13.8743457 ], [ 49.3317487, -13.874239 ], [ 49.3305328, -13.8739288 ], [ 49.3295654, -13.8733398 ], [ 49.3288837, -13.8738198 ], [ 49.3280551, -13.8739558 ], [ 49.3264276, -13.8733664 ], [ 49.3257237, -13.8753911 ], [ 49.3265735, -13.8774501 ], [ 49.3266926, -13.8783571 ], [ 49.326252, -13.8793142 ], [ 49.3250624, -13.8804884 ], [ 49.3242995, -13.88094 ], [ 49.3206293, -13.8820529 ], [ 49.3200296, -13.8821123 ], [ 49.31683, -13.881424 ], [ 49.3146005, -13.8824019 ], [ 49.312630299999988, -13.8821114 ], [ 49.3115279, -13.8815076 ], [ 49.3102825, -13.8800959 ], [ 49.3043705, -13.8791612 ], [ 49.3032902, -13.8786485 ], [ 49.3011613, -13.8760177 ], [ 49.2995517, -13.8792833 ], [ 49.2976864, -13.8837431 ], [ 49.3002539, -13.8908118 ], [ 49.2983809, -13.89252 ], [ 49.2977253, -13.8939391 ], [ 49.3005052, -13.8949342 ], [ 49.3037251, -13.8979111 ], [ 49.3065438, -13.9022176 ], [ 49.3067299, -13.9026531 ], [ 49.3067664, -13.903438 ], [ 49.3060676, -13.9072926 ], [ 49.3054093, -13.9082606 ], [ 49.302644, -13.9098111 ], [ 49.3031231, -13.9099339 ], [ 49.3009832, -13.9121669 ], [ 49.298963, -13.9155697 ], [ 49.2990811, -13.9159926 ], [ 49.299838300000012, -13.9210032 ], [ 49.3028139, -13.9265415 ], [ 49.3039027, -13.9318291 ], [ 49.3034539, -13.9348932 ], [ 49.3040521, -13.9371634 ], [ 49.3050989, -13.9411201 ], [ 49.3063492, -13.9447669 ], [ 49.3062308, -13.9460936 ], [ 49.3060394, -13.9478573 ], [ 49.3053475, -13.9489507 ], [ 49.300167, -13.9475404 ], [ 49.2989278, -13.949173 ], [ 49.2991735, -13.9518418 ], [ 49.2990459, -13.9541624 ], [ 49.2959695, -13.9553016 ], [ 49.2927359, -13.957514 ], [ 49.290817300000015, -13.9613014 ], [ 49.2877492, -13.9627968 ], [ 49.2841168, -13.9635918 ], [ 49.2821098, -13.963637 ], [ 49.2818332, -13.9673874 ], [ 49.2795284, -13.9702919 ], [ 49.2766636, -13.9726742 ], [ 49.2730184, -13.9729344 ], [ 49.2702184, -13.970323 ], [ 49.2676093, -13.9680638 ], [ 49.2680824, -13.9673107 ], [ 49.2677382, -13.9668833 ], [ 49.2667236, -13.9663623 ], [ 49.2655976, -13.9658437 ], [ 49.2654684, -13.9650852 ], [ 49.2650001, -13.9641168 ], [ 49.2643195, -13.9635882 ], [ 49.2632946, -13.9626323 ], [ 49.2616019, -13.9616914 ], [ 49.2607115, -13.9617113 ], [ 49.2598235, -13.96184 ], [ 49.2597301, -13.9626035 ], [ 49.2586246, -13.9629546 ], [ 49.2585159, -13.9630658 ], [ 49.2576356, -13.9635206 ], [ 49.2568743, -13.9642991 ], [ 49.2564444, -13.9649613 ], [ 49.2557816, -13.9651937 ], [ 49.2549768, -13.9641241 ], [ 49.2541823, -13.9634892 ], [ 49.253053900000012, -13.9628619 ], [ 49.2521557, -13.9625557 ], [ 49.2509364, -13.9628005 ], [ 49.2489378, -13.9630628 ], [ 49.246494, -13.963335 ], [ 49.2453809, -13.96336 ], [ 49.2434885, -13.9634023 ], [ 49.2417075, -13.9634421 ], [ 49.2409257, -13.9633508 ], [ 49.23959, -13.9633807 ], [ 49.238244, -13.9629756 ], [ 49.2370043, -13.9623507 ], [ 49.2356507, -13.9616195 ], [ 49.2345299, -13.9613182 ], [ 49.233834, -13.9601373 ], [ 49.2334797, -13.959275 ], [ 49.2326827, -13.9585314 ], [ 49.2324346, -13.9574492 ], [ 49.2320804, -13.956587 ], [ 49.2318476, -13.9561571 ], [ 49.2314857, -13.9549686 ], [ 49.2306912, -13.9543337 ], [ 49.2297855, -13.9537013 ], [ 49.2291151, -13.9536075 ], [ 49.228110699999988, -13.9535211 ], [ 49.2249838, -13.9531557 ], [ 49.2230814, -13.952763 ], [ 49.2218544, -13.9526816 ], [ 49.2210549, -13.9518292 ], [ 49.2209233, -13.9509619 ], [ 49.2206804, -13.9500971 ], [ 49.2198885, -13.9495709 ], [ 49.2192181, -13.9494771 ], [ 49.2184212, -13.9487334 ], [ 49.2178469, -13.9479847 ], [ 49.217055, -13.9474585 ], [ 49.216038, -13.9468285 ], [ 49.2139003, -13.945897 ], [ 49.2125519, -13.9453832 ], [ 49.211418599999988, -13.9445382 ], [ 49.2113022, -13.9443232 ], [ 49.2107355, -13.9439007 ], [ 49.209162, -13.943283 ], [ 49.2082715, -13.9433028 ], [ 49.2071457, -13.9427839 ], [ 49.2059138, -13.9424849 ], [ 49.2052282, -13.9417387 ], [ 49.2046565, -13.9410988 ], [ 49.2037534, -13.9405749 ], [ 49.2023013, -13.9403896 ], [ 49.2011756, -13.9398707 ], [ 49.199728500000013, -13.9399028 ], [ 49.1987242, -13.9398163 ], [ 49.197722500000012, -13.9398385 ], [ 49.1968471, -13.9405106 ], [ 49.1949776, -13.941531 ], [ 49.1935432, -13.9421066 ], [ 49.192683, -13.943431 ], [ 49.1921542, -13.9446392 ], [ 49.1907627, -13.9470631 ], [ 49.1905653, -13.9481553 ], [ 49.1898139, -13.9493684 ], [ 49.1886222, -13.9508089 ], [ 49.1880959, -13.9521259 ], [ 49.1869093, -13.9537838 ], [ 49.1859302, -13.9547845 ], [ 49.1848321, -13.9554614 ], [ 49.1836026, -13.9552711 ], [ 49.1823604, -13.9545371 ], [ 49.1816774, -13.9538996 ], [ 49.1809893, -13.9530446 ], [ 49.180529, -13.9524021 ], [ 49.1799724, -13.9524144 ], [ 49.1787328, -13.9517891 ], [ 49.1778422, -13.9518088 ], [ 49.177192, -13.9525846 ], [ 49.1764253, -13.9531455 ], [ 49.176448, -13.9541239 ], [ 49.1756839, -13.9547935 ], [ 49.1756003, -13.9559919 ], [ 49.1752739, -13.9563254 ], [ 49.17474, -13.9573162 ], [ 49.173857, -13.9576621 ], [ 49.172645, -13.9582327 ], [ 49.1699719, -13.9576844 ], [ 49.1689318, -13.9580487 ], [ 49.1670183, -13.9584322 ], [ 49.1647595, -13.9589941 ], [ 49.1631875, -13.9590288 ], [ 49.1617626, -13.9578655 ], [ 49.1615603, -13.9566752 ], [ 49.1606673, -13.9558415 ], [ 49.1590874, -13.9555349 ], [ 49.1580236, -13.9548757 ], [ 49.1572935, -13.9535263 ], [ 49.154491, -13.9532467 ], [ 49.1528993, -13.9524283 ], [ 49.1518474, -13.9522808 ], [ 49.1506326, -13.9526489 ], [ 49.1494139, -13.9528463 ], [ 49.1475009, -13.9532591 ], [ 49.1469042, -13.9511325 ], [ 49.143569, -13.9503163 ], [ 49.138971, -13.9583217 ], [ 49.13823559999998, -13.9583378 ], [ 49.1297374, -13.9567278 ], [ 49.1260852, -13.9578857 ], [ 49.1231767, -13.9593866 ], [ 49.1195574, -13.9619809 ], [ 49.1121868, -13.9614235 ], [ 49.1125874, -13.9628519 ], [ 49.1102686, -13.9740408 ], [ 49.1108318, -13.9757672 ], [ 49.1102385, -13.9758716 ], [ 49.108396400000011, -13.9845923 ], [ 49.1097852, -14.0045603 ], [ 49.1094867, -14.0048753 ], [ 49.1036484, -14.0163781 ], [ 49.1065202, -14.0206486 ], [ 49.1065947, -14.023897 ], [ 49.0967627, -14.030612 ], [ 49.0995849, -14.032717 ], [ 49.095752899999987, -14.0349674 ], [ 49.0980579, -14.0387087 ], [ 49.0959515, -14.0436298 ], [ 49.0960757, -14.0490437 ], [ 49.093327699999989, -14.0501871 ], [ 49.0905921, -14.0518719 ], [ 49.093451799999983, -14.0556011 ], [ 49.0896195, -14.0578515 ], [ 49.0863416, -14.0600898 ], [ 49.0881418, -14.0660088 ], [ 49.0815858, -14.0704853 ], [ 49.0821676, -14.0723172 ], [ 49.079478900000012, -14.0754063 ], [ 49.0800583, -14.0764769 ], [ 49.0828066, -14.0753336 ], [ 49.0834109, -14.0774871 ], [ 49.0834357, -14.0785699 ], [ 49.081895800000012, -14.0840202 ], [ 49.0819331, -14.0856444 ], [ 49.0815769, -14.0943188 ], [ 49.081976, -14.0941081 ], [ 49.0789153, -14.0992519 ], [ 49.0738984, -14.098278 ], [ 49.0728386, -14.1004678 ], [ 49.0734676, -14.1037041 ], [ 49.079594, -14.1046537 ], [ 49.0807903, -14.1084192 ], [ 49.0808524, -14.1111261 ], [ 49.0858572, -14.1115584 ], [ 49.0853084, -14.1151073 ], [ 49.0846571, -14.1156516 ], [ 49.0849663, -14.1173194 ], [ 49.084968, -14.1173282 ], [ 49.0847375, -14.120233 ], [ 49.0844943, -14.1203719 ], [ 49.082098, -14.1217406 ], [ 49.0846203, -14.128065 ], [ 49.087947, -14.130602 ], [ 49.0882707, -14.1317548 ], [ 49.0892149, -14.1340539 ], [ 49.0924818, -14.1339824 ], [ 49.0922248, -14.1357279 ], [ 49.0901859, -14.1375124 ], [ 49.0914205, -14.1395152 ], [ 49.0887876, -14.1413127 ], [ 49.0884906, -14.1413192 ], [ 49.0864516, -14.1431037 ], [ 49.0874026, -14.1456927 ], [ 49.088610599999988, -14.1465361 ], [ 49.0880966, -14.1500271 ], [ 49.0848695, -14.1518376 ], [ 49.0836814, -14.1518636 ], [ 49.0822763, -14.1553741 ], [ 49.0778144, -14.1551817 ], [ 49.0752145, -14.1584283 ], [ 49.0725413, -14.1584868 ], [ 49.0713199, -14.1570636 ], [ 49.0710296, -14.1573599 ], [ 49.0699146, -14.160574 ], [ 49.0651556, -14.1603879 ], [ 49.0639675, -14.1604139 ], [ 49.0621986, -14.1610324 ], [ 49.0610171, -14.1613482 ], [ 49.0601061, -14.1604981 ], [ 49.0592084, -14.1602277 ], [ 49.0586143, -14.1602406 ], [ 49.0548458, -14.1643825 ], [ 49.053987899999989, -14.1658511 ], [ 49.0516315, -14.1667724 ], [ 49.050133, -14.166225 ], [ 49.0469385, -14.1694844 ], [ 49.0463788, -14.1695287 ], [ 49.0418953, -14.169884 ], [ 49.0418278, -14.1699151 ], [ 49.0339544, -14.1735364 ], [ 49.0320006, -14.1790885 ], [ 49.0257859, -14.1817748 ], [ 49.0253741, -14.1795006 ], [ 49.0222973, -14.1791834 ], [ 49.0220934, -14.1794095 ], [ 49.0206247, -14.1810367 ], [ 49.0194061, -14.1845408 ], [ 49.008958799999988, -14.1904122 ], [ 49.0059499, -14.1853159 ], [ 49.003618, -14.1839065 ], [ 49.00156, -14.1876257 ], [ 48.9991084, -14.1908447 ], [ 48.9949344, -14.1963253 ], [ 48.989102, -14.2011151 ], [ 48.9796875, -14.2055363 ], [ 48.9722341, -14.212157 ], [ 48.9719632, -14.2139845 ], [ 48.9718317, -14.2139861 ], [ 48.9716899, -14.2162766 ], [ 48.9704038, -14.2174939 ], [ 48.9706383, -14.2184761 ], [ 48.9768963, -14.2182683 ], [ 48.9796457, -14.2172482 ], [ 48.9822527, -14.2158705 ], [ 48.9852998, -14.2165982 ], [ 48.9867608, -14.2152021 ], [ 48.9880152, -14.2155532 ], [ 48.9891281, -14.2145646 ], [ 48.9902561, -14.2147952 ], [ 48.9922499, -14.214284 ], [ 48.9941067, -14.2127988 ], [ 48.9965657, -14.2094772 ], [ 48.9966741, -14.2081345 ], [ 48.9977809, -14.2066581 ], [ 48.9981332, -14.2048247 ], [ 48.9992324, -14.2027386 ], [ 49.0014655, -14.2013708 ], [ 49.0027169, -14.201478 ], [ 49.0043553, -14.2025562 ], [ 49.0058914, -14.2054649 ], [ 49.0082164, -14.2068549 ], [ 49.0107854, -14.2093911 ], [ 49.0117591, -14.2108385 ], [ 49.0118301, -14.2139576 ], [ 49.0107183, -14.2147159 ], [ 49.0102209, -14.2176638 ], [ 49.0106305, -14.2191234 ], [ 49.0106639, -14.2205912 ], [ 49.010714, -14.2227929 ], [ 49.012787, -14.2229316 ], [ 49.0145048, -14.2239957 ], [ 49.016394, -14.2243219 ], [ 49.0169833, -14.2254105 ], [ 49.0196625, -14.2273716 ], [ 49.0215935, -14.2295325 ], [ 49.02258, -14.2315302 ], [ 49.0235581, -14.2331611 ], [ 49.0249334, -14.2357011 ], [ 49.0232783, -14.2373891 ], [ 49.0216106, -14.2385267 ], [ 49.0214727, -14.2407324 ], [ 49.0215146, -14.2425671 ], [ 49.0211677, -14.2438596 ], [ 49.0212013, -14.2453274 ], [ 49.0212138, -14.2458778 ], [ 49.0235129, -14.2476635 ], [ 49.0237261, -14.2487602 ], [ 49.0267734, -14.250346 ], [ 49.029987899999988, -14.2510103 ], [ 49.0311333, -14.2517197 ], [ 49.0298795, -14.2545004 ], [ 49.0295495, -14.2565267 ], [ 49.0305361, -14.2585244 ], [ 49.032455, -14.2601347 ], [ 49.0345367, -14.26064 ], [ 49.0354941, -14.2613534 ], [ 49.0375843, -14.2622256 ], [ 49.0398457, -14.2623599 ], [ 49.0409786, -14.2625188 ], [ 49.0417478, -14.2632362 ], [ 49.0434408, -14.2631993 ], [ 49.0451337, -14.2631623 ], [ 49.0470485, -14.264589 ], [ 49.048215, -14.2662155 ], [ 49.0484158, -14.2667618 ], [ 49.049762, -14.2680173 ], [ 49.0503516, -14.2691058 ], [ 49.0503853, -14.2705735 ], [ 49.0504148, -14.2718577 ], [ 49.0506325, -14.2731379 ], [ 49.0514102, -14.2742222 ], [ 49.0531243, -14.2751025 ], [ 49.0544706, -14.276358 ], [ 49.0562016, -14.2779721 ], [ 49.0564362, -14.2799861 ], [ 49.0564995, -14.282738 ], [ 49.0580425, -14.2843562 ], [ 49.0597355, -14.2843192 ], [ 49.0614159, -14.2837317 ], [ 49.0631132, -14.2838781 ], [ 49.0640834, -14.2851417 ], [ 49.0654383, -14.286764 ], [ 49.0654637, -14.2878647 ], [ 49.0667763, -14.2876524 ], [ 49.0676957, -14.2867145 ], [ 49.0693719, -14.2859435 ], [ 49.0704625, -14.2842676 ], [ 49.0718997, -14.2812992 ], [ 49.0735885, -14.2810786 ], [ 49.0754866, -14.2817711 ], [ 49.0760848, -14.2832264 ], [ 49.0766703, -14.2841313 ], [ 49.0784015, -14.2857452 ], [ 49.0793633, -14.2866418 ], [ 49.0803336, -14.2879054 ], [ 49.0816759, -14.2889772 ], [ 49.0824368, -14.2893275 ], [ 49.0839036, -14.2876433 ], [ 49.0846221, -14.2861591 ], [ 49.0857296, -14.285217 ], [ 49.087422599999989, -14.2851797 ], [ 49.0881751, -14.2851632 ], [ 49.089308, -14.2853218 ], [ 49.0902698, -14.2862184 ], [ 49.0910435, -14.2871191 ], [ 49.092398599999981, -14.2887412 ], [ 49.0937579, -14.2905467 ], [ 49.0930479, -14.2923978 ], [ 49.0915812, -14.2940821 ], [ 49.091628, -14.2961001 ], [ 49.0916832, -14.298485 ], [ 49.092102, -14.3003113 ], [ 49.0928843, -14.3015789 ], [ 49.09403, -14.3022878 ], [ 49.0947868, -14.3024547 ], [ 49.0955138, -14.3013374 ], [ 49.0966213, -14.3003952 ], [ 49.098314400000014, -14.3003578 ], [ 49.0998151, -14.3001412 ], [ 49.1009268, -14.2993825 ], [ 49.1001403, -14.2979314 ], [ 49.101457100000012, -14.2979024 ], [ 49.103163, -14.2984154 ], [ 49.1026498, -14.3006293 ], [ 49.102538300000013, -14.3039356 ], [ 49.1018327, -14.3059702 ], [ 49.1018582, -14.3070709 ], [ 49.103384600000012, -14.3079549 ], [ 49.1037651, -14.30813 ], [ 49.1047356, -14.3093934 ], [ 49.1055307, -14.3112113 ], [ 49.1048123, -14.3126956 ], [ 49.1036963, -14.3132709 ], [ 49.1035252, -14.3140088 ], [ 49.102977900000013, -14.3147551 ], [ 49.100934, -14.3159015 ], [ 49.0992578, -14.3166727 ], [ 49.0981289, -14.3166976 ], [ 49.0968333, -14.317644 ], [ 49.0957343, -14.3189531 ], [ 49.0955844, -14.3206083 ], [ 49.0969227, -14.3214965 ], [ 49.0988553, -14.3236564 ], [ 49.0989064, -14.3258578 ], [ 49.1000821, -14.3278508 ], [ 49.100856, -14.3287515 ], [ 49.100890199999988, -14.3302191 ], [ 49.1005736, -14.3327957 ], [ 49.1019247, -14.3342342 ], [ 49.1021427, -14.3355142 ], [ 49.1022067, -14.338266 ], [ 49.1022622, -14.3406508 ], [ 49.1022793, -14.3413846 ], [ 49.102510099999989, -14.343215 ], [ 49.1032798, -14.3439321 ], [ 49.1046311, -14.3453706 ], [ 49.104678, -14.3473885 ], [ 49.1062089, -14.3484559 ], [ 49.1071711, -14.3493523 ], [ 49.1086935, -14.3500528 ], [ 49.1098395, -14.3507616 ], [ 49.1121317, -14.3521791 ], [ 49.1142357, -14.3536009 ], [ 49.116143, -14.3546598 ], [ 49.1180417, -14.3553519 ], [ 49.119376, -14.3560564 ], [ 49.1209156, -14.3574906 ], [ 49.1222842, -14.3596627 ], [ 49.124559299999987, -14.3603463 ], [ 49.1268602, -14.3621306 ], [ 49.1284127, -14.364115 ], [ 49.127904, -14.3665123 ], [ 49.1264416, -14.3683802 ], [ 49.124607, -14.3704399 ], [ 49.1246585, -14.3726413 ], [ 49.1247271, -14.3755764 ], [ 49.1232775, -14.3779946 ], [ 49.119946, -14.3804546 ], [ 49.1190271, -14.3817074 ], [ 49.1188503, -14.3813036 ], [ 49.1183051, -14.3805942 ], [ 49.1167424, -14.379736 ], [ 49.1146135, -14.3809853 ], [ 49.1130571, -14.3822567 ], [ 49.112929, -14.3824167 ], [ 49.1121325, -14.3834111 ], [ 49.112279, -14.38516 ], [ 49.1129396, -14.3862792 ], [ 49.1140109, -14.3868739 ], [ 49.1146642, -14.3876839 ], [ 49.1151182, -14.3890138 ], [ 49.1151543, -14.3905591 ], [ 49.1160287, -14.3917765 ], [ 49.116811800000015, -14.3936144 ], [ 49.1158775, -14.3943567 ], [ 49.1141097, -14.3956328 ], [ 49.1126277, -14.3955626 ], [ 49.1113258, -14.3941485 ], [ 49.1101512, -14.3936592 ], [ 49.108477, -14.3944179 ], [ 49.1070118, -14.3950688 ], [ 49.1050278, -14.3961435 ], [ 49.1049486, -14.3972791 ], [ 49.1058229, -14.3984965 ], [ 49.106281699999982, -14.4000325 ], [ 49.1068198, -14.4004328 ], [ 49.1072714, -14.4016597 ], [ 49.1049823, -14.4032565 ], [ 49.1036251, -14.4040081 ], [ 49.101862, -14.4054902 ], [ 49.1006009, -14.4058274 ], [ 49.0987993, -14.4056611 ], [ 49.0974061, -14.4048674 ], [ 49.0959336, -14.4052092 ], [ 49.0958567, -14.4064478 ], [ 49.0958855, -14.4076841 ], [ 49.0965533, -14.4091123 ], [ 49.0971082, -14.4102338 ], [ 49.09606560000001, -14.4108753 ], [ 49.095124, -14.4113085 ], [ 49.0938604, -14.4115426 ], [ 49.0930412, -14.4126945 ], [ 49.0923182, -14.413432 ], [ 49.0907303, -14.4133641 ], [ 49.0895724, -14.4135959 ], [ 49.088746, -14.4144387 ], [ 49.08877, -14.4154689 ], [ 49.0893273, -14.4166935 ], [ 49.0890366, -14.4178337 ], [ 49.0885345, -14.4189786 ], [ 49.0883447, -14.4199105 ], [ 49.0882581, -14.420737 ], [ 49.0882845, -14.4218702 ], [ 49.0872563, -14.4231299 ], [ 49.0862065, -14.4234623 ], [ 49.0852408, -14.4228652 ], [ 49.0841646, -14.4220644 ], [ 49.0834247, -14.4220808 ], [ 49.083117099999981, -14.4224998 ], [ 49.0818727, -14.4235581 ], [ 49.0811471, -14.4241926 ], [ 49.079676899999988, -14.4246373 ], [ 49.0778919, -14.4251921 ], [ 49.0760084, -14.4260583 ], [ 49.0730272, -14.4266913 ], [ 49.0729364, -14.4261742 ], [ 49.0719344, -14.4269057 ], [ 49.0610907, -14.4197727 ], [ 49.0598803, -14.4208575 ], [ 49.0587804, -14.421382 ], [ 49.057925399999988, -14.4214008 ], [ 49.0571752, -14.422251 ], [ 49.0558052, -14.4221978 ], [ 49.054775400000011, -14.4220537 ], [ 49.053751299999988, -14.4221596 ], [ 49.0530672, -14.4221746 ], [ 49.0528416, -14.4235136 ], [ 49.0518156, -14.4235361 ], [ 49.0534825, -14.4253337 ], [ 49.0530724, -14.4260931 ], [ 49.052128, -14.4259471 ], [ 49.0513623, -14.4261307 ], [ 49.050785, -14.4270605 ], [ 49.0512241, -14.4275511 ], [ 49.0527297, -14.4297692 ], [ 49.054661, -14.4318945 ], [ 49.0561223, -14.4321958 ], [ 49.055995700000011, -14.4341162 ], [ 49.0623579, -14.4338448 ], [ 49.0721484, -14.4334268 ], [ 49.0759958, -14.4370104 ], [ 49.0776117, -14.438776 ], [ 49.0793775, -14.4407056 ], [ 49.082921, -14.4445773 ], [ 49.0859188, -14.4478528 ], [ 49.0890192, -14.4512402 ], [ 49.0890493, -14.4473608 ], [ 49.0885723, -14.441465 ], [ 49.0894386, -14.4397724 ], [ 49.088987, -14.4394814 ], [ 49.0890959, -14.4393749 ], [ 49.0930186, -14.4382265 ], [ 49.0940296, -14.4366594 ], [ 49.0958515, -14.4324307 ], [ 49.0954218, -14.4299438 ], [ 49.0980164, -14.428587 ], [ 49.1014574, -14.4282408 ], [ 49.1045145, -14.4253185 ], [ 49.1069249, -14.4250125 ], [ 49.1127178, -14.4246081 ], [ 49.1141736, -14.4222115 ], [ 49.119484, -14.4183459 ], [ 49.1240399, -14.4152784 ], [ 49.1264972, -14.4153994 ], [ 49.1287629, -14.4151703 ], [ 49.1303239, -14.4144062 ], [ 49.128959099999989, -14.4130746 ], [ 49.1280949, -14.4119506 ], [ 49.1272346, -14.4109898 ], [ 49.1263704, -14.4098657 ], [ 49.1268346, -14.4082222 ], [ 49.1278165, -14.4072204 ], [ 49.1279457, -14.4055843 ], [ 49.127919, -14.4044416 ], [ 49.1290415, -14.4022934 ], [ 49.1293229, -14.4000006 ], [ 49.131067, -14.4012446 ], [ 49.1313861, -14.4023779 ], [ 49.1315657, -14.4037995 ], [ 49.1316058, -14.4055093 ], [ 49.1334168, -14.4078925 ], [ 49.1334669, -14.4100298 ], [ 49.1339422, -14.4115873 ], [ 49.1351719, -14.414126 ], [ 49.1368201, -14.4157999 ], [ 49.1380432, -14.4180536 ], [ 49.1394916, -14.417451 ], [ 49.1410729, -14.4162752 ], [ 49.1428238, -14.4160936 ], [ 49.1441563, -14.4167766 ], [ 49.1447712, -14.4180459 ], [ 49.1449609, -14.4198949 ], [ 49.1449944, -14.4213197 ], [ 49.1457522, -14.4224433 ], [ 49.1468191, -14.4242726 ], [ 49.1471517, -14.4259759 ], [ 49.1478659, -14.4252471 ], [ 49.1494606, -14.4246413 ], [ 49.1506067, -14.4236177 ], [ 49.1529155, -14.4222831 ], [ 49.1544766, -14.4202524 ], [ 49.1560276, -14.4177942 ], [ 49.15714, -14.4153458 ], [ 49.1623411, -14.4134997 ], [ 49.1608227, -14.4108889 ], [ 49.1625503, -14.4088949 ], [ 49.1668493, -14.4075263 ], [ 49.1703338, -14.4057732 ], [ 49.1740915, -14.4042715 ], [ 49.1735719, -14.4022458 ], [ 49.1753697, -14.401643 ], [ 49.1776823, -14.4010554 ], [ 49.1787906, -14.4010073 ], [ 49.1802329, -14.400347 ], [ 49.179603199999988, -14.3983732 ], [ 49.1784545, -14.3994327 ], [ 49.1762716, -14.3994816 ], [ 49.1751715, -14.3998499 ], [ 49.1746694, -14.3985925 ], [ 49.1766655, -14.3973292 ], [ 49.1767737, -14.3958183 ], [ 49.1771288, -14.3943306 ], [ 49.1778384, -14.3915129 ], [ 49.1776073, -14.3905123 ], [ 49.1796806, -14.3899289 ], [ 49.1805654, -14.3881364 ], [ 49.1813041, -14.3878875 ], [ 49.1819497, -14.3880266 ], [ 49.1820587, -14.3857715 ], [ 49.1809752, -14.3855813 ], [ 49.1796056, -14.3854191 ], [ 49.178665, -14.3862003 ], [ 49.1774955, -14.3853982 ], [ 49.1759883, -14.3843287 ], [ 49.1759282, -14.381911 ], [ 49.176103399999988, -14.3810498 ], [ 49.1771202, -14.3809308 ], [ 49.1781079, -14.3812784 ], [ 49.1792865, -14.3812824 ], [ 49.179614199999989, -14.3808366 ], [ 49.180825600000013, -14.3807307 ], [ 49.182713, -14.3805715 ], [ 49.1833478, -14.380086 ], [ 49.1833302, -14.3783716 ], [ 49.182664, -14.3766731 ], [ 49.1823174, -14.3749324 ], [ 49.1816021, -14.3739114 ], [ 49.1814017, -14.3728963 ], [ 49.183992, -14.3709101 ], [ 49.1849219, -14.3684185 ], [ 49.1856283, -14.3684738 ], [ 49.1860611, -14.3691299 ], [ 49.1873431, -14.3702561 ], [ 49.1886839, -14.3709984 ], [ 49.1896514, -14.3710365 ], [ 49.1906163, -14.3692499 ], [ 49.1914951, -14.3692792 ], [ 49.1935115, -14.3694009 ], [ 49.1953355, -14.3694714 ], [ 49.1963959, -14.3693634 ], [ 49.1973007, -14.3685866 ], [ 49.1976176, -14.3667282 ], [ 49.1980364, -14.3649706 ], [ 49.1981925, -14.3644747 ], [ 49.1982876, -14.3640871 ], [ 49.1981813, -14.3627308 ], [ 49.1986045, -14.3607847 ], [ 49.1978548, -14.3605011 ], [ 49.1960404, -14.3603743 ], [ 49.1955799, -14.3603422 ], [ 49.194763, -14.3599951 ], [ 49.1941276, -14.3592176 ], [ 49.193638, -14.3582351 ], [ 49.1937976, -14.3578074 ], [ 49.1936408, -14.3566649 ], [ 49.1920863, -14.3562391 ], [ 49.1905151, -14.3559474 ], [ 49.1895437, -14.3555389 ], [ 49.1883666, -14.3545108 ], [ 49.1875299, -14.3537604 ], [ 49.1863302, -14.352509 ], [ 49.1859069, -14.3516908 ], [ 49.1848647, -14.3508368 ], [ 49.1841933, -14.3501187 ], [ 49.1836648, -14.3500609 ], [ 49.182985, -14.3490742 ], [ 49.1820543, -14.3482535 ], [ 49.1811082, -14.3481566 ], [ 49.1809311, -14.3474386 ], [ 49.1795536, -14.3463842 ], [ 49.1774444, -14.3473705 ], [ 49.1764781, -14.3468024 ], [ 49.175879, -14.3463697 ], [ 49.1741257, -14.3457889 ], [ 49.1723176, -14.3453716 ], [ 49.1717921, -14.3442516 ], [ 49.1702767, -14.3440921 ], [ 49.1683447, -14.3435792 ], [ 49.1671031, -14.3431184 ], [ 49.1674803, -14.3442514 ], [ 49.1675001, -14.3468351 ], [ 49.1668102, -14.3493524 ], [ 49.1662121, -14.3542734 ], [ 49.1638592, -14.3496079 ], [ 49.1621428, -14.3477138 ], [ 49.160433, -14.3461092 ], [ 49.1592159, -14.345299 ], [ 49.1605215, -14.340731 ], [ 49.1585158, -14.3396612 ], [ 49.1566418, -14.3405884 ], [ 49.155101, -14.3404722 ], [ 49.1537735, -14.3377893 ], [ 49.1527023, -14.3379507 ], [ 49.1484945, -14.3360124 ], [ 49.1440306, -14.335195 ], [ 49.1423436, -14.3329318 ], [ 49.1451353, -14.3320034 ], [ 49.1435124, -14.3300551 ], [ 49.1430515, -14.3276686 ], [ 49.1413773, -14.325298 ], [ 49.1408287, -14.3225087 ], [ 49.1430066, -14.3177991 ], [ 49.1432353, -14.3146032 ], [ 49.1422446, -14.314516 ], [ 49.1417357, -14.3133925 ], [ 49.139858299999986, -14.3130548 ], [ 49.138478400000011, -14.3153999 ], [ 49.1373248, -14.3138168 ], [ 49.1353075, -14.3124872 ], [ 49.1339463, -14.3063238 ], [ 49.131493, -14.3037806 ], [ 49.1297202, -14.3029971 ], [ 49.1297107, -14.3013797 ], [ 49.130706199999985, -14.3002262 ], [ 49.1307762, -14.2984368 ], [ 49.130442, -14.2960117 ], [ 49.1288346, -14.2953464 ], [ 49.1261247, -14.2943021 ], [ 49.1255622, -14.295145 ], [ 49.124336, -14.295228 ], [ 49.1228115, -14.2941673 ], [ 49.1189752, -14.2901299 ], [ 49.1152914, -14.2885768 ], [ 49.1130989, -14.2867538 ], [ 49.1095356, -14.2848909 ], [ 49.107761400000015, -14.2815844 ], [ 49.1049724, -14.2751752 ], [ 49.104587699999989, -14.26839 ], [ 49.1078583, -14.2660907 ], [ 49.109162, -14.2665475 ], [ 49.1101478, -14.265638 ], [ 49.1111544, -14.264997 ], [ 49.1128063, -14.2666925 ], [ 49.1141481, -14.2680698 ], [ 49.1165981, -14.2695758 ], [ 49.1171494, -14.2711387 ], [ 49.1200419, -14.2735516 ], [ 49.1223366, -14.2762927 ], [ 49.1238328, -14.2771751 ], [ 49.124423, -14.2797536 ], [ 49.1246735, -14.2804519 ], [ 49.1253777, -14.2806708 ], [ 49.1261551, -14.2814142 ], [ 49.1277263, -14.2835478 ], [ 49.1290771, -14.2843317 ], [ 49.1303039, -14.2853043 ], [ 49.1316601, -14.2859867 ], [ 49.1326685, -14.2867539 ], [ 49.1340966, -14.2871517 ], [ 49.1354335, -14.2875411 ], [ 49.135939499999985, -14.2881005 ], [ 49.1374439, -14.2852176 ], [ 49.1383595, -14.2841827 ], [ 49.1389702, -14.2828016 ], [ 49.1397792, -14.2833613 ], [ 49.1405887, -14.2849521 ], [ 49.1412497, -14.2844742 ], [ 49.1418054, -14.2846181 ], [ 49.1425733, -14.2858028 ], [ 49.1430431, -14.2864261 ], [ 49.1443159, -14.2865277 ], [ 49.1456715, -14.2860072 ], [ 49.1467908, -14.2865354 ], [ 49.1476586, -14.2878458 ], [ 49.1474373, -14.288629 ], [ 49.1494709, -14.2889874 ], [ 49.150533, -14.2910622 ], [ 49.1504548, -14.291655 ], [ 49.1501504, -14.2931297 ], [ 49.1504493, -14.294791 ], [ 49.1515829, -14.2963715 ], [ 49.15205550000001, -14.2973551 ], [ 49.1519083, -14.299197 ], [ 49.1521262, -14.2999822 ], [ 49.153462399999988, -14.3012232 ], [ 49.1550322, -14.3021378 ], [ 49.1563297, -14.3029066 ], [ 49.1570135, -14.3036141 ], [ 49.1555759, -14.304321 ], [ 49.154823199999989, -14.3046576 ], [ 49.1554749, -14.3062591 ], [ 49.1549773, -14.3074002 ], [ 49.1542263, -14.3082542 ], [ 49.1539354, -14.3094422 ], [ 49.1530521, -14.309754 ], [ 49.1527848, -14.3102789 ], [ 49.1545086, -14.3103548 ], [ 49.1551549, -14.3107499 ], [ 49.1553452, -14.3120463 ], [ 49.1571498, -14.3113282 ], [ 49.1586661, -14.3107248 ], [ 49.1592232, -14.30999 ], [ 49.160181, -14.3090951 ], [ 49.1607082, -14.309795 ], [ 49.1614263, -14.310398 ], [ 49.1603868, -14.3112565 ], [ 49.1609736, -14.3121608 ], [ 49.1612084, -14.3129079 ], [ 49.1620358, -14.3140137 ], [ 49.1628386, -14.3142681 ], [ 49.1630471, -14.3145456 ], [ 49.1640552, -14.3137836 ], [ 49.165002, -14.3136011 ], [ 49.1662186, -14.3134621 ], [ 49.1671726, -14.3137701 ], [ 49.1680743, -14.3135624 ], [ 49.1689396, -14.3133061 ], [ 49.1694358, -14.3140262 ], [ 49.1693291, -14.3149991 ], [ 49.1688344, -14.3157181 ], [ 49.1695678, -14.3169432 ], [ 49.1694158, -14.31791 ], [ 49.1696584, -14.3188798 ], [ 49.1694413, -14.3194264 ], [ 49.1700433, -14.3215709 ], [ 49.1717648, -14.3186761 ], [ 49.173719, -14.3173725 ], [ 49.1764192, -14.315238 ], [ 49.1816792, -14.3119955 ], [ 49.1819674, -14.313838 ], [ 49.1816974, -14.3150934 ], [ 49.1813029, -14.3161739 ], [ 49.1807463, -14.317399 ], [ 49.1798455, -14.3176438 ], [ 49.1790935, -14.317546 ], [ 49.1780538, -14.3180857 ], [ 49.1771001, -14.3191259 ], [ 49.1762262, -14.3195319 ], [ 49.175004, -14.3200501 ], [ 49.1744294, -14.3213531 ], [ 49.1728809, -14.321808 ], [ 49.1718823, -14.322117 ], [ 49.1725688, -14.3240682 ], [ 49.1722049, -14.325441 ], [ 49.1730739, -14.3258501 ], [ 49.1738231, -14.3264458 ], [ 49.1739617, -14.3269829 ], [ 49.175463, -14.3269699 ], [ 49.1776835, -14.3264407 ], [ 49.1800306, -14.3262184 ], [ 49.1811329, -14.3255092 ], [ 49.1829073, -14.3256785 ], [ 49.1832063, -14.326622 ], [ 49.184028399999988, -14.3268946 ], [ 49.184253, -14.3283377 ], [ 49.1859516, -14.3290183 ], [ 49.1881949, -14.3291397 ], [ 49.1899591, -14.3294208 ], [ 49.1932811, -14.3295499 ], [ 49.1919369, -14.3315366 ], [ 49.1910331, -14.3323747 ], [ 49.1905202, -14.3332068 ], [ 49.1906335, -14.3344015 ], [ 49.1903652, -14.335104 ], [ 49.1918045, -14.3364082 ], [ 49.193080500000015, -14.337446 ], [ 49.1948069, -14.3372218 ], [ 49.1966704, -14.3362417 ], [ 49.199038, -14.33572 ], [ 49.1982469, -14.336624 ], [ 49.1984012, -14.3382724 ], [ 49.1992467, -14.3401104 ], [ 49.200685, -14.3414654 ], [ 49.2017986, -14.3417838 ], [ 49.203569, -14.3410242 ], [ 49.2041785, -14.3418588 ], [ 49.2026845, -14.3431673 ], [ 49.2029182, -14.3449018 ], [ 49.2048164, -14.3441961 ], [ 49.2056197, -14.3434548 ], [ 49.207293199999988, -14.3444317 ], [ 49.2089085, -14.3438541 ], [ 49.2106194, -14.3437881 ], [ 49.2108524, -14.342694 ], [ 49.2100691, -14.3412782 ], [ 49.2098892, -14.3394221 ], [ 49.210002599999989, -14.3373932 ], [ 49.2107818, -14.3370845 ], [ 49.2122281, -14.3387363 ], [ 49.2128187, -14.3382673 ], [ 49.2143838, -14.3386573 ], [ 49.2141931, -14.3396257 ], [ 49.2163255, -14.3399495 ], [ 49.2151983, -14.3373324 ], [ 49.214784500000015, -14.3357818 ], [ 49.213652, -14.3350513 ], [ 49.2148886, -14.3341234 ], [ 49.2161254, -14.333438 ], [ 49.2179545, -14.3319979 ], [ 49.2189173, -14.3332744 ], [ 49.2200014, -14.3339899 ], [ 49.2219052, -14.3340976 ], [ 49.2231102, -14.3341271 ], [ 49.2238509, -14.3353249 ], [ 49.224820099999988, -14.3363198 ], [ 49.2250539, -14.3375636 ], [ 49.2259952, -14.3379713 ], [ 49.2264619, -14.3349684 ], [ 49.2270743, -14.334882 ], [ 49.2271158, -14.3329313 ], [ 49.2274405, -14.3315621 ], [ 49.227732, -14.331051 ], [ 49.2288781, -14.3307788 ], [ 49.2294493, -14.3314171 ], [ 49.2298055, -14.3315586 ], [ 49.2305801, -14.333137 ], [ 49.2311698, -14.3336724 ], [ 49.2331881, -14.3321698 ], [ 49.234765100000011, -14.3326242 ], [ 49.2362785, -14.3324847 ], [ 49.2369697, -14.3309402 ], [ 49.238098799999989, -14.3300491 ], [ 49.239333400000014, -14.3290827 ], [ 49.2401636, -14.3279947 ], [ 49.2401577, -14.3272994 ], [ 49.2409066, -14.3267287 ], [ 49.2413881, -14.3269724 ], [ 49.2421557, -14.3269215 ], [ 49.2427627, -14.3262086 ], [ 49.2448434, -14.3255474 ], [ 49.246245599999988, -14.3240945 ], [ 49.2468084, -14.3234749 ], [ 49.2472042, -14.3242553 ], [ 49.2470188, -14.3255055 ], [ 49.2477044, -14.3265757 ], [ 49.248287900000015, -14.3254037 ], [ 49.249013600000012, -14.3245971 ], [ 49.2483071, -14.3221463 ], [ 49.249717399999987, -14.3212461 ], [ 49.2521395, -14.3196955 ], [ 49.2522095, -14.317528 ], [ 49.2547128, -14.3174961 ], [ 49.2573743, -14.3164951 ], [ 49.2583492, -14.317239 ], [ 49.2563342, -14.3182083 ], [ 49.2562189, -14.3197574 ], [ 49.2603007, -14.3177687 ], [ 49.2631859, -14.3164633 ], [ 49.266654100000011, -14.316901 ], [ 49.2734463, -14.3157266 ], [ 49.2755991, -14.3157838 ], [ 49.275171, -14.3113728 ], [ 49.2740874, -14.3092739 ], [ 49.2728072, -14.3079102 ], [ 49.2716074, -14.3081346 ], [ 49.2693772, -14.3069704 ], [ 49.2654291, -14.3062554 ], [ 49.2661159, -14.3050159 ], [ 49.2686098, -14.3043631 ], [ 49.2698563, -14.3037118 ], [ 49.269099, -14.2996183 ], [ 49.2708, -14.2988244 ], [ 49.2706254, -14.2982627 ], [ 49.26985040000001, -14.2972237 ], [ 49.2688513, -14.2961098 ], [ 49.2671385, -14.2944847 ], [ 49.2668097, -14.2932883 ], [ 49.2675201, -14.2935918 ], [ 49.2682594, -14.2944849 ], [ 49.2701366, -14.2958215 ], [ 49.272031, -14.2952948 ], [ 49.2737808, -14.293467 ], [ 49.2769882, -14.2927014 ], [ 49.275934799999987, -14.2911947 ], [ 49.273140799999986, -14.2887148 ], [ 49.270215, -14.2876385 ], [ 49.2685854, -14.285702 ], [ 49.2687658, -14.2840742 ], [ 49.2699128, -14.282524 ], [ 49.2710484, -14.280422 ], [ 49.271303700000011, -14.2789499 ], [ 49.274251199999988, -14.2771253 ], [ 49.2757051, -14.2746835 ], [ 49.276477399999983, -14.2747769 ], [ 49.277194, -14.2756268 ], [ 49.2780209, -14.2752547 ], [ 49.2795638, -14.2741478 ], [ 49.2789813, -14.2706672 ], [ 49.2784135, -14.2688442 ], [ 49.2772359, -14.2680681 ], [ 49.2774663, -14.2665597 ], [ 49.2777815, -14.2658021 ], [ 49.2785531, -14.2658009 ], [ 49.2799275, -14.2663421 ], [ 49.2811758, -14.2665394 ], [ 49.2826342, -14.2664317 ], [ 49.2834017, -14.2667103 ], [ 49.283456, -14.2661086 ], [ 49.2843355, -14.2660792 ], [ 49.2856004, -14.26592 ], [ 49.2865557, -14.2660623 ], [ 49.2877018, -14.2668315 ], [ 49.2890454, -14.2682472 ], [ 49.2903388, -14.2686071 ], [ 49.2912162, -14.2685554 ], [ 49.2913044, -14.2678597 ], [ 49.2907726, -14.2667537 ], [ 49.2911426, -14.2659119 ], [ 49.2916969, -14.2649327 ], [ 49.2913146, -14.2645895 ], [ 49.2909723, -14.2642211 ], [ 49.2900982, -14.2641014 ], [ 49.2891024, -14.2621617 ], [ 49.28558120000001, -14.2611501 ], [ 49.2850735, -14.2598862 ], [ 49.284156900000013, -14.2579759 ], [ 49.2829502, -14.2582791 ], [ 49.281404, -14.2575884 ], [ 49.2813314, -14.2558078 ], [ 49.2832121, -14.2525814 ], [ 49.281486399999984, -14.2516808 ], [ 49.2806422, -14.2502575 ], [ 49.2796037, -14.2508005 ], [ 49.2770397, -14.2529504 ], [ 49.2761068, -14.2527732 ], [ 49.2745917, -14.2541321 ], [ 49.2731748, -14.2527009 ], [ 49.2722269, -14.2511094 ], [ 49.2746309, -14.2502187 ], [ 49.274791099999987, -14.2473587 ], [ 49.2733022, -14.2462121 ], [ 49.2747329, -14.2442509 ], [ 49.276443799999988, -14.2445208 ], [ 49.2775804, -14.2458765 ], [ 49.2797, -14.2459128 ], [ 49.2813094, -14.2470621 ], [ 49.2851949, -14.2485502 ], [ 49.2849613, -14.246879 ], [ 49.2877589, -14.2455434 ], [ 49.2883951, -14.241803 ], [ 49.2881499, -14.2392243 ], [ 49.2880258, -14.2375472 ], [ 49.289514, -14.2378966 ], [ 49.2907231, -14.2399881 ], [ 49.2932903, -14.2409391 ], [ 49.295924, -14.2420311 ], [ 49.2940487, -14.2434438 ], [ 49.292745, -14.2454101 ], [ 49.291616, -14.2468701 ], [ 49.2932821, -14.2486205 ], [ 49.2953724, -14.249065 ], [ 49.2968833, -14.2484653 ], [ 49.2990571, -14.2489481 ], [ 49.3007006, -14.2486739 ], [ 49.3025185, -14.2501372 ], [ 49.3037407, -14.2505616 ], [ 49.303498, -14.2479884 ], [ 49.303439, -14.2458667 ], [ 49.3017818, -14.2437522 ], [ 49.3009828, -14.2426252 ], [ 49.300900299999988, -14.240985 ], [ 49.3014312, -14.2404096 ], [ 49.303551500000012, -14.241162 ], [ 49.304389, -14.2438332 ], [ 49.306286899999989, -14.2441283 ], [ 49.3084321, -14.2457279 ], [ 49.310868, -14.2455693 ], [ 49.3120979, -14.245885 ], [ 49.3158253, -14.2436182 ], [ 49.3173828, -14.2422906 ], [ 49.3186383, -14.2394195 ], [ 49.3185389, -14.2352874 ], [ 49.3186858, -14.2303745 ], [ 49.3193807, -14.2262243 ], [ 49.3224396, -14.2212447 ], [ 49.3253203, -14.2234677 ], [ 49.3264942, -14.2252077 ], [ 49.3281313, -14.2273788 ], [ 49.3286476, -14.2300173 ], [ 49.329148, -14.2319936 ], [ 49.329837499999989, -14.2324195 ], [ 49.3312644, -14.2352579 ], [ 49.3326327, -14.2356683 ], [ 49.334664, -14.2354009 ], [ 49.3368843, -14.2335831 ], [ 49.3375312, -14.2322431 ], [ 49.3404357, -14.2306304 ], [ 49.3424181, -14.2285719 ], [ 49.3486958, -14.2189804 ], [ 49.3517147, -14.2195494 ], [ 49.3539614, -14.2188352 ], [ 49.3557555, -14.2181314 ], [ 49.3584761, -14.2182896 ], [ 49.3602915, -14.2184687 ], [ 49.3616278, -14.2175545 ], [ 49.3650378, -14.2181385 ], [ 49.3677423, -14.2176345 ], [ 49.3690999, -14.2176032 ], [ 49.3711576, -14.2184392 ], [ 49.3732047, -14.2188337 ], [ 49.3750202, -14.2190126 ], [ 49.3765612, -14.2172102 ], [ 49.3742451, -14.2150552 ], [ 49.3714818, -14.2131313 ], [ 49.3696343, -14.2116279 ], [ 49.3682233, -14.2094519 ], [ 49.3674804, -14.2068188 ], [ 49.3695167, -14.2067718 ], [ 49.3713214, -14.2065094 ], [ 49.3724366, -14.2058211 ], [ 49.3746884, -14.2053275 ], [ 49.3757929, -14.2041977 ], [ 49.3748558, -14.2028943 ], [ 49.3738973, -14.2007078 ], [ 49.374528, -14.1987056 ], [ 49.3765214, -14.1968928 ], [ 49.3776044, -14.1948802 ], [ 49.377077100000015, -14.1918004 ], [ 49.3783757, -14.1893411 ], [ 49.3801481, -14.1877542 ], [ 49.3775633, -14.1838385 ], [ 49.3761257, -14.1805588 ], [ 49.3737779, -14.1770793 ], [ 49.374376499999983, -14.1737527 ], [ 49.377711, -14.1712464 ], [ 49.3798824, -14.1674418 ], [ 49.3811969, -14.1656447 ], [ 49.3811381, -14.1632167 ], [ 49.3817472, -14.1603315 ], [ 49.3826254, -14.159207 ], [ 49.3825666, -14.156779 ], [ 49.3795992, -14.1557431 ], [ 49.3764323, -14.155816 ], [ 49.3739547, -14.1563148 ], [ 49.3712402, -14.1563773 ], [ 49.3685257, -14.1564397 ], [ 49.3666947, -14.1555984 ], [ 49.3639483, -14.1543364 ], [ 49.3621386, -14.154378 ], [ 49.3603343, -14.1546403 ], [ 49.358740200000014, -14.1542352 ], [ 49.3575878, -14.1533782 ], [ 49.3559884, -14.1527523 ], [ 49.3530477, -14.1528198 ], [ 49.3510278, -14.1535287 ], [ 49.3483664, -14.1557983 ], [ 49.3472619, -14.1569279 ], [ 49.3452366, -14.1574161 ], [ 49.3434375, -14.157899 ], [ 49.3416384, -14.1583819 ], [ 49.3405073, -14.1584078 ], [ 49.3391553, -14.1586596 ], [ 49.3389715, -14.1604307 ], [ 49.3394717, -14.1624071 ], [ 49.3395089, -14.1639522 ], [ 49.3377575, -14.1664218 ], [ 49.3369056, -14.1686499 ], [ 49.334445, -14.1708824 ], [ 49.3323238, -14.1736478 ], [ 49.3307615, -14.1748479 ], [ 49.3292086, -14.1764358 ], [ 49.3270639, -14.1782314 ], [ 49.3242903, -14.1786829 ], [ 49.3217294, -14.1797117 ], [ 49.3197741, -14.1811147 ], [ 49.3184152, -14.1825042 ], [ 49.3160344, -14.1827526 ], [ 49.3148045, -14.1812282 ], [ 49.3124191, -14.1812826 ], [ 49.3108566, -14.1824826 ], [ 49.309465100000011, -14.1825143 ], [ 49.3072506, -14.1814004 ], [ 49.30407, -14.1814728 ], [ 49.301495, -14.1819196 ], [ 49.299914, -14.1823437 ], [ 49.296516, -14.1816447 ], [ 49.2928776, -14.1792046 ], [ 49.2916479, -14.1776801 ], [ 49.2915969, -14.1755465 ], [ 49.2909636, -14.1740084 ], [ 49.290519700000011, -14.1720778 ], [ 49.2902793, -14.1703367 ], [ 49.291823300000011, -14.168361 ], [ 49.293996, -14.1677294 ], [ 49.2971255, -14.1655236 ], [ 49.30007, -14.1639042 ], [ 49.3040363, -14.1634258 ], [ 49.3073922, -14.1623791 ], [ 49.3079375, -14.160232 ], [ 49.308714, -14.1594381 ], [ 49.3142749, -14.1591173 ], [ 49.3186348, -14.1574075 ], [ 49.3144632, -14.1558045 ], [ 49.3142547, -14.1470902 ], [ 49.3086243, -14.1469134 ], [ 49.3045671, -14.1523521 ], [ 49.2991727, -14.1513104 ], [ 49.2973422, -14.1496054 ], [ 49.2913284, -14.1476073 ], [ 49.2861328, -14.1465607 ], [ 49.2810945, -14.1437639 ], [ 49.2772627, -14.1415218 ], [ 49.2748131, -14.1388603 ], [ 49.2727564, -14.1359958 ], [ 49.2699185, -14.1337311 ], [ 49.2667108, -14.1326391 ], [ 49.2638777, -14.1305683 ], [ 49.261604, -14.1269323 ], [ 49.2600933, -14.1219205 ], [ 49.2576119, -14.1179009 ], [ 49.256184, -14.1163805 ], [ 49.2532732, -14.111012 ], [ 49.2519799, -14.1067714 ], [ 49.2512966, -14.1030994 ], [ 49.2506088, -14.0992333 ], [ 49.2487423, -14.095976 ], [ 49.2486141, -14.0905448 ], [ 49.2469099, -14.0857311 ], [ 49.2465923, -14.0806923 ], [ 49.2468525, -14.0748641 ], [ 49.247316, -14.0692254 ], [ 49.2472109, -14.0647639 ], [ 49.247069200000013, -14.0587507 ], [ 49.2482682, -14.0505724 ], [ 49.2511389, -14.0458501 ], [ 49.2557153, -14.0375959 ], [ 49.2561925, -14.0325391 ], [ 49.2598301, -14.026635 ], [ 49.2644701, -14.0210965 ], [ 49.270583, -14.0190182 ], [ 49.2789039, -14.0178603 ], [ 49.2832837, -14.0181497 ], [ 49.2882777, -14.0192015 ], [ 49.2958682, -14.0207766 ], [ 49.301874100000013, -14.0225815 ], [ 49.309243, -14.0231909 ], [ 49.31407080000001, -14.0256044 ], [ 49.3216661, -14.0273727 ], [ 49.325288199999989, -14.0292311 ], [ 49.3275151, -14.0309271 ], [ 49.330352, -14.0331914 ], [ 49.3347781, -14.0354194 ], [ 49.339028899999988, -14.0386217 ], [ 49.341515, -14.0428345 ], [ 49.344980600000014, -14.0464427 ], [ 49.3515739, -14.0478447 ], [ 49.3560922, -14.0456067 ], [ 49.3589698, -14.0412716 ], [ 49.3616813, -14.0382986 ], [ 49.3645773, -14.0347392 ], [ 49.3671133, -14.0327405 ], [ 49.3718205, -14.03011 ], [ 49.3757282, -14.0273036 ], [ 49.3796592, -14.0254669 ], [ 49.3832208, -14.024803 ], [ 49.3863618, -14.0231784 ], [ 49.3895261, -14.0225236 ], [ 49.392473, -14.0210975 ], [ 49.3950413, -14.0204563 ], [ 49.397009, -14.0196348 ], [ 49.3975815, -14.0186513 ], [ 49.3975246, -14.0162104 ], [ 49.3968026, -14.0164211 ], [ 49.3974984, -14.015085 ], [ 49.395877, -14.0123037 ], [ 49.3947204, -14.010379 ], [ 49.3908799, -14.0076487 ], [ 49.3872875, -14.0059967 ], [ 49.3835253, -14.0065166 ], [ 49.3801756, -14.0057262 ], [ 49.3783534, -14.0038166 ], [ 49.3747663, -14.0023811 ], [ 49.3716751, -14.0031023 ], [ 49.3696414, -14.0016311 ], [ 49.3680516, -14.0001498 ], [ 49.3635769, -13.9987343 ], [ 49.361786, -13.9981248 ], [ 49.36064, -13.9966332 ], [ 49.3603922, -13.9955548 ], [ 49.359014, -13.9936349 ], [ 49.356743, -13.9915186 ], [ 49.35624210000001, -13.989145 ], [ 49.358203, -13.9875825 ], [ 49.3624245, -13.987703 ], [ 49.365077, -13.9872087 ], [ 49.3654637, -13.9848149 ], [ 49.361185200000016, -13.9823108 ], [ 49.3591725, -13.9817063 ], [ 49.360441699999988, -13.9790755 ], [ 49.3581761, -13.9771758 ], [ 49.3574689, -13.9754574 ], [ 49.3589963, -13.9743385 ], [ 49.361602, -13.971894 ], [ 49.3623807, -13.967323 ], [ 49.3611727, -13.963231 ], [ 49.3610224, -13.9569466 ], [ 49.3615689, -13.9519473 ], [ 49.3649074, -13.9523048 ], [ 49.3666513, -13.9509641 ], [ 49.3682148, -13.951362 ], [ 49.3691075, -13.9515585 ], [ 49.3704076, -13.9502278 ], [ 49.3714754, -13.9484689 ], [ 49.3739108, -13.9481965 ], [ 49.3742209, -13.9518753 ], [ 49.376027099999988, -13.9531349 ], [ 49.3763372, -13.9568137 ], [ 49.3763996, -13.9594141 ], [ 49.376689, -13.9622261 ], [ 49.3792025, -13.9652041 ], [ 49.3832796, -13.9685798 ], [ 49.3866287, -13.9693703 ], [ 49.3888997, -13.9714864 ], [ 49.3910873, -13.9701354 ], [ 49.3932644, -13.9683509 ], [ 49.3941103, -13.966597 ], [ 49.3965405, -13.9661076 ], [ 49.4000906, -13.9660261 ], [ 49.401158, -13.9657809 ], [ 49.4014843, -13.9661731 ], [ 49.401539, -13.9684476 ], [ 49.4017844, -13.970223 ], [ 49.4018344, -13.9722997 ], [ 49.4015783, -13.9742845 ], [ 49.4016093, -13.9755701 ], [ 49.4026553, -13.9769313 ], [ 49.403164, -13.9770185 ], [ 49.4040896, -13.9775909 ], [ 49.4055288, -13.9784483 ], [ 49.40685, -13.9786158 ], [ 49.40827, -13.9786821 ], [ 49.408592899999988, -13.9794663 ], [ 49.4096389, -13.9808274 ], [ 49.4101643, -13.9816069 ], [ 49.41109, -13.9821792 ], [ 49.4116952, -13.9820664 ], [ 49.4123052, -13.9821513 ], [ 49.4126162, -13.9824409 ], [ 49.4133417, -13.9831168 ], [ 49.4137492, -13.9832064 ], [ 49.4145521, -13.9828911 ], [ 49.4163683, -13.9842036 ], [ 49.4188814, -13.9839649 ], [ 49.4217797, -13.9810656 ], [ 49.422465, -13.9786922 ], [ 49.4236099, -13.9766572 ], [ 49.424887800000015, -13.9724822 ], [ 49.4251919, -13.9684506 ], [ 49.4245771, -13.9650992 ], [ 49.4251302, -13.9632686 ], [ 49.4278911, -13.9643113 ], [ 49.4307707, -13.9660016 ], [ 49.4324179, -13.9672912 ], [ 49.4334892, -13.96813 ], [ 49.4356875, -13.9708159 ], [ 49.4348559, -13.9749444 ], [ 49.434883, -13.9765751 ], [ 49.4373077, -13.9783195 ], [ 49.4390261, -13.9853528 ], [ 49.4547711, -13.982919 ], [ 49.4586069, -13.9791488 ], [ 49.4593076, -13.9766932 ], [ 49.4430019, -13.9668308 ], [ 49.4417084, -13.9611647 ], [ 49.4436684, -13.9596017 ], [ 49.4436212, -13.9576515 ], [ 49.4418043, -13.9559591 ], [ 49.44135, -13.955536 ], [ 49.4402092, -13.9542615 ], [ 49.4397288, -13.952755 ], [ 49.4385618, -13.9503971 ], [ 49.4365283, -13.9489264 ], [ 49.4340565, -13.9476826 ], [ 49.4335918, -13.9468261 ], [ 49.4322292, -13.9455566 ], [ 49.4317593, -13.9444834 ], [ 49.4327952, -13.9414242 ], [ 49.4349456, -13.9385561 ], [ 49.435342099999986, -13.9365957 ], [ 49.4375186, -13.934811 ], [ 49.4376776, -13.9322056 ], [ 49.4402977, -13.9304107 ], [ 49.4440375, -13.9290234 ], [ 49.4466943, -13.9287453 ], [ 49.4475396, -13.9269913 ], [ 49.4494521, -13.9234781 ], [ 49.4509734, -13.9221421 ], [ 49.454713, -13.9207548 ], [ 49.4579773, -13.9180776 ], [ 49.4599737, -13.9180314 ], [ 49.4619754, -13.9182018 ], [ 49.4629153, -13.9203481 ], [ 49.4594818, -13.9251973 ], [ 49.4598088, -13.9295259 ], [ 49.4607908, -13.9334056 ], [ 49.4617203, -13.9351185 ], [ 49.4637221, -13.9352889 ], [ 49.4671977, -13.9321731 ], [ 49.4691995, -13.9323435 ], [ 49.4714389, -13.9331587 ], [ 49.4726219, -13.9361665 ], [ 49.4746554, -13.9376369 ], [ 49.4782206, -13.9382044 ], [ 49.4793509, -13.9390454 ], [ 49.4806978, -13.9396645 ], [ 49.4811626, -13.9405209 ], [ 49.4818598, -13.9418055 ], [ 49.4838827, -13.9428424 ], [ 49.4852455, -13.9441115 ], [ 49.4876857, -13.9440547 ], [ 49.4898407, -13.9414029 ], [ 49.488631, -13.9373119 ], [ 49.488530600000011, -13.9331951 ], [ 49.4931253, -13.929701 ], [ 49.498278899999988, -13.929208 ], [ 49.4998085, -13.9243033 ], [ 49.4950293, -13.9238325 ], [ 49.4926196, -13.9229336 ], [ 49.4907936, -13.9212144 ], [ 49.4887325, -13.9181576 ], [ 49.4862508, -13.9141402 ], [ 49.4845964, -13.911462 ], [ 49.4830102, -13.9091342 ], [ 49.4818753, -13.909925 ], [ 49.4804418, -13.9100931 ], [ 49.4776891, -13.9101917 ], [ 49.4771425, -13.9101957 ], [ 49.4765927, -13.910045 ], [ 49.4763393, -13.9084987 ], [ 49.4776682, -13.9077875 ], [ 49.479307, -13.906836 ], [ 49.4800204, -13.9055867 ], [ 49.4800747, -13.9041043 ], [ 49.482346, -13.9030414 ], [ 49.4837052, -13.9021667 ], [ 49.4833204, -13.8998485 ], [ 49.4847902, -13.8960147 ], [ 49.486308, -13.892017 ], [ 49.4866578, -13.8900684 ] ] ], [ [ [ 49.5555285, -13.7339683 ], [ 49.5540406, -13.7321788 ], [ 49.5526488, -13.7302926 ], [ 49.5509702, -13.7287916 ], [ 49.5493262, -13.7296719 ], [ 49.5468682, -13.7281816 ], [ 49.5430778, -13.7289011 ], [ 49.5408354, -13.7288369 ], [ 49.5389924, -13.7294341 ], [ 49.5375446, -13.7304068 ], [ 49.536101, -13.7316654 ], [ 49.534576500000014, -13.7340683 ], [ 49.5331962, -13.7375296 ], [ 49.5316429, -13.7370458 ], [ 49.5282626, -13.7364515 ], [ 49.524994500000012, -13.7371375 ], [ 49.5223014, -13.7387311 ], [ 49.5201688, -13.7402254 ], [ 49.517120899999988, -13.7431972 ], [ 49.5159338, -13.7453194 ], [ 49.5159576, -13.7469671 ], [ 49.5167318, -13.748696 ], [ 49.5166552, -13.7498873 ], [ 49.5149063, -13.7520172 ], [ 49.5158639, -13.7534689 ], [ 49.5166829, -13.7583102 ], [ 49.5182762, -13.7583798 ], [ 49.5192127, -13.7583669 ], [ 49.5202494, -13.7588104 ], [ 49.5215763, -13.7598908 ], [ 49.5223414, -13.7609789 ], [ 49.5223665, -13.7627182 ], [ 49.5208127, -13.7653947 ], [ 49.5216675, -13.766207 ], [ 49.522621099999988, -13.767384 ], [ 49.5230222, -13.7692096 ], [ 49.5230473, -13.7709489 ], [ 49.5229906, -13.7735132 ], [ 49.5228258, -13.775072 ], [ 49.5220173, -13.7774636 ], [ 49.519825, -13.7813392 ], [ 49.520507, -13.7831609 ], [ 49.5210901, -13.7846178 ], [ 49.521788, -13.787538 ], [ 49.5202077, -13.7883838 ], [ 49.5198212, -13.7875651 ], [ 49.5185851, -13.7863003 ], [ 49.51708, -13.7858633 ], [ 49.5155815, -13.7858839 ], [ 49.5141858, -13.786544 ], [ 49.5125171, -13.7877572 ], [ 49.5124406, -13.7889485 ], [ 49.513307300000015, -13.7905846 ], [ 49.5137004, -13.791861 ], [ 49.5144628, -13.7927661 ], [ 49.5154087, -13.7933939 ], [ 49.5172951, -13.7942835 ], [ 49.5170326, -13.7955689 ], [ 49.5169627, -13.7972179 ], [ 49.5170788, -13.7987728 ], [ 49.516063, -13.7997939 ], [ 49.514481300000014, -13.8005481 ], [ 49.513176599999987, -13.8010238 ], [ 49.5118798, -13.8020488 ], [ 49.510864, -13.8030699 ], [ 49.509741299999988, -13.8031769 ], [ 49.5087163, -13.8035572 ], [ 49.5076002, -13.8041219 ], [ 49.5079062, -13.8058572 ], [ 49.5084088, -13.8082308 ], [ 49.5093653, -13.809591 ], [ 49.5102056, -13.8093963 ], [ 49.5112346, -13.8092906 ], [ 49.5127294, -13.8089954 ], [ 49.5140447, -13.809252 ], [ 49.5149721, -13.8085983 ], [ 49.5166528, -13.8082089 ], [ 49.51760010000001, -13.8089283 ], [ 49.5176172, -13.8101183 ], [ 49.5175381, -13.8111265 ], [ 49.5173785, -13.8130514 ], [ 49.5174933, -13.8145147 ], [ 49.5177875, -13.8154262 ], [ 49.5182638, -13.815969 ], [ 49.5194165, -13.8174527 ], [ 49.5192849, -13.8186967 ], [ 49.5187113, -13.8210568 ], [ 49.5195556, -13.821908 ], [ 49.5210542, -13.8233666 ], [ 49.5216773, -13.8238516 ], [ 49.5223713, -13.8253034 ], [ 49.5238823, -13.8263786 ], [ 49.524966, -13.828921 ], [ 49.5262612, -13.8305837 ], [ 49.5275374, -13.8309314 ], [ 49.5285294, -13.832306 ], [ 49.529732, -13.8327278 ], [ 49.5312988, -13.8324869 ], [ 49.5333805, -13.8316543 ], [ 49.5356237, -13.8303908 ], [ 49.5362601, -13.8291301 ], [ 49.5387112, -13.8280001 ], [ 49.539541, -13.8285 ], [ 49.5398655, -13.8302492 ], [ 49.5398184, -13.8321496 ], [ 49.5397785, -13.8331996 ], [ 49.5419393, -13.8322478 ], [ 49.5436885, -13.8312226 ], [ 49.5460674, -13.8304666 ], [ 49.5486756, -13.8298187 ], [ 49.5505449, -13.8292366 ], [ 49.5534367, -13.8285291 ], [ 49.5552451, -13.8276698 ], [ 49.556426, -13.8267081 ], [ 49.5574241, -13.8249148 ], [ 49.5581417, -13.8234035 ], [ 49.5569251, -13.8219191 ], [ 49.5581865, -13.8186764 ], [ 49.559981, -13.816872 ], [ 49.5605872, -13.815529 ], [ 49.5608424, -13.8135236 ], [ 49.5615048, -13.8121243 ], [ 49.5624581, -13.8111657 ], [ 49.5643646, -13.8092485 ], [ 49.5662175, -13.8075544 ], [ 49.5675039, -13.8060351 ], [ 49.5689691, -13.8050693 ], [ 49.5724586, -13.8024627 ], [ 49.5742803, -13.798656 ], [ 49.5734152, -13.7982059 ], [ 49.571192, -13.7977047 ], [ 49.5707206, -13.7978897 ], [ 49.5703864, -13.7960169 ], [ 49.5714589, -13.7943905 ], [ 49.5721956, -13.792333 ], [ 49.5728696, -13.7905028 ], [ 49.5741773, -13.7901435 ], [ 49.5749696, -13.7903266 ], [ 49.5768227, -13.7892558 ], [ 49.5777342, -13.7888588 ], [ 49.5786393, -13.7880135 ], [ 49.5794769, -13.7870411 ], [ 49.5800383, -13.7851118 ], [ 49.5817312, -13.784052 ], [ 49.5820922, -13.7828916 ], [ 49.5817813, -13.7816469 ], [ 49.5827397, -13.7818388 ], [ 49.5845557, -13.7803731 ], [ 49.5859314, -13.7803538 ], [ 49.5875815, -13.7811632 ], [ 49.5890876, -13.7811081 ], [ 49.5906077, -13.7812181 ], [ 49.5922166, -13.7813842 ], [ 49.5934822, -13.7818973 ], [ 49.5938136, -13.783954 ], [ 49.593943499999988, -13.7846081 ], [ 49.594972899999988, -13.7847098 ], [ 49.5959631, -13.7852083 ], [ 49.5965667, -13.785943 ], [ 49.597271700000015, -13.7864779 ], [ 49.5982816, -13.7869048 ], [ 49.5988826, -13.7876649 ], [ 49.5999479, -13.7888027 ], [ 49.6002906, -13.7898226 ], [ 49.5996453, -13.7921359 ], [ 49.6022248, -13.7912887 ], [ 49.6041264, -13.7889377 ], [ 49.6037902, -13.7874458 ], [ 49.6037684, -13.7859686 ], [ 49.6043229, -13.7845897 ], [ 49.603642400000012, -13.7831416 ], [ 49.6046364, -13.7813834 ], [ 49.6060539, -13.7798859 ], [ 49.6073357, -13.7789532 ], [ 49.6075976, -13.7771907 ], [ 49.6075048, -13.7757849 ], [ 49.6069125, -13.7746676 ], [ 49.606754, -13.7736849 ], [ 49.6073767, -13.7719876 ], [ 49.6081025, -13.7710877 ], [ 49.607709599999986, -13.769094 ], [ 49.606093, -13.7679252 ], [ 49.6049917, -13.7664634 ], [ 49.60281, -13.7649464 ], [ 49.6004062, -13.7630103 ], [ 49.6003886, -13.7618146 ], [ 49.5989121, -13.7606287 ], [ 49.5978922, -13.7584727 ], [ 49.5952985, -13.7582982 ], [ 49.591336799999986, -13.7567044 ], [ 49.588539299999987, -13.7565716 ], [ 49.5848764, -13.7553623 ], [ 49.5828739, -13.7536689 ], [ 49.5805494, -13.7530157 ], [ 49.5792007, -13.7519374 ], [ 49.5768013, -13.7509433 ], [ 49.5746116, -13.7499445 ], [ 49.5745224, -13.7486428 ], [ 49.5747027, -13.7465831 ], [ 49.5751696, -13.7449308 ], [ 49.5762025, -13.7436134 ], [ 49.578015, -13.7428337 ], [ 49.5771442, -13.7408573 ], [ 49.5755943, -13.7403989 ], [ 49.5744191, -13.7394383 ], [ 49.572876599999987, -13.7367689 ], [ 49.5732006, -13.7350151 ], [ 49.5722638, -13.7333138 ], [ 49.5708492, -13.7325107 ], [ 49.5692891, -13.733094 ], [ 49.5676441, -13.7339955 ], [ 49.5665971, -13.734353 ], [ 49.5657389, -13.7357233 ], [ 49.5648196, -13.7381059 ], [ 49.5644005, -13.7375485 ], [ 49.5641516, -13.7365526 ], [ 49.5622445, -13.7358718 ], [ 49.5598422, -13.7357184 ], [ 49.5576888, -13.7350815 ], [ 49.5555285, -13.7339683 ] ] ] ] } }
]
}
